session,frame,grid,variant,orientation,matched,mismatched,partner
1680410249,1680410249_000000,4,full,180,-0.0781600422702315,-0.133210560331345,1680410249_000007
1680410249,1680410249_000001,4,full,180,-0.04313352102019243,-0.12584691225457162,1680410249_000008
1680410249,1680410249_000002,4,full,180,0.04316078060210362,-0.029589324768266034,1680410249_000001
1680410249,1680410249_000003,4,full,180,0.017099383115135664,-0.03173243008483525,1680410249_000005
1680410249,1680410249_000004,4,full,180,-0.03207345286519458,-0.16903343745730579,1680410249_000003
1680410249,1680410249_000005,4,full,180,0.15922950162771707,0.04958075277600801,1680410249_000004
1680410249,1680410249_000006,4,full,180,0.37941091925362996,0.29506026675237773,1680410249_000002
1680410249,1680410249_000007,4,full,180,0.34436867000524735,0.2821354543443173,1680410249_000000
1680410249,1680410249_000008,4,full,180,-0.04882218031161969,-0.16203036619103695,1680410249_000009
1680410249,1680410249_000009,4,full,180,0.4316893969355901,0.2934550245189019,1680410249_000006
1680410569,1680410569_000000,4,full,180,0.15123232427307984,0.07969060243571545,1680410569_000009
1680410569,1680410569_000001,4,full,180,0.16508063045004992,0.11113798358817074,1680410569_000004
1680410569,1680410569_000002,4,full,180,0.08349099777569013,0.004843060438381323,1680410569_000008
1680410569,1680410569_000003,4,full,180,-0.16099331955332852,-0.22642997389518968,1680410569_000006
1680410569,1680410569_000004,4,full,180,0.0598206600592175,0.001592902962192666,1680410569_000000
1680410569,1680410569_000005,4,full,180,-0.06891271805478015,-0.09721475844820959,1680410569_000001
1680410569,1680410569_000006,4,full,180,0.10368390311168663,-0.025346871264815413,1680410569_000007
1680410569,1680410569_000007,4,full,180,-0.024153275514832817,-0.0815487488137835,1680410569_000002
1680410569,1680410569_000008,4,full,180,0.32397561940382463,0.22231356572047214,1680410569_000003
1680410569,1680410569_000009,4,full,180,0.1225540586264049,0.037562494619571424,1680410569_000005
1680412337,1680412337_000000,4,full,180,0.3744599235980068,0.1389481735979566,1680412337_000320
1680412337,1680412337_000012,4,full,180,0.0856922714612431,-0.10281931342451939,1680412337_000443
1680412337,1680412337_000025,4,full,180,-0.054620038179215076,-0.2577558542609399,1680412337_000148
1680412337,1680412337_000037,4,full,180,-0.1413790560027872,-0.21147495615313638,1680412337_000394
1680412337,1680412337_000049,4,full,180,0.11730297204601903,-0.050504214479558225,1680412337_000283
1680412337,1680412337_000062,4,full,180,0.20043008022189243,0.1033969746588309,1680412337_000579
1680412337,1680412337_000074,4,full,180,0.2450027100026497,0.14957295634094847,1680412337_000554
1680412337,1680412337_000086,4,full,180,0.02561539999723385,-0.1062030737272069,1680412337_000542
1680412337,1680412337_000099,4,full,180,0.011509194534958612,-0.012645158559318295,1680412337_000234
1680412337,1680412337_000111,4,full,180,0.4351415113076454,0.30772934997253787,1680412337_000468
1680412337,1680412337_000123,4,full,180,0.015807814792873468,-0.11442150236163899,1680412337_000641
1680412337,1680412337_000135,4,full,180,0.15997410444657686,0.001630638272941733,1680412337_000012
1680412337,1680412337_000148,4,full,180,0.12759328144491922,-0.0413507418975556,1680412337_000135
1680412337,1680412337_000160,4,full,180,0.010009203910821477,-0.09433634224339177,1680412337_000296
1680412337,1680412337_000172,4,full,180,0.20284802173802705,0.15209392749725295,1680412337_000099
1680412337,1680412337_000185,4,full,180,0.12160623895752405,-0.1905721041373818,1680412337_000111
1680412337,1680412337_000197,4,full,180,-0.022644003016055625,-0.13948954328373916,1680412337_000505
1680412337,1680412337_000209,4,full,180,0.32413572169712584,0.07503393563046296,1680412337_000727
1680412337,1680412337_000222,4,full,180,0.2140773146137811,0.26242710038827977,1680412337_000517
1680412337,1680412337_000234,4,full,180,0.02858371423383425,-0.004790040063264241,1680412337_000123
1680412337,1680412337_000246,4,full,180,0.1649620343003392,-0.08570178071619716,1680412337_000419
1680412337,1680412337_000259,4,full,180,-0.11792942321194033,-0.08402569576438342,1680412337_000025
1680412337,1680412337_000271,4,full,180,0.14742491256626825,-0.11219536951863375,1680412337_000172
1680412337,1680412337_000283,4,full,180,0.32349576007712416,0.22343084174673244,1680412337_000209
1680412337,1680412337_000296,4,full,180,0.06213496976856512,-0.17834815381848237,1680412337_000591
1680412337,1680412337_000308,4,full,180,0.22118449905625207,0.23790953367283194,1680412337_000456
1680412337,1680412337_000320,4,full,180,-0.06563974648721524,-0.16947104519479814,1680412337_000628
1680412337,1680412337_000333,4,full,180,0.547306533868576,0.4897796204253632,1680412337_000086
1680412337,1680412337_000345,4,full,180,0.23118313938243149,-0.055159775381354324,1680412337_000222
1680412337,1680412337_000357,4,full,180,-0.11316810198004995,-0.22766225532849912,1680412337_000653
1680412337,1680412337_000370,4,full,180,0.06846727941042773,-0.10607830558561658,1680412337_000653
1680412337,1680412337_000382,4,full,180,0.35738669522721517,0.25620243383119873,1680412337_000739
1680412337,1680412337_000394,4,full,180,0.0543335691246255,-0.05423073398112216,1680412337_000616
1680412337,1680412337_000406,4,full,180,0.20595377835629872,0.011844968796559571,1680412337_000185
1680412337,1680412337_000419,4,full,180,-0.016132713705276858,-0.10932628695788062,1680412337_000690
1680412337,1680412337_000431,4,full,180,0.179169448039636,0.029603989986250242,1680412337_000382
1680412337,1680412337_000443,4,full,180,-0.007524807703281983,-0.1219627345267117,1680412337_000604
1680412337,1680412337_000456,4,full,180,0.2363691429223239,0.10304768029515128,1680412337_000308
1680412337,1680412337_000468,4,full,180,0.1327800898098239,-0.06582977033872449,1680412337_000062
1680412337,1680412337_000480,4,full,180,-0.19711166515463385,-0.2978478406420096,1680412337_000000
1680412337,1680412337_000493,4,full,180,0.06812420432127035,0.059576387570901744,1680412337_000751
1680412337,1680412337_000505,4,full,180,-0.020228070457966835,-0.09213597386555152,1680412337_000037
1680412337,1680412337_000517,4,full,180,0.11073018032223693,-0.01671805682535969,1680412337_000197
1680412337,1680412337_000530,4,full,180,0.11623326748446955,0.015808420605341527,1680412337_000406
1680412337,1680412337_000542,4,full,180,0.0056981110341489186,-0.0797612506917809,1680412337_000345
1680412337,1680412337_000554,4,full,180,-0.11842434403844154,-0.27623396510057846,1680412337_000677
1680412337,1680412337_000567,4,full,180,0.12587362573747052,0.013840162337058629,1680412337_000714
1680412337,1680412337_000579,4,full,180,0.27635761589853197,0.1600876633883664,1680412337_000160
1680412337,1680412337_000591,4,full,180,0.2905686834420609,0.26730393175072203,1680412337_000493
1680412337,1680412337_000604,4,full,180,-0.053326217180644314,-0.03101552396038824,1680412337_000776
1680412337,1680412337_000616,4,full,180,-0.004857189612321511,0.08097190555853336,1680412337_000246
1680412337,1680412337_000628,4,full,180,-0.05932571038298936,-0.12969300293302247,1680412337_000333
1680412337,1680412337_000641,4,full,180,-0.09422521450300762,-0.17799505067327057,1680412337_000271
1680412337,1680412337_000653,4,full,180,0.29896115217018515,0.24906002616571513,1680412337_000764
1680412337,1680412337_000665,4,full,180,0.35609661169196777,0.3698570636449401,1680412337_000431
1680412337,1680412337_000677,4,full,180,0.08435963795590384,0.03586399404209647,1680412337_000370
1680412337,1680412337_000690,4,full,180,-0.19189960687766736,-0.34549610247920254,1680412337_000259
1680412337,1680412337_000702,4,full,180,0.24165696527949496,0.15248516913305435,1680412337_000530
1680412337,1680412337_000714,4,full,180,0.05028579764979744,-0.019456372685870093,1680412337_000665
1680412337,1680412337_000727,4,full,180,0.1598587745391872,0.007468192964354932,1680412337_000702
1680412337,1680412337_000739,4,full,180,-0.009767082901360061,-0.06118201912759875,1680412337_000049
1680412337,1680412337_000751,4,full,180,0.09016226516333709,0.08300235165928667,1680412337_000567
1680412337,1680412337_000764,4,full,180,0.12288363822611743,-0.1448734383103106,1680412337_000074
1680412337,1680412337_000776,4,full,180,-0.03586961033088279,-0.13814173221242823,1680412337_000480
1681945334,1681945334_000000,4,full,180,-0.23048194964138638,-0.2637357118762756,1681945334_000283
1681945334,1681945334_000012,4,full,180,-0.03935337040427458,-0.16942113354830526,1681945334_000554
1681945334,1681945334_000025,4,full,180,0.24863797390659959,0.13934507816097375,1681945334_000776
1681945334,1681945334_000037,4,full,180,-0.10356484482279565,-0.19259857324548377,1681945334_000172
1681945334,1681945334_000049,4,full,180,0.020506152414447684,-0.11165017687457836,1681945334_000690
1681945334,1681945334_000062,4,full,180,-0.036931332860431466,-0.09435150884978553,1681945334_000751
1681945334,1681945334_000074,4,full,180,0.2599694243313528,0.2488014363854366,1681945334_000468
1681945334,1681945334_000086,4,full,180,0.24057136527297887,0.12068665461469065,1681945334_000628
1681945334,1681945334_000099,4,full,180,0.2681195869906214,0.08124076848602395,1681945334_000702
1681945334,1681945334_000111,4,full,180,0.11131546424445787,0.017075481040953983,1681945334_000505
1681945334,1681945334_000123,4,full,180,0.22613942626091896,0.15581849008899692,1681945334_000616
1681945334,1681945334_000135,4,full,180,-0.0040668049861255495,-0.1656056174945377,1681945334_000012
1681945334,1681945334_000148,4,full,180,0.2150318339568508,0.1668456430646411,1681945334_000296
1681945334,1681945334_000160,4,full,180,0.07616877385556808,-0.059923720371238894,1681945334_000394
1681945334,1681945334_000172,4,full,180,0.2880004509744456,0.19176281298816353,1681945334_000431
1681945334,1681945334_000185,4,full,180,-0.0726100725285606,-0.3154317465884822,1681945334_000579
1681945334,1681945334_000197,4,full,180,0.15629742790401194,0.043468348423247594,1681945334_000677
1681945334,1681945334_000209,4,full,180,0.17398650375829572,0.0351017738329704,1681945334_000259
1681945334,1681945334_000222,4,full,180,0.2841258146626067,0.143994732485748,1681945334_000333
1681945334,1681945334_000234,4,full,180,0.1685853241522147,0.032816044414748495,1681945334_000567
1681945334,1681945334_000246,4,full,180,-0.005358916341178614,-0.03285417787492518,1681945334_000000
1681945334,1681945334_000259,4,full,180,0.3068835207774658,0.1404241486557361,1681945334_000086
1681945334,1681945334_000271,4,full,180,0.08284447606193006,-0.045752205815570574,1681945334_000074
1681945334,1681945334_000283,4,full,180,-0.016056316227652783,-0.1312583003993931,1681945334_000357
1681945334,1681945334_000296,4,full,180,0.27670155305187594,0.1697318542046319,1681945334_000764
1681945334,1681945334_000308,4,full,180,-0.014462733107758197,-0.043469252592582885,1681945334_000727
1681945334,1681945334_000320,4,full,180,0.21463712100282847,0.06580235568669317,1681945334_000456
1681945334,1681945334_000333,4,full,180,-0.1570536112048949,-0.27187912323294744,1681945334_000037
1681945334,1681945334_000345,4,full,180,0.0419769907690317,-0.10793581806243585,1681945334_000234
1681945334,1681945334_000357,4,full,180,-0.3649201439034217,-0.37750538038850306,1681945334_000123
1681945334,1681945334_000370,4,full,180,-0.026717410886508374,-0.16671303038526183,1681945334_000542
1681945334,1681945334_000382,4,full,180,0.03333566664366883,-0.09817418313603976,1681945334_000271
1681945334,1681945334_000394,4,full,180,0.2310473455892387,0.0943054665543187,1681945334_000382
1681945334,1681945334_000406,4,full,180,0.022451171550018762,-0.03517556794030637,1681945334_000345
1681945334,1681945334_000419,4,full,180,0.3114171233745973,0.19750017394589273,1681945334_000653
1681945334,1681945334_000431,4,full,180,0.27948638853580493,0.1528544588280906,1681945334_000320
1681945334,1681945334_000443,4,full,180,0.028238309196062305,-0.05384181377524048,1681945334_000160
1681945334,1681945334_000456,4,full,180,-0.1017898407665323,-0.18254302125892433,1681945334_000739
1681945334,1681945334_000468,4,full,180,0.332441206171782,0.1963091800614193,1681945334_000493
1681945334,1681945334_000480,4,full,180,-0.07587554573673412,-0.1753560656378411,1681945334_000209
1681945334,1681945334_000493,4,full,180,-0.1355930555610505,-0.1839141512098875,1681945334_000406
1681945334,1681945334_000505,4,full,180,0.18024468509726885,0.1448516958555872,1681945334_000308
1681945334,1681945334_000517,4,full,180,0.2442608266650624,0.1588053257406776,1681945334_000419
1681945334,1681945334_000530,4,full,180,0.03368170651776433,-0.06447544838620432,1681945334_000591
1681945334,1681945334_000542,4,full,180,0.07818891914206207,0.10876169619907161,1681945334_000665
1681945334,1681945334_000554,4,full,180,-0.12111697423975205,-0.10517409362656523,1681945334_000111
1681945334,1681945334_000567,4,full,180,0.05416334791179881,-0.07295317000675701,1681945334_000099
1681945334,1681945334_000579,4,full,180,0.03156041481046515,-0.019599513015281105,1681945334_000530
1681945334,1681945334_000591,4,full,180,0.013396148179920742,-0.11748360146844189,1681945334_000062
1681945334,1681945334_000604,4,full,180,0.1763837834960809,0.10155927684332201,1681945334_000049
1681945334,1681945334_000616,4,full,180,0.31631857950608294,0.21949899931443442,1681945334_000370
1681945334,1681945334_000628,4,full,180,-0.048411319971556344,-0.13804083352194071,1681945334_000197
1681945334,1681945334_000641,4,full,180,0.4055209393258015,0.33932910549842754,1681945334_000517
1681945334,1681945334_000653,4,full,180,0.10870772437007477,0.01016425422746139,1681945334_000480
1681945334,1681945334_000665,4,full,180,0.28081212262716654,0.12653710416771546,1681945334_000025
1681945334,1681945334_000677,4,full,180,0.03524951343286866,-0.01193032270039777,1681945334_000714
1681945334,1681945334_000690,4,full,180,-0.23633623417263183,-0.3088853979903444,1681945334_000641
1681945334,1681945334_000702,4,full,180,-0.11892027840181459,-0.1758604913528992,1681945334_000148
1681945334,1681945334_000714,4,full,180,-0.08326697628623614,-0.12857424244184504,1681945334_000135
1681945334,1681945334_000727,4,full,180,0.10345748270446149,0.06748820932942032,1681945334_000222
1681945334,1681945334_000739,4,full,180,0.2761167985528568,0.06484975803597823,1681945334_000185
1681945334,1681945334_000751,4,full,180,0.0433941553435766,-0.018631913480631174,1681945334_000443
1681945334,1681945334_000764,4,full,180,0.10664383984656012,-0.03479062522159596,1681945334_000246
1681945334,1681945334_000776,4,full,180,-0.15119033307782812,-0.19685205912862302,1681945334_000604
1682013847,1682013847_000000,4,full,180,0.04287741565800692,-0.048535534842792404,1682013847_000130
1682013847,1682013847_000002,4,full,180,-0.2197561442975635,-0.26515442048933874,1682013847_000087
1682013847,1682013847_000005,4,full,180,0.03616244784165675,0.036023041087825815,1682013847_000102
1682013847,1682013847_000007,4,full,180,0.2812625419147217,0.16159676726148753,1682013847_000042
1682013847,1682013847_000010,4,full,180,0.07203096939024678,-0.06552370145211213,1682013847_000065
1682013847,1682013847_000012,4,full,180,-0.2832084702208098,-0.30270580483753734,1682013847_000060
1682013847,1682013847_000015,4,full,180,0.19893529854527114,0.11461316079419305,1682013847_000100
1682013847,1682013847_000017,4,full,180,0.08480099668636376,0.02107467370067274,1682013847_000050
1682013847,1682013847_000020,4,full,180,0.1856154913500779,0.07688299230896505,1682013847_000082
1682013847,1682013847_000022,4,full,180,0.08504308954292783,-0.01185277249507096,1682013847_000000
1682013847,1682013847_000025,4,full,180,0.2038748673773231,-0.053463250694955555,1682013847_000157
1682013847,1682013847_000027,4,full,180,0.06523485961100356,0.04987998001156534,1682013847_000122
1682013847,1682013847_000030,4,full,180,0.06730563084094135,-0.17288732537637921,1682013847_000135
1682013847,1682013847_000032,4,full,180,0.003893307227199295,-0.03638683861119104,1682013847_000022
1682013847,1682013847_000035,4,full,180,0.20792861117994424,0.022788025432167954,1682013847_000137
1682013847,1682013847_000037,4,full,180,0.2289398574220304,0.1402776444726639,1682013847_000092
1682013847,1682013847_000040,4,full,180,0.2231257055702783,0.05037803058457465,1682013847_000025
1682013847,1682013847_000042,4,full,180,0.13981221025895582,0.0674907295145553,1682013847_000062
1682013847,1682013847_000045,4,full,180,0.451471764438095,0.29299486995244767,1682013847_000155
1682013847,1682013847_000047,4,full,180,-0.11983489049708951,-0.15146640710602047,1682013847_000120
1682013847,1682013847_000050,4,full,180,0.15368445612873824,0.09346692273464137,1682013847_000070
1682013847,1682013847_000052,4,full,180,0.1928220671610262,0.1450951397135371,1682013847_000012
1682013847,1682013847_000055,4,full,180,0.358838565228443,0.23708084858330736,1682013847_000012
1682013847,1682013847_000057,4,full,180,-0.05604421386848283,-0.16479576150004524,1682013847_000045
1682013847,1682013847_000060,4,full,180,0.08611214109416988,-0.05093601567607978,1682013847_000037
1682013847,1682013847_000062,4,full,180,0.1624055007449958,0.060617841571602084,1682013847_000057
1682013847,1682013847_000065,4,full,180,-0.07953368894225278,-0.23416603713937345,1682013847_000090
1682013847,1682013847_000067,4,full,180,0.04879563080959773,-0.11393615370282013,1682013847_000020
1682013847,1682013847_000070,4,full,180,-0.32017818505120865,-0.38430014523360806,1682013847_000077
1682013847,1682013847_000072,4,full,180,0.07502558563829342,-0.04089502207364732,1682013847_000142
1682013847,1682013847_000075,4,full,180,0.2060372951566601,0.08803308220932045,1682013847_000147
1682013847,1682013847_000077,4,full,180,-0.1361386901497892,-0.15387453721995237,1682013847_000110
1682013847,1682013847_000080,4,full,180,-0.012896054849740277,-0.07036863044741992,1682013847_000150
1682013847,1682013847_000082,4,full,180,0.23197876415615734,0.15765499115860895,1682013847_000072
1682013847,1682013847_000085,4,full,180,0.1918581196137568,0.12136145089393485,1682013847_000080
1682013847,1682013847_000087,4,full,180,0.12683033931259538,0.03709502250615793,1682013847_000125
1682013847,1682013847_000090,4,full,180,0.005024731044066176,-0.09754702670170458,1682013847_000140
1682013847,1682013847_000092,4,full,180,0.05941690534397783,-0.017298604963335056,1682013847_000127
1682013847,1682013847_000095,4,full,180,-0.011914595910586046,-0.15142868810817242,1682013847_000055
1682013847,1682013847_000097,4,full,180,-0.1016174832547132,-0.20634838645581963,1682013847_000047
1682013847,1682013847_000100,4,full,180,0.14715482188237686,0.12067047818898814,1682013847_000105
1682013847,1682013847_000102,4,full,180,0.17623800238885434,0.08674299995808203,1682013847_000035
1682013847,1682013847_000105,4,full,180,-0.0005401398934063625,-0.16147412145529919,1682013847_000010
1682013847,1682013847_000107,4,full,180,-0.20214647228662228,-0.27782945137936105,1682013847_000040
1682013847,1682013847_000110,4,full,180,0.2881324691445774,0.1917441376414394,1682013847_000015
1682013847,1682013847_000112,4,full,180,0.14430859955346287,0.02484346138698924,1682013847_000097
1682013847,1682013847_000115,4,full,180,0.12594084820874193,-0.023606937108120413,1682013847_000067
1682013847,1682013847_000117,4,full,180,0.03257998233648388,-0.08808967438986469,1682013847_000085
1682013847,1682013847_000120,4,full,180,0.01807371457585477,-0.06477544822255106,1682013847_000145
1682013847,1682013847_000122,4,full,180,0.0072633043225712205,-0.08518217141441459,1682013847_000107
1682013847,1682013847_000125,4,full,180,-0.029636834581752352,-0.16622456989574977,1682013847_000007
1682013847,1682013847_000127,4,full,180,0.14533190518960123,0.06379498126274473,1682013847_000115
1682013847,1682013847_000130,4,full,180,0.05946893979704798,0.028555939297526797,1682013847_000032
1682013847,1682013847_000132,4,full,180,-0.04935362941845886,-0.20934583930023956,1682013847_000075
1682013847,1682013847_000135,4,full,180,-0.3244739229560382,-0.2629329067591031,1682013847_000152
1682013847,1682013847_000137,4,full,180,0.22772181626389223,0.1278361682559423,1682013847_000112
1682013847,1682013847_000140,4,full,180,0.3116624056392568,0.21738234244194107,1682013847_000027
1682013847,1682013847_000142,4,full,180,0.2806170497360458,0.09253054565483865,1682013847_000030
1682013847,1682013847_000145,4,full,180,-0.08804499273837484,-0.17147489496167445,1682013847_000002
1682013847,1682013847_000147,4,full,180,0.1547735351695491,0.0939526380607822,1682013847_000095
1682013847,1682013847_000150,4,full,180,0.01841916810385094,-0.13693520124877923,1682013847_000005
1682013847,1682013847_000152,4,full,180,0.14050240704243858,0.036270233989178606,1682013847_000017
1682013847,1682013847_000155,4,full,180,-0.17402792166987416,-0.12750066987092926,1682013847_000132
1682013847,1682013847_000157,4,full,180,0.22093247762130544,0.1675256384994502,1682013847_000117
1682014432,1682014432_000000,4,full,180,0.12270544690058027,-0.0010032175028120334,1682014432_000027
1682014432,1682014432_000001,4,full,180,0.0009779433307320156,-0.10279945379053713,1682014432_000011
1682014432,1682014432_000002,4,full,180,0.2858762469949861,0.21345004838166912,1682014432_000067
1682014432,1682014432_000003,4,full,180,0.1733769885683056,0.0517398277646125,1682014432_000110
1682014432,1682014432_000004,4,full,180,-0.08037807394157782,-0.15060301644085247,1682014432_000087
1682014432,1682014432_000005,4,full,180,0.16963337690982158,-0.011309808670439092,1682014432_000018
1682014432,1682014432_000006,4,full,180,0.1354508062528527,0.08482480568293538,1682014432_000007
1682014432,1682014432_000007,4,full,180,0.32371324261495804,0.2199056201880394,1682014432_000062
1682014432,1682014432_000008,4,full,180,0.06833287244570324,0.034706311318968903,1682014432_000109
1682014432,1682014432_000009,4,full,180,0.12877356257260975,-0.01644043765066099,1682014432_000023
1682014432,1682014432_000010,4,full,180,0.005486069159741702,-0.09963700647016453,1682014432_000100
1682014432,1682014432_000011,4,full,180,-0.2537859645606218,-0.31186865689187343,1682014432_000084
1682014432,1682014432_000012,4,full,180,0.05603141953470648,-0.026553093961691806,1682014432_000093
1682014432,1682014432_000013,4,full,180,-0.09369813897002637,-0.20889824672829146,1682014432_000111
1682014432,1682014432_000014,4,full,180,0.005030266910490087,-0.07631267488487949,1682014432_000104
1682014432,1682014432_000015,4,full,180,0.06668996439735274,-0.09428473888497378,1682014432_000080
1682014432,1682014432_000016,4,full,180,0.026346968801996527,-0.06340947003882151,1682014432_000014
1682014432,1682014432_000017,4,full,180,0.2576493644401911,0.17369158568278387,1682014432_000044
1682014432,1682014432_000018,4,full,180,0.2846303795004264,0.21759617909485565,1682014432_000034
1682014432,1682014432_000019,4,full,180,-0.09727591493211829,-0.1741424872148859,1682014432_000102
1682014432,1682014432_000020,4,full,180,-0.04836799691804745,-0.16256079218135872,1682014432_000052
1682014432,1682014432_000021,4,full,180,-0.048591800519575144,-0.0789080540629178,1682014432_000015
1682014432,1682014432_000022,4,full,180,0.3353462611311357,0.21369050675089893,1682014432_000077
1682014432,1682014432_000023,4,full,180,0.18368472719688547,0.06792527203730403,1682014432_000043
1682014432,1682014432_000024,4,full,180,0.06870496494538328,-0.05504454611450927,1682014432_000022
1682014432,1682014432_000025,4,full,180,0.3138948987647224,0.19064071798003757,1682014432_000089
1682014432,1682014432_000026,4,full,180,0.11857018664019307,0.0548307172566471,1682014432_000009
1682014432,1682014432_000027,4,full,180,0.22071222903188395,0.08951408889139327,1682014432_000032
1682014432,1682014432_000028,4,full,180,0.17099551149883538,0.14558878383620757,1682014432_000060
1682014432,1682014432_000029,4,full,180,0.17339915561385622,0.0693075872786768,1682014432_000050
1682014432,1682014432_000030,4,full,180,0.05778324175998134,-0.06999259461603448,1682014432_000055
1682014432,1682014432_000031,4,full,180,0.3983135238180753,0.3176543209114366,1682014432_000046
1682014432,1682014432_000032,4,full,180,0.3387207345679715,0.2491665976072741,1682014432_000006
1682014432,1682014432_000033,4,full,180,0.062460008653612564,-0.03714003320138234,1682014432_000098
1682014432,1682014432_000034,4,full,180,0.06272293394391072,-0.16209210457324527,1682014432_000092
1682014432,1682014432_000035,4,full,180,0.08894952567756294,-0.01810502336739102,1682014432_000037
1682014432,1682014432_000036,4,full,180,0.1529037910685456,0.021134162888959074,1682014432_000013
1682014432,1682014432_000037,4,full,180,0.12222880056036063,0.018760660046239674,1682014432_000041
1682014432,1682014432_000038,4,full,180,0.027741586492267444,-0.03536141586981736,1682014432_000070
1682014432,1682014432_000039,4,full,180,0.10749185989315126,-0.0168708945868425,1682014432_000047
1682014432,1682014432_000040,4,full,180,0.010331023001657197,-0.0672543425336533,1682014432_000025
1682014432,1682014432_000041,4,full,180,0.20407703176861006,0.09672010504166972,1682014432_000054
1682014432,1682014432_000042,4,full,180,0.3974119447796129,0.2601292579470661,1682014432_000065
1682014432,1682014432_000043,4,full,180,0.31510182656214114,0.22377268732795522,1682014432_000068
1682014432,1682014432_000044,4,full,180,0.23152535448580122,0.1195634406818382,1682014432_000040
1682014432,1682014432_000045,4,full,180,-0.03602605195692305,-0.08836051834508905,1682014432_000066
1682014432,1682014432_000046,4,full,180,0.31216548016213136,0.19024340218722988,1682014432_000012
1682014432,1682014432_000047,4,full,180,0.13908463690007591,0.027813079915408528,1682014432_000026
1682014432,1682014432_000048,4,full,180,0.051080222007804404,-0.050151307479988916,1682014432_000003
1682014432,1682014432_000049,4,full,180,0.024029319912804603,-0.1628094616535413,1682014432_000029
1682014432,1682014432_000050,4,full,180,0.03256344705047166,-0.07643153028834804,1682014432_000112
1682014432,1682014432_000051,4,full,180,-0.12434631289219707,-0.2568440652076814,1682014432_000063
1682014432,1682014432_000052,4,full,180,-0.19870605847182385,-0.2378301318605447,1682014432_000059
1682014432,1682014432_000053,4,full,180,0.35875844487335057,0.2768767601910151,1682014432_000002
1682014432,1682014432_000054,4,full,180,-0.024220172352458564,-0.11503230379873945,1682014432_000082
1682014432,1682014432_000055,4,full,180,0.16575952102494848,0.054459975120113524,1682014432_000074
1682014432,1682014432_000056,4,full,180,0.3107020246844557,0.17675609683301582,1682014432_000038
1682014432,1682014432_000057,4,full,180,-0.014936492106275864,-0.23193497036235786,1682014432_000101
1682014432,1682014432_000058,4,full,180,0.2621348237777857,0.21446941795890836,1682014432_000108
1682014432,1682014432_000059,4,full,180,0.0763141653883679,-0.05842853656016827,1682014432_000031
1682014432,1682014432_000060,4,full,180,-0.25225057538897305,-0.2629721585924027,1682014432_000056
1682014432,1682014432_000061,4,full,180,-0.016657646140682453,-0.13653559501249043,1682014432_000064
1682014432,1682014432_000062,4,full,180,-0.11988730228432375,-0.22361982791404408,1682014432_000090
1682014432,1682014432_000063,4,full,180,0.11355938263488093,0.02732536516264696,1682014432_000095
1682014432,1682014432_000064,4,full,180,0.07611528957813139,-0.03996734966820631,1682014432_000033
1682014432,1682014432_000065,4,full,180,0.36046810502962007,0.23095657215378265,1682014432_000008
1682014432,1682014432_000066,4,full,180,-0.073490507129286,-0.1910661671976426,1682014432_000091
1682014432,1682014432_000067,4,full,180,0.05363290631964479,-0.0681367062038314,1682014432_000021
1682014432,1682014432_000068,4,full,180,0.2792844609242764,0.034902223146170246,1682014432_000103
1682014432,1682014432_000069,4,full,180,0.00023647852988209947,-0.06397580891331671,1682014432_000073
1682014432,1682014432_000070,4,full,180,-0.21666190580876266,-0.24598204479625843,1682014432_000051
1682014432,1682014432_000071,4,full,180,0.06460508792896115,-0.004162353940717375,1682014432_000004
1682014432,1682014432_000072,4,full,180,-0.03698756189774971,-0.07432600431355586,1682014432_000085
1682014432,1682014432_000073,4,full,180,0.1463314167573764,0.06963588142742792,1682014432_000072
1682014432,1682014432_000074,4,full,180,-0.07489524516012293,-0.1989947243735135,1682014432_000048
1682014432,1682014432_000075,4,full,180,0.2929288214027885,0.10018842049626957,1682014432_000057
1682014432,1682014432_000076,4,full,180,0.053205978203078284,-0.13038928112476383,1682014432_000028
1682014432,1682014432_000077,4,full,180,-0.10943746273949007,-0.1655165310944864,1682014432_000099
1682014432,1682014432_000078,4,full,180,-0.22699799048890176,-0.4157129908604047,1682014432_000020
1682014432,1682014432_000079,4,full,180,0.2890744976655819,0.1738747476132945,1682014432_000105
1682014432,1682014432_000080,4,full,180,0.3254352748446014,0.22295441892092072,1682014432_000024
1682014432,1682014432_000081,4,full,180,0.2907263466896125,0.2769280175809734,1682014432_000076
1682014432,1682014432_000082,4,full,180,0.1419563869213773,0.07414563933672588,1682014432_000000
1682014432,1682014432_000083,4,full,180,0.24776728668615364,0.22883835564690094,1682014432_000106
1682014432,1682014432_000084,4,full,180,0.323525694914004,0.18964640585298165,1682014432_000083
1682014432,1682014432_000085,4,full,180,0.3514607303130089,0.2730313196250017,1682014432_000053
1682014432,1682014432_000086,4,full,180,0.40778999321907516,0.2567698960693429,1682014432_000049
1682014432,1682014432_000087,4,full,180,0.08851973225652436,-0.045953612090493735,1682014432_000039
1682014432,1682014432_000088,4,full,180,0.06825576364178014,0.012358153673090769,1682014432_000016
1682014432,1682014432_000089,4,full,180,-0.00912409631223591,-0.10551846070021753,1682014432_000079
1682014432,1682014432_000090,4,full,180,0.30334262199562306,0.19992026462543788,1682014432_000081
1682014432,1682014432_000091,4,full,180,0.33499157429709153,0.21315656859188115,1682014432_000075
1682014432,1682014432_000092,4,full,180,0.09186450032305175,-0.05647694751858443,1682014432_000096
1682014432,1682014432_000093,4,full,180,0.1310572621036943,-0.03321129010419755,1682014432_000086
1682014432,1682014432_000094,4,full,180,-0.05931021315481322,-0.0722996073292894,1682014432_000036
1682014432,1682014432_000095,4,full,180,0.15656758711692562,0.11840434824182895,1682014432_000078
1682014432,1682014432_000096,4,full,180,-0.11177915641292192,-0.12026686162735843,1682014432_000045
1682014432,1682014432_000097,4,full,180,0.2901714537967322,0.12489347308246868,1682014432_000061
1682014432,1682014432_000098,4,full,180,0.27800400418961996,0.19864942251067674,1682014432_000097
1682014432,1682014432_000099,4,full,180,0.12131222257341062,-0.019332083212128714,1682014432_000030
1682014432,1682014432_000100,4,full,180,0.29032174862339644,0.22125668120331135,1682014432_000017
1682014432,1682014432_000101,4,full,180,0.25141378270953235,0.13369902370465647,1682014432_000035
1682014432,1682014432_000102,4,full,180,0.3174906138760238,0.18590906981772803,1682014432_000069
1682014432,1682014432_000103,4,full,180,0.13529227912315675,-0.002089323554413177,1682014432_000005
1682014432,1682014432_000104,4,full,180,0.3716441371099128,0.27467203190100237,1682014432_000107
1682014432,1682014432_000105,4,full,180,0.15165111947746313,0.006314348914768388,1682014432_000042
1682014432,1682014432_000106,4,full,180,0.3220550394008707,0.1352087556021069,1682014432_000010
1682014432,1682014432_000107,4,full,180,0.13632701912844222,0.09978737793681484,1682014432_000094
1682014432,1682014432_000108,4,full,180,0.10116061934909402,0.030497796316336517,1682014432_000058
1682014432,1682014432_000109,4,full,180,-0.01777300281921856,-0.09036366950554703,1682014432_000001
1682014432,1682014432_000110,4,full,180,-0.0567781168493901,-0.1574840350229312,1682014432_000088
1682014432,1682014432_000111,4,full,180,0.07291412057648318,0.031232384221333523,1682014432_000071
1682014432,1682014432_000112,4,full,180,-0.14020802810071417,-0.2223947408929791,1682014432_000019
1682712156,1682712156_000001,4,full,180,0.1937309122160946,-0.0056841029471513815,1682712156_000371
1682712156,1682712156_000013,4,full,180,-0.08803683833621107,-0.21885292345383836,1682712156_000346
1682712156,1682712156_000026,4,full,180,-0.14035843212212676,-0.25020755108887405,1682712156_000592
1682712156,1682712156_000038,4,full,180,0.08648389940344892,-0.012530494995536675,1682712156_000186
1682712156,1682712156_000050,4,full,180,0.25525951728896573,0.12696883864914263,1682712156_000075
1682712156,1682712156_000063,4,full,180,0.26912750176773864,0.20574137404232218,1682712156_000531
1682712156,1682712156_000075,4,full,180,0.20267023223545064,0.1353660956061792,1682712156_000617
1682712156,1682712156_000087,4,full,180,-0.20572575306993376,-0.21954651664394975,1682712156_000173
1682712156,1682712156_000100,4,full,180,0.1833994592427489,0.10249970004288901,1682712156_000678
1682712156,1682712156_000112,4,full,180,0.04237544593069276,-0.013891710757503459,1682712156_000198
1682712156,1682712156_000124,4,full,180,0.36928002840408586,0.28095739746111165,1682712156_000481
1682712156,1682712156_000136,4,full,180,0.17426834855673837,0.08884538717258124,1682712156_000038
1682712156,1682712156_000149,4,full,180,0.2760792989785943,0.2221216127958923,1682712156_000247
1682712156,1682712156_000161,4,full,180,0.1275457819592103,0.023668256055648706,1682712156_000087
1682712156,1682712156_000173,4,full,180,0.07840801587819772,-0.0011971516450291295,1682712156_000605
1682712156,1682712156_000186,4,full,180,0.010049745456935702,-0.06188035171058137,1682712156_000321
1682712156,1682712156_000198,4,full,180,0.22593373972166453,0.1557019651913448,1682712156_000395
1682712156,1682712156_000210,4,full,180,-0.019085046007529846,-0.10084008925447745,1682712156_000149
1682712156,1682712156_000223,4,full,180,-0.14834489281636187,-0.2209218544925209,1682712156_000518
1682712156,1682712156_000235,4,full,180,-0.01669277475278738,-0.1666578724082127,1682712156_000432
1682712156,1682712156_000247,4,full,180,-0.03743133890641084,-0.10983041037307623,1682712156_000642
1682712156,1682712156_000260,4,full,180,0.09113142016189402,0.02978276598197586,1682712156_000050
1682712156,1682712156_000272,4,full,180,0.14337506842862963,0.030473371533457732,1682712156_000063
1682712156,1682712156_000284,4,full,180,0.013087531980323011,-0.07847452330711212,1682712156_000728
1682712156,1682712156_000297,4,full,180,0.08141793186973147,-0.0036020044101925572,1682712156_000309
1682712156,1682712156_000309,4,full,180,0.009581887644440642,-0.1461580019584671,1682712156_000013
1682712156,1682712156_000321,4,full,180,0.14319720171612063,0.05373828938586389,1682712156_000235
1682712156,1682712156_000334,4,full,180,0.06304204528979357,-0.007443590492703663,1682712156_000568
1682712156,1682712156_000346,4,full,180,0.04454086690003637,-0.14190729872362914,1682712156_000124
1682712156,1682712156_000358,4,full,180,-0.12760155160016312,-0.27846679936542873,1682712156_000691
1682712156,1682712156_000371,4,full,180,0.10600387656322979,-0.0020567598191098178,1682712156_000272
1682712156,1682712156_000383,4,full,180,-0.1388703173027922,-0.26721838276620613,1682712156_000654
1682712156,1682712156_000395,4,full,180,0.11167771972367342,0.0355871346636961,1682712156_000407
1682712156,1682712156_000407,4,full,180,-0.010974810234383061,-0.10114824687289166,1682712156_000260
1682712156,1682712156_000420,4,full,180,0.07961473860416061,0.01143073325821851,1682712156_000210
1682712156,1682712156_000432,4,full,180,0.10449102698490002,-0.04849981648933884,1682712156_000112
1682712156,1682712156_000444,4,full,180,0.1096745231835632,0.050525224541144186,1682712156_000100
1682712156,1682712156_000457,4,full,180,0.3649403132614594,0.3340873872287016,1682712156_000001
1682712156,1682712156_000469,4,full,180,-0.19386996659538455,-0.3488081259042579,1682712156_000223
1682712156,1682712156_000481,4,full,180,0.2533618749448278,0.13348645558498293,1682712156_000457
1682712156,1682712156_000494,4,full,180,0.27779829587350274,0.17292949748259775,1682712156_000297
1682712156,1682712156_000506,4,full,180,0.1690806128570551,0.09877341823345627,1682712156_000161
1682712156,1682712156_000518,4,full,180,0.17050511839032434,0.08734129400138173,1682712156_000136
1682712156,1682712156_000531,4,full,180,0.2403825298169281,0.14678413486878492,1682712156_000420
1682712156,1682712156_000543,4,full,180,0.22926211175478808,0.16882453764351324,1682712156_000752
1682712156,1682712156_000555,4,full,180,-0.21160504031590732,-0.30901276564965463,1682712156_000334
1682712156,1682712156_000568,4,full,180,0.0860843401537309,-0.018173978311125643,1682712156_000777
1682712156,1682712156_000580,4,full,180,-0.07552708364518612,-0.06552418432090801,1682712156_000358
1682712156,1682712156_000592,4,full,180,0.000805315251479477,-0.12625010048575103,1682712156_000629
1682712156,1682712156_000605,4,full,180,0.05687199212597724,-0.03447320897850337,1682712156_000555
1682712156,1682712156_000617,4,full,180,0.006821139408690742,-0.10825456861991357,1682712156_000383
1682712156,1682712156_000629,4,full,180,0.38341136839008966,0.25798320521513435,1682712156_000506
1682712156,1682712156_000642,4,full,180,-0.20373467015337057,-0.20735643317976762,1682712156_000469
1682712156,1682712156_000654,4,full,180,0.02724665843828041,-0.042243120752386794,1682712156_000543
1682712156,1682712156_000666,4,full,180,0.14707672172726305,0.05188061448582173,1682712156_000580
1682712156,1682712156_000678,4,full,180,0.2783619218569976,0.11353586157648561,1682712156_000703
1682712156,1682712156_000691,4,full,180,0.15376527757403086,0.05193650100851918,1682712156_000026
1682712156,1682712156_000703,4,full,180,-0.0377667928727253,-0.12038117973807667,1682712156_000666
1682712156,1682712156_000715,4,full,180,0.11790722499262508,-0.0031318765579526546,1682712156_000444
1682712156,1682712156_000728,4,full,180,0.14325397235444312,0.014958925388346617,1682712156_000444
1682712156,1682712156_000740,4,full,180,0.2913999842472085,0.16968314774957072,1682712156_000765
1682712156,1682712156_000752,4,full,180,0.4580486089000672,0.36718388721966316,1682712156_000284
1682712156,1682712156_000765,4,full,180,0.40872442824678995,0.3732234272637909,1682712156_000740
1682712156,1682712156_000777,4,full,180,0.11997690218454182,0.11327235709978013,1682712156_000494
1682718815,1682718815_000001,4,full,180,0.30978605466106107,0.15010204042931943,1682718815_000069
1682718815,1682718815_000005,4,full,180,0.11313677416186518,-0.1187679628940471,1682718815_000141
1682718815,1682718815_000009,4,full,180,0.2940140213938019,0.150510215089864,1682718815_000609
1682718815,1682718815_000013,4,full,180,0.10229100271291365,0.014798305946240422,1682718815_000589
1682718815,1682718815_000017,4,full,180,0.24425233000760083,0.1299874602233553,1682718815_000013
1682718815,1682718815_000021,4,full,180,-0.02115774530844261,-0.084649141112148,1682718815_000321
1682718815,1682718815_000025,4,full,180,0.14354151356430248,0.07713769320147867,1682718815_000397
1682718815,1682718815_000029,4,full,180,-0.31885818473112776,-0.2470558882187203,1682718815_000513
1682718815,1682718815_000033,4,full,180,0.3526969079360283,0.18993685027769266,1682718815_000765
1682718815,1682718815_000037,4,full,180,0.24795824724195725,0.14244729894304406,1682718815_000133
1682718815,1682718815_000041,4,full,180,-0.11836223583587897,-0.1639800513308616,1682718815_000417
1682718815,1682718815_000045,4,full,180,0.11587025460776852,-0.0024965175241350272,1682718815_000177
1682718815,1682718815_000049,4,full,180,0.16476771202395482,-0.09615640966743809,1682718815_000025
1682718815,1682718815_000053,4,full,180,0.10954112040356778,0.00203800833858811,1682718815_000581
1682718815,1682718815_000057,4,full,180,-0.1320042492269973,-0.3107793993426981,1682718815_000049
1682718815,1682718815_000061,4,full,180,0.42518894790730655,0.36685348261021417,1682718815_000633
1682718815,1682718815_000065,4,full,180,0.082417685883811,-0.024841043215364515,1682718815_000661
1682718815,1682718815_000069,4,full,180,0.19170727734588222,0.10302881998362819,1682718815_000317
1682718815,1682718815_000073,4,full,180,-0.06150885936092746,-0.168010952382507,1682718815_000245
1682718815,1682718815_000077,4,full,180,0.054135383705232465,-0.04782501892079651,1682718815_000281
1682718815,1682718815_000081,4,full,180,0.1313530603307344,-0.06709360971363616,1682718815_000669
1682718815,1682718815_000085,4,full,180,-0.12017501589173418,-0.2489199109641583,1682718815_000689
1682718815,1682718815_000089,4,full,180,0.2953537917460735,0.2691949826431517,1682718815_000541
1682718815,1682718815_000093,4,full,180,0.1205119119158351,0.08462275152560876,1682718815_000333
1682718815,1682718815_000097,4,full,180,-0.23667936631197914,-0.30572407545745944,1682718815_000093
1682718815,1682718815_000101,4,full,180,-0.04648596342488159,-0.19868827705637818,1682718815_000429
1682718815,1682718815_000105,4,full,180,-0.0018494275558092466,-0.06654106756762622,1682718815_000773
1682718815,1682718815_000109,4,full,180,0.06930112840678739,-0.14085750531647998,1682718815_000237
1682718815,1682718815_000113,4,full,180,-0.004301526685801804,-0.191705325523246,1682718815_000477
1682718815,1682718815_000117,4,full,180,0.2563812551930082,0.12945940799227643,1682718815_000665
1682718815,1682718815_000121,4,full,180,0.1181453287085179,-0.06371745340868816,1682718815_000185
1682718815,1682718815_000125,4,full,180,0.1102841106406781,0.022141583608802334,1682718815_000389
1682718815,1682718815_000129,4,full,180,0.14171952447895653,0.02165563858196683,1682718815_000473
1682718815,1682718815_000133,4,full,180,0.05658465065128371,-0.08544427994125547,1682718815_000565
1682718815,1682718815_000137,4,full,180,0.348415535974439,0.22576356536860018,1682718815_000181
1682718815,1682718815_000141,4,full,180,0.16470158194227588,0.04165432253520226,1682718815_000713
1682718815,1682718815_000145,4,full,180,-0.07236211155841309,-0.22342814755665064,1682718815_000753
1682718815,1682718815_000149,4,full,180,0.14316414248115436,0.04906600258518673,1682718815_000545
1682718815,1682718815_000153,4,full,180,-0.2747388808607978,-0.3456576506618703,1682718815_000617
1682718815,1682718815_000157,4,full,180,-0.042234607822971004,-0.28559489477291594,1682718815_000409
1682718815,1682718815_000161,4,full,180,0.08579848092832187,-0.09564607114462782,1682718815_000145
1682718815,1682718815_000165,4,full,180,-0.05010864305574373,-0.11749747833279194,1682718815_000585
1682718815,1682718815_000169,4,full,180,0.09505582166876647,0.03043538190760592,1682718815_000285
1682718815,1682718815_000173,4,full,180,0.06961195495860432,-0.09615330840698307,1682718815_000329
1682718815,1682718815_000177,4,full,180,0.24375646853715527,0.11814912796665823,1682718815_000001
1682718815,1682718815_000181,4,full,180,0.03908113645809499,-0.03767626702059493,1682718815_000293
1682718815,1682718815_000185,4,full,180,0.3679048094507855,0.25076269281909,1682718815_000301
1682718815,1682718815_000189,4,full,180,0.20381029375038243,0.06983417629787542,1682718815_000057
1682718815,1682718815_000193,4,full,180,0.22351513129019218,0.18203895604885814,1682718815_000445
1682718815,1682718815_000197,4,full,180,0.4457592412244793,0.34997963292141615,1682718815_000533
1682718815,1682718815_000201,4,full,180,0.11714682625785046,-0.025303200937581777,1682718815_000097
1682718815,1682718815_000205,4,full,180,0.051469684879234756,-0.08115077311487565,1682718815_000521
1682718815,1682718815_000209,4,full,180,0.08356760463495234,-0.030415504529566872,1682718815_000557
1682718815,1682718815_000213,4,full,180,0.18203374718971135,0.09400171570698125,1682718815_000209
1682718815,1682718815_000217,4,full,180,0.3326239591259454,0.2117095900485989,1682718815_000525
1682718815,1682718815_000221,4,full,180,0.18737916438980648,0.052727996349553885,1682718815_000749
1682718815,1682718815_000225,4,full,180,-0.07628542746437958,-0.1019213274623999,1682718815_000137
1682718815,1682718815_000229,4,full,180,0.18025252450467585,0.023340432626599766,1682718815_000553
1682718815,1682718815_000233,4,full,180,0.10055605776183618,0.023585888908299674,1682718815_000769
1682718815,1682718815_000237,4,full,180,0.10715926136773968,-0.06074851557413783,1682718815_000373
1682718815,1682718815_000241,4,full,180,-0.047831511090603386,-0.10800255516855274,1682718815_000465
1682718815,1682718815_000245,4,full,180,0.19723805578885126,0.0818437935481905,1682718815_000109
1682718815,1682718815_000249,4,full,180,0.1241233861172083,0.0424820941597892,1682718815_000413
1682718815,1682718815_000253,4,full,180,-0.21072431311241369,-0.2740389334684734,1682718815_000729
1682718815,1682718815_000257,4,full,180,-0.20232401909148368,-0.3305997054483896,1682718815_000045
1682718815,1682718815_000261,4,full,180,0.09516338158469095,0.06678409870630264,1682718815_000613
1682718815,1682718815_000265,4,full,180,0.07555807857179996,0.013377155003542493,1682718815_000273
1682718815,1682718815_000269,4,full,180,0.2456033577608451,0.13830418183813908,1682718815_000353
1682718815,1682718815_000273,4,full,180,0.04545448853756001,0.03535571326104895,1682718815_000257
1682718815,1682718815_000277,4,full,180,-0.14438542401567545,-0.33620272079496566,1682718815_000189
1682718815,1682718815_000281,4,full,180,0.22405085715714254,0.09326330859869077,1682718815_000233
1682718815,1682718815_000285,4,full,180,-0.12457739825498859,-0.18420498483550105,1682718815_000357
1682718815,1682718815_000289,4,full,180,0.17191391893034622,0.09027903177621006,1682718815_000081
1682718815,1682718815_000293,4,full,180,0.10285056853073928,0.03691824015568821,1682718815_000601
1682718815,1682718815_000297,4,full,180,0.15858117146666303,0.0751445907728799,1682718815_000229
1682718815,1682718815_000301,4,full,180,0.37448474970802764,0.1765160904808437,1682718815_000693
1682718815,1682718815_000305,4,full,180,0.2536382031613979,0.14155346450212716,1682718815_000153
1682718815,1682718815_000309,4,full,180,0.07891961213809552,0.00719819159822848,1682718815_000733
1682718815,1682718815_000313,4,full,180,0.2151117186873189,0.09330833413880853,1682718815_000741
1682718815,1682718815_000317,4,full,180,0.04942680374627304,-0.009969478768484119,1682718815_000549
1682718815,1682718815_000321,4,full,180,-0.0840101494901098,-0.10934780487787364,1682718815_000337
1682718815,1682718815_000325,4,full,180,0.09504685163448155,0.008125560005492713,1682718815_000021
1682718815,1682718815_000329,4,full,180,0.2883526947275698,0.28044806252748644,1682718815_000453
1682718815,1682718815_000333,4,full,180,0.08178742748947018,0.04182369609349552,1682718815_000649
1682718815,1682718815_000337,4,full,180,0.26961334429005157,0.11205315673281491,1682718815_000033
1682718815,1682718815_000341,4,full,180,0.25759461498645936,0.17748209106150117,1682718815_000241
1682718815,1682718815_000345,4,full,180,0.12705431659691277,0.02219445310178005,1682718815_000645
1682718815,1682718815_000349,4,full,180,0.16064726809130567,0.0834260073599224,1682718815_000705
1682718815,1682718815_000353,4,full,180,0.19263698951159244,0.1416174055761001,1682718815_000193
1682718815,1682718815_000357,4,full,180,0.1887819799319079,0.08819350631280898,1682718815_000497
1682718815,1682718815_000361,4,full,180,0.08799751717786368,-0.025443089127090035,1682718815_000725
1682718815,1682718815_000365,4,full,180,0.1373545437033464,-0.02922287742054905,1682718815_000129
1682718815,1682718815_000369,4,full,180,0.3904055954073171,0.2570316512488588,1682718815_000481
1682718815,1682718815_000373,4,full,180,0.18783567383011915,-0.047278950120477586,1682718815_000269
1682718815,1682718815_000377,4,full,180,0.18355278146075257,0.0790942551700824,1682718815_000017
1682718815,1682718815_000381,4,full,180,0.17636796012092068,0.024262065392516085,1682718815_000593
1682718815,1682718815_000385,4,full,180,0.029476820872902616,-0.06900074418695441,1682718815_000161
1682718815,1682718815_000389,4,full,180,0.0989161149419298,-0.00968807916884761,1682718815_000381
1682718815,1682718815_000393,4,full,180,0.028930401511866915,-0.11595380158457957,1682718815_000361
1682718815,1682718815_000397,4,full,180,0.08892809044020124,-0.08408203219464909,1682718815_000173
1682718815,1682718815_000401,4,full,180,0.08277824290861498,-0.07262432502187173,1682718815_000005
1682718815,1682718815_000405,4,full,180,0.1619890174275586,-0.005453085055121524,1682718815_000113
1682718815,1682718815_000409,4,full,180,0.03389886469427764,-0.007787407183408775,1682718815_000313
1682718815,1682718815_000413,4,full,180,-0.13788955384388987,-0.18456298540952662,1682718815_000505
1682718815,1682718815_000417,4,full,180,0.0023015514228272673,-0.08326802436446473,1682718815_000657
1682718815,1682718815_000421,4,full,180,0.4086065015774838,0.33729447780133825,1682718815_000721
1682718815,1682718815_000425,4,full,180,0.1086350328969316,0.005229236886330074,1682718815_000517
1682718815,1682718815_000429,4,full,180,0.21679933372590088,0.02883980425858247,1682718815_000621
1682718815,1682718815_000433,4,full,180,0.013157266539161291,-0.10982084802549653,1682718815_000637
1682718815,1682718815_000437,4,full,180,-0.07195618005232648,-0.19163996602689556,1682718815_000425
1682718815,1682718815_000441,4,full,180,0.025286669250091636,-0.129605762812147,1682718815_000165
1682718815,1682718815_000445,4,full,180,0.025704192269202383,-0.0057989451376851435,1682718815_000761
1682718815,1682718815_000449,4,full,180,-0.09745337630277695,-0.18877630968987372,1682718815_000253
1682718815,1682718815_000453,4,full,180,0.10864073512598194,-0.05063032416926066,1682718815_000605
1682718815,1682718815_000457,4,full,180,0.3853248097271156,0.3022381357580961,1682718815_000449
1682718815,1682718815_000461,4,full,180,0.15675803732852053,0.024947508887049857,1682718815_000217
1682718815,1682718815_000465,4,full,180,-0.1699094495793074,-0.24135399690341974,1682718815_000757
1682718815,1682718815_000469,4,full,180,0.3344739364477827,0.20457504633450796,1682718815_000325
1682718815,1682718815_000473,4,full,180,0.1048855845774057,-0.024842099678452943,1682718815_000561
1682718815,1682718815_000477,4,full,180,0.2737817186525851,0.21287421435210954,1682718815_000289
1682718815,1682718815_000481,4,full,180,0.1711996913632042,0.061019368876443984,1682718815_000073
1682718815,1682718815_000485,4,full,180,0.16329576572079987,0.06948667769043472,1682718815_000249
1682718815,1682718815_000489,4,full,180,-0.08162442564504979,-0.2104773578674438,1682718815_000305
1682718815,1682718815_000493,4,full,180,0.14746540114848697,0.11086749443244522,1682718815_000053
1682718815,1682718815_000497,4,full,180,0.21402445410453463,0.03418289240351685,1682718815_000077
1682718815,1682718815_000501,4,full,180,-0.0923463524950573,-0.24771001129792578,1682718815_000421
1682718815,1682718815_000505,4,full,180,0.12898543131878143,-0.01507751705291068,1682718815_000277
1682718815,1682718815_000509,4,full,180,-0.02168743163248434,-0.19428554918235733,1682718815_000369
1682718815,1682718815_000513,4,full,180,0.1230319200259562,0.04233574582910795,1682718815_000697
1682718815,1682718815_000517,4,full,180,0.1419388853828039,0.0651796137125541,1682718815_000469
1682718815,1682718815_000521,4,full,180,0.1754091590460595,0.08113859989311416,1682718815_000677
1682718815,1682718815_000525,4,full,180,0.1817552304449164,0.09148655623209873,1682718815_000105
1682718815,1682718815_000529,4,full,180,0.17872549043296193,-0.013745097547527202,1682718815_000149
1682718815,1682718815_000533,4,full,180,0.15662672538349534,0.10145090602209635,1682718815_000625
1682718815,1682718815_000537,4,full,180,0.1388107316021345,0.07741478342244949,1682718815_000041
1682718815,1682718815_000541,4,full,180,-0.2681972427854778,-0.3739849521364685,1682718815_000213
1682718815,1682718815_000545,4,full,180,-0.12955219017094133,-0.16944288030722987,1682718815_000261
1682718815,1682718815_000549,4,full,180,0.4871775273900574,0.4282647818902096,1682718815_000405
1682718815,1682718815_000553,4,full,180,-0.0654950082868063,-0.1378890719187699,1682718815_000737
1682718815,1682718815_000557,4,full,180,-0.07880972073333631,-0.1719601239050584,1682718815_000121
1682718815,1682718815_000561,4,full,180,-0.03546271009039565,-0.09256766622730754,1682718815_000205
1682718815,1682718815_000565,4,full,180,-0.16346129627338982,-0.3084989774825466,1682718815_000461
1682718815,1682718815_000569,4,full,180,0.17970525571814144,0.07906662119869351,1682718815_000537
1682718815,1682718815_000573,4,full,180,-0.034176904783550455,-0.16023454784362332,1682718815_000029
1682718815,1682718815_000577,4,full,180,0.31539463005347956,0.17758951537933254,1682718815_000685
1682718815,1682718815_000581,4,full,180,-0.01749696364373243,-0.08830604911086566,1682718815_000745
1682718815,1682718815_000585,4,full,180,0.3056205695277638,0.22744561635481308,1682718815_000365
1682718815,1682718815_000589,4,full,180,0.4459002789032529,0.3325303296449277,1682718815_000197
1682718815,1682718815_000593,4,full,180,0.1225483082939472,-0.007183969807586524,1682718815_000441
1682718815,1682718815_000597,4,full,180,0.25489044631011365,0.0973842551793586,1682718815_000709
1682718815,1682718815_000601,4,full,180,0.009441273362753725,-0.0963282571135068,1682718815_000629
1682718815,1682718815_000605,4,full,180,0.29304118989344324,0.2362426863639365,1682718815_000265
1682718815,1682718815_000609,4,full,180,0.1359658324245352,0.06750824782986334,1682718815_000673
1682718815,1682718815_000613,4,full,180,0.17238796133573966,0.01875451417603143,1682718815_000377
1682718815,1682718815_000617,4,full,180,0.10598563141720795,0.009921242127868352,1682718815_000681
1682718815,1682718815_000621,4,full,180,0.1171077577298845,0.0843726100092409,1682718815_000433
1682718815,1682718815_000625,4,full,180,0.17527026612287033,0.07657588057952681,1682718815_000221
1682718815,1682718815_000629,4,full,180,0.2170571334280699,0.09735600838721059,1682718815_000597
1682718815,1682718815_000633,4,full,180,0.08585950357585638,-0.03845200344272901,1682718815_000501
1682718815,1682718815_000637,4,full,180,0.09521677098195058,0.03761560206422366,1682718815_000457
1682718815,1682718815_000641,4,full,180,0.31586892592964655,0.17955056958531965,1682718815_000297
1682718815,1682718815_000645,4,full,180,-0.019359798929083516,-0.15789761993199306,1682718815_000529
1682718815,1682718815_000649,4,full,180,0.18544234649241365,0.1569660491119626,1682718815_000569
1682718815,1682718815_000653,4,full,180,0.2592771642322,0.1783803551597515,1682718815_000401
1682718815,1682718815_000657,4,full,180,0.15747121560131774,0.08830300984165997,1682718815_000777
1682718815,1682718815_000661,4,full,180,-0.07432674161258794,-0.1487577483294882,1682718815_000009
1682718815,1682718815_000665,4,full,180,0.2757123745280739,0.23103626186940565,1682718815_000393
1682718815,1682718815_000669,4,full,180,0.20879787592274943,0.12288961344687029,1682718815_000061
1682718815,1682718815_000673,4,full,180,0.09882839463985409,-0.023273079018281923,1682718815_000225
1682718815,1682718815_000677,4,full,180,0.12108273215372863,-0.022456615239101124,1682718815_000201
1682718815,1682718815_000681,4,full,180,0.32433858724996384,0.17782322163496203,1682718815_000085
1682718815,1682718815_000685,4,full,180,0.20405226178050398,0.11516739891125131,1682718815_000065
1682718815,1682718815_000689,4,full,180,-0.029890694976657584,-0.10947648822936797,1682718815_000089
1682718815,1682718815_000693,4,full,180,0.041950808051327615,-0.054687437147605794,1682718815_000653
1682718815,1682718815_000697,4,full,180,0.13467425352004825,0.15641755094408574,1682718815_000385
1682718815,1682718815_000701,4,full,180,0.20659492663255033,0.20601159427624113,1682718815_000577
1682718815,1682718815_000705,4,full,180,0.18045905805103615,0.1117269352202787,1682718815_000641
1682718815,1682718815_000709,4,full,180,-0.06297459389295423,-0.17453437905942007,1682718815_000169
1682718815,1682718815_000713,4,full,180,0.40641832505951475,0.2396547511125667,1682718815_000157
1682718815,1682718815_000717,4,full,180,0.3516908595025389,0.24528894473878707,1682718815_000701
1682718815,1682718815_000721,4,full,180,0.2842924771884489,0.12670645056123567,1682718815_000341
1682718815,1682718815_000725,4,full,180,0.34856920677060405,0.2613590212127333,1682718815_000309
1682718815,1682718815_000729,4,full,180,0.012946068690355287,-0.06634671542882192,1682718815_000037
1682718815,1682718815_000733,4,full,180,0.11806194470460113,0.03847283545455237,1682718815_000437
1682718815,1682718815_000737,4,full,180,0.19899453834294448,-0.0011072168229113444,1682718815_000509
1682718815,1682718815_000741,4,full,180,-0.03810777743834983,-0.12105577714505451,1682718815_000717
1682718815,1682718815_000745,4,full,180,0.126042966480663,0.027965042418524804,1682718815_000117
1682718815,1682718815_000749,4,full,180,0.14995721505578566,0.0873031309460192,1682718815_000489
1682718815,1682718815_000753,4,full,180,-0.2674385601527506,-0.32784058840965463,1682718815_000125
1682718815,1682718815_000757,4,full,180,0.15220204815329308,0.08464620434448848,1682718815_000349
1682718815,1682718815_000761,4,full,180,0.12723105555085865,-0.0471751359602026,1682718815_000345
1682718815,1682718815_000765,4,full,180,0.08746090707141226,-0.14431196717512768,1682718815_000485
1682718815,1682718815_000769,4,full,180,0.13200189419471278,0.07777854439517744,1682718815_000493
1682718815,1682718815_000773,4,full,180,-0.01211810466823617,-0.172922872587981,1682718815_000573
1682718815,1682718815_000777,4,full,180,0.09072633913415991,-0.02860906609685987,1682718815_000101
1680410249,1680410249_000000,4,crop,180,0.25613176369922847,0.10344728033851287,1680410249_000007
1680410249,1680410249_000001,4,crop,180,-0.0020745030169305595,-0.29698441545377136,1680410249_000008
1680410249,1680410249_000002,4,crop,180,0.23981813413781858,0.01816533624457776,1680410249_000001
1680410249,1680410249_000003,4,crop,180,0.2814003430271475,-0.02664118001992812,1680410249_000005
1680410249,1680410249_000004,4,crop,180,0.2908663576942805,0.0006110354115450578,1680410249_000003
1680410249,1680410249_000005,4,crop,180,0.09550527337757907,-0.29767946647315097,1680410249_000004
1680410249,1680410249_000006,4,crop,180,0.42843066222817683,0.2556641470813225,1680410249_000002
1680410249,1680410249_000007,4,crop,180,0.5946600617411456,0.46264762287180555,1680410249_000000
1680410249,1680410249_000008,4,crop,180,0.14474325668367627,-0.11381589479339045,1680410249_000009
1680410249,1680410249_000009,4,crop,180,0.5045026531225238,0.22951396135040092,1680410249_000006
1680410569,1680410569_000000,4,crop,180,0.34587885227743725,0.14319231560453513,1680410569_000009
1680410569,1680410569_000001,4,crop,180,0.13553039103148215,-0.03044574854096384,1680410569_000004
1680410569,1680410569_000002,4,crop,180,0.0938902159991503,-0.11165619735521341,1680410569_000008
1680410569,1680410569_000003,4,crop,180,0.14346598562998125,-0.13032436420508417,1680410569_000006
1680410569,1680410569_000004,4,crop,180,0.33318484778848007,0.03477846488763063,1680410569_000000
1680410569,1680410569_000005,4,crop,180,0.1304285263032996,-0.03466447894496251,1680410569_000001
1680410569,1680410569_000006,4,crop,180,0.34161008505206936,0.0960176330150999,1680410569_000007
1680410569,1680410569_000007,4,crop,180,0.041025729175562985,-0.16954565402410715,1680410569_000002
1680410569,1680410569_000008,4,crop,180,0.34032698950279894,0.1444089390696287,1680410569_000003
1680410569,1680410569_000009,4,crop,180,0.0906831422042973,-0.20338003268476346,1680410569_000005
1680412337,1680412337_000000,4,crop,180,0.24927962119755986,-0.2697133659614323,1680412337_000320
1680412337,1680412337_000012,4,crop,180,0.35096432173122866,-0.13327423436275207,1680412337_000443
1680412337,1680412337_000025,4,crop,180,0.2796873506912221,-0.026914535471934287,1680412337_000148
1680412337,1680412337_000037,4,crop,180,0.2612496675862743,-0.10559342387500759,1680412337_000394
1680412337,1680412337_000049,4,crop,180,0.41347298417324146,-0.032386742911300094,1680412337_000283
1680412337,1680412337_000062,4,crop,180,0.332480463753084,0.13440405205721234,1680412337_000579
1680412337,1680412337_000074,4,crop,180,0.41199667095812265,0.1577793882716537,1680412337_000554
1680412337,1680412337_000086,4,crop,180,0.26801923712070713,-0.1335271526458808,1680412337_000542
1680412337,1680412337_000099,4,crop,180,0.2657354611541651,0.11028770814135953,1680412337_000234
1680412337,1680412337_000111,4,crop,180,0.4734432658527549,0.08466880574639207,1680412337_000468
1680412337,1680412337_000123,4,crop,180,0.15400531818026927,-0.12163545912735645,1680412337_000641
1680412337,1680412337_000135,4,crop,180,0.5055927408221551,0.14135531205784455,1680412337_000012
1680412337,1680412337_000148,4,crop,180,0.4522851579628819,0.15776055906087288,1680412337_000135
1680412337,1680412337_000160,4,crop,180,0.15705101472640784,0.014122855683088145,1680412337_000296
1680412337,1680412337_000172,4,crop,180,0.13518839772888502,-0.19556491059937756,1680412337_000099
1680412337,1680412337_000185,4,crop,180,0.4155731675906104,-0.2701475977302417,1680412337_000111
1680412337,1680412337_000197,4,crop,180,0.3384752580262929,-0.02782530053349888,1680412337_000505
1680412337,1680412337_000209,4,crop,180,0.5730423791228432,-0.03341741375107852,1680412337_000727
1680412337,1680412337_000222,4,crop,180,0.259108811022371,0.11203443555521216,1680412337_000517
1680412337,1680412337_000234,4,crop,180,0.4051973805178464,0.10085409152230733,1680412337_000123
1680412337,1680412337_000246,4,crop,180,0.3370442836652779,-0.20611153485141934,1680412337_000419
1680412337,1680412337_000259,4,crop,180,0.4201768310749452,0.2490272420837677,1680412337_000025
1680412337,1680412337_000271,4,crop,180,0.3017931323273115,-0.08723907936106966,1680412337_000172
1680412337,1680412337_000283,4,crop,180,0.44803056857611184,0.26215283307018905,1680412337_000209
1680412337,1680412337_000296,4,crop,180,0.2973500516220788,-0.0027292293705021196,1680412337_000591
1680412337,1680412337_000308,4,crop,180,0.42215219501458967,0.20226878217634667,1680412337_000456
1680412337,1680412337_000320,4,crop,180,0.2767995202118947,-0.04627878253486351,1680412337_000628
1680412337,1680412337_000333,4,crop,180,0.505018291813938,0.2967831708322926,1680412337_000086
1680412337,1680412337_000345,4,crop,180,0.44932879902115835,-0.05269032990025561,1680412337_000222
1680412337,1680412337_000357,4,crop,180,0.19025371319042092,-0.2249972316698515,1680412337_000653
1680412337,1680412337_000370,4,crop,180,0.15160752318688528,-0.12499372667950748,1680412337_000653
1680412337,1680412337_000382,4,crop,180,0.4649773381170661,0.13867016258264755,1680412337_000739
1680412337,1680412337_000394,4,crop,180,0.4643306036031625,0.16413117588872084,1680412337_000616
1680412337,1680412337_000406,4,crop,180,0.490329992490908,0.13335728557138488,1680412337_000185
1680412337,1680412337_000419,4,crop,180,0.15636701219104968,-0.08125943100289314,1680412337_000690
1680412337,1680412337_000431,4,crop,180,0.3244323556307723,0.00863639558018775,1680412337_000382
1680412337,1680412337_000443,4,crop,180,0.33378048910746366,0.11914693763666158,1680412337_000604
1680412337,1680412337_000456,4,crop,180,0.4631042118870921,0.2581147181947631,1680412337_000308
1680412337,1680412337_000468,4,crop,180,0.032684851864848784,-0.4367328381329481,1680412337_000062
1680412337,1680412337_000480,4,crop,180,-0.03243623548481011,-0.2042441828760143,1680412337_000000
1680412337,1680412337_000493,4,crop,180,0.17067982630524192,0.024169034393019193,1680412337_000751
1680412337,1680412337_000505,4,crop,180,0.360022219378173,0.12857843006172728,1680412337_000037
1680412337,1680412337_000517,4,crop,180,0.17439678598864597,-0.18560152138634267,1680412337_000197
1680412337,1680412337_000530,4,crop,180,0.34582070930359626,0.058999879999928256,1680412337_000406
1680412337,1680412337_000542,4,crop,180,0.15037461217479778,-0.07222624374786113,1680412337_000345
1680412337,1680412337_000554,4,crop,180,0.23371503212846337,-0.1947757981282631,1680412337_000677
1680412337,1680412337_000567,4,crop,180,0.4431960285080047,0.2550841454346961,1680412337_000714
1680412337,1680412337_000579,4,crop,180,0.3279283462201083,-0.14885780343194935,1680412337_000160
1680412337,1680412337_000591,4,crop,180,0.2920318457080175,0.04268554213819011,1680412337_000493
1680412337,1680412337_000604,4,crop,180,0.34973572073805514,0.29473603618896055,1680412337_000776
1680412337,1680412337_000616,4,crop,180,0.05695164866155128,0.1274505388422417,1680412337_000246
1680412337,1680412337_000628,4,crop,180,0.06195350201992634,-0.15276158322722863,1680412337_000333
1680412337,1680412337_000641,4,crop,180,0.20544174537231505,-0.08039647931925513,1680412337_000271
1680412337,1680412337_000653,4,crop,180,0.36667588125649003,0.041857530437489944,1680412337_000764
1680412337,1680412337_000665,4,crop,180,0.22756439341777787,-0.02659620953921581,1680412337_000431
1680412337,1680412337_000677,4,crop,180,0.26658917351910255,0.004500268177773839,1680412337_000370
1680412337,1680412337_000690,4,crop,180,-0.012912399621103845,-0.1152169559773175,1680412337_000259
1680412337,1680412337_000702,4,crop,180,0.1478543369505263,-0.07886139903416539,1680412337_000530
1680412337,1680412337_000714,4,crop,180,0.10889137894328864,-0.09366811634077553,1680412337_000665
1680412337,1680412337_000727,4,crop,180,0.41961906200850735,0.13558267272757948,1680412337_000702
1680412337,1680412337_000739,4,crop,180,0.20588280823148097,-0.19080699070459708,1680412337_000049
1680412337,1680412337_000751,4,crop,180,0.3822147349937593,0.21125048820461165,1680412337_000567
1680412337,1680412337_000764,4,crop,180,0.24006254644889155,-0.16662767926210892,1680412337_000074
1680412337,1680412337_000776,4,crop,180,0.31389973211303596,-0.06745959355632869,1680412337_000480
1681945334,1681945334_000000,4,crop,180,0.2657139261980259,-0.2728520899489844,1681945334_000283
1681945334,1681945334_000012,4,crop,180,0.3911709718364736,-0.05379967142207557,1681945334_000554
1681945334,1681945334_000025,4,crop,180,0.3927912419057426,0.0027479681315158246,1681945334_000776
1681945334,1681945334_000037,4,crop,180,0.31408054875209906,-0.10080566919280905,1681945334_000172
1681945334,1681945334_000049,4,crop,180,0.3107849764535718,0.02689292834455982,1681945334_000690
1681945334,1681945334_000062,4,crop,180,0.10582475335153563,-0.13598036693243856,1681945334_000751
1681945334,1681945334_000074,4,crop,180,0.46924467542936893,0.24000527289339876,1681945334_000468
1681945334,1681945334_000086,4,crop,180,0.49872121290500043,0.04654126094067788,1681945334_000628
1681945334,1681945334_000099,4,crop,180,0.4766183296811343,0.08975078010028466,1681945334_000702
1681945334,1681945334_000111,4,crop,180,0.3074932603229158,0.08928651586647074,1681945334_000505
1681945334,1681945334_000123,4,crop,180,0.32900647868061017,0.13619392010411668,1681945334_000616
1681945334,1681945334_000135,4,crop,180,0.31692238931200195,-0.10056288292502198,1681945334_000012
1681945334,1681945334_000148,4,crop,180,0.4186791736992655,0.041643087758883035,1681945334_000296
1681945334,1681945334_000160,4,crop,180,0.3073050595480383,0.04578984777260895,1681945334_000394
1681945334,1681945334_000172,4,crop,180,0.3982036758964999,0.06406963197105238,1681945334_000431
1681945334,1681945334_000185,4,crop,180,0.22755919654123702,-0.2455969043412455,1681945334_000579
1681945334,1681945334_000197,4,crop,180,0.1611210500626048,-0.11178480695805727,1681945334_000677
1681945334,1681945334_000209,4,crop,180,0.29295779160170343,4.557612651652961e-05,1681945334_000259
1681945334,1681945334_000222,4,crop,180,0.49914868822641,0.24799741237586645,1681945334_000333
1681945334,1681945334_000234,4,crop,180,0.2825413549653648,-0.0745579588080261,1681945334_000567
1681945334,1681945334_000246,4,crop,180,0.2322277714282188,0.1783435138697921,1681945334_000000
1681945334,1681945334_000259,4,crop,180,0.5136022903577158,0.15180823086157683,1681945334_000086
1681945334,1681945334_000271,4,crop,180,0.5100236652584351,0.17499538058953268,1681945334_000074
1681945334,1681945334_000283,4,crop,180,0.3091765141371681,0.14711039081777463,1681945334_000357
1681945334,1681945334_000296,4,crop,180,0.482613073388662,0.16651135961094768,1681945334_000764
1681945334,1681945334_000308,4,crop,180,0.3512969513661766,0.003454055744420953,1681945334_000727
1681945334,1681945334_000320,4,crop,180,0.420490451381525,0.0676605702592419,1681945334_000456
1681945334,1681945334_000333,4,crop,180,0.29792239273440296,-0.1340252152161414,1681945334_000037
1681945334,1681945334_000345,4,crop,180,0.4137583909433625,0.06223377885146986,1681945334_000234
1681945334,1681945334_000357,4,crop,180,0.09925615146846851,-0.17833812899166668,1681945334_000123
1681945334,1681945334_000370,4,crop,180,0.30679083142546126,-0.09913113466578942,1681945334_000542
1681945334,1681945334_000382,4,crop,180,0.19561062920831448,-0.16072267458016765,1681945334_000271
1681945334,1681945334_000394,4,crop,180,0.5560090300272988,0.1416252770619362,1681945334_000382
1681945334,1681945334_000406,4,crop,180,0.23508434162025002,-0.12531006713934698,1681945334_000345
1681945334,1681945334_000419,4,crop,180,0.30266162608614616,0.06660587135274344,1681945334_000653
1681945334,1681945334_000431,4,crop,180,0.5094256850031278,0.11217734008082197,1681945334_000320
1681945334,1681945334_000443,4,crop,180,0.10016254009202351,-0.22886254953596488,1681945334_000160
1681945334,1681945334_000456,4,crop,180,0.10138589406190919,-0.2526450635870867,1681945334_000739
1681945334,1681945334_000468,4,crop,180,0.5164913617899964,0.16179402917938765,1681945334_000493
1681945334,1681945334_000480,4,crop,180,0.2573927920679785,-0.008600489453113092,1681945334_000209
1681945334,1681945334_000493,4,crop,180,0.39945818595416566,0.09883091430392739,1681945334_000406
1681945334,1681945334_000505,4,crop,180,0.32183578794693046,0.10797958392450874,1681945334_000308
1681945334,1681945334_000517,4,crop,180,0.43136413352430353,0.12371728372593255,1681945334_000419
1681945334,1681945334_000530,4,crop,180,0.09288908138175926,-0.18976040174853306,1681945334_000591
1681945334,1681945334_000542,4,crop,180,0.34000641216664446,0.2846252549356219,1681945334_000665
1681945334,1681945334_000554,4,crop,180,0.05078464627738974,-0.10686665985691408,1681945334_000111
1681945334,1681945334_000567,4,crop,180,0.2256280984969089,-0.11907878456118397,1681945334_000099
1681945334,1681945334_000579,4,crop,180,0.26977847210300177,0.0063195009880408675,1681945334_000530
1681945334,1681945334_000591,4,crop,180,0.3353863504542145,0.04763861008396872,1681945334_000062
1681945334,1681945334_000604,4,crop,180,0.32487968965458563,-0.03881953555398824,1681945334_000049
1681945334,1681945334_000616,4,crop,180,0.3308058630457262,0.03303820204929308,1681945334_000370
1681945334,1681945334_000628,4,crop,180,0.07339525622258859,-0.27953178076644075,1681945334_000197
1681945334,1681945334_000641,4,crop,180,0.606756722252661,0.22055210702981934,1681945334_000517
1681945334,1681945334_000653,4,crop,180,0.3278473883205627,-0.07087859191995706,1681945334_000480
1681945334,1681945334_000665,4,crop,180,0.5236517903564478,0.15290641631255916,1681945334_000025
1681945334,1681945334_000677,4,crop,180,0.3866781789715445,0.0688904303172363,1681945334_000714
1681945334,1681945334_000690,4,crop,180,0.31636674838711215,-0.09083692667884018,1681945334_000641
1681945334,1681945334_000702,4,crop,180,0.1854347481739175,-0.17814383511990753,1681945334_000148
1681945334,1681945334_000714,4,crop,180,0.12754941642651135,-0.15793944866819706,1681945334_000135
1681945334,1681945334_000727,4,crop,180,0.3403437462308023,0.05321261251427711,1681945334_000222
1681945334,1681945334_000739,4,crop,180,0.4677392002782985,0.06482280231727248,1681945334_000185
1681945334,1681945334_000751,4,crop,180,0.12365376354336777,-0.0837755437009448,1681945334_000443
1681945334,1681945334_000764,4,crop,180,0.3671216444036837,-0.00547192886473977,1681945334_000246
1681945334,1681945334_000776,4,crop,180,0.23113308983335204,-0.13991129497648935,1681945334_000604
1682013847,1682013847_000000,4,crop,180,0.1388134278569957,-0.06789537232522207,1682013847_000130
1682013847,1682013847_000002,4,crop,180,0.12591057124026547,-0.18735207558502945,1682013847_000087
1682013847,1682013847_000005,4,crop,180,0.336070393028345,0.056978729759261014,1682013847_000102
1682013847,1682013847_000007,4,crop,180,0.42777868517167655,0.06682841251849421,1682013847_000042
1682013847,1682013847_000010,4,crop,180,0.2374220620984935,-0.22533934741034412,1682013847_000065
1682013847,1682013847_000012,4,crop,180,0.10713085458464887,-0.16579634751551714,1682013847_000060
1682013847,1682013847_000015,4,crop,180,0.4356069595272379,0.16606648350162773,1682013847_000100
1682013847,1682013847_000017,4,crop,180,0.3254270216257603,-0.016527581932086113,1682013847_000050
1682013847,1682013847_000020,4,crop,180,0.2592239148254032,0.025850671348579848,1682013847_000082
1682013847,1682013847_000022,4,crop,180,0.2150254209560746,-0.07360075746653402,1682013847_000000
1682013847,1682013847_000025,4,crop,180,0.4944453368286141,0.0543644550690929,1682013847_000157
1682013847,1682013847_000027,4,crop,180,0.3684750414032112,0.18166965530868864,1682013847_000122
1682013847,1682013847_000030,4,crop,180,0.2392336095271346,-0.2790252697607123,1682013847_000135
1682013847,1682013847_000032,4,crop,180,0.2841448904809464,0.060134160197638196,1682013847_000022
1682013847,1682013847_000035,4,crop,180,0.507338035934728,0.003754299764929072,1682013847_000137
1682013847,1682013847_000037,4,crop,180,0.43220950397701,0.2941529503656468,1682013847_000092
1682013847,1682013847_000040,4,crop,180,0.39054771254191145,-0.08685774483125504,1682013847_000025
1682013847,1682013847_000042,4,crop,180,0.3368420197299369,0.1340753108654139,1682013847_000062
1682013847,1682013847_000045,4,crop,180,0.4581491570472443,0.1781817306897736,1682013847_000155
1682013847,1682013847_000047,4,crop,180,0.1863066159451635,-0.07149156416661483,1682013847_000120
1682013847,1682013847_000050,4,crop,180,0.40485775440303073,-0.05608099129365346,1682013847_000070
1682013847,1682013847_000052,4,crop,180,0.364033181003931,0.10707380677384903,1682013847_000012
1682013847,1682013847_000055,4,crop,180,0.45166296239882214,0.03829340858149135,1682013847_000012
1682013847,1682013847_000057,4,crop,180,0.20092061089904364,-0.15780701665651395,1682013847_000045
1682013847,1682013847_000060,4,crop,180,0.2529367662317783,-0.08547276568124963,1682013847_000037
1682013847,1682013847_000062,4,crop,180,0.4043030000969065,0.012935633753490975,1682013847_000057
1682013847,1682013847_000065,4,crop,180,0.2896060573044971,-0.0949983363657975,1682013847_000090
1682013847,1682013847_000067,4,crop,180,0.23642282175426685,-0.19140708556143485,1682013847_000020
1682013847,1682013847_000070,4,crop,180,0.031897701487734915,-0.227983242028813,1682013847_000077
1682013847,1682013847_000072,4,crop,180,0.23741269962813952,-0.14064046995955595,1682013847_000142
1682013847,1682013847_000075,4,crop,180,0.4049137971991969,0.12421172698432531,1682013847_000147
1682013847,1682013847_000077,4,crop,180,0.11004969543716876,-0.048988168156339974,1682013847_000110
1682013847,1682013847_000080,4,crop,180,0.3431226501595929,0.054421002147215514,1682013847_000150
1682013847,1682013847_000082,4,crop,180,0.4350546733920338,0.024493794807578902,1682013847_000072
1682013847,1682013847_000085,4,crop,180,0.3731352016287537,0.05146215877067178,1682013847_000080
1682013847,1682013847_000087,4,crop,180,0.3160341218303842,-0.023696628647008722,1682013847_000125
1682013847,1682013847_000090,4,crop,180,0.17127762835270746,-0.07916373764996469,1682013847_000140
1682013847,1682013847_000092,4,crop,180,0.18115673246608624,-0.09272995830176751,1682013847_000127
1682013847,1682013847_000095,4,crop,180,0.24227587830730588,-0.09232434478398961,1682013847_000055
1682013847,1682013847_000097,4,crop,180,0.0630033811070331,-0.28564095160585184,1682013847_000047
1682013847,1682013847_000100,4,crop,180,0.20878117126827858,0.05000174510981866,1682013847_000105
1682013847,1682013847_000102,4,crop,180,0.2942841501318179,-0.025737116386831196,1682013847_000035
1682013847,1682013847_000105,4,crop,180,0.3655269580374945,-0.11903471492861921,1682013847_000010
1682013847,1682013847_000107,4,crop,180,-0.003972606425226084,-0.2695331510376368,1682013847_000040
1682013847,1682013847_000110,4,crop,180,0.5065628587557759,0.20418618796233848,1682013847_000015
1682013847,1682013847_000112,4,crop,180,0.3887337503674284,0.09991163168439388,1682013847_000097
1682013847,1682013847_000115,4,crop,180,0.4116042320316371,-0.03561520621986025,1682013847_000067
1682013847,1682013847_000117,4,crop,180,0.18308057096423047,-0.17877689657574478,1682013847_000085
1682013847,1682013847_000120,4,crop,180,0.2757679112678413,0.04390471621369865,1682013847_000145
1682013847,1682013847_000122,4,crop,180,0.3135069492106433,-0.10168312661551053,1682013847_000107
1682013847,1682013847_000125,4,crop,180,0.37290036321105324,-0.0894775869131955,1682013847_000007
1682013847,1682013847_000127,4,crop,180,0.3192480926000916,-0.07803142552573948,1682013847_000115
1682013847,1682013847_000130,4,crop,180,0.17145683312240878,-0.1595904145228383,1682013847_000032
1682013847,1682013847_000132,4,crop,180,0.3842460340771967,0.002760209624452318,1682013847_000075
1682013847,1682013847_000135,4,crop,180,0.2649875827800995,-0.06381153504764676,1682013847_000152
1682013847,1682013847_000137,4,crop,180,0.5375983520278295,0.15565210877693866,1682013847_000112
1682013847,1682013847_000140,4,crop,180,0.30705254876960236,0.050495387589177876,1682013847_000027
1682013847,1682013847_000142,4,crop,180,0.47864178896813403,-0.0038818145074325703,1682013847_000030
1682013847,1682013847_000145,4,crop,180,0.33886897263472643,0.04681915445140101,1682013847_000002
1682013847,1682013847_000147,4,crop,180,0.11537158466463422,-0.2139937295175932,1682013847_000095
1682013847,1682013847_000150,4,crop,180,0.29800898860205816,-0.15477006791313835,1682013847_000005
1682013847,1682013847_000152,4,crop,180,0.039750114744800086,-0.07397362268090381,1682013847_000017
1682013847,1682013847_000155,4,crop,180,0.036845742753474874,-0.0015182880236654743,1682013847_000132
1682013847,1682013847_000157,4,crop,180,0.3882065960449035,0.19741420608916785,1682013847_000117
1682014432,1682014432_000000,4,crop,180,0.40711336409092214,0.058539146478813836,1682014432_000027
1682014432,1682014432_000001,4,crop,180,0.294001050701911,-0.00688142680471369,1682014432_000011
1682014432,1682014432_000002,4,crop,180,0.22535306533064625,-0.07796506645699976,1682014432_000067
1682014432,1682014432_000003,4,crop,180,0.4547433789766248,0.1756261056696572,1682014432_000110
1682014432,1682014432_000004,4,crop,180,-0.038446977498529024,-0.14275541743062953,1682014432_000087
1682014432,1682014432_000005,4,crop,180,0.39756185746690936,-0.0931343875823002,1682014432_000018
1682014432,1682014432_000006,4,crop,180,0.42294342301158877,0.14412909172152047,1682014432_000007
1682014432,1682014432_000007,4,crop,180,0.50095728590969,0.1603150852762785,1682014432_000062
1682014432,1682014432_000008,4,crop,180,0.5371559432453411,0.26638429453914003,1682014432_000109
1682014432,1682014432_000009,4,crop,180,0.25986758126437315,-0.15691928807283576,1682014432_000023
1682014432,1682014432_000010,4,crop,180,0.4003359186029842,0.1194324515028954,1682014432_000100
1682014432,1682014432_000011,4,crop,180,0.19637981439911034,-0.028885069749608878,1682014432_000084
1682014432,1682014432_000012,4,crop,180,0.336265650491254,0.09032220886021121,1682014432_000093
1682014432,1682014432_000013,4,crop,180,0.3093951013603545,-0.07863089382308798,1682014432_000111
1682014432,1682014432_000014,4,crop,180,0.31740266498931535,0.0421390486526971,1682014432_000104
1682014432,1682014432_000015,4,crop,180,0.23675002297444106,-0.09750699307430795,1682014432_000080
1682014432,1682014432_000016,4,crop,180,0.20618539043664882,-0.10525748054950834,1682014432_000014
1682014432,1682014432_000017,4,crop,180,0.48558472094399935,0.20231195603595875,1682014432_000044
1682014432,1682014432_000018,4,crop,180,0.5261933702902062,0.2638912888233352,1682014432_000034
1682014432,1682014432_000019,4,crop,180,0.13793868818096836,-0.1643008952220171,1682014432_000102
1682014432,1682014432_000020,4,crop,180,0.37422356327455253,0.03120000655427792,1682014432_000052
1682014432,1682014432_000021,4,crop,180,0.23527100196065556,-0.03978161869077574,1682014432_000015
1682014432,1682014432_000022,4,crop,180,0.5382754990940956,0.10676477331205608,1682014432_000077
1682014432,1682014432_000023,4,crop,180,0.39799116214711044,0.0649187974007268,1682014432_000043
1682014432,1682014432_000024,4,crop,180,0.2285573020907834,-0.12413559235911072,1682014432_000022
1682014432,1682014432_000025,4,crop,180,0.4767210374596537,0.19365230443537998,1682014432_000089
1682014432,1682014432_000026,4,crop,180,0.3946091707111045,0.05259058624151358,1682014432_000009
1682014432,1682014432_000027,4,crop,180,0.46760811322318513,0.16177348294406488,1682014432_000032
1682014432,1682014432_000028,4,crop,180,0.24150599540102646,-0.018691716379858375,1682014432_000060
1682014432,1682014432_000029,4,crop,180,0.33569023693681316,0.028928793795849672,1682014432_000050
1682014432,1682014432_000030,4,crop,180,0.2426375058950442,-0.05851591834521707,1682014432_000055
1682014432,1682014432_000031,4,crop,180,0.4559942293552024,0.195547683777737,1682014432_000046
1682014432,1682014432_000032,4,crop,180,0.5493918593493142,0.26853564492105675,1682014432_000006
1682014432,1682014432_000033,4,crop,180,0.3797561003122603,0.09853381372982783,1682014432_000098
1682014432,1682014432_000034,4,crop,180,0.5713151559853783,0.10618180190323749,1682014432_000092
1682014432,1682014432_000035,4,crop,180,0.10840435971129758,-0.09916492387175313,1682014432_000037
1682014432,1682014432_000036,4,crop,180,0.44329894514031626,0.12213550309488634,1682014432_000013
1682014432,1682014432_000037,4,crop,180,0.384544459546718,0.06247228659390422,1682014432_000041
1682014432,1682014432_000038,4,crop,180,0.31212963094339147,0.03583944663281526,1682014432_000070
1682014432,1682014432_000039,4,crop,180,0.26483845926780697,-0.08277717364540872,1682014432_000047
1682014432,1682014432_000040,4,crop,180,0.4052018180690204,0.07705439417680865,1682014432_000025
1682014432,1682014432_000041,4,crop,180,0.25858941501434235,-0.021458282010693056,1682014432_000054
1682014432,1682014432_000042,4,crop,180,0.448557729680853,0.07299793371815584,1682014432_000065
1682014432,1682014432_000043,4,crop,180,0.4732909452962244,0.19091611127790165,1682014432_000068
1682014432,1682014432_000044,4,crop,180,0.344588253137679,-0.028598199885976838,1682014432_000040
1682014432,1682014432_000045,4,crop,180,0.29325970080370106,0.18401755348225612,1682014432_000066
1682014432,1682014432_000046,4,crop,180,0.32337848766816585,-0.003863753926998517,1682014432_000012
1682014432,1682014432_000047,4,crop,180,0.3454268453994324,0.09337289500659658,1682014432_000026
1682014432,1682014432_000048,4,crop,180,0.2992078165019809,0.018999084718755405,1682014432_000003
1682014432,1682014432_000049,4,crop,180,0.18789839259155497,-0.3175179937754779,1682014432_000029
1682014432,1682014432_000050,4,crop,180,0.2863414387705107,-0.09513861502987829,1682014432_000112
1682014432,1682014432_000051,4,crop,180,0.14183245521407697,-0.23805564198552168,1682014432_000063
1682014432,1682014432_000052,4,crop,180,0.23230988479116318,-0.058739245614740365,1682014432_000059
1682014432,1682014432_000053,4,crop,180,0.358759553408513,0.05177404255349912,1682014432_000002
1682014432,1682014432_000054,4,crop,180,0.2379749886786314,0.031820488487294074,1682014432_000082
1682014432,1682014432_000055,4,crop,180,0.21722161866803988,-0.08078155057041224,1682014432_000074
1682014432,1682014432_000056,4,crop,180,0.5361263311508675,0.1648763092826315,1682014432_000038
1682014432,1682014432_000057,4,crop,180,0.3832054760677595,-0.14786365632513973,1682014432_000101
1682014432,1682014432_000058,4,crop,180,0.37419659793797005,0.1590919590875161,1682014432_000108
1682014432,1682014432_000059,4,crop,180,0.3498791284015114,0.021225015940520887,1682014432_000031
1682014432,1682014432_000060,4,crop,180,0.07093072546142438,-0.05239920921700092,1682014432_000056
1682014432,1682014432_000061,4,crop,180,0.20648897605616723,-0.11080041420194804,1682014432_000064
1682014432,1682014432_000062,4,crop,180,0.05788335313535196,-0.21422570852988043,1682014432_000090
1682014432,1682014432_000063,4,crop,180,0.5033152003567986,0.12454116961560442,1682014432_000095
1682014432,1682014432_000064,4,crop,180,0.3960257472994395,0.07000082136231475,1682014432_000033
1682014432,1682014432_000065,4,crop,180,0.26091629685197854,-0.1403251852818244,1682014432_000008
1682014432,1682014432_000066,4,crop,180,0.3049473187157146,0.08230140743209621,1682014432_000091
1682014432,1682014432_000067,4,crop,180,0.32585632693265265,0.048745490309963065,1682014432_000021
1682014432,1682014432_000068,4,crop,180,0.3776548017397909,-0.10566876206711438,1682014432_000103
1682014432,1682014432_000069,4,crop,180,0.4073199958069716,0.08372897356292429,1682014432_000073
1682014432,1682014432_000070,4,crop,180,0.4040347549202135,0.0696162518430446,1682014432_000051
1682014432,1682014432_000071,4,crop,180,0.3560253545222556,0.1194770045102344,1682014432_000004
1682014432,1682014432_000072,4,crop,180,0.1516877412089801,-0.17002446046420364,1682014432_000085
1682014432,1682014432_000073,4,crop,180,0.3114161961043043,0.09864271447708244,1682014432_000072
1682014432,1682014432_000074,4,crop,180,0.1483770328732403,-0.3285477610599668,1682014432_000048
1682014432,1682014432_000075,4,crop,180,0.42741766995768754,-0.02732879615230586,1682014432_000057
1682014432,1682014432_000076,4,crop,180,0.13947632230822762,-0.28401206810256496,1682014432_000028
1682014432,1682014432_000077,4,crop,180,0.0181052178246448,-0.2809858178144172,1682014432_000099
1682014432,1682014432_000078,4,crop,180,0.2522820542961329,-0.2041064590915678,1682014432_000020
1682014432,1682014432_000079,4,crop,180,0.42356561170907625,0.12222591982237663,1682014432_000105
1682014432,1682014432_000080,4,crop,180,0.3547712990847274,-0.061061150587365366,1682014432_000024
1682014432,1682014432_000081,4,crop,180,0.14696655664785271,-0.08897350436431657,1682014432_000076
1682014432,1682014432_000082,4,crop,180,0.28486178037235355,-0.07343049283624668,1682014432_000000
1682014432,1682014432_000083,4,crop,180,0.1302327580456584,-0.07621927973365546,1682014432_000106
1682014432,1682014432_000084,4,crop,180,0.6664991625944637,0.3697286293788113,1682014432_000083
1682014432,1682014432_000085,4,crop,180,0.34806978340206074,0.13835846014471456,1682014432_000053
1682014432,1682014432_000086,4,crop,180,0.4350143881721815,0.10008069484405047,1682014432_000049
1682014432,1682014432_000087,4,crop,180,0.3974051372093899,0.01252206204739432,1682014432_000039
1682014432,1682014432_000088,4,crop,180,0.347485961803153,0.10907520652189977,1682014432_000016
1682014432,1682014432_000089,4,crop,180,0.31325315250889624,-0.04277655712900255,1682014432_000079
1682014432,1682014432_000090,4,crop,180,0.31797053819399884,0.0011830785329754827,1682014432_000081
1682014432,1682014432_000091,4,crop,180,0.35402217207329884,0.08735727243946047,1682014432_000075
1682014432,1682014432_000092,4,crop,180,0.28115381037045556,-0.10603544600150938,1682014432_000096
1682014432,1682014432_000093,4,crop,180,0.4486663344267141,-0.03784309084963921,1682014432_000086
1682014432,1682014432_000094,4,crop,180,0.2655589687646881,0.059940508723420965,1682014432_000036
1682014432,1682014432_000095,4,crop,180,0.32508173045244,0.1448559579674043,1682014432_000078
1682014432,1682014432_000096,4,crop,180,0.044946564957232704,-0.11643844331905358,1682014432_000045
1682014432,1682014432_000097,4,crop,180,0.37511391581116243,-0.04422173826129383,1682014432_000061
1682014432,1682014432_000098,4,crop,180,0.3722620507831838,0.13429099520470644,1682014432_000097
1682014432,1682014432_000099,4,crop,180,0.2767339728138038,-0.12355409055901911,1682014432_000030
1682014432,1682014432_000100,4,crop,180,0.35790696543215694,0.12040154575439954,1682014432_000017
1682014432,1682014432_000101,4,crop,180,0.563196179419799,0.3023315875105456,1682014432_000035
1682014432,1682014432_000102,4,crop,180,0.4498706446796496,0.13093071259171415,1682014432_000069
1682014432,1682014432_000103,4,crop,180,0.42928423763948853,0.23246903388534798,1682014432_000005
1682014432,1682014432_000104,4,crop,180,0.3948440888069283,0.2137291634544195,1682014432_000107
1682014432,1682014432_000105,4,crop,180,0.34791445437042995,-0.09379290528265978,1682014432_000042
1682014432,1682014432_000106,4,crop,180,0.4951081950691128,0.1399460714311586,1682014432_000010
1682014432,1682014432_000107,4,crop,180,0.3230667032978783,0.23391768673621238,1682014432_000094
1682014432,1682014432_000108,4,crop,180,0.23388799969063134,0.014565919982720893,1682014432_000058
1682014432,1682014432_000109,4,crop,180,0.1087813120516186,-0.011624715455289153,1682014432_000001
1682014432,1682014432_000110,4,crop,180,0.26129142346536516,0.008387959784473504,1682014432_000088
1682014432,1682014432_000111,4,crop,180,0.27901447706101684,0.10067836761740444,1682014432_000071
1682014432,1682014432_000112,4,crop,180,0.17985060166648506,-0.050725711020673414,1682014432_000019
1682712156,1682712156_000001,4,crop,180,0.47721646938755785,-0.002716333628518789,1682712156_000371
1682712156,1682712156_000013,4,crop,180,0.3553426743801025,0.09663048581218008,1682712156_000346
1682712156,1682712156_000026,4,crop,180,0.3078104067188105,-0.05985598177598677,1682712156_000592
1682712156,1682712156_000038,4,crop,180,0.05835527062860297,-0.2000229417967999,1682712156_000186
1682712156,1682712156_000050,4,crop,180,0.38124166998021863,0.008596980133762486,1682712156_000075
1682712156,1682712156_000063,4,crop,180,0.42061665698550943,0.0819202858121978,1682712156_000531
1682712156,1682712156_000075,4,crop,180,0.21864500313406132,-0.09584197326929571,1682712156_000617
1682712156,1682712156_000087,4,crop,180,0.2972924596907143,0.016284146449461554,1682712156_000173
1682712156,1682712156_000100,4,crop,180,0.32024208669254967,0.07676080671987366,1682712156_000678
1682712156,1682712156_000112,4,crop,180,0.024473792343356445,-0.10628302096067949,1682712156_000198
1682712156,1682712156_000124,4,crop,180,0.5002479376124679,0.2913589673525561,1682712156_000481
1682712156,1682712156_000136,4,crop,180,0.3969111949594648,0.1589811946881987,1682712156_000038
1682712156,1682712156_000149,4,crop,180,0.4827935847472425,0.13375705626071022,1682712156_000247
1682712156,1682712156_000161,4,crop,180,0.30901791571412324,0.03412335016052798,1682712156_000087
1682712156,1682712156_000173,4,crop,180,0.2624157522143495,0.025606597620138158,1682712156_000605
1682712156,1682712156_000186,4,crop,180,0.20791004062403598,-0.02488346558430099,1682712156_000321
1682712156,1682712156_000198,4,crop,180,0.357752890957231,0.03588205652192888,1682712156_000395
1682712156,1682712156_000210,4,crop,180,0.24600159159313995,-0.09595791236200563,1682712156_000149
1682712156,1682712156_000223,4,crop,180,0.2058710967202387,-0.07769362112994571,1682712156_000518
1682712156,1682712156_000235,4,crop,180,0.1752227107115519,-0.2170621965874169,1682712156_000432
1682712156,1682712156_000247,4,crop,180,0.17350945266745285,-0.2181108865037287,1682712156_000642
1682712156,1682712156_000260,4,crop,180,0.3957664433641192,0.18449479314036246,1682712156_000050
1682712156,1682712156_000272,4,crop,180,0.28274363094829175,-0.06997623647056583,1682712156_000063
1682712156,1682712156_000284,4,crop,180,0.48727622309688473,0.26058564623822095,1682712156_000728
1682712156,1682712156_000297,4,crop,180,0.3253483757788925,-0.011239458544333308,1682712156_000309
1682712156,1682712156_000309,4,crop,180,0.34068130486496845,-0.07287221693086433,1682712156_000013
1682712156,1682712156_000321,4,crop,180,0.1570491403127493,-0.11232341859687711,1682712156_000235
1682712156,1682712156_000334,4,crop,180,0.32522165585120855,0.04292571275424429,1682712156_000568
1682712156,1682712156_000346,4,crop,180,0.46471652931432245,0.04361942843431066,1682712156_000124
1682712156,1682712156_000358,4,crop,180,0.25640258526168785,-0.17215114174681947,1682712156_000691
1682712156,1682712156_000371,4,crop,180,0.2922794014834363,-0.007728404798507986,1682712156_000272
1682712156,1682712156_000383,4,crop,180,0.13366619466329024,-0.28516682996233017,1682712156_000654
1682712156,1682712156_000395,4,crop,180,0.2667159146436227,0.04659432799472591,1682712156_000407
1682712156,1682712156_000407,4,crop,180,0.18051843048426267,-0.09438368808542125,1682712156_000260
1682712156,1682712156_000420,4,crop,180,0.3157184265873197,-0.07542152372783924,1682712156_000210
1682712156,1682712156_000432,4,crop,180,0.4528067868894556,0.08960039195060365,1682712156_000112
1682712156,1682712156_000444,4,crop,180,0.1157255281404539,-0.13558481031325953,1682712156_000100
1682712156,1682712156_000457,4,crop,180,0.42911006321411066,0.16337954230278404,1682712156_000001
1682712156,1682712156_000469,4,crop,180,-0.13311305384722957,-0.3993170075936534,1682712156_000223
1682712156,1682712156_000481,4,crop,180,0.4434400116759916,0.039226784535106037,1682712156_000457
1682712156,1682712156_000494,4,crop,180,0.4101992533780732,0.14245171051335898,1682712156_000297
1682712156,1682712156_000506,4,crop,180,0.44993169593877896,0.19965556633072237,1682712156_000161
1682712156,1682712156_000518,4,crop,180,0.4736724238507841,0.18564234786389677,1682712156_000136
1682712156,1682712156_000531,4,crop,180,0.5433699196932444,0.3157382124210004,1682712156_000420
1682712156,1682712156_000543,4,crop,180,0.3165346002331213,0.008112443420351575,1682712156_000752
1682712156,1682712156_000555,4,crop,180,0.015827559349414943,-0.2367138581720519,1682712156_000334
1682712156,1682712156_000568,4,crop,180,0.4217804890415278,0.05811276162986854,1682712156_000777
1682712156,1682712156_000580,4,crop,180,0.22034118634697064,0.0971488684435416,1682712156_000358
1682712156,1682712156_000592,4,crop,180,0.12750669999357883,-0.27964443011944234,1682712156_000629
1682712156,1682712156_000605,4,crop,180,0.048340875688559694,-0.28298916940295854,1682712156_000555
1682712156,1682712156_000617,4,crop,180,0.22911655493521857,-0.10739950066068578,1682712156_000383
1682712156,1682712156_000629,4,crop,180,0.3468905509572758,-0.07144580512982025,1682712156_000506
1682712156,1682712156_000642,4,crop,180,0.07418647127301746,-0.10364693457315716,1682712156_000469
1682712156,1682712156_000654,4,crop,180,0.04765634640071718,-0.2237688849574809,1682712156_000543
1682712156,1682712156_000666,4,crop,180,0.28052222376692443,-0.07861761919310593,1682712156_000580
1682712156,1682712156_000678,4,crop,180,0.35626422497459903,-0.006337955477444378,1682712156_000703
1682712156,1682712156_000691,4,crop,180,0.24131471502078897,-0.2138379598958888,1682712156_000026
1682712156,1682712156_000703,4,crop,180,0.2761272302652324,0.10540088050604113,1682712156_000666
1682712156,1682712156_000715,4,crop,180,0.14481006466792345,-0.2442656361090091,1682712156_000444
1682712156,1682712156_000728,4,crop,180,0.32245574943979544,0.06110531573038233,1682712156_000444
1682712156,1682712156_000740,4,crop,180,0.411473393340374,0.1611718360971784,1682712156_000765
1682712156,1682712156_000752,4,crop,180,0.6406160545213914,0.28291303081398095,1682712156_000284
1682712156,1682712156_000765,4,crop,180,0.5644247808624704,0.338430209507998,1682712156_000740
1682712156,1682712156_000777,4,crop,180,0.19834094414540204,-0.048505343012066625,1682712156_000494
1682718815,1682718815_000001,4,crop,180,0.3744606225883234,0.02152415876596066,1682718815_000069
1682718815,1682718815_000005,4,crop,180,0.39111213083832763,-0.1916701905123106,1682718815_000141
1682718815,1682718815_000009,4,crop,180,0.404034296525543,0.19512907109322564,1682718815_000609
1682718815,1682718815_000013,4,crop,180,0.5076624279992015,0.15788586808376978,1682718815_000589
1682718815,1682718815_000017,4,crop,180,0.443062047343044,0.07406605458168426,1682718815_000013
1682718815,1682718815_000021,4,crop,180,0.1064467312927503,-0.2600207035535393,1682718815_000321
1682718815,1682718815_000025,4,crop,180,0.3156180664536834,-0.007422787786542919,1682718815_000397
1682718815,1682718815_000029,4,crop,180,-0.19823006139806867,-0.29527615130560403,1682718815_000513
1682718815,1682718815_000033,4,crop,180,0.5412864937895893,0.20233350383266632,1682718815_000765
1682718815,1682718815_000037,4,crop,180,0.5128308718046292,0.16230678406935084,1682718815_000133
1682718815,1682718815_000041,4,crop,180,0.14031377795444153,-0.13999192572581112,1682718815_000417
1682718815,1682718815_000045,4,crop,180,0.3217323295359845,0.05277768988087633,1682718815_000177
1682718815,1682718815_000049,4,crop,180,0.3387994897832221,-0.07778052089968202,1682718815_000025
1682718815,1682718815_000053,4,crop,180,0.3399187997437778,0.07925679061607195,1682718815_000581
1682718815,1682718815_000057,4,crop,180,0.3003690731717661,-0.19336903321526858,1682718815_000049
1682718815,1682718815_000061,4,crop,180,0.4667698410142383,0.06762228420073316,1682718815_000633
1682718815,1682718815_000065,4,crop,180,0.31336814952559244,-0.18913073739660682,1682718815_000661
1682718815,1682718815_000069,4,crop,180,0.3822429530627362,0.04569927332434525,1682718815_000317
1682718815,1682718815_000073,4,crop,180,0.13546492927077872,-0.22906817789116965,1682718815_000245
1682718815,1682718815_000077,4,crop,180,0.20037403275437615,-0.10857326687256447,1682718815_000281
1682718815,1682718815_000081,4,crop,180,0.38047055485139597,-0.005422202841908859,1682718815_000669
1682718815,1682718815_000085,4,crop,180,0.20615924153666895,-0.1826555248640301,1682718815_000689
1682718815,1682718815_000089,4,crop,180,0.39782187128801416,0.2738114529741631,1682718815_000541
1682718815,1682718815_000093,4,crop,180,0.18188714969138794,-0.15966446695697464,1682718815_000333
1682718815,1682718815_000097,4,crop,180,0.0880512807283317,-0.3084542007170165,1682718815_000093
1682718815,1682718815_000101,4,crop,180,0.30633656399661174,0.10551948569839342,1682718815_000429
1682718815,1682718815_000105,4,crop,180,0.14415691711769887,-0.10508434755393532,1682718815_000773
1682718815,1682718815_000109,4,crop,180,0.233865270028816,-0.19837170799376025,1682718815_000237
1682718815,1682718815_000113,4,crop,180,0.42677694961573237,-0.14281448037374175,1682718815_000477
1682718815,1682718815_000117,4,crop,180,0.5673876454611874,0.21078637298792177,1682718815_000665
1682718815,1682718815_000121,4,crop,180,0.502174061638132,0.0368814304420747,1682718815_000185
1682718815,1682718815_000125,4,crop,180,0.26789717218716774,-0.04357111551043108,1682718815_000389
1682718815,1682718815_000129,4,crop,180,0.504751545809451,0.2594375722874423,1682718815_000473
1682718815,1682718815_000133,4,crop,180,0.3904377732803992,-0.10710359641498184,1682718815_000565
1682718815,1682718815_000137,4,crop,180,0.5441058419214241,0.1988509662934319,1682718815_000181
1682718815,1682718815_000141,4,crop,180,0.42816888288105953,0.09341877294078081,1682718815_000713
1682718815,1682718815_000145,4,crop,180,0.35560996153373686,-0.14310442681101596,1682718815_000753
1682718815,1682718815_000149,4,crop,180,0.294880823136318,-0.06105921671989215,1682718815_000545
1682718815,1682718815_000153,4,crop,180,0.13164828388364988,-0.1705203280044636,1682718815_000617
1682718815,1682718815_000157,4,crop,180,0.10498108250094229,-0.266169570111291,1682718815_000409
1682718815,1682718815_000161,4,crop,180,0.13020029635874766,-0.25798621342681666,1682718815_000145
1682718815,1682718815_000165,4,crop,180,-0.08634740421155629,-0.15979069531936996,1682718815_000585
1682718815,1682718815_000169,4,crop,180,0.15511744466290225,-0.22408895532039355,1682718815_000285
1682718815,1682718815_000173,4,crop,180,0.31617647771275575,-0.0901001052812137,1682718815_000329
1682718815,1682718815_000177,4,crop,180,0.3662937777914948,0.007049531012511601,1682718815_000001
1682718815,1682718815_000181,4,crop,180,0.17343493099637286,-0.21477288776225048,1682718815_000293
1682718815,1682718815_000185,4,crop,180,0.5671934144553413,0.08439325561190243,1682718815_000301
1682718815,1682718815_000189,4,crop,180,0.4213692958398703,0.06939598168542933,1682718815_000057
1682718815,1682718815_000193,4,crop,180,0.3217998723257905,-0.0518418771538409,1682718815_000445
1682718815,1682718815_000197,4,crop,180,0.4307364234949298,0.09443196417025711,1682718815_000533
1682718815,1682718815_000201,4,crop,180,0.4195386114963821,0.035138988799360914,1682718815_000097
1682718815,1682718815_000205,4,crop,180,0.28486132948842796,0.0359421041090597,1682718815_000521
1682718815,1682718815_000209,4,crop,180,0.2580549136747832,-0.10928284598706095,1682718815_000557
1682718815,1682718815_000213,4,crop,180,0.2700159116535811,-0.11625691460396444,1682718815_000209
1682718815,1682718815_000217,4,crop,180,0.37332994037157646,0.03945843705986916,1682718815_000525
1682718815,1682718815_000221,4,crop,180,0.2725937837243407,-0.09967672754435027,1682718815_000749
1682718815,1682718815_000225,4,crop,180,0.23410347092442704,0.04231493299829029,1682718815_000137
1682718815,1682718815_000229,4,crop,180,0.44368382386091215,0.12275190266011642,1682718815_000553
1682718815,1682718815_000233,4,crop,180,0.11238570940977743,-0.21351396372280299,1682718815_000769
1682718815,1682718815_000237,4,crop,180,0.2621070584524957,-0.16128258684023364,1682718815_000373
1682718815,1682718815_000241,4,crop,180,0.21370108979239166,0.006520684328419697,1682718815_000465
1682718815,1682718815_000245,4,crop,180,0.5295109999762885,0.16704660088993753,1682718815_000109
1682718815,1682718815_000249,4,crop,180,0.40234454570911665,0.2107493849699965,1682718815_000413
1682718815,1682718815_000253,4,crop,180,-0.06772541144737615,-0.48443332197383865,1682718815_000729
1682718815,1682718815_000257,4,crop,180,0.35098565408912624,-0.12346140757156782,1682718815_000045
1682718815,1682718815_000261,4,crop,180,0.36842844800122165,0.25522551433704876,1682718815_000613
1682718815,1682718815_000265,4,crop,180,0.23412101072543132,-0.061750319471921396,1682718815_000273
1682718815,1682718815_000269,4,crop,180,0.37664963194710643,-0.019522088201754068,1682718815_000353
1682718815,1682718815_000273,4,crop,180,0.33176671552280457,0.2100818013937382,1682718815_000257
1682718815,1682718815_000277,4,crop,180,0.10122539813221891,-0.42122587283078783,1682718815_000189
1682718815,1682718815_000281,4,crop,180,0.27630717396188303,-0.06407024133941422,1682718815_000233
1682718815,1682718815_000285,4,crop,180,0.2103574726392493,-0.11649489004303785,1682718815_000357
1682718815,1682718815_000289,4,crop,180,0.46633076999926387,0.27633013746724294,1682718815_000081
1682718815,1682718815_000293,4,crop,180,0.20110040737410584,-0.07220580007729523,1682718815_000601
1682718815,1682718815_000297,4,crop,180,0.2392357469140047,-0.07994241589245117,1682718815_000229
1682718815,1682718815_000301,4,crop,180,0.6944820528402356,0.36965960959442506,1682718815_000693
1682718815,1682718815_000305,4,crop,180,0.4524544184247706,0.2849928017881585,1682718815_000153
1682718815,1682718815_000309,4,crop,180,0.32839012764933645,-0.034851429093958324,1682718815_000733
1682718815,1682718815_000313,4,crop,180,0.4515810652661023,0.2045449618171833,1682718815_000741
1682718815,1682718815_000317,4,crop,180,0.3868264937382147,0.12553743236334713,1682718815_000549
1682718815,1682718815_000321,4,crop,180,0.06543971938371705,-0.24406384842950835,1682718815_000337
1682718815,1682718815_000325,4,crop,180,0.4262715675189906,0.14060748839293585,1682718815_000021
1682718815,1682718815_000329,4,crop,180,0.4329731084932076,0.21135104370686622,1682718815_000453
1682718815,1682718815_000333,4,crop,180,0.4107045897679192,0.1471973352759012,1682718815_000649
1682718815,1682718815_000337,4,crop,180,0.5821622800959654,0.2644648605119606,1682718815_000033
1682718815,1682718815_000341,4,crop,180,0.3215849099885317,0.06685447072375852,1682718815_000241
1682718815,1682718815_000345,4,crop,180,0.4890824862405542,0.0207525857551924,1682718815_000645
1682718815,1682718815_000349,4,crop,180,0.3628101735206822,0.08820635245060922,1682718815_000705
1682718815,1682718815_000353,4,crop,180,0.3190608366484558,0.042821126197330715,1682718815_000193
1682718815,1682718815_000357,4,crop,180,0.38297900455682127,0.13068495712907005,1682718815_000497
1682718815,1682718815_000361,4,crop,180,0.3894360420480057,-0.0018983221275478135,1682718815_000725
1682718815,1682718815_000365,4,crop,180,0.3316859131129582,-0.0530875606811001,1682718815_000129
1682718815,1682718815_000369,4,crop,180,0.5047527345696312,0.20781389542570627,1682718815_000481
1682718815,1682718815_000373,4,crop,180,0.25531730970439864,-0.27654425351309375,1682718815_000269
1682718815,1682718815_000377,4,crop,180,0.4045792512242567,0.0801887941539095,1682718815_000017
1682718815,1682718815_000381,4,crop,180,0.4895301325819355,0.12735272492553015,1682718815_000593
1682718815,1682718815_000385,4,crop,180,0.28591350863720616,-0.0020427631748042665,1682718815_000161
1682718815,1682718815_000389,4,crop,180,0.24889351514753655,-0.06715650310909353,1682718815_000381
1682718815,1682718815_000393,4,crop,180,0.3255187321859398,-0.07021506788001225,1682718815_000361
1682718815,1682718815_000397,4,crop,180,0.10965352923528077,-0.2768161640781436,1682718815_000173
1682718815,1682718815_000401,4,crop,180,0.35696787611870473,-0.13938561481776904,1682718815_000005
1682718815,1682718815_000405,4,crop,180,0.33394102635239786,-0.18203951202407787,1682718815_000113
1682718815,1682718815_000409,4,crop,180,0.27992636994861536,-0.02309665256372198,1682718815_000313
1682718815,1682718815_000413,4,crop,180,0.13926230883207508,-0.194129108912116,1682718815_000505
1682718815,1682718815_000417,4,crop,180,0.43844863210398916,-0.017202942691377954,1682718815_000657
1682718815,1682718815_000421,4,crop,180,0.4498486686168144,0.10840497507576015,1682718815_000721
1682718815,1682718815_000425,4,crop,180,0.21828512609217976,-0.10131069048571763,1682718815_000517
1682718815,1682718815_000429,4,crop,180,0.4105644821070422,0.003870436758024287,1682718815_000621
1682718815,1682718815_000433,4,crop,180,0.25540886514745703,-0.14540163862005942,1682718815_000637
1682718815,1682718815_000437,4,crop,180,0.0851360994218932,-0.28817189517502056,1682718815_000425
1682718815,1682718815_000441,4,crop,180,0.22594719390645687,-0.1140774757729487,1682718815_000165
1682718815,1682718815_000445,4,crop,180,0.24756954409851417,-0.07840779593926955,1682718815_000761
1682718815,1682718815_000449,4,crop,180,0.00894090123305713,-0.35548040977879375,1682718815_000253
1682718815,1682718815_000453,4,crop,180,0.3345463021604371,-0.051040890132706095,1682718815_000605
1682718815,1682718815_000457,4,crop,180,0.4007015550966364,0.09831203073457373,1682718815_000449
1682718815,1682718815_000461,4,crop,180,0.3053269373029602,-0.03735496621332309,1682718815_000217
1682718815,1682718815_000465,4,crop,180,0.24300331997914845,-0.08213044203410985,1682718815_000757
1682718815,1682718815_000469,4,crop,180,0.4887892123713278,0.06050839330403599,1682718815_000325
1682718815,1682718815_000473,4,crop,180,0.3803018193001089,0.11910966535440692,1682718815_000561
1682718815,1682718815_000477,4,crop,180,0.5439962846878327,0.2732925965246138,1682718815_000289
1682718815,1682718815_000481,4,crop,180,0.4984311732432829,0.14386549997252052,1682718815_000073
1682718815,1682718815_000485,4,crop,180,0.4490424032804476,0.029091929339526843,1682718815_000249
1682718815,1682718815_000489,4,crop,180,0.23912010851771381,-0.06462816313082935,1682718815_000305
1682718815,1682718815_000493,4,crop,180,0.43422906943791023,0.21963896284922446,1682718815_000053
1682718815,1682718815_000497,4,crop,180,0.4414750836622421,-0.0163689037516029,1682718815_000077
1682718815,1682718815_000501,4,crop,180,0.1440439118625194,-0.1794132099350634,1682718815_000421
1682718815,1682718815_000505,4,crop,180,0.3595279799407547,0.047693856888657675,1682718815_000277
1682718815,1682718815_000509,4,crop,180,0.3787059310669763,-0.06190464625809539,1682718815_000369
1682718815,1682718815_000513,4,crop,180,0.30104966561742463,0.0058071092448965245,1682718815_000697
1682718815,1682718815_000517,4,crop,180,0.40428864333350867,0.01747571635907434,1682718815_000469
1682718815,1682718815_000521,4,crop,180,0.3433626571271027,-0.006325779463715116,1682718815_000677
1682718815,1682718815_000525,4,crop,180,0.5513114598333225,0.33575442547434714,1682718815_000105
1682718815,1682718815_000529,4,crop,180,0.44311554510361656,-0.02073101535210232,1682718815_000149
1682718815,1682718815_000533,4,crop,180,0.122437737331079,-0.1274724006225532,1682718815_000625
1682718815,1682718815_000537,4,crop,180,0.21015053842113599,-0.09708733044052653,1682718815_000041
1682718815,1682718815_000541,4,crop,180,-0.03727990027738024,-0.36216509017731235,1682718815_000213
1682718815,1682718815_000545,4,crop,180,0.3374067180246491,0.23081482361247418,1682718815_000261
1682718815,1682718815_000549,4,crop,180,0.588505879434302,0.31017029076999,1682718815_000405
1682718815,1682718815_000553,4,crop,180,0.12252560177005727,-0.14983619017352515,1682718815_000737
1682718815,1682718815_000557,4,crop,180,0.09327590871048487,-0.12960796712142267,1682718815_000121
1682718815,1682718815_000561,4,crop,180,0.34377670179322917,-0.07901413230482357,1682718815_000205
1682718815,1682718815_000565,4,crop,180,0.04326004381124229,-0.2648890223412514,1682718815_000461
1682718815,1682718815_000569,4,crop,180,0.30655473410151624,0.13483468663343423,1682718815_000537
1682718815,1682718815_000573,4,crop,180,0.21270142422821103,-0.19741803187813514,1682718815_000029
1682718815,1682718815_000577,4,crop,180,0.37051504323546597,0.0030046514262032226,1682718815_000685
1682718815,1682718815_000581,4,crop,180,0.2049396260019366,-0.1243420120937924,1682718815_000745
1682718815,1682718815_000585,4,crop,180,0.475616001354579,0.26027906551768787,1682718815_000365
1682718815,1682718815_000589,4,crop,180,0.5271528385866794,0.18850618891449047,1682718815_000197
1682718815,1682718815_000593,4,crop,180,0.2768868431090004,-0.18352122348392855,1682718815_000441
1682718815,1682718815_000597,4,crop,180,0.44665722700254334,0.0432764030640773,1682718815_000709
1682718815,1682718815_000601,4,crop,180,0.43116482314206933,0.003549035807927351,1682718815_000629
1682718815,1682718815_000605,4,crop,180,0.4455980850454048,0.1873373167149527,1682718815_000265
1682718815,1682718815_000609,4,crop,180,0.4716314988266676,0.2416753262891005,1682718815_000673
1682718815,1682718815_000613,4,crop,180,0.29322109420596976,-0.09247422983951216,1682718815_000377
1682718815,1682718815_000617,4,crop,180,0.31585317236966887,0.04229230685409433,1682718815_000681
1682718815,1682718815_000621,4,crop,180,0.2977316620525438,0.05418959382300478,1682718815_000433
1682718815,1682718815_000625,4,crop,180,0.3366116560806831,0.012672602417934276,1682718815_000221
1682718815,1682718815_000629,4,crop,180,0.2546780958378579,-0.08625854438355472,1682718815_000597
1682718815,1682718815_000633,4,crop,180,0.4475787400792252,0.12015753765586856,1682718815_000501
1682718815,1682718815_000637,4,crop,180,0.23655923275555524,-0.02486605872497971,1682718815_000457
1682718815,1682718815_000641,4,crop,180,0.4989451066529423,0.2652749723701024,1682718815_000297
1682718815,1682718815_000645,4,crop,180,0.2615113051371143,-0.052718249876328366,1682718815_000529
1682718815,1682718815_000649,4,crop,180,0.15658259638609723,-0.07589941758214729,1682718815_000569
1682718815,1682718815_000653,4,crop,180,0.20313991667098005,-0.1382345893256923,1682718815_000401
1682718815,1682718815_000657,4,crop,180,0.32089384477175953,0.06149452652942511,1682718815_000777
1682718815,1682718815_000661,4,crop,180,0.17081041700799313,-0.2337777525692363,1682718815_000009
1682718815,1682718815_000665,4,crop,180,0.4055207640167353,0.06232885625278975,1682718815_000393
1682718815,1682718815_000669,4,crop,180,0.3861145514760332,0.13425642834312096,1682718815_000061
1682718815,1682718815_000673,4,crop,180,0.3470828016952277,0.09746856632104801,1682718815_000225
1682718815,1682718815_000677,4,crop,180,0.45591006878491475,-0.007223705792838595,1682718815_000201
1682718815,1682718815_000681,4,crop,180,0.5917849322749859,0.27648956681515147,1682718815_000085
1682718815,1682718815_000685,4,crop,180,0.39435095110455665,0.13020333513376947,1682718815_000065
1682718815,1682718815_000689,4,crop,180,0.3183180499316743,0.07299336690895593,1682718815_000089
1682718815,1682718815_000693,4,crop,180,0.2769642807231783,-0.022541729649886915,1682718815_000653
1682718815,1682718815_000697,4,crop,180,0.4815121198222361,0.22179950044218452,1682718815_000385
1682718815,1682718815_000701,4,crop,180,0.3151045723467521,0.1973853849030008,1682718815_000577
1682718815,1682718815_000705,4,crop,180,0.25862998444664703,0.11105310988847061,1682718815_000641
1682718815,1682718815_000709,4,crop,180,0.2843302617225839,-0.051359182067874244,1682718815_000169
1682718815,1682718815_000713,4,crop,180,0.5206724301488751,0.0997615925109336,1682718815_000157
1682718815,1682718815_000717,4,crop,180,0.6057237597124582,0.21796653283455616,1682718815_000701
1682718815,1682718815_000721,4,crop,180,0.4124222390444849,-0.06882015074705318,1682718815_000341
1682718815,1682718815_000725,4,crop,180,0.5571084741435869,0.1634690161354866,1682718815_000309
1682718815,1682718815_000729,4,crop,180,0.2779508049343105,0.11791919369981203,1682718815_000037
1682718815,1682718815_000733,4,crop,180,0.4418194016860886,0.20745174985222625,1682718815_000437
1682718815,1682718815_000737,4,crop,180,0.4284923927372784,-0.0019067674965515535,1682718815_000509
1682718815,1682718815_000741,4,crop,180,0.1209679819187361,-0.2248196216977986,1682718815_000717
1682718815,1682718815_000745,4,crop,180,0.39375499890787763,0.04734321844157565,1682718815_000117
1682718815,1682718815_000749,4,crop,180,0.3587952586735687,-0.1149936287244767,1682718815_000489
1682718815,1682718815_000753,4,crop,180,-0.057454509532969565,-0.4443626460480632,1682718815_000125
1682718815,1682718815_000757,4,crop,180,0.13385657529284534,-0.23231690404236896,1682718815_000349
1682718815,1682718815_000761,4,crop,180,0.23102272186284625,-0.2592119762290194,1682718815_000345
1682718815,1682718815_000765,4,crop,180,0.297203437701749,-0.15700395260018482,1682718815_000485
1682718815,1682718815_000769,4,crop,180,0.25815323662275,-0.010890746567832085,1682718815_000493
1682718815,1682718815_000773,4,crop,180,0.47995506839461505,-0.0878339241505624,1682718815_000573
1682718815,1682718815_000777,4,crop,180,0.19901124691855607,-0.20356401953435296,1682718815_000101
1680410249,1680410249_000000,4,crop_bgr,180,0.06888999594010002,0.12752200054088772,1680410249_000007
1680410249,1680410249_000001,4,crop_bgr,180,-0.23593502458368834,-0.257614804646458,1680410249_000008
1680410249,1680410249_000002,4,crop_bgr,180,-0.00965923557903626,-0.13388291435857672,1680410249_000001
1680410249,1680410249_000003,4,crop_bgr,180,0.024108457784885556,-0.13527481879332223,1680410249_000005
1680410249,1680410249_000004,4,crop_bgr,180,0.15674145505226175,0.1492028529593155,1680410249_000003
1680410249,1680410249_000005,4,crop_bgr,180,-0.11758759152827646,-0.30837581622017113,1680410249_000004
1680410249,1680410249_000006,4,crop_bgr,180,0.369585410075171,0.2638544825018878,1680410249_000002
1680410249,1680410249_000007,4,crop_bgr,180,0.47307001911100593,0.4476937760881205,1680410249_000000
1680410249,1680410249_000008,4,crop_bgr,180,-0.04738575841249167,-0.09831287950196167,1680410249_000009
1680410249,1680410249_000009,4,crop_bgr,180,0.2661603705425782,0.20308202197000866,1680410249_000006
1680410569,1680410569_000000,4,crop_bgr,180,0.17285472493458806,0.09387085289247314,1680410569_000009
1680410569,1680410569_000001,4,crop_bgr,180,0.06939673938457518,-0.01114410917071973,1680410569_000004
1680410569,1680410569_000002,4,crop_bgr,180,-0.07654593687711862,-0.18508312826411674,1680410569_000008
1680410569,1680410569_000003,4,crop_bgr,180,-0.112619316322584,-0.1503649564282798,1680410569_000006
1680410569,1680410569_000004,4,crop_bgr,180,0.1926576203771783,0.024259070097809855,1680410569_000000
1680410569,1680410569_000005,4,crop_bgr,180,0.07882173770817433,0.08052965350791334,1680410569_000001
1680410569,1680410569_000006,4,crop_bgr,180,0.11928906172129543,-0.016324424831096276,1680410569_000007
1680410569,1680410569_000007,4,crop_bgr,180,-0.1742279116700868,-0.15106380912438225,1680410569_000002
1680410569,1680410569_000008,4,crop_bgr,180,0.1823570479262194,0.134206464136179,1680410569_000003
1680410569,1680410569_000009,4,crop_bgr,180,-0.055065501079410085,-0.1929733909472727,1680410569_000005
1680412337,1680412337_000000,4,crop_bgr,180,0.14318224365099638,-0.25218193043735665,1680412337_000320
1680412337,1680412337_000012,4,crop_bgr,180,0.13345462791234844,-0.055395116258725154,1680412337_000443
1680412337,1680412337_000025,4,crop_bgr,180,0.1186911806103476,-0.1820813004043715,1680412337_000148
1680412337,1680412337_000037,4,crop_bgr,180,-0.21464347784563506,-0.09764141694533181,1680412337_000394
1680412337,1680412337_000049,4,crop_bgr,180,0.1708885495764998,-0.037617157383375475,1680412337_000283
1680412337,1680412337_000062,4,crop_bgr,180,0.1891929540131576,0.1107593945834423,1680412337_000579
1680412337,1680412337_000074,4,crop_bgr,180,0.22384354421204325,0.13660022667575908,1680412337_000554
1680412337,1680412337_000086,4,crop_bgr,180,0.12486450257948861,-0.004506459544524999,1680412337_000542
1680412337,1680412337_000099,4,crop_bgr,180,0.03216581246647391,-0.009653296013396373,1680412337_000234
1680412337,1680412337_000111,4,crop_bgr,180,0.21428285041854364,0.003327931995907215,1680412337_000468
1680412337,1680412337_000123,4,crop_bgr,180,-0.10565661477079565,-0.09690288080087524,1680412337_000641
1680412337,1680412337_000135,4,crop_bgr,180,0.338442682115445,0.2665462382154807,1680412337_000012
1680412337,1680412337_000148,4,crop_bgr,180,0.2634772238564214,0.13813702170929235,1680412337_000135
1680412337,1680412337_000160,4,crop_bgr,180,-0.004833374652622226,0.12252613411549514,1680412337_000296
1680412337,1680412337_000172,4,crop_bgr,180,-0.08794770883182323,-0.22609690439360408,1680412337_000099
1680412337,1680412337_000185,4,crop_bgr,180,0.2502480465323154,-0.25034561020414764,1680412337_000111
1680412337,1680412337_000197,4,crop_bgr,180,0.15897737033334877,-0.011866519464088213,1680412337_000505
1680412337,1680412337_000209,4,crop_bgr,180,0.24544322942416297,0.21725526285046393,1680412337_000727
1680412337,1680412337_000222,4,crop_bgr,180,0.13644330952439268,0.10739796868198777,1680412337_000517
1680412337,1680412337_000234,4,crop_bgr,180,0.06804488364519684,0.07945812232473941,1680412337_000123
1680412337,1680412337_000246,4,crop_bgr,180,0.0740212995980533,-0.2809453723728186,1680412337_000419
1680412337,1680412337_000259,4,crop_bgr,180,0.3421779881179594,0.2537938057613945,1680412337_000025
1680412337,1680412337_000271,4,crop_bgr,180,-0.0712076793703011,-0.0758601625114812,1680412337_000172
1680412337,1680412337_000283,4,crop_bgr,180,0.32814593498732053,0.09606430332148176,1680412337_000209
1680412337,1680412337_000296,4,crop_bgr,180,0.0077658013311618255,0.04096210959847279,1680412337_000591
1680412337,1680412337_000308,4,crop_bgr,180,0.1817489441140445,0.08509493330803479,1680412337_000456
1680412337,1680412337_000320,4,crop_bgr,180,0.09288840716354396,-0.16200701549192378,1680412337_000628
1680412337,1680412337_000333,4,crop_bgr,180,0.3642052542315961,0.2602295445671207,1680412337_000086
1680412337,1680412337_000345,4,crop_bgr,180,0.27442533574674194,-0.10715009134376781,1680412337_000222
1680412337,1680412337_000357,4,crop_bgr,180,-0.1688012908215165,-0.3152712544559459,1680412337_000653
1680412337,1680412337_000370,4,crop_bgr,180,0.019819857202983033,-0.14506447521674562,1680412337_000653
1680412337,1680412337_000382,4,crop_bgr,180,0.2186090717273553,0.20581808766100962,1680412337_000739
1680412337,1680412337_000394,4,crop_bgr,180,0.22578189095769094,0.14530472967021119,1680412337_000616
1680412337,1680412337_000406,4,crop_bgr,180,0.3414781415774179,0.0785227319414464,1680412337_000185
1680412337,1680412337_000419,4,crop_bgr,180,-0.12488211832875533,-0.0923698655746195,1680412337_000690
1680412337,1680412337_000431,4,crop_bgr,180,-0.0073451180950396084,0.04607516076351733,1680412337_000382
1680412337,1680412337_000443,4,crop_bgr,180,0.22040506487225855,0.12523728461938236,1680412337_000604
1680412337,1680412337_000456,4,crop_bgr,180,0.24268094668758064,0.16250024314789727,1680412337_000308
1680412337,1680412337_000468,4,crop_bgr,180,-0.11932543749448732,-0.3851027600216996,1680412337_000062
1680412337,1680412337_000480,4,crop_bgr,180,-0.28291882972682064,-0.19768195656444434,1680412337_000000
1680412337,1680412337_000493,4,crop_bgr,180,0.05849618772330206,0.022815868412075047,1680412337_000751
1680412337,1680412337_000505,4,crop_bgr,180,0.143851216205532,0.20047278586238249,1680412337_000037
1680412337,1680412337_000517,4,crop_bgr,180,0.02664102690804801,-0.1305907061710193,1680412337_000197
1680412337,1680412337_000530,4,crop_bgr,180,0.12590334885890617,-0.023309768943371972,1680412337_000406
1680412337,1680412337_000542,4,crop_bgr,180,-0.16218411185681,-0.03304905231591718,1680412337_000345
1680412337,1680412337_000554,4,crop_bgr,180,-0.09128173517863929,-0.24760731909348133,1680412337_000677
1680412337,1680412337_000567,4,crop_bgr,180,0.2846280025752134,0.13556793543875387,1680412337_000714
1680412337,1680412337_000579,4,crop_bgr,180,0.03337837363652182,-0.2789715461628582,1680412337_000160
1680412337,1680412337_000591,4,crop_bgr,180,0.04301710323139236,0.1106986822648069,1680412337_000493
1680412337,1680412337_000604,4,crop_bgr,180,0.26647380976745677,0.11624563285322255,1680412337_000776
1680412337,1680412337_000616,4,crop_bgr,180,-0.043216790394742195,0.11383416506700429,1680412337_000246
1680412337,1680412337_000628,4,crop_bgr,180,-0.09799102161297175,-0.2214258483185837,1680412337_000333
1680412337,1680412337_000641,4,crop_bgr,180,-0.16614053306266727,-0.2661764604204325,1680412337_000271
1680412337,1680412337_000653,4,crop_bgr,180,0.1449724565914592,0.04570499060864678,1680412337_000764
1680412337,1680412337_000665,4,crop_bgr,180,0.12914702559154093,-0.05120534897131681,1680412337_000431
1680412337,1680412337_000677,4,crop_bgr,180,0.1065776374078609,0.05113808708114509,1680412337_000370
1680412337,1680412337_000690,4,crop_bgr,180,-0.19145015631600962,-0.14529933673006504,1680412337_000259
1680412337,1680412337_000702,4,crop_bgr,180,-0.08849888270657992,-0.09715017249904463,1680412337_000530
1680412337,1680412337_000714,4,crop_bgr,180,-0.05327462249802384,-0.020056202332076722,1680412337_000665
1680412337,1680412337_000727,4,crop_bgr,180,0.11501429889482317,0.011692002094186263,1680412337_000702
1680412337,1680412337_000739,4,crop_bgr,180,0.0786321704490066,-0.25092323816227596,1680412337_000049
1680412337,1680412337_000751,4,crop_bgr,180,0.19935984776796808,0.17247898330870873,1680412337_000567
1680412337,1680412337_000764,4,crop_bgr,180,0.16028830935117067,-0.102250987036219,1680412337_000074
1680412337,1680412337_000776,4,crop_bgr,180,-0.04721471042861892,-0.037316511016927255,1680412337_000480
1681945334,1681945334_000000,4,crop_bgr,180,-0.04068965382798209,-0.1657161046263674,1681945334_000283
1681945334,1681945334_000012,4,crop_bgr,180,0.19354427549480177,-0.0322410037813415,1681945334_000554
1681945334,1681945334_000025,4,crop_bgr,180,0.11633559350968535,0.002415552578491705,1681945334_000776
1681945334,1681945334_000037,4,crop_bgr,180,0.13993667684054958,-0.005515022027676915,1681945334_000172
1681945334,1681945334_000049,4,crop_bgr,180,0.03459564640649402,0.08762351902546857,1681945334_000690
1681945334,1681945334_000062,4,crop_bgr,180,-0.08462594825636671,-0.18201694479649608,1681945334_000751
1681945334,1681945334_000074,4,crop_bgr,180,0.4107473279565899,0.16098686258141606,1681945334_000468
1681945334,1681945334_000086,4,crop_bgr,180,0.3797917182909871,0.125359610640861,1681945334_000628
1681945334,1681945334_000099,4,crop_bgr,180,0.1648893469701376,0.12404465422053583,1681945334_000702
1681945334,1681945334_000111,4,crop_bgr,180,0.020875693906164672,0.056422486820156804,1681945334_000505
1681945334,1681945334_000123,4,crop_bgr,180,0.12571420011128354,0.07401466330517242,1681945334_000616
1681945334,1681945334_000135,4,crop_bgr,180,0.00800142307886829,-0.10981224383256626,1681945334_000012
1681945334,1681945334_000148,4,crop_bgr,180,0.18690058168135928,0.025445621220957577,1681945334_000296
1681945334,1681945334_000160,4,crop_bgr,180,-0.007993254109551743,0.15092924026605067,1681945334_000394
1681945334,1681945334_000172,4,crop_bgr,180,0.11295871776474582,0.10529517795710323,1681945334_000431
1681945334,1681945334_000185,4,crop_bgr,180,-0.0156456047013049,-0.15402233083917488,1681945334_000579
1681945334,1681945334_000197,4,crop_bgr,180,-0.047938322989489385,-0.20813774364999482,1681945334_000677
1681945334,1681945334_000209,4,crop_bgr,180,0.049375394287125084,-0.13055866283869466,1681945334_000259
1681945334,1681945334_000222,4,crop_bgr,180,0.34073781192957536,0.35436056892440543,1681945334_000333
1681945334,1681945334_000234,4,crop_bgr,180,0.13200950081123,0.013774200833024478,1681945334_000567
1681945334,1681945334_000246,4,crop_bgr,180,0.10929023035169959,0.09807219311703684,1681945334_000000
1681945334,1681945334_000259,4,crop_bgr,180,0.2896952819481496,0.195970223637544,1681945334_000086
1681945334,1681945334_000271,4,crop_bgr,180,0.415148764816778,0.17864476794001996,1681945334_000074
1681945334,1681945334_000283,4,crop_bgr,180,0.173461005137764,0.1319911330925515,1681945334_000357
1681945334,1681945334_000296,4,crop_bgr,180,0.17908538552233924,0.209180682455825,1681945334_000764
1681945334,1681945334_000308,4,crop_bgr,180,0.12071289824818786,-0.1153187179989003,1681945334_000727
1681945334,1681945334_000320,4,crop_bgr,180,0.1636232392449853,0.003106279888945467,1681945334_000456
1681945334,1681945334_000333,4,crop_bgr,180,0.05714107557960705,0.0008155046547440684,1681945334_000037
1681945334,1681945334_000345,4,crop_bgr,180,0.09040301698429944,0.061463036760882085,1681945334_000234
1681945334,1681945334_000357,4,crop_bgr,180,-0.08389152071949467,-0.22788904306178126,1681945334_000123
1681945334,1681945334_000370,4,crop_bgr,180,0.05569642673401818,-0.1060244170651039,1681945334_000542
1681945334,1681945334_000382,4,crop_bgr,180,-0.021233533876816257,-0.17687563832760408,1681945334_000271
1681945334,1681945334_000394,4,crop_bgr,180,0.2260650042107957,0.05565465785915207,1681945334_000382
1681945334,1681945334_000406,4,crop_bgr,180,-0.10264679490979202,-0.21709313550684142,1681945334_000345
1681945334,1681945334_000419,4,crop_bgr,180,0.16813091975958785,0.08864346142864117,1681945334_000653
1681945334,1681945334_000431,4,crop_bgr,180,0.3519411022232739,0.08846916680682955,1681945334_000320
1681945334,1681945334_000443,4,crop_bgr,180,-0.17166888400618982,-0.25409535318266013,1681945334_000160
1681945334,1681945334_000456,4,crop_bgr,180,-0.2701158589766539,-0.3626967449539881,1681945334_000739
1681945334,1681945334_000468,4,crop_bgr,180,0.3798918097598179,0.180100064677281,1681945334_000493
1681945334,1681945334_000480,4,crop_bgr,180,0.13283847742684823,-0.08906668397211552,1681945334_000209
1681945334,1681945334_000493,4,crop_bgr,180,0.16249209716467194,0.1232175187972311,1681945334_000406
1681945334,1681945334_000505,4,crop_bgr,180,0.19075185246289358,0.07285676502778604,1681945334_000308
1681945334,1681945334_000517,4,crop_bgr,180,0.21608585175370978,0.12016351204438581,1681945334_000419
1681945334,1681945334_000530,4,crop_bgr,180,-0.29125297415474843,-0.30238448154232317,1681945334_000591
1681945334,1681945334_000542,4,crop_bgr,180,0.20328658858567583,0.21032386370210723,1681945334_000665
1681945334,1681945334_000554,4,crop_bgr,180,-0.1331738629967873,-0.21488421253576354,1681945334_000111
1681945334,1681945334_000567,4,crop_bgr,180,0.06231554541941751,-0.14280659326567494,1681945334_000099
1681945334,1681945334_000579,4,crop_bgr,180,0.0999642077018672,0.007927698179276707,1681945334_000530
1681945334,1681945334_000591,4,crop_bgr,180,0.08417041928301934,-0.0903218421520144,1681945334_000062
1681945334,1681945334_000604,4,crop_bgr,180,-0.06504597895582707,-0.07005623874969592,1681945334_000049
1681945334,1681945334_000616,4,crop_bgr,180,0.20282497206602004,0.08768459995794364,1681945334_000370
1681945334,1681945334_000628,4,crop_bgr,180,-0.2575362851946172,-0.34473600785713493,1681945334_000197
1681945334,1681945334_000641,4,crop_bgr,180,0.4462756866283857,0.18160492216026156,1681945334_000517
1681945334,1681945334_000653,4,crop_bgr,180,0.12635787611353613,-0.05187640146625246,1681945334_000480
1681945334,1681945334_000665,4,crop_bgr,180,0.15919999431760443,0.17003445706433717,1681945334_000025
1681945334,1681945334_000677,4,crop_bgr,180,0.05115691258288676,0.08606066740617153,1681945334_000714
1681945334,1681945334_000690,4,crop_bgr,180,0.15109706483334043,-0.08365475273084683,1681945334_000641
1681945334,1681945334_000702,4,crop_bgr,180,-0.09279628308931005,-0.1212399190910415,1681945334_000148
1681945334,1681945334_000714,4,crop_bgr,180,-0.20863143826708355,-0.14176856270147398,1681945334_000135
1681945334,1681945334_000727,4,crop_bgr,180,0.1953895424666574,0.1383530180817832,1681945334_000222
1681945334,1681945334_000739,4,crop_bgr,180,0.2238451268784587,0.018469759331529983,1681945334_000185
1681945334,1681945334_000751,4,crop_bgr,180,-0.03104633166116218,-0.139503752296696,1681945334_000443
1681945334,1681945334_000764,4,crop_bgr,180,-0.008597842758663673,-0.057526292079123166,1681945334_000246
1681945334,1681945334_000776,4,crop_bgr,180,0.06719694226249791,-0.12391604313931881,1681945334_000604
1682013847,1682013847_000000,4,crop_bgr,180,-0.005762947872047036,-0.1556436043953827,1682013847_000130
1682013847,1682013847_000002,4,crop_bgr,180,-0.0913757109312467,-0.09889182796050082,1682013847_000087
1682013847,1682013847_000005,4,crop_bgr,180,0.04085704984454075,-0.018895228084478726,1682013847_000102
1682013847,1682013847_000007,4,crop_bgr,180,0.13378392596767155,0.03508673145838894,1682013847_000042
1682013847,1682013847_000010,4,crop_bgr,180,-0.019206585230202966,-0.21579290769782336,1682013847_000065
1682013847,1682013847_000012,4,crop_bgr,180,-0.1161140740988601,-0.07398036287197422,1682013847_000060
1682013847,1682013847_000015,4,crop_bgr,180,0.20564281289103922,0.14220620180850405,1682013847_000100
1682013847,1682013847_000017,4,crop_bgr,180,0.07074554983501148,-0.03108661726404895,1682013847_000050
1682013847,1682013847_000020,4,crop_bgr,180,0.06934264621946658,0.0014435271379911185,1682013847_000082
1682013847,1682013847_000022,4,crop_bgr,180,-0.09549462360499263,-0.16964221375623287,1682013847_000000
1682013847,1682013847_000025,4,crop_bgr,180,0.2548102329989402,0.06887731039921381,1682013847_000157
1682013847,1682013847_000027,4,crop_bgr,180,0.12128499294858702,0.2233279700249234,1682013847_000122
1682013847,1682013847_000030,4,crop_bgr,180,-0.20072235281065362,-0.20398399226139344,1682013847_000135
1682013847,1682013847_000032,4,crop_bgr,180,0.0974338247175665,-0.010108776246026767,1682013847_000022
1682013847,1682013847_000035,4,crop_bgr,180,0.31595371258330535,0.2019392013958492,1682013847_000137
1682013847,1682013847_000037,4,crop_bgr,180,0.3065594994605406,0.19985334173560132,1682013847_000092
1682013847,1682013847_000040,4,crop_bgr,180,0.17816069975470553,-0.02652090929351866,1682013847_000025
1682013847,1682013847_000042,4,crop_bgr,180,0.16994504100614805,0.15446990334646396,1682013847_000062
1682013847,1682013847_000045,4,crop_bgr,180,0.25036978506844837,0.16876056777459503,1682013847_000155
1682013847,1682013847_000047,4,crop_bgr,180,0.014070544500216673,-0.22201006184636662,1682013847_000120
1682013847,1682013847_000050,4,crop_bgr,180,0.193117835093358,-0.08638183258218719,1682013847_000070
1682013847,1682013847_000052,4,crop_bgr,180,0.15579915590129947,-0.08448826530068777,1682013847_000012
1682013847,1682013847_000055,4,crop_bgr,180,0.13521063649707687,0.10274619889882454,1682013847_000012
1682013847,1682013847_000057,4,crop_bgr,180,0.02848301811856302,-0.14919298493576397,1682013847_000045
1682013847,1682013847_000060,4,crop_bgr,180,0.07127512396810587,0.028061264492767617,1682013847_000037
1682013847,1682013847_000062,4,crop_bgr,180,0.14819601547477235,-0.028655681397191334,1682013847_000057
1682013847,1682013847_000065,4,crop_bgr,180,0.04188348819015317,-0.10997311077324212,1682013847_000090
1682013847,1682013847_000067,4,crop_bgr,180,0.035985750264556395,-0.08301926494235819,1682013847_000020
1682013847,1682013847_000070,4,crop_bgr,180,-0.055205402185468655,-0.20782413886019338,1682013847_000077
1682013847,1682013847_000072,4,crop_bgr,180,0.07934695924135891,-0.14037883338844245,1682013847_000142
1682013847,1682013847_000075,4,crop_bgr,180,0.24945754464066158,0.1790109236976034,1682013847_000147
1682013847,1682013847_000077,4,crop_bgr,180,-0.03573660872235954,-0.1388926912705584,1682013847_000110
1682013847,1682013847_000080,4,crop_bgr,180,0.15512011887162,0.1595791107730993,1682013847_000150
1682013847,1682013847_000082,4,crop_bgr,180,0.1268690332158788,0.09609882850394913,1682013847_000072
1682013847,1682013847_000085,4,crop_bgr,180,0.06229325705518494,0.043052437409958205,1682013847_000080
1682013847,1682013847_000087,4,crop_bgr,180,-0.09002260755448781,-0.20741771641096238,1682013847_000125
1682013847,1682013847_000090,4,crop_bgr,180,0.0009601614113471565,-0.033577730920035846,1682013847_000140
1682013847,1682013847_000092,4,crop_bgr,180,-0.0775661666062717,-0.11931698936156081,1682013847_000127
1682013847,1682013847_000095,4,crop_bgr,180,0.10407543836766897,0.06083004489888926,1682013847_000055
1682013847,1682013847_000097,4,crop_bgr,180,-0.10719120517160703,-0.20820789937405973,1682013847_000047
1682013847,1682013847_000100,4,crop_bgr,180,0.01621503502713943,-0.04825297051510017,1682013847_000105
1682013847,1682013847_000102,4,crop_bgr,180,-0.0029911112170349363,-0.10256554896443289,1682013847_000035
1682013847,1682013847_000105,4,crop_bgr,180,0.15177779425614546,-0.14816213765689706,1682013847_000010
1682013847,1682013847_000107,4,crop_bgr,180,-0.40349887815596763,-0.38932594698145456,1682013847_000040
1682013847,1682013847_000110,4,crop_bgr,180,0.3068732043877467,0.23903351010864227,1682013847_000015
1682013847,1682013847_000112,4,crop_bgr,180,0.10939194420261301,0.2706473434103331,1682013847_000097
1682013847,1682013847_000115,4,crop_bgr,180,0.11386867469778188,-0.05291088741514763,1682013847_000067
1682013847,1682013847_000117,4,crop_bgr,180,-0.05171679390843017,0.02930453295315696,1682013847_000085
1682013847,1682013847_000120,4,crop_bgr,180,-0.0217432764569907,-0.06653683976253562,1682013847_000145
1682013847,1682013847_000122,4,crop_bgr,180,0.08733578368686856,-0.00029164672495797056,1682013847_000107
1682013847,1682013847_000125,4,crop_bgr,180,0.0970811189812999,-0.04384915632603675,1682013847_000007
1682013847,1682013847_000127,4,crop_bgr,180,0.08933281682360598,0.018166954798299884,1682013847_000115
1682013847,1682013847_000130,4,crop_bgr,180,-0.11254849790612598,-0.08864628948622714,1682013847_000032
1682013847,1682013847_000132,4,crop_bgr,180,0.10565471736671488,-0.06355302700049702,1682013847_000075
1682013847,1682013847_000135,4,crop_bgr,180,0.0585206030700845,-0.07406686606462139,1682013847_000152
1682013847,1682013847_000137,4,crop_bgr,180,0.2240198998936195,-0.022402030357170814,1682013847_000112
1682013847,1682013847_000140,4,crop_bgr,180,0.10795469066945329,0.09644217420456096,1682013847_000027
1682013847,1682013847_000142,4,crop_bgr,180,0.19842829772809722,-0.023674086586316923,1682013847_000030
1682013847,1682013847_000145,4,crop_bgr,180,0.22041006673070937,0.07722164199586586,1682013847_000002
1682013847,1682013847_000147,4,crop_bgr,180,0.00930289233303753,-0.20835423010513474,1682013847_000095
1682013847,1682013847_000150,4,crop_bgr,180,0.039636912242145994,-0.12416431492021825,1682013847_000005
1682013847,1682013847_000152,4,crop_bgr,180,-0.03144712238714164,-0.12296990511145826,1682013847_000017
1682013847,1682013847_000155,4,crop_bgr,180,-0.08106530155487475,0.018089118680619076,1682013847_000132
1682013847,1682013847_000157,4,crop_bgr,180,0.2925919250544347,0.23978856512622185,1682013847_000117
1682014432,1682014432_000000,4,crop_bgr,180,0.2444366261027193,0.13159651790796664,1682014432_000027
1682014432,1682014432_000001,4,crop_bgr,180,0.06316820809607716,-0.02510269630482227,1682014432_000011
1682014432,1682014432_000002,4,crop_bgr,180,-0.07174383152799772,-0.1111127701415834,1682014432_000067
1682014432,1682014432_000003,4,crop_bgr,180,0.23337763843600234,0.1774003293945191,1682014432_000110
1682014432,1682014432_000004,4,crop_bgr,180,-0.20633660393455136,-0.25252842052578134,1682014432_000087
1682014432,1682014432_000005,4,crop_bgr,180,0.04665035887565521,-0.03487122018872638,1682014432_000018
1682014432,1682014432_000006,4,crop_bgr,180,0.18408007189905187,0.1024089356349675,1682014432_000007
1682014432,1682014432_000007,4,crop_bgr,180,0.269028135875013,0.10593307065845115,1682014432_000062
1682014432,1682014432_000008,4,crop_bgr,180,0.36769471160602446,0.24201274757762561,1682014432_000109
1682014432,1682014432_000009,4,crop_bgr,180,-0.07567391211623427,-0.1469843292796942,1682014432_000023
1682014432,1682014432_000010,4,crop_bgr,180,0.23044922333188259,0.07152679468758259,1682014432_000100
1682014432,1682014432_000011,4,crop_bgr,180,0.023978691471934748,-0.0850349152532018,1682014432_000084
1682014432,1682014432_000012,4,crop_bgr,180,0.19190535506573844,0.06913673614179353,1682014432_000093
1682014432,1682014432_000013,4,crop_bgr,180,0.006834365208469954,-0.08004413520581376,1682014432_000111
1682014432,1682014432_000014,4,crop_bgr,180,0.0050594637682113515,-0.013634074112361635,1682014432_000104
1682014432,1682014432_000015,4,crop_bgr,180,0.08065460655707433,-0.16077272362553466,1682014432_000080
1682014432,1682014432_000016,4,crop_bgr,180,-0.08757756085147274,-0.11290704305141547,1682014432_000014
1682014432,1682014432_000017,4,crop_bgr,180,0.22350354744541412,0.17504783255255849,1682014432_000044
1682014432,1682014432_000018,4,crop_bgr,180,0.45682873065231683,0.2955660492130939,1682014432_000034
1682014432,1682014432_000019,4,crop_bgr,180,-0.06477341885179067,-0.06870182314749536,1682014432_000102
1682014432,1682014432_000020,4,crop_bgr,180,0.14490469942252393,0.01890063441658907,1682014432_000052
1682014432,1682014432_000021,4,crop_bgr,180,0.04632510566513706,-0.04770789059243086,1682014432_000015
1682014432,1682014432_000022,4,crop_bgr,180,0.2601039081738827,0.16279368032515093,1682014432_000077
1682014432,1682014432_000023,4,crop_bgr,180,0.16134134581631124,0.0810245956660252,1682014432_000043
1682014432,1682014432_000024,4,crop_bgr,180,-0.04223868878758058,-0.16273046724011497,1682014432_000022
1682014432,1682014432_000025,4,crop_bgr,180,0.2684566599013573,0.2577611232259201,1682014432_000089
1682014432,1682014432_000026,4,crop_bgr,180,0.19529313319108196,-0.04696655935078,1682014432_000009
1682014432,1682014432_000027,4,crop_bgr,180,0.19841064120803553,0.1972230952484234,1682014432_000032
1682014432,1682014432_000028,4,crop_bgr,180,0.09651438065256661,-0.00046530451251116284,1682014432_000060
1682014432,1682014432_000029,4,crop_bgr,180,0.223921898240261,0.058681596644524686,1682014432_000050
1682014432,1682014432_000030,4,crop_bgr,180,-0.034396174500320786,-0.06198424671531016,1682014432_000055
1682014432,1682014432_000031,4,crop_bgr,180,0.39603286336361543,0.3025294184850728,1682014432_000046
1682014432,1682014432_000032,4,crop_bgr,180,0.23084850938807286,0.2245150226021301,1682014432_000006
1682014432,1682014432_000033,4,crop_bgr,180,0.1773699730311158,0.0645712484957291,1682014432_000098
1682014432,1682014432_000034,4,crop_bgr,180,0.3542985416391646,0.24555018995793754,1682014432_000092
1682014432,1682014432_000035,4,crop_bgr,180,-0.1232382555926426,-0.21018106675746254,1682014432_000037
1682014432,1682014432_000036,4,crop_bgr,180,0.18654262313856387,-0.019023698029383543,1682014432_000013
1682014432,1682014432_000037,4,crop_bgr,180,0.17258916091616813,0.04634538219360332,1682014432_000041
1682014432,1682014432_000038,4,crop_bgr,180,0.06183854773257385,0.015720268265719466,1682014432_000070
1682014432,1682014432_000039,4,crop_bgr,180,0.06107305495318039,-0.11496245529560119,1682014432_000047
1682014432,1682014432_000040,4,crop_bgr,180,0.17701505704219553,0.16282116816245054,1682014432_000025
1682014432,1682014432_000041,4,crop_bgr,180,0.051013818336551574,0.04120998910849492,1682014432_000054
1682014432,1682014432_000042,4,crop_bgr,180,0.1657588185378006,0.08797377734029933,1682014432_000065
1682014432,1682014432_000043,4,crop_bgr,180,0.2581996430095524,0.1963310726483353,1682014432_000068
1682014432,1682014432_000044,4,crop_bgr,180,0.10407212910615393,-0.04904434729918594,1682014432_000040
1682014432,1682014432_000045,4,crop_bgr,180,0.10629718682176242,0.08695055263791152,1682014432_000066
1682014432,1682014432_000046,4,crop_bgr,180,0.09834108604512663,0.037455404790416195,1682014432_000012
1682014432,1682014432_000047,4,crop_bgr,180,0.16821709220604497,0.06437602902098498,1682014432_000026
1682014432,1682014432_000048,4,crop_bgr,180,0.10080969522250201,0.007622424094578066,1682014432_000003
1682014432,1682014432_000049,4,crop_bgr,180,-0.03575290200630286,-0.2610675399255811,1682014432_000029
1682014432,1682014432_000050,4,crop_bgr,180,-0.11423424366543959,-0.11512645520319431,1682014432_000112
1682014432,1682014432_000051,4,crop_bgr,180,0.025298844166833295,-0.20369552504328836,1682014432_000063
1682014432,1682014432_000052,4,crop_bgr,180,0.15548746029909985,-0.13652916432070095,1682014432_000059
1682014432,1682014432_000053,4,crop_bgr,180,0.10007389871759693,0.07364376252078209,1682014432_000002
1682014432,1682014432_000054,4,crop_bgr,180,0.1970294253223702,-0.03415864538906379,1682014432_000082
1682014432,1682014432_000055,4,crop_bgr,180,-0.0807557654109984,-0.050078897792270566,1682014432_000074
1682014432,1682014432_000056,4,crop_bgr,180,0.16436698183382129,0.10723472982040665,1682014432_000038
1682014432,1682014432_000057,4,crop_bgr,180,0.14071581758846358,-0.15061549072289135,1682014432_000101
1682014432,1682014432_000058,4,crop_bgr,180,0.21332976097327572,0.20664903576097138,1682014432_000108
1682014432,1682014432_000059,4,crop_bgr,180,0.12218791266988765,0.028798911701472557,1682014432_000031
1682014432,1682014432_000060,4,crop_bgr,180,-0.07784912040163455,-0.1783101911263222,1682014432_000056
1682014432,1682014432_000061,4,crop_bgr,180,0.06885237624747036,-0.01761321799408309,1682014432_000064
1682014432,1682014432_000062,4,crop_bgr,180,0.004754767953387237,-0.21844347030888556,1682014432_000090
1682014432,1682014432_000063,4,crop_bgr,180,0.222536449814469,0.2206869625071937,1682014432_000095
1682014432,1682014432_000064,4,crop_bgr,180,0.08721689356780989,0.16346496426403226,1682014432_000033
1682014432,1682014432_000065,4,crop_bgr,180,0.10534590822007804,-0.13666199841266782,1682014432_000008
1682014432,1682014432_000066,4,crop_bgr,180,0.17519081926494398,0.081165837937016,1682014432_000091
1682014432,1682014432_000067,4,crop_bgr,180,0.13664141389017986,0.10717326709329823,1682014432_000021
1682014432,1682014432_000068,4,crop_bgr,180,0.020390534195720022,0.061695358197108856,1682014432_000103
1682014432,1682014432_000069,4,crop_bgr,180,0.2202741181968669,0.09175635875206112,1682014432_000073
1682014432,1682014432_000070,4,crop_bgr,180,0.03967410978061018,0.07660398161715577,1682014432_000051
1682014432,1682014432_000071,4,crop_bgr,180,0.20436150302896716,0.14894634090058756,1682014432_000004
1682014432,1682014432_000072,4,crop_bgr,180,0.00696767963784357,-0.1499746103084957,1682014432_000085
1682014432,1682014432_000073,4,crop_bgr,180,0.08455373958408928,-0.007931335725341227,1682014432_000072
1682014432,1682014432_000074,4,crop_bgr,180,-0.16428161943585254,-0.2501836036713172,1682014432_000048
1682014432,1682014432_000075,4,crop_bgr,180,0.22782333756727,0.06773721480879309,1682014432_000057
1682014432,1682014432_000076,4,crop_bgr,180,0.007075235577726986,-0.1890045130071929,1682014432_000028
1682014432,1682014432_000077,4,crop_bgr,180,-0.09604800827112303,-0.28167677772655886,1682014432_000099
1682014432,1682014432_000078,4,crop_bgr,180,0.1093637165051351,-0.2089777482507481,1682014432_000020
1682014432,1682014432_000079,4,crop_bgr,180,0.10086345475063423,0.1263743158605725,1682014432_000105
1682014432,1682014432_000080,4,crop_bgr,180,0.13675833155214137,-0.10501952646936254,1682014432_000024
1682014432,1682014432_000081,4,crop_bgr,180,0.06643058638279091,-0.09102073412608956,1682014432_000076
1682014432,1682014432_000082,4,crop_bgr,180,-0.015879745218370118,-0.03069635338024875,1682014432_000000
1682014432,1682014432_000083,4,crop_bgr,180,-0.15541443823350518,-0.11139530373992924,1682014432_000106
1682014432,1682014432_000084,4,crop_bgr,180,0.49657908705688864,0.2903234118425482,1682014432_000083
1682014432,1682014432_000085,4,crop_bgr,180,0.18073374592767563,0.16439359035723006,1682014432_000053
1682014432,1682014432_000086,4,crop_bgr,180,0.223377154875084,0.022929320125678276,1682014432_000049
1682014432,1682014432_000087,4,crop_bgr,180,0.2051315634286569,0.02076547998711759,1682014432_000039
1682014432,1682014432_000088,4,crop_bgr,180,0.1035250021816818,0.0065516128340175435,1682014432_000016
1682014432,1682014432_000089,4,crop_bgr,180,0.004687957861998451,-0.047180228492836825,1682014432_000079
1682014432,1682014432_000090,4,crop_bgr,180,0.05108591080827252,0.0055263389310184485,1682014432_000081
1682014432,1682014432_000091,4,crop_bgr,180,0.24034912681563017,0.109606261372883,1682014432_000075
1682014432,1682014432_000092,4,crop_bgr,180,-0.01894167729958113,-0.18410404142096248,1682014432_000096
1682014432,1682014432_000093,4,crop_bgr,180,0.014725108734839322,0.08978366935008637,1682014432_000086
1682014432,1682014432_000094,4,crop_bgr,180,0.014600316759233864,-0.04836455652637911,1682014432_000036
1682014432,1682014432_000095,4,crop_bgr,180,0.2124096335691976,0.17952613736151157,1682014432_000078
1682014432,1682014432_000096,4,crop_bgr,180,-0.14138310702816195,-0.10464601932747764,1682014432_000045
1682014432,1682014432_000097,4,crop_bgr,180,0.09700671756280649,-0.06335747085187432,1682014432_000061
1682014432,1682014432_000098,4,crop_bgr,180,0.16286392598767896,-0.03934736076640565,1682014432_000097
1682014432,1682014432_000099,4,crop_bgr,180,0.1854973398480151,-0.046487899122913345,1682014432_000030
1682014432,1682014432_000100,4,crop_bgr,180,0.21938263971983551,0.07896115219146932,1682014432_000017
1682014432,1682014432_000101,4,crop_bgr,180,0.3668076218023189,0.33571354972261164,1682014432_000035
1682014432,1682014432_000102,4,crop_bgr,180,0.2704924005813624,0.08494613741188632,1682014432_000069
1682014432,1682014432_000103,4,crop_bgr,180,0.10640309305160295,0.04526304474399817,1682014432_000005
1682014432,1682014432_000104,4,crop_bgr,180,0.2182430071670934,0.24030424673725329,1682014432_000107
1682014432,1682014432_000105,4,crop_bgr,180,0.04610608153507984,-0.07698856598814804,1682014432_000042
1682014432,1682014432_000106,4,crop_bgr,180,0.35896058202143344,0.2797135708742981,1682014432_000010
1682014432,1682014432_000107,4,crop_bgr,180,0.10281249853182495,0.18095246128235576,1682014432_000094
1682014432,1682014432_000108,4,crop_bgr,180,0.017782839794935185,0.1269266755568662,1682014432_000058
1682014432,1682014432_000109,4,crop_bgr,180,0.045745532248741366,-0.10599007412617067,1682014432_000001
1682014432,1682014432_000110,4,crop_bgr,180,0.13661764234499493,-0.05999115373804582,1682014432_000088
1682014432,1682014432_000111,4,crop_bgr,180,0.19168555814266441,0.1011758212542494,1682014432_000071
1682014432,1682014432_000112,4,crop_bgr,180,0.0921056969860544,0.0010448987604926296,1682014432_000019
1682712156,1682712156_000001,4,crop_bgr,180,0.3260972369490806,0.21080321647616418,1682712156_000371
1682712156,1682712156_000013,4,crop_bgr,180,0.07496140725234746,0.06635736962567591,1682712156_000346
1682712156,1682712156_000026,4,crop_bgr,180,0.16650815127204635,-0.07413171012271405,1682712156_000592
1682712156,1682712156_000038,4,crop_bgr,180,-0.08125142949288285,-0.3088435454832495,1682712156_000186
1682712156,1682712156_000050,4,crop_bgr,180,0.11035935094244809,0.06859002940518154,1682712156_000075
1682712156,1682712156_000063,4,crop_bgr,180,0.26307571486366804,0.07809562784681943,1682712156_000531
1682712156,1682712156_000075,4,crop_bgr,180,0.07381271035722,-0.032783334582719176,1682712156_000617
1682712156,1682712156_000087,4,crop_bgr,180,0.17565451698400789,0.03758156955503238,1682712156_000173
1682712156,1682712156_000100,4,crop_bgr,180,0.0012772642531907463,0.08746604409826471,1682712156_000678
1682712156,1682712156_000112,4,crop_bgr,180,-0.10648569229951449,-0.11777314869805021,1682712156_000198
1682712156,1682712156_000124,4,crop_bgr,180,0.29176579362207683,0.25747790329593906,1682712156_000481
1682712156,1682712156_000136,4,crop_bgr,180,0.30284989792612954,0.13724730771111862,1682712156_000038
1682712156,1682712156_000149,4,crop_bgr,180,0.10524826375327372,0.1732144751815534,1682712156_000247
1682712156,1682712156_000161,4,crop_bgr,180,0.1883966596559142,-0.0031384961981988555,1682712156_000087
1682712156,1682712156_000173,4,crop_bgr,180,0.11715833841148593,0.086154762444194,1682712156_000605
1682712156,1682712156_000186,4,crop_bgr,180,0.07249994772679416,-0.08905323939480554,1682712156_000321
1682712156,1682712156_000198,4,crop_bgr,180,0.18540107687275018,-0.012041907308751673,1682712156_000395
1682712156,1682712156_000210,4,crop_bgr,180,-0.06988122615854349,-0.21813639825792322,1682712156_000149
1682712156,1682712156_000223,4,crop_bgr,180,-0.13616585693903788,-0.14337387732159637,1682712156_000518
1682712156,1682712156_000235,4,crop_bgr,180,-0.019015408320603815,-0.2339296084118392,1682712156_000432
1682712156,1682712156_000247,4,crop_bgr,180,-0.06934551069732468,-0.25373650623817406,1682712156_000642
1682712156,1682712156_000260,4,crop_bgr,180,0.17557393394426637,0.17691562781455625,1682712156_000050
1682712156,1682712156_000272,4,crop_bgr,180,0.13357914818472225,-0.10152382616135981,1682712156_000063
1682712156,1682712156_000284,4,crop_bgr,180,0.41860098884938335,0.2077368972590156,1682712156_000728
1682712156,1682712156_000297,4,crop_bgr,180,0.15248581040343462,-0.034502848102032226,1682712156_000309
1682712156,1682712156_000309,4,crop_bgr,180,-0.04011284859644671,-0.18234016230405778,1682712156_000013
1682712156,1682712156_000321,4,crop_bgr,180,-0.09707967345657277,-0.13635003771246515,1682712156_000235
1682712156,1682712156_000334,4,crop_bgr,180,0.19448529162073128,0.12662186942394138,1682712156_000568
1682712156,1682712156_000346,4,crop_bgr,180,0.17463880211910468,-0.07033186675489718,1682712156_000124
1682712156,1682712156_000358,4,crop_bgr,180,0.0238308114792319,-0.3319750015543483,1682712156_000691
1682712156,1682712156_000371,4,crop_bgr,180,-0.038180795892173214,0.0777390010811939,1682712156_000272
1682712156,1682712156_000383,4,crop_bgr,180,-0.19626395002409838,-0.21363604072325984,1682712156_000654
1682712156,1682712156_000395,4,crop_bgr,180,-0.02862570683959074,-0.04372512011858073,1682712156_000407
1682712156,1682712156_000407,4,crop_bgr,180,0.025661768299116584,-0.10048675690572628,1682712156_000260
1682712156,1682712156_000420,4,crop_bgr,180,-0.176376629332051,-0.04508323344982105,1682712156_000210
1682712156,1682712156_000432,4,crop_bgr,180,0.1607725560113088,0.10453916057255952,1682712156_000112
1682712156,1682712156_000444,4,crop_bgr,180,-0.23941288572725986,-0.26399550379811315,1682712156_000100
1682712156,1682712156_000457,4,crop_bgr,180,0.3109666573598081,0.09713510278673458,1682712156_000001
1682712156,1682712156_000469,4,crop_bgr,180,-0.2628724589840785,-0.37415981758747585,1682712156_000223
1682712156,1682712156_000481,4,crop_bgr,180,0.1761513298891416,0.016289612334635734,1682712156_000457
1682712156,1682712156_000494,4,crop_bgr,180,0.06130827034689601,0.022710056324349536,1682712156_000297
1682712156,1682712156_000506,4,crop_bgr,180,0.2903911590573069,0.1709827621307228,1682712156_000161
1682712156,1682712156_000518,4,crop_bgr,180,0.17603480380696698,0.11185381416236624,1682712156_000136
1682712156,1682712156_000531,4,crop_bgr,180,0.348804939312744,0.15568853006567096,1682712156_000420
1682712156,1682712156_000543,4,crop_bgr,180,-0.052208525937477136,0.03504951363879386,1682712156_000752
1682712156,1682712156_000555,4,crop_bgr,180,-0.1920461224399093,-0.27363134912295467,1682712156_000334
1682712156,1682712156_000568,4,crop_bgr,180,0.27574463892011164,0.17320718198197207,1682712156_000777
1682712156,1682712156_000580,4,crop_bgr,180,-0.13734278414761522,-0.06363562297975732,1682712156_000358
1682712156,1682712156_000592,4,crop_bgr,180,-0.13418583801995596,-0.31131470394002464,1682712156_000629
1682712156,1682712156_000605,4,crop_bgr,180,-0.08701261248395864,-0.21547275016902048,1682712156_000555
1682712156,1682712156_000617,4,crop_bgr,180,0.01956493720176483,0.09009622609877617,1682712156_000383
1682712156,1682712156_000629,4,crop_bgr,180,0.04465377095226127,-0.038241395623250456,1682712156_000506
1682712156,1682712156_000642,4,crop_bgr,180,-0.08241748485547916,-0.14489934563687432,1682712156_000469
1682712156,1682712156_000654,4,crop_bgr,180,-0.061896821097016476,-0.11930037885157546,1682712156_000543
1682712156,1682712156_000666,4,crop_bgr,180,0.16687538218264045,-0.1846877907691986,1682712156_000580
1682712156,1682712156_000678,4,crop_bgr,180,0.030404783298355664,-0.05534997000493002,1682712156_000703
1682712156,1682712156_000691,4,crop_bgr,180,-0.08853815349259908,-0.08337693619822845,1682712156_000026
1682712156,1682712156_000703,4,crop_bgr,180,0.18767367202044496,0.11682179403505029,1682712156_000666
1682712156,1682712156_000715,4,crop_bgr,180,-0.014252386938193468,-0.09595068663545729,1682712156_000444
1682712156,1682712156_000728,4,crop_bgr,180,-0.06906012970513929,-0.0235469240074706,1682712156_000444
1682712156,1682712156_000740,4,crop_bgr,180,0.20917823567346736,0.07430272808513048,1682712156_000765
1682712156,1682712156_000752,4,crop_bgr,180,0.5002401101794439,0.24852159351343817,1682712156_000284
1682712156,1682712156_000765,4,crop_bgr,180,0.4184322899586496,0.23554660384595436,1682712156_000740
1682712156,1682712156_000777,4,crop_bgr,180,-0.07318466379921928,-0.1617741324545324,1682712156_000494
1682718815,1682718815_000001,4,crop_bgr,180,0.17837761455351797,0.05275968744109194,1682718815_000069
1682718815,1682718815_000005,4,crop_bgr,180,0.0029166688941147747,-0.29833912926370115,1682718815_000141
1682718815,1682718815_000009,4,crop_bgr,180,0.21783984184477714,0.23905543047046504,1682718815_000609
1682718815,1682718815_000013,4,crop_bgr,180,0.24790155533869282,0.19700429082361984,1682718815_000589
1682718815,1682718815_000017,4,crop_bgr,180,0.2523879354583741,0.18354861514668805,1682718815_000013
1682718815,1682718815_000021,4,crop_bgr,180,-0.07191823194946262,-0.15668275703991447,1682718815_000321
1682718815,1682718815_000025,4,crop_bgr,180,0.18759374931772363,0.09293997474940018,1682718815_000397
1682718815,1682718815_000029,4,crop_bgr,180,-0.35605646262582963,-0.3552701198386154,1682718815_000513
1682718815,1682718815_000033,4,crop_bgr,180,0.451147800437677,0.18438040272279813,1682718815_000765
1682718815,1682718815_000037,4,crop_bgr,180,0.3241475204385252,0.13504740280176714,1682718815_000133
1682718815,1682718815_000041,4,crop_bgr,180,-0.10856358945465812,-0.026547538788226677,1682718815_000417
1682718815,1682718815_000045,4,crop_bgr,180,0.1788899071859855,0.06102916341739647,1682718815_000177
1682718815,1682718815_000049,4,crop_bgr,180,0.009055554002186161,-0.01171079927760795,1682718815_000025
1682718815,1682718815_000053,4,crop_bgr,180,0.1809654011720022,0.09006396648807986,1682718815_000581
1682718815,1682718815_000057,4,crop_bgr,180,0.09400235658896938,-0.1299764508543678,1682718815_000049
1682718815,1682718815_000061,4,crop_bgr,180,0.15448476889958743,-0.007186610809562464,1682718815_000633
1682718815,1682718815_000065,4,crop_bgr,180,-0.008126759891451943,-0.10634646694418569,1682718815_000661
1682718815,1682718815_000069,4,crop_bgr,180,0.19858852702180374,0.0720493580360251,1682718815_000317
1682718815,1682718815_000073,4,crop_bgr,180,-0.14688465507542947,-0.07009890361700134,1682718815_000245
1682718815,1682718815_000077,4,crop_bgr,180,-0.11761831407254224,-0.2047971359662535,1682718815_000281
1682718815,1682718815_000081,4,crop_bgr,180,0.05785085989240499,-0.06549509631659282,1682718815_000669
1682718815,1682718815_000085,4,crop_bgr,180,-0.1115771941003569,-0.16423003051053855,1682718815_000689
1682718815,1682718815_000089,4,crop_bgr,180,0.2870826952718235,0.2733386811765324,1682718815_000541
1682718815,1682718815_000093,4,crop_bgr,180,-0.011114654605983765,-0.1717391601645489,1682718815_000333
1682718815,1682718815_000097,4,crop_bgr,180,-0.15524965683583322,-0.20809067604998854,1682718815_000093
1682718815,1682718815_000101,4,crop_bgr,180,0.10532519757018133,0.041096595283156255,1682718815_000429
1682718815,1682718815_000105,4,crop_bgr,180,-0.04667537095039237,-0.03121832580789155,1682718815_000773
1682718815,1682718815_000109,4,crop_bgr,180,-0.07145645732589634,-0.06152911360852081,1682718815_000237
1682718815,1682718815_000113,4,crop_bgr,180,0.013803473718611911,-0.09249596222040125,1682718815_000477
1682718815,1682718815_000117,4,crop_bgr,180,0.44510682540817176,0.16353193845569577,1682718815_000665
1682718815,1682718815_000121,4,crop_bgr,180,0.26813702743262596,0.0868939664696619,1682718815_000185
1682718815,1682718815_000125,4,crop_bgr,180,0.02241955191158958,0.017848310708515825,1682718815_000389
1682718815,1682718815_000129,4,crop_bgr,180,0.2439793669196636,0.20893335071310046,1682718815_000473
1682718815,1682718815_000133,4,crop_bgr,180,0.1794873082074597,-0.11716313077244041,1682718815_000565
1682718815,1682718815_000137,4,crop_bgr,180,0.3241831874610361,0.2665814548436924,1682718815_000181
1682718815,1682718815_000141,4,crop_bgr,180,0.20409415722794244,0.11231776775790159,1682718815_000713
1682718815,1682718815_000145,4,crop_bgr,180,0.18296710152746962,-0.20241526858077533,1682718815_000753
1682718815,1682718815_000149,4,crop_bgr,180,0.2198471552410047,-0.09451683779591218,1682718815_000545
1682718815,1682718815_000153,4,crop_bgr,180,0.03514025573734949,-0.126159642690013,1682718815_000617
1682718815,1682718815_000157,4,crop_bgr,180,-0.06842436626783534,-0.23893244426883345,1682718815_000409
1682718815,1682718815_000161,4,crop_bgr,180,-0.16717866925608293,-0.37623349459567895,1682718815_000145
1682718815,1682718815_000165,4,crop_bgr,180,-0.24386678362789746,-0.1725827538600576,1682718815_000585
1682718815,1682718815_000169,4,crop_bgr,180,-0.0635520147411484,-0.26487644101136293,1682718815_000285
1682718815,1682718815_000173,4,crop_bgr,180,0.05188246784918223,-0.08316353681435439,1682718815_000329
1682718815,1682718815_000177,4,crop_bgr,180,-0.01320949454962439,0.050486953487417364,1682718815_000001
1682718815,1682718815_000181,4,crop_bgr,180,0.00976817685530737,-0.20825257328632638,1682718815_000293
1682718815,1682718815_000185,4,crop_bgr,180,0.3153477319004699,0.16609442698160148,1682718815_000301
1682718815,1682718815_000189,4,crop_bgr,180,0.28336147825306734,0.04085284977846423,1682718815_000057
1682718815,1682718815_000193,4,crop_bgr,180,0.14777995923794107,0.04199676567715521,1682718815_000445
1682718815,1682718815_000197,4,crop_bgr,180,0.2478079783375919,0.09935145094129018,1682718815_000533
1682718815,1682718815_000201,4,crop_bgr,180,0.25607633477298863,0.12914098118871775,1682718815_000097
1682718815,1682718815_000205,4,crop_bgr,180,0.12859599293941723,0.10331744098025732,1682718815_000521
1682718815,1682718815_000209,4,crop_bgr,180,-0.033567833405842205,-0.13873466661438047,1682718815_000557
1682718815,1682718815_000213,4,crop_bgr,180,0.08190179362532563,-0.09544789255435203,1682718815_000209
1682718815,1682718815_000217,4,crop_bgr,180,0.3174094200200163,0.04747160909326172,1682718815_000525
1682718815,1682718815_000221,4,crop_bgr,180,0.1067475521159416,-0.09871595663110251,1682718815_000749
1682718815,1682718815_000225,4,crop_bgr,180,0.018104240084739986,-0.027017051451978413,1682718815_000137
1682718815,1682718815_000229,4,crop_bgr,180,0.1927603862069441,0.18483780352910495,1682718815_000553
1682718815,1682718815_000233,4,crop_bgr,180,-0.2636369387032291,-0.2242051545623903,1682718815_000769
1682718815,1682718815_000237,4,crop_bgr,180,-0.0957063227677089,-0.07113785530276578,1682718815_000373
1682718815,1682718815_000241,4,crop_bgr,180,0.03853220007743777,0.020227003817129992,1682718815_000465
1682718815,1682718815_000245,4,crop_bgr,180,0.19484557580206963,0.13244143013574763,1682718815_000109
1682718815,1682718815_000249,4,crop_bgr,180,0.304859192104555,0.18901198229627636,1682718815_000413
1682718815,1682718815_000253,4,crop_bgr,180,-0.23116562474255975,-0.4667877977950843,1682718815_000729
1682718815,1682718815_000257,4,crop_bgr,180,0.178880269811004,-0.1676246592682347,1682718815_000045
1682718815,1682718815_000261,4,crop_bgr,180,0.2096059165956274,0.09363360727039449,1682718815_000613
1682718815,1682718815_000265,4,crop_bgr,180,0.11716739154705329,-0.023679081605543783,1682718815_000273
1682718815,1682718815_000269,4,crop_bgr,180,-0.0045638299656419945,0.019672471094648526,1682718815_000353
1682718815,1682718815_000273,4,crop_bgr,180,0.2549964966204699,0.22815039230974174,1682718815_000257
1682718815,1682718815_000277,4,crop_bgr,180,-0.19207971895644263,-0.2757130511115272,1682718815_000189
1682718815,1682718815_000281,4,crop_bgr,180,-0.043927199033507475,0.09554221323616792,1682718815_000233
1682718815,1682718815_000285,4,crop_bgr,180,0.0055732642009923465,0.018295930738521576,1682718815_000357
1682718815,1682718815_000289,4,crop_bgr,180,0.18198051714641386,0.17131468381403794,1682718815_000081
1682718815,1682718815_000293,4,crop_bgr,180,0.13832590862995864,-0.05567474042851128,1682718815_000601
1682718815,1682718815_000297,4,crop_bgr,180,-0.06365812571817082,0.10695052860673006,1682718815_000229
1682718815,1682718815_000301,4,crop_bgr,180,0.4124841759200297,0.32771248411002113,1682718815_000693
1682718815,1682718815_000305,4,crop_bgr,180,0.21157459624133132,0.29289341189870094,1682718815_000153
1682718815,1682718815_000309,4,crop_bgr,180,0.12317139455116251,-0.03553624087138156,1682718815_000733
1682718815,1682718815_000313,4,crop_bgr,180,0.10802645360237946,0.14115125795991698,1682718815_000741
1682718815,1682718815_000317,4,crop_bgr,180,0.23336244726021468,0.1755238375916447,1682718815_000549
1682718815,1682718815_000321,4,crop_bgr,180,-0.29270162535059013,-0.37432179362592105,1682718815_000337
1682718815,1682718815_000325,4,crop_bgr,180,0.26230630359702284,0.07466089458329504,1682718815_000021
1682718815,1682718815_000329,4,crop_bgr,180,0.32861619868169684,0.3014401291262874,1682718815_000453
1682718815,1682718815_000333,4,crop_bgr,180,0.279135632789776,0.1448457394284969,1682718815_000649
1682718815,1682718815_000337,4,crop_bgr,180,0.3891052721091673,0.22632298381280677,1682718815_000033
1682718815,1682718815_000341,4,crop_bgr,180,0.17410008580285274,0.07931842836996549,1682718815_000241
1682718815,1682718815_000345,4,crop_bgr,180,0.10485533675796495,0.002466575582751674,1682718815_000645
1682718815,1682718815_000349,4,crop_bgr,180,0.15054130620373582,0.010488302875884953,1682718815_000705
1682718815,1682718815_000353,4,crop_bgr,180,-0.02487642483533364,-0.032604093109722364,1682718815_000193
1682718815,1682718815_000357,4,crop_bgr,180,0.13694135890442802,0.049446875043509524,1682718815_000497
1682718815,1682718815_000361,4,crop_bgr,180,0.14474409175148853,0.19781033845543913,1682718815_000725
1682718815,1682718815_000365,4,crop_bgr,180,-0.06753637823689598,-0.025680575069446408,1682718815_000129
1682718815,1682718815_000369,4,crop_bgr,180,0.29600819474505674,0.29056696179489655,1682718815_000481
1682718815,1682718815_000373,4,crop_bgr,180,0.10901701944253188,-0.1466261553904358,1682718815_000269
1682718815,1682718815_000377,4,crop_bgr,180,0.04425119293599239,0.02032973224216204,1682718815_000017
1682718815,1682718815_000381,4,crop_bgr,180,0.18081773884968544,0.12222539536749932,1682718815_000593
1682718815,1682718815_000385,4,crop_bgr,180,0.14351077812266047,-0.1388597042916462,1682718815_000161
1682718815,1682718815_000389,4,crop_bgr,180,0.03617972109006002,-0.07307339021520613,1682718815_000381
1682718815,1682718815_000393,4,crop_bgr,180,0.02438428698349451,0.04323065459806156,1682718815_000361
1682718815,1682718815_000397,4,crop_bgr,180,-0.1015372152796787,-0.3047277530169837,1682718815_000173
1682718815,1682718815_000401,4,crop_bgr,180,0.05083042730027789,0.08881801787686268,1682718815_000005
1682718815,1682718815_000405,4,crop_bgr,180,0.2761986595978115,-0.08482773176414073,1682718815_000113
1682718815,1682718815_000409,4,crop_bgr,180,0.10041554274664906,0.1147397880714877,1682718815_000313
1682718815,1682718815_000413,4,crop_bgr,180,-0.03133223143869176,-0.1729133750149645,1682718815_000505
1682718815,1682718815_000417,4,crop_bgr,180,0.19412814010445087,0.12262995827115204,1682718815_000657
1682718815,1682718815_000421,4,crop_bgr,180,0.2796175666463307,0.151395768907309,1682718815_000721
1682718815,1682718815_000425,4,crop_bgr,180,0.10985086937041116,-0.018435784528421605,1682718815_000517
1682718815,1682718815_000429,4,crop_bgr,180,0.04405724313939067,0.022130064135105054,1682718815_000621
1682718815,1682718815_000433,4,crop_bgr,180,-0.03860764672267131,-0.09530076992211604,1682718815_000637
1682718815,1682718815_000437,4,crop_bgr,180,-0.06104179181102945,-0.29334995190248364,1682718815_000425
1682718815,1682718815_000441,4,crop_bgr,180,-0.015261441556332208,-0.07176125457836376,1682718815_000165
1682718815,1682718815_000445,4,crop_bgr,180,-0.0024927636258272727,0.036361260829980875,1682718815_000761
1682718815,1682718815_000449,4,crop_bgr,180,-0.3037132024335219,-0.3324897901852086,1682718815_000253
1682718815,1682718815_000453,4,crop_bgr,180,0.044745453381479096,-0.0991110148029495,1682718815_000605
1682718815,1682718815_000457,4,crop_bgr,180,0.22454849877629735,0.15046309935161192,1682718815_000449
1682718815,1682718815_000461,4,crop_bgr,180,0.1389419787883058,-0.014521814974819117,1682718815_000217
1682718815,1682718815_000465,4,crop_bgr,180,-0.02629633334235103,-0.156672193062701,1682718815_000757
1682718815,1682718815_000469,4,crop_bgr,180,0.2544875176905547,0.14889400046202825,1682718815_000325
1682718815,1682718815_000473,4,crop_bgr,180,0.10951784169119151,0.0905600006842338,1682718815_000561
1682718815,1682718815_000477,4,crop_bgr,180,0.3691190114697571,0.2609796594129928,1682718815_000289
1682718815,1682718815_000481,4,crop_bgr,180,0.13330055857034692,0.07011388594948634,1682718815_000073
1682718815,1682718815_000485,4,crop_bgr,180,0.17238403073162414,0.03955422629588458,1682718815_000249
1682718815,1682718815_000489,4,crop_bgr,180,0.12794846121498993,0.023471498214206753,1682718815_000305
1682718815,1682718815_000493,4,crop_bgr,180,0.2536871984311763,0.1681604983840047,1682718815_000053
1682718815,1682718815_000497,4,crop_bgr,180,0.15580029559999084,-0.06649736213918776,1682718815_000077
1682718815,1682718815_000501,4,crop_bgr,180,-0.009182354839034254,-0.19630548690018212,1682718815_000421
1682718815,1682718815_000505,4,crop_bgr,180,0.2115545536684688,-0.002273619434749847,1682718815_000277
1682718815,1682718815_000509,4,crop_bgr,180,0.22445693920246115,-0.022894621342128853,1682718815_000369
1682718815,1682718815_000513,4,crop_bgr,180,0.17835343546865987,-0.0479240255453004,1682718815_000697
1682718815,1682718815_000517,4,crop_bgr,180,0.12693133696624562,-0.028409841444273127,1682718815_000469
1682718815,1682718815_000521,4,crop_bgr,180,0.1535471159071539,-0.08131285912896268,1682718815_000677
1682718815,1682718815_000525,4,crop_bgr,180,0.27205832611113334,0.2073565299981126,1682718815_000105
1682718815,1682718815_000529,4,crop_bgr,180,0.15537548939516369,-0.013761001932295886,1682718815_000149
1682718815,1682718815_000533,4,crop_bgr,180,-0.06157222417266345,-0.10439807164144747,1682718815_000625
1682718815,1682718815_000537,4,crop_bgr,180,0.11080357597361186,-0.015773033749483745,1682718815_000041
1682718815,1682718815_000541,4,crop_bgr,180,-0.14545348727348295,-0.36823875386575305,1682718815_000213
1682718815,1682718815_000545,4,crop_bgr,180,0.21188380288515166,0.1294068919993435,1682718815_000261
1682718815,1682718815_000549,4,crop_bgr,180,0.5096893179616508,0.30941050565841577,1682718815_000405
1682718815,1682718815_000553,4,crop_bgr,180,-0.2536050935272672,-0.04584464667046304,1682718815_000737
1682718815,1682718815_000557,4,crop_bgr,180,-0.0644842371444354,-0.25597869974828374,1682718815_000121
1682718815,1682718815_000561,4,crop_bgr,180,0.07044049327048253,-0.0656963706577758,1682718815_000205
1682718815,1682718815_000565,4,crop_bgr,180,-0.1157380789299813,-0.2648814008794603,1682718815_000461
1682718815,1682718815_000569,4,crop_bgr,180,-0.07125758627626637,0.062257709668589456,1682718815_000537
1682718815,1682718815_000573,4,crop_bgr,180,-0.025929145360877665,-0.18800216782150428,1682718815_000029
1682718815,1682718815_000577,4,crop_bgr,180,0.0637235791085673,0.138579446961868,1682718815_000685
1682718815,1682718815_000581,4,crop_bgr,180,0.006428435349781149,-0.13249715519919605,1682718815_000745
1682718815,1682718815_000585,4,crop_bgr,180,0.303323691625678,0.17775829953359545,1682718815_000365
1682718815,1682718815_000589,4,crop_bgr,180,0.35224301441886396,0.2736938857273854,1682718815_000197
1682718815,1682718815_000593,4,crop_bgr,180,0.16576479649015466,-0.10599235273098362,1682718815_000441
1682718815,1682718815_000597,4,crop_bgr,180,0.10047111396856433,-0.006057363384197915,1682718815_000709
1682718815,1682718815_000601,4,crop_bgr,180,0.1439267268367682,0.05541143532247861,1682718815_000629
1682718815,1682718815_000605,4,crop_bgr,180,0.2782243771516471,0.2396895999984566,1682718815_000265
1682718815,1682718815_000609,4,crop_bgr,180,0.32410351911722296,0.25394883430271414,1682718815_000673
1682718815,1682718815_000613,4,crop_bgr,180,-0.08422720528735034,-0.016694900813836882,1682718815_000377
1682718815,1682718815_000617,4,crop_bgr,180,0.19433876599587005,0.0234667730938716,1682718815_000681
1682718815,1682718815_000621,4,crop_bgr,180,0.09969380315635683,-0.01855273094030241,1682718815_000433
1682718815,1682718815_000625,4,crop_bgr,180,0.12916131438190667,0.03865157014899951,1682718815_000221
1682718815,1682718815_000629,4,crop_bgr,180,0.020929550995963855,-0.09200614334917333,1682718815_000597
1682718815,1682718815_000633,4,crop_bgr,180,0.18147155211594623,0.09314390658252941,1682718815_000501
1682718815,1682718815_000637,4,crop_bgr,180,0.027862318779605755,-0.00038827844257094315,1682718815_000457
1682718815,1682718815_000641,4,crop_bgr,180,0.14222819294544747,0.242772018936112,1682718815_000297
1682718815,1682718815_000645,4,crop_bgr,180,0.0475041852311996,-0.1774378716476043,1682718815_000529
1682718815,1682718815_000649,4,crop_bgr,180,0.020606764541044358,-0.15139065049972533,1682718815_000569
1682718815,1682718815_000653,4,crop_bgr,180,0.07373963854047492,-0.028845123710676972,1682718815_000401
1682718815,1682718815_000657,4,crop_bgr,180,0.13633779003810684,-0.040251094371695606,1682718815_000777
1682718815,1682718815_000661,4,crop_bgr,180,-0.2595610575956762,-0.13355749597891334,1682718815_000009
1682718815,1682718815_000665,4,crop_bgr,180,0.34739528955068666,0.019141195878427164,1682718815_000393
1682718815,1682718815_000669,4,crop_bgr,180,0.2414471301686766,0.07301414521163198,1682718815_000061
1682718815,1682718815_000673,4,crop_bgr,180,0.13258004485688743,0.04642363182869675,1682718815_000225
1682718815,1682718815_000677,4,crop_bgr,180,0.26332018976593075,-0.06794255120989197,1682718815_000201
1682718815,1682718815_000681,4,crop_bgr,180,0.4569429124540822,0.34572755661443305,1682718815_000085
1682718815,1682718815_000685,4,crop_bgr,180,0.05415436723226636,0.02171134231762682,1682718815_000065
1682718815,1682718815_000689,4,crop_bgr,180,0.1009963350809732,0.006308792432420283,1682718815_000089
1682718815,1682718815_000693,4,crop_bgr,180,0.1499880145696499,-0.03066380493592071,1682718815_000653
1682718815,1682718815_000697,4,crop_bgr,180,0.32983544009060756,0.2598383583435357,1682718815_000385
1682718815,1682718815_000701,4,crop_bgr,180,0.2219144523414731,0.1824788064934857,1682718815_000577
1682718815,1682718815_000705,4,crop_bgr,180,0.19474808276513025,0.018559446554375414,1682718815_000641
1682718815,1682718815_000709,4,crop_bgr,180,0.09620144125102177,0.022446203122717435,1682718815_000169
1682718815,1682718815_000713,4,crop_bgr,180,0.4424581859050474,0.1811585357335177,1682718815_000157
1682718815,1682718815_000717,4,crop_bgr,180,0.43807462101045846,0.2629592925685372,1682718815_000701
1682718815,1682718815_000721,4,crop_bgr,180,0.0864513965199174,-0.04483088814221128,1682718815_000341
1682718815,1682718815_000725,4,crop_bgr,180,0.1511706420547094,0.18406164575213346,1682718815_000309
1682718815,1682718815_000729,4,crop_bgr,180,0.12586663180035315,0.037019498332677904,1682718815_000037
1682718815,1682718815_000733,4,crop_bgr,180,0.15048076815186714,0.12803257231898477,1682718815_000437
1682718815,1682718815_000737,4,crop_bgr,180,0.20233634309419024,-0.08210611918352013,1682718815_000509
1682718815,1682718815_000741,4,crop_bgr,180,-0.27409788898837867,-0.22486170784146411,1682718815_000717
1682718815,1682718815_000745,4,crop_bgr,180,0.27173466754791537,0.044345863357540004,1682718815_000117
1682718815,1682718815_000749,4,crop_bgr,180,-0.03551775889561567,-0.1864888291828897,1682718815_000489
1682718815,1682718815_000753,4,crop_bgr,180,-0.19071425912036832,-0.3054640879618705,1682718815_000125
1682718815,1682718815_000757,4,crop_bgr,180,0.003293497538140011,-0.20157814998746248,1682718815_000349
1682718815,1682718815_000761,4,crop_bgr,180,-0.052947783943943026,-0.3167032594269526,1682718815_000345
1682718815,1682718815_000765,4,crop_bgr,180,0.0597788137763814,-0.1190898782867525,1682718815_000485
1682718815,1682718815_000769,4,crop_bgr,180,-0.011675922176939404,0.018291848256434554,1682718815_000493
1682718815,1682718815_000773,4,crop_bgr,180,0.24605049570023976,-0.2433469550632993,1682718815_000573
1682718815,1682718815_000777,4,crop_bgr,180,-0.03556593556552712,-0.10003807784582248,1682718815_000101
1680410249,1680410249_000000,8,full,180,0.01926394083957608,-0.06905012260980015,1680410249_000003
1680410249,1680410249_000001,8,full,180,-0.0332959970854772,-0.14350975822711984,1680410249_000006
1680410249,1680410249_000002,8,full,180,0.06207781317076096,0.005000240895062569,1680410249_000006
1680410249,1680410249_000003,8,full,180,0.012157060661374258,-0.031341602451943416,1680410249_000008
1680410249,1680410249_000004,8,full,180,5.5140304963662935e-05,-0.025671714136938823,1680410249_000007
1680410249,1680410249_000005,8,full,180,0.1558288031807859,0.06390678791056816,1680410249_000007
1680410249,1680410249_000006,8,full,180,0.19851928535540253,0.13321009042752796,1680410249_000000
1680410249,1680410249_000007,8,full,180,0.18396331567065852,0.1715756894815094,1680410249_000005
1680410249,1680410249_000008,8,full,180,0.05028131664917617,0.02610413157442898,1680410249_000002
1680410249,1680410249_000009,8,full,180,0.2196605010943312,0.13372371657328588,1680410249_000003
1680410569,1680410569_000000,8,full,180,0.16370443142999183,0.10731615275212168,1680410569_000008
1680410569,1680410569_000001,8,full,180,0.1546418092875831,0.062116419863157114,1680410569_000009
1680410569,1680410569_000002,8,full,180,0.10176424488754253,0.013911001854203853,1680410569_000006
1680410569,1680410569_000003,8,full,180,-0.09077760967732552,-0.14003636584157417,1680410569_000002
1680410569,1680410569_000004,8,full,180,0.08866973001618728,0.034644737828522364,1680410569_000003
1680410569,1680410569_000005,8,full,180,-0.02544012291905863,-0.06330059173115786,1680410569_000004
1680410569,1680410569_000006,8,full,180,0.12685016926345652,0.04195014587577999,1680410569_000004
1680410569,1680410569_000007,8,full,180,-0.049177796481096436,-0.066018775237133,1680410569_000000
1680410569,1680410569_000008,8,full,180,0.0687222532347099,0.023204653621947412,1680410569_000001
1680410569,1680410569_000009,8,full,180,0.05623318792949158,-0.014524448166644393,1680410569_000007
1680412337,1680412337_000000,8,full,180,0.14153442431645816,0.13803404236202557,1680412337_000739
1680412337,1680412337_000012,8,full,180,0.021700728262400246,-0.023882889832459276,1680412337_000123
1680412337,1680412337_000025,8,full,180,-0.001008200510813582,-0.0718462670933946,1680412337_000641
1680412337,1680412337_000037,8,full,180,-0.05643080255348237,-0.13018953955807364,1680412337_000690
1680412337,1680412337_000049,8,full,180,0.09507633717154358,0.04868656488489323,1680412337_000776
1680412337,1680412337_000062,8,full,180,0.02262769380066651,-0.029969259946625065,1680412337_000234
1680412337,1680412337_000074,8,full,180,0.036766631039641076,0.02350564946778223,1680412337_000333
1680412337,1680412337_000086,8,full,180,0.0872700842280944,0.03673230536097584,1680412337_000000
1680412337,1680412337_000099,8,full,180,-0.07866743810215295,-0.1066524392681741,1680412337_000185
1680412337,1680412337_000111,8,full,180,0.24477100238790905,0.08514407367163329,1680412337_000542
1680412337,1680412337_000123,8,full,180,0.023096487845889083,-0.03685526073986587,1680412337_000135
1680412337,1680412337_000135,8,full,180,0.1749712171842425,0.1402913226377005,1680412337_000259
1680412337,1680412337_000148,8,full,180,0.024167030263329475,-0.022131859288583373,1680412337_000074
1680412337,1680412337_000160,8,full,180,0.049432575112187654,0.03943513462557157,1680412337_000431
1680412337,1680412337_000172,8,full,180,0.11531178647087191,0.09043340815297936,1680412337_000394
1680412337,1680412337_000185,8,full,180,0.05448706188512,0.0025784552141240222,1680412337_000468
1680412337,1680412337_000197,8,full,180,-0.01782080612437516,-0.13177551544891508,1680412337_000209
1680412337,1680412337_000209,8,full,180,0.2743760889142017,0.12304589218647168,1680412337_000751
1680412337,1680412337_000222,8,full,180,0.14349507834091,0.07783012006033019,1680412337_000505
1680412337,1680412337_000234,8,full,180,0.023347364392113202,-0.021947604692403856,1680412337_000037
1680412337,1680412337_000246,8,full,180,0.06704085486889692,-0.06022384729575431,1680412337_000111
1680412337,1680412337_000259,8,full,180,0.07866497372514378,0.0037514065919279915,1680412337_000554
1680412337,1680412337_000271,8,full,180,0.015398408390246402,0.012394283479387758,1680412337_000419
1680412337,1680412337_000283,8,full,180,0.12690313492900795,0.03514552057889512,1680412337_000677
1680412337,1680412337_000296,8,full,180,0.01573807050364106,-0.09335589881807986,1680412337_000517
1680412337,1680412337_000308,8,full,180,0.2022410210455842,0.16600451358157073,1680412337_000443
1680412337,1680412337_000320,8,full,180,-0.054233674696677205,-0.15026149080442927,1680412337_000370
1680412337,1680412337_000333,8,full,180,0.2536056505324878,0.12063776000756893,1680412337_000246
1680412337,1680412337_000345,8,full,180,0.07182901425520691,-0.10136738976662933,1680412337_000567
1680412337,1680412337_000357,8,full,180,0.022410523953570325,-0.00993772564139204,1680412337_000320
1680412337,1680412337_000370,8,full,180,-0.07411670462497467,-0.10855039531508487,1680412337_000727
1680412337,1680412337_000382,8,full,180,0.1348339660923266,0.006211252380851431,1680412337_000062
1680412337,1680412337_000394,8,full,180,0.05530099927253105,-0.053197359873269734,1680412337_000172
1680412337,1680412337_000406,8,full,180,0.12471972583065553,-0.07244752325911903,1680412337_000160
1680412337,1680412337_000419,8,full,180,0.0616578024993809,0.09314691751610697,1680412337_000653
1680412337,1680412337_000431,8,full,180,0.09150641227448926,0.01985085326734391,1680412337_000012
1680412337,1680412337_000443,8,full,180,0.0019866672133985624,-0.09345769685539579,1680412337_000197
1680412337,1680412337_000456,8,full,180,0.10717794767497102,-0.0031702108420683015,1680412337_000382
1680412337,1680412337_000468,8,full,180,0.06578772544104775,0.044470344957783785,1680412337_000480
1680412337,1680412337_000480,8,full,180,-0.05161711376686548,-0.14673845515215142,1680412337_000591
1680412337,1680412337_000493,8,full,180,-0.025795458716858805,-0.12592450228875682,1680412337_000049
1680412337,1680412337_000505,8,full,180,0.04373049153259014,0.012702457493843236,1680412337_000493
1680412337,1680412337_000517,8,full,180,0.08588601199993383,-0.005028039002354212,1680412337_000271
1680412337,1680412337_000530,8,full,180,0.09466516046556861,0.018726890208800705,1680412337_000357
1680412337,1680412337_000542,8,full,180,-0.01958168237438585,-0.09370627261123883,1680412337_000604
1680412337,1680412337_000554,8,full,180,0.032074913142556484,-0.054989144288779455,1680412337_000283
1680412337,1680412337_000567,8,full,180,0.03817375669748353,-0.10662292441872652,1680412337_000345
1680412337,1680412337_000579,8,full,180,0.1036165808282075,0.14130169402276382,1680412337_000308
1680412337,1680412337_000591,8,full,180,0.14029975103540201,0.038396251571296856,1680412337_000025
1680412337,1680412337_000604,8,full,180,-0.030220247244420444,0.0013892714761895946,1680412337_000148
1680412337,1680412337_000616,8,full,180,0.0009947891956788787,-0.0016267225636881117,1680412337_000764
1680412337,1680412337_000628,8,full,180,-0.060674297319798724,-0.07359822114665908,1680412337_000406
1680412337,1680412337_000641,8,full,180,-0.0717393862713372,-0.10268813828542811,1680412337_000086
1680412337,1680412337_000653,8,full,180,0.09946398682618451,0.05332713017667536,1680412337_000702
1680412337,1680412337_000665,8,full,180,0.17452043230376113,0.028904167467084848,1680412337_000530
1680412337,1680412337_000677,8,full,180,0.044466376526006046,0.06258056086399617,1680412337_000579
1680412337,1680412337_000690,8,full,180,-0.08026801675688584,-0.10667600964709267,1680412337_000222
1680412337,1680412337_000702,8,full,180,0.08143280314262225,0.015180463026348609,1680412337_000628
1680412337,1680412337_000714,8,full,180,0.08498521028894539,0.059747760192929954,1680412337_000296
1680412337,1680412337_000727,8,full,180,0.05885396801162792,-8.394061207969705e-05,1680412337_000714
1680412337,1680412337_000739,8,full,180,0.038537299402328216,-0.03802457340980813,1680412337_000099
1680412337,1680412337_000751,8,full,180,0.12963311017984347,-0.004055118206341302,1680412337_000665
1680412337,1680412337_000764,8,full,180,0.08712455859475103,0.06845416855418722,1680412337_000616
1680412337,1680412337_000776,8,full,180,0.010089760862354856,-0.07797318990095253,1680412337_000456
1681945334,1681945334_000000,8,full,180,-0.16664697712495424,-0.18832330748204393,1681945334_000480
1681945334,1681945334_000012,8,full,180,-0.06465106460963299,-0.11164332515960183,1681945334_000394
1681945334,1681945334_000025,8,full,180,0.1274326801382495,0.04075221113914704,1681945334_000320
1681945334,1681945334_000037,8,full,180,-0.02889115536750021,-0.07790988943548739,1681945334_000234
1681945334,1681945334_000049,8,full,180,0.04815587312543338,-0.011512488693888845,1681945334_000456
1681945334,1681945334_000062,8,full,180,0.02984851790541987,-0.01611147109487344,1681945334_000148
1681945334,1681945334_000074,8,full,180,0.1691581958274928,0.17162698677113708,1681945334_000443
1681945334,1681945334_000086,8,full,180,0.19795405243272554,0.11203194374701941,1681945334_000406
1681945334,1681945334_000099,8,full,180,0.0870604073729873,0.04069194787071352,1681945334_000517
1681945334,1681945334_000111,8,full,180,0.11095253041654196,0.0026348567052003557,1681945334_000296
1681945334,1681945334_000123,8,full,180,0.14777071737728995,0.08329449123147344,1681945334_000308
1681945334,1681945334_000135,8,full,180,0.045137592511821555,-0.009009650133402991,1681945334_000751
1681945334,1681945334_000148,8,full,180,0.16065539313162014,0.11029418547629329,1681945334_000333
1681945334,1681945334_000160,8,full,180,0.15592077123114098,0.11927547589776218,1681945334_000246
1681945334,1681945334_000172,8,full,180,0.13199061245740182,0.05286997427894921,1681945334_000345
1681945334,1681945334_000185,8,full,180,-0.02238492164864256,-0.1615978499224172,1681945334_000037
1681945334,1681945334_000197,8,full,180,0.09645423697594652,0.0693125231463097,1681945334_000025
1681945334,1681945334_000209,8,full,180,0.04620182656498956,0.011948693192712726,1681945334_000739
1681945334,1681945334_000222,8,full,180,0.19277245243083452,0.07472379611398013,1681945334_000764
1681945334,1681945334_000234,8,full,180,0.0914413098282858,0.066661107189969,1681945334_000209
1681945334,1681945334_000246,8,full,180,-0.06554584995715079,-0.11453084385522007,1681945334_000259
1681945334,1681945334_000259,8,full,180,0.05525852295204179,0.014263659313933514,1681945334_000431
1681945334,1681945334_000271,8,full,180,0.09370682065817038,-0.008007875869102827,1681945334_000185
1681945334,1681945334_000283,8,full,180,-0.0368540039633449,-0.10430803453384334,1681945334_000123
1681945334,1681945334_000296,8,full,180,0.19777452772881302,0.13066141662246197,1681945334_000382
1681945334,1681945334_000308,8,full,180,0.04797940240090872,-0.0033684172177545304,1681945334_000074
1681945334,1681945334_000320,8,full,180,0.10010754209019516,-0.016740962665959574,1681945334_000493
1681945334,1681945334_000333,8,full,180,0.0011744170075965916,-0.12206198198546153,1681945334_000579
1681945334,1681945334_000345,8,full,180,-0.029104621686785213,-0.14117416812974465,1681945334_000099
1681945334,1681945334_000357,8,full,180,-0.15893666602281492,-0.14093895522509672,1681945334_000641
1681945334,1681945334_000370,8,full,180,0.0201712364365153,-0.06659056997714143,1681945334_000419
1681945334,1681945334_000382,8,full,180,0.06097720467055629,-0.0011234709417641264,1681945334_000370
1681945334,1681945334_000394,8,full,180,0.20032254746294606,-0.0108641385830859,1681945334_000776
1681945334,1681945334_000406,8,full,180,0.04336058021762873,-0.03598353550038915,1681945334_000357
1681945334,1681945334_000419,8,full,180,0.12175284105820144,0.04571524863085504,1681945334_000628
1681945334,1681945334_000431,8,full,180,0.10715488740352935,0.022916891558620988,1681945334_000554
1681945334,1681945334_000443,8,full,180,0.11832368609017511,0.005774351711704391,1681945334_000604
1681945334,1681945334_000456,8,full,180,-0.05536937982704939,-0.12743895546866937,1681945334_000665
1681945334,1681945334_000468,8,full,180,0.17150726723121537,0.09610875027063809,1681945334_000591
1681945334,1681945334_000480,8,full,180,-0.06628258355073867,-0.13211997832197747,1681945334_000222
1681945334,1681945334_000493,8,full,180,0.07288795251717307,-0.07798816828280401,1681945334_000530
1681945334,1681945334_000505,8,full,180,0.10951046171908335,0.11875059952216738,1681945334_000702
1681945334,1681945334_000517,8,full,180,0.11000724916311455,0.06167196358449381,1681945334_000677
1681945334,1681945334_000530,8,full,180,-0.004009769814531901,-0.07955870455202263,1681945334_000616
1681945334,1681945334_000542,8,full,180,0.1233957611874424,0.014085653945858473,1681945334_000160
1681945334,1681945334_000554,8,full,180,-0.0645089570443036,-0.10707825167104301,1681945334_000111
1681945334,1681945334_000567,8,full,180,0.03933776153988237,-0.037559669774571626,1681945334_000468
1681945334,1681945334_000579,8,full,180,0.04295132844349278,-0.04368403159120279,1681945334_000714
1681945334,1681945334_000591,8,full,180,0.04319747875767155,-0.04669901504840555,1681945334_000283
1681945334,1681945334_000604,8,full,180,0.08626396578543423,0.03562956664157776,1681945334_000172
1681945334,1681945334_000616,8,full,180,0.1891392644829263,0.04073991338191333,1681945334_000000
1681945334,1681945334_000628,8,full,180,0.019558311279300435,-0.06398865447172082,1681945334_000135
1681945334,1681945334_000641,8,full,180,0.19061235011595815,0.1613671206419445,1681945334_000653
1681945334,1681945334_000653,8,full,180,0.11198906241316509,0.02469102086898174,1681945334_000690
1681945334,1681945334_000665,8,full,180,0.1393707807299439,0.01830977051655974,1681945334_000012
1681945334,1681945334_000677,8,full,180,0.04644525561583109,0.007991519567454836,1681945334_000542
1681945334,1681945334_000690,8,full,180,-0.0015839242715749876,-0.10105072829240264,1681945334_000727
1681945334,1681945334_000702,8,full,180,0.08543308621249784,-0.038089883562699704,1681945334_000086
1681945334,1681945334_000714,8,full,180,-0.011434410881976276,-0.09036743332239301,1681945334_000049
1681945334,1681945334_000727,8,full,180,0.1066110150887773,0.051664382317469205,1681945334_000271
1681945334,1681945334_000739,8,full,180,0.18208654083881406,0.0650651616234511,1681945334_000062
1681945334,1681945334_000751,8,full,180,0.054174790810143814,0.02610593206736722,1681945334_000197
1681945334,1681945334_000764,8,full,180,0.05052126809486907,-0.009515072887075976,1681945334_000567
1681945334,1681945334_000776,8,full,180,-0.03714251429250684,-0.10896634605122989,1681945334_000505
1682013847,1682013847_000000,8,full,180,-0.0011032941037965964,-0.021800237692480504,1682013847_000045
1682013847,1682013847_000002,8,full,180,-0.0415209390413279,-0.12697636763218853,1682013847_000080
1682013847,1682013847_000005,8,full,180,0.04468409648486349,0.012379846373762557,1682013847_000050
1682013847,1682013847_000007,8,full,180,0.13555136794336167,0.10281838052481874,1682013847_000132
1682013847,1682013847_000010,8,full,180,0.10355553211077244,0.018497007168774404,1682013847_000140
1682013847,1682013847_000012,8,full,180,-0.08071581345769992,-0.14468683539053315,1682013847_000040
1682013847,1682013847_000015,8,full,180,0.09974930337657656,0.0051320116958990065,1682013847_000072
1682013847,1682013847_000017,8,full,180,0.10976848064536675,-0.015467493827749321,1682013847_000042
1682013847,1682013847_000020,8,full,180,0.10982335260105676,0.03437574730168629,1682013847_000042
1682013847,1682013847_000022,8,full,180,0.06165787911251174,0.007385374210999558,1682013847_000030
1682013847,1682013847_000025,8,full,180,0.13934750823390626,0.04222657362667292,1682013847_000085
1682013847,1682013847_000027,8,full,180,0.14252186822893978,0.054753875106668314,1682013847_000032
1682013847,1682013847_000030,8,full,180,0.10305728776644561,0.016748022476038488,1682013847_000052
1682013847,1682013847_000032,8,full,180,0.04262243920948248,-0.08844977130782411,1682013847_000147
1682013847,1682013847_000035,8,full,180,0.10339420695691746,0.09752321336813528,1682013847_000102
1682013847,1682013847_000037,8,full,180,0.15625711228156064,0.05791115783111308,1682013847_000077
1682013847,1682013847_000040,8,full,180,0.13397974275327562,0.07676510118285695,1682013847_000130
1682013847,1682013847_000042,8,full,180,-0.0463457097592273,-0.035434847761788665,1682013847_000107
1682013847,1682013847_000045,8,full,180,0.30491551257855126,0.18452835079161464,1682013847_000127
1682013847,1682013847_000047,8,full,180,-0.0821442756467422,-0.06945592284609484,1682013847_000120
1682013847,1682013847_000050,8,full,180,0.13868246273021997,-0.022380126118435914,1682013847_000152
1682013847,1682013847_000052,8,full,180,0.10501546333472822,0.05854319722732528,1682013847_000150
1682013847,1682013847_000055,8,full,180,0.2180055898371661,0.15070691034005282,1682013847_000097
1682013847,1682013847_000057,8,full,180,0.08619172036351073,0.011386500306386493,1682013847_000115
1682013847,1682013847_000060,8,full,180,0.11860919229204601,-0.02897405844538309,1682013847_000027
1682013847,1682013847_000062,8,full,180,0.14025939817885658,0.08530975978243494,1682013847_000015
1682013847,1682013847_000065,8,full,180,-0.047245847685645846,-0.11480777733577872,1682013847_000035
1682013847,1682013847_000067,8,full,180,0.04431919106483492,-0.036148221873050466,1682013847_000025
1682013847,1682013847_000070,8,full,180,-0.12310761542952231,-0.15705981001103028,1682013847_000142
1682013847,1682013847_000072,8,full,180,0.12036976932862915,0.029680368431466122,1682013847_000112
1682013847,1682013847_000075,8,full,180,0.02052026010604353,-0.051265174784134455,1682013847_000090
1682013847,1682013847_000077,8,full,180,0.005016585638572685,-0.00025399803131694043,1682013847_000090
1682013847,1682013847_000080,8,full,180,0.019060674279580997,-0.08760624870223067,1682013847_000000
1682013847,1682013847_000082,8,full,180,0.13790665156896303,-0.018433309869812942,1682013847_000157
1682013847,1682013847_000085,8,full,180,0.06305945181528604,0.01185886983193278,1682013847_000060
1682013847,1682013847_000087,8,full,180,0.06886279527848127,0.012667345401797328,1682013847_000007
1682013847,1682013847_000090,8,full,180,0.016213189353292533,-0.05537920597205639,1682013847_000082
1682013847,1682013847_000092,8,full,180,0.019570334730426384,-0.023417920308915385,1682013847_000057
1682013847,1682013847_000095,8,full,180,0.004909505203391684,-0.08044891905025912,1682013847_000070
1682013847,1682013847_000097,8,full,180,-0.028762779997492816,-0.07182172208111799,1682013847_000037
1682013847,1682013847_000100,8,full,180,0.09666990237868776,0.012421505463655618,1682013847_000012
1682013847,1682013847_000102,8,full,180,0.19972436668380875,0.11611065463257698,1682013847_000055
1682013847,1682013847_000105,8,full,180,0.06603835512174878,-0.053271365290386556,1682013847_000100
1682013847,1682013847_000107,8,full,180,-0.0523059215003031,-0.1654950018264286,1682013847_000122
1682013847,1682013847_000110,8,full,180,0.18504370148457086,0.10406202150783517,1682013847_000067
1682013847,1682013847_000112,8,full,180,0.10618852018224484,-0.005325272127076316,1682013847_000092
1682013847,1682013847_000115,8,full,180,0.012622715635983628,-0.02799203594393279,1682013847_000022
1682013847,1682013847_000117,8,full,180,0.021774257369776524,-0.025134783129546295,1682013847_000125
1682013847,1682013847_000120,8,full,180,-0.015875962029554054,-0.0934039306892992,1682013847_000087
1682013847,1682013847_000122,8,full,180,-0.018846282847289748,-0.01854412188629195,1682013847_000047
1682013847,1682013847_000125,8,full,180,0.02327813509301373,-0.12974291277712383,1682013847_000155
1682013847,1682013847_000127,8,full,180,0.11676333606417866,0.05652476136798688,1682013847_000145
1682013847,1682013847_000130,8,full,180,-0.041999514821735674,-0.16143637792938914,1682013847_000135
1682013847,1682013847_000132,8,full,180,-0.03228162905796452,-0.0985295437752569,1682013847_000110
1682013847,1682013847_000135,8,full,180,-0.20705566427188563,-0.2485124074755752,1682013847_000010
1682013847,1682013847_000137,8,full,180,0.1725556352661554,0.08685230312921727,1682013847_000062
1682013847,1682013847_000140,8,full,180,0.21339121710924158,0.04657978609826424,1682013847_000002
1682013847,1682013847_000142,8,full,180,0.21332139375885362,0.09573048697355446,1682013847_000095
1682013847,1682013847_000145,8,full,180,-0.015630348038709135,-0.09142098535735439,1682013847_000020
1682013847,1682013847_000147,8,full,180,0.14965485800260325,0.06253836279709016,1682013847_000137
1682013847,1682013847_000150,8,full,180,0.04333524771262154,-0.09427965194862603,1682013847_000005
1682013847,1682013847_000152,8,full,180,0.052137922113760816,-0.06828806007272373,1682013847_000105
1682013847,1682013847_000155,8,full,180,-0.03371006634445089,0.0024461934732157484,1682013847_000065
1682013847,1682013847_000157,8,full,180,0.10934298037636532,0.040333807050466346,1682013847_000117
1682014432,1682014432_000000,8,full,180,0.04863617826164054,-0.04664483807025251,1682014432_000039
1682014432,1682014432_000001,8,full,180,0.02072571604993037,-0.04071658923340041,1682014432_000041
1682014432,1682014432_000002,8,full,180,0.1174411833362446,0.1069113277023545,1682014432_000081
1682014432,1682014432_000003,8,full,180,0.09641599142679746,0.008703016131676252,1682014432_000030
1682014432,1682014432_000004,8,full,180,-0.11748514930084285,-0.19006893161751284,1682014432_000088
1682014432,1682014432_000005,8,full,180,0.12077955468788032,0.046096862157263795,1682014432_000101
1682014432,1682014432_000006,8,full,180,0.10267024951261243,0.07946012001289186,1682014432_000001
1682014432,1682014432_000007,8,full,180,0.20892806101192593,0.1290565290557936,1682014432_000024
1682014432,1682014432_000008,8,full,180,0.008379031752236255,-0.061040073708975684,1682014432_000111
1682014432,1682014432_000009,8,full,180,0.003078018119370631,0.0024275698423872247,1682014432_000094
1682014432,1682014432_000010,8,full,180,0.052119392890796735,0.01131349325416775,1682014432_000070
1682014432,1682014432_000011,8,full,180,-0.028400111220251573,-0.10476461388954934,1682014432_000031
1682014432,1682014432_000012,8,full,180,0.09415835908643122,0.04022209793032532,1682014432_000078
1682014432,1682014432_000013,8,full,180,0.0036474495047481292,-0.07752498602170953,1682014432_000046
1682014432,1682014432_000014,8,full,180,0.01009700308473456,-0.06625477049276203,1682014432_000020
1682014432,1682014432_000015,8,full,180,-0.0009196455959357003,-0.1332102356923284,1682014432_000016
1682014432,1682014432_000016,8,full,180,0.06660437691012493,-0.057322060550164276,1682014432_000062
1682014432,1682014432_000017,8,full,180,0.21044553801260946,0.05907617949779176,1682014432_000042
1682014432,1682014432_000018,8,full,180,0.14448671961204845,0.07529122803481365,1682014432_000044
1682014432,1682014432_000019,8,full,180,-0.024549904916136706,-0.05293720773553365,1682014432_000072
1682014432,1682014432_000020,8,full,180,-0.031955352748401576,-0.026483926043423017,1682014432_000107
1682014432,1682014432_000021,8,full,180,0.02898813062505688,-0.002666739459457751,1682014432_000064
1682014432,1682014432_000022,8,full,180,0.1548486200091813,0.03469271943161458,1682014432_000091
1682014432,1682014432_000023,8,full,180,0.18498549601074044,-0.005831362041432801,1682014432_000109
1682014432,1682014432_000024,8,full,180,0.013791137789337181,-0.03126066102081334,1682014432_000053
1682014432,1682014432_000025,8,full,180,0.07821079155459791,0.06148020031018858,1682014432_000099
1682014432,1682014432_000026,8,full,180,0.14309507425825188,0.07415526138022678,1682014432_000047
1682014432,1682014432_000027,8,full,180,0.06996599797273453,-0.009045215184870484,1682014432_000083
1682014432,1682014432_000028,8,full,180,0.15545053964923802,0.09999118198569508,1682014432_000012
1682014432,1682014432_000029,8,full,180,0.0628107586418573,-0.008010796568343026,1682014432_000003
1682014432,1682014432_000030,8,full,180,0.07714195145831503,-0.02706539315267815,1682014432_000022
1682014432,1682014432_000031,8,full,180,0.20773732116050048,0.12192625977845983,1682014432_000103
1682014432,1682014432_000032,8,full,180,0.1712929467262884,0.04839951598141262,1682014432_000092
1682014432,1682014432_000033,8,full,180,0.16327529982170272,0.07684505434953397,1682014432_000105
1682014432,1682014432_000034,8,full,180,0.05999946990924552,-0.052770676432242196,1682014432_000023
1682014432,1682014432_000035,8,full,180,0.041251663894390576,-0.022340145285512772,1682014432_000028
1682014432,1682014432_000036,8,full,180,0.09077674268487272,0.003675032171218969,1682014432_000073
1682014432,1682014432_000037,8,full,180,-0.0182113115982194,0.0008629725932644688,1682014432_000017
1682014432,1682014432_000038,8,full,180,0.05102482546283257,0.026652353827742375,1682014432_000074
1682014432,1682014432_000039,8,full,180,0.12231379371272703,0.0238031557335175,1682014432_000043
1682014432,1682014432_000040,8,full,180,0.015067176909237326,-0.03713906628168575,1682014432_000085
1682014432,1682014432_000041,8,full,180,0.07164432898961991,0.012091760540913349,1682014432_000052
1682014432,1682014432_000042,8,full,180,0.23920886880650102,0.09381227266526378,1682014432_000006
1682014432,1682014432_000043,8,full,180,0.21655577042241217,0.14738223438781026,1682014432_000112
1682014432,1682014432_000044,8,full,180,0.13326591778320837,0.004678195759759936,1682014432_000071
1682014432,1682014432_000045,8,full,180,-0.0010050271355339948,-0.046474172608919395,1682014432_000040
1682014432,1682014432_000046,8,full,180,0.11860042981063772,-0.04176365581790592,1682014432_000049
1682014432,1682014432_000047,8,full,180,0.12730754979678727,0.10602739570621283,1682014432_000068
1682014432,1682014432_000048,8,full,180,-0.043913233998030814,-0.033084846631444335,1682014432_000008
1682014432,1682014432_000049,8,full,180,0.014156913310774935,-0.052074939610777284,1682014432_000058
1682014432,1682014432_000050,8,full,180,0.04927997845494011,-0.023904684855879935,1682014432_000084
1682014432,1682014432_000051,8,full,180,-0.007986385686324574,-0.1326631114218566,1682014432_000018
1682014432,1682014432_000052,8,full,180,-0.09357574117914945,-0.11293047426612839,1682014432_000110
1682014432,1682014432_000053,8,full,180,0.21020138912442335,0.16121974129261865,1682014432_000065
1682014432,1682014432_000054,8,full,180,-0.03558033219107124,-0.12953790945826277,1682014432_000066
1682014432,1682014432_000055,8,full,180,0.045964152901150135,-0.07052332507839969,1682014432_000048
1682014432,1682014432_000056,8,full,180,0.15874944615499495,0.07668192967591388,1682014432_000082
1682014432,1682014432_000057,8,full,180,0.014379248390155771,-0.07790469000247574,1682014432_000055
1682014432,1682014432_000058,8,full,180,0.1356039775205715,0.10589621492949926,1682014432_000087
1682014432,1682014432_000059,8,full,180,0.07297127163668282,0.03736759982311897,1682014432_000007
1682014432,1682014432_000060,8,full,180,-0.12177431934848078,-0.1803323579314536,1682014432_000021
1682014432,1682014432_000061,8,full,180,0.009060745121073197,-0.06477880269958228,1682014432_000104
1682014432,1682014432_000062,8,full,180,-0.07413659533356126,-0.10266352565125048,1682014432_000093
1682014432,1682014432_000063,8,full,180,0.08292688531845355,0.01941930533082138,1682014432_000033
1682014432,1682014432_000064,8,full,180,0.055080277916345954,0.07335659689381895,1682014432_000009
1682014432,1682014432_000065,8,full,180,0.14697339604962406,0.005775467449952262,1682014432_000004
1682014432,1682014432_000066,8,full,180,-0.10493976580326529,-0.165106485665358,1682014432_000010
1682014432,1682014432_000067,8,full,180,0.06858587067690876,0.03905806590228291,1682014432_000025
1682014432,1682014432_000068,8,full,180,0.14722636842741454,0.040280366446594794,1682014432_000036
1682014432,1682014432_000069,8,full,180,0.07648412242528006,0.012845989764116184,1682014432_000045
1682014432,1682014432_000070,8,full,180,-0.09294810686199896,-0.15084259340511708,1682014432_000076
1682014432,1682014432_000071,8,full,180,0.022297715225178535,-0.04300502812606192,1682014432_000013
1682014432,1682014432_000072,8,full,180,-0.03153794169370689,-0.05700822148155083,1682014432_000056
1682014432,1682014432_000073,8,full,180,0.02800536384191772,-0.02139832848431948,1682014432_000075
1682014432,1682014432_000074,8,full,180,-0.029696398611576386,-0.08624112108012523,1682014432_000067
1682014432,1682014432_000075,8,full,180,0.16524980004377338,0.08745198799865668,1682014432_000050
1682014432,1682014432_000076,8,full,180,0.0027878652666187436,-0.10545439431874648,1682014432_000032
1682014432,1682014432_000077,8,full,180,-0.005897043686149075,-0.04591198510426748,1682014432_000102
1682014432,1682014432_000078,8,full,180,-0.02855349997596503,-0.14074521549812916,1682014432_000005
1682014432,1682014432_000079,8,full,180,0.14394194216595094,0.06056037465364272,1682014432_000034
1682014432,1682014432_000080,8,full,180,0.13392388023016502,0.032316926332871705,1682014432_000015
1682014432,1682014432_000081,8,full,180,0.2419385123208726,0.18980234483789019,1682014432_000002
1682014432,1682014432_000082,8,full,180,0.0890740210123399,0.029021127869300525,1682014432_000097
1682014432,1682014432_000083,8,full,180,0.10710997446274062,0.0319875159156488,1682014432_000035
1682014432,1682014432_000084,8,full,180,0.20067310243254669,0.08380022136458277,1682014432_000051
1682014432,1682014432_000085,8,full,180,0.18332217066166123,0.048172985424429625,1682014432_000095
1682014432,1682014432_000086,8,full,180,0.1358137134450352,0.07778898736151048,1682014432_000029
1682014432,1682014432_000087,8,full,180,0.054476988382421966,-0.020478362660678363,1682014432_000063
1682014432,1682014432_000088,8,full,180,0.01821425654421584,-0.10097177524906674,1682014432_000086
1682014432,1682014432_000089,8,full,180,0.04387268830572505,0.008118814075652181,1682014432_000011
1682014432,1682014432_000090,8,full,180,0.2172505573091902,0.1252110873293787,1682014432_000060
1682014432,1682014432_000091,8,full,180,0.06707585302971597,0.03457218813246365,1682014432_000090
1682014432,1682014432_000092,8,full,180,0.05846446806785207,-0.02432656926120887,1682014432_000054
1682014432,1682014432_000093,8,full,180,0.09443335533195245,0.05859446125076723,1682014432_000019
1682014432,1682014432_000094,8,full,180,-0.00010955961004133208,-0.07627705345484866,1682014432_000077
1682014432,1682014432_000095,8,full,180,0.1715149140304776,0.08488006839411118,1682014432_000069
1682014432,1682014432_000096,8,full,180,-0.028008674329521793,-0.039748710488387795,1682014432_000100
1682014432,1682014432_000097,8,full,180,0.1485981270370211,0.0757856331886163,1682014432_000080
1682014432,1682014432_000098,8,full,180,0.13494273046813862,0.029162301777610592,1682014432_000014
1682014432,1682014432_000099,8,full,180,0.09773464932187977,-0.0026092697656803616,1682014432_000014
1682014432,1682014432_000100,8,full,180,0.1904349456061584,0.10765443548262695,1682014432_000038
1682014432,1682014432_000101,8,full,180,0.17480061550117432,0.10627090820245937,1682014432_000027
1682014432,1682014432_000102,8,full,180,0.11557799837191916,0.04134834674291497,1682014432_000108
1682014432,1682014432_000103,8,full,180,0.10621775022743767,0.024622112607048153,1682014432_000059
1682014432,1682014432_000104,8,full,180,0.23828187963328595,0.2132193431352645,1682014432_000079
1682014432,1682014432_000105,8,full,180,0.08598433288863017,0.0928317839149463,1682014432_000057
1682014432,1682014432_000106,8,full,180,0.13601972187538233,0.08268474626854598,1682014432_000089
1682014432,1682014432_000107,8,full,180,0.13842485423254222,0.07991537044925787,1682014432_000106
1682014432,1682014432_000108,8,full,180,0.019056161816609962,-0.08839025393727333,1682014432_000000
1682014432,1682014432_000109,8,full,180,-0.014544593644523091,-0.05222480079910593,1682014432_000037
1682014432,1682014432_000110,8,full,180,-0.052297732896523626,-0.1031197307634721,1682014432_000026
1682014432,1682014432_000111,8,full,180,0.00881956558347514,-0.015745086178864477,1682014432_000096
1682014432,1682014432_000112,8,full,180,0.02718013330162483,-0.0010670190273999458,1682014432_000061
1682712156,1682712156_000001,8,full,180,0.10159015984267594,0.011631931967621106,1682712156_000568
1682712156,1682712156_000013,8,full,180,-0.10350261692887552,-0.1794310842506809,1682712156_000469
1682712156,1682712156_000026,8,full,180,-0.011200360046827998,-0.10127477991224992,1682712156_000186
1682712156,1682712156_000038,8,full,180,0.07993124369300172,-0.014919201223697729,1682712156_000642
1682712156,1682712156_000050,8,full,180,0.20634055161538634,0.12977480485694629,1682712156_000457
1682712156,1682712156_000063,8,full,180,0.15438635546894292,-0.003753141080984332,1682712156_000013
1682712156,1682712156_000075,8,full,180,0.10594698709841432,0.09484414003509212,1682712156_000235
1682712156,1682712156_000087,8,full,180,0.0038104458704389297,-0.08822554191678679,1682712156_000100
1682712156,1682712156_000100,8,full,180,0.11067375217407795,-0.06489397575056548,1682712156_000777
1682712156,1682712156_000112,8,full,180,0.028935666643418442,-0.003252842765729525,1682712156_000136
1682712156,1682712156_000124,8,full,180,0.2191450263098705,0.11303334055079146,1682712156_000555
1682712156,1682712156_000136,8,full,180,0.05409577253311102,0.006251683926987976,1682712156_000297
1682712156,1682712156_000149,8,full,180,0.16402257498326223,0.09502796948792852,1682712156_000617
1682712156,1682712156_000161,8,full,180,0.1029511396229038,0.011457558845374888,1682712156_000752
1682712156,1682712156_000173,8,full,180,0.029105274571416928,-0.10244129618833593,1682712156_000321
1682712156,1682712156_000186,8,full,180,0.013397919420643912,-0.05053829518580274,1682712156_000765
1682712156,1682712156_000198,8,full,180,0.05402684052675389,-0.048362234538755995,1682712156_000395
1682712156,1682712156_000210,8,full,180,-0.029288558094333745,-0.1052973818190019,1682712156_000420
1682712156,1682712156_000223,8,full,180,-0.05886494897766572,-0.1260625273361139,1682712156_000605
1682712156,1682712156_000235,8,full,180,0.05160137992710514,-0.055291653431862486,1682712156_000346
1682712156,1682712156_000247,8,full,180,0.04075344631897471,-0.08239032609314174,1682712156_000198
1682712156,1682712156_000260,8,full,180,0.10881790117594732,0.04876756081642166,1682712156_000629
1682712156,1682712156_000272,8,full,180,0.10221538575558126,0.08616823454464728,1682712156_000543
1682712156,1682712156_000284,8,full,180,0.00507396277460991,-0.05881450209148683,1682712156_000678
1682712156,1682712156_000297,8,full,180,0.059666905554774184,-0.0046262071025567715,1682712156_000728
1682712156,1682712156_000309,8,full,180,-0.03314843387327402,-0.07564794181344842,1682712156_000383
1682712156,1682712156_000321,8,full,180,0.09825476720382233,-0.004043782218311929,1682712156_000247
1682712156,1682712156_000334,8,full,180,-0.013915330308654036,-0.11548022843866539,1682712156_000161
1682712156,1682712156_000346,8,full,180,0.04954699737440266,-0.06294501775677468,1682712156_000124
1682712156,1682712156_000358,8,full,180,-0.0032438110212202422,-0.14839310966531374,1682712156_000654
1682712156,1682712156_000371,8,full,180,-0.1130728379397703,-0.1363953285544136,1682712156_000432
1682712156,1682712156_000383,8,full,180,-0.060146099576245116,-0.10417185612074265,1682712156_000260
1682712156,1682712156_000395,8,full,180,0.06465120637225649,-0.0016106502466271728,1682712156_000358
1682712156,1682712156_000407,8,full,180,0.06314108940178507,-0.008920274732336102,1682712156_000334
1682712156,1682712156_000420,8,full,180,0.023023688059394032,-0.06205536439028988,1682712156_000075
1682712156,1682712156_000432,8,full,180,0.1033204484605415,-0.07030376398445508,1682712156_000149
1682712156,1682712156_000444,8,full,180,0.1069386466226502,0.06855686231585305,1682712156_000506
1682712156,1682712156_000457,8,full,180,0.18000074088496854,0.1410681346162518,1682712156_000444
1682712156,1682712156_000469,8,full,180,-0.06423393122458285,-0.1974284208086435,1682712156_000112
1682712156,1682712156_000481,8,full,180,0.08680185893667824,-0.03161656298978959,1682712156_000173
1682712156,1682712156_000494,8,full,180,0.17448384387011032,0.12672223602497476,1682712156_000223
1682712156,1682712156_000506,8,full,180,0.07243376820820337,0.008457373096694554,1682712156_000494
1682712156,1682712156_000518,8,full,180,0.13897094681794633,0.07410366612098267,1682712156_000210
1682712156,1682712156_000531,8,full,180,0.1525943949681802,0.0827575409502626,1682712156_000592
1682712156,1682712156_000543,8,full,180,0.1318436956290937,0.09252588029839709,1682712156_000481
1682712156,1682712156_000555,8,full,180,-0.145554093318098,-0.19381314452466683,1682712156_000087
1682712156,1682712156_000568,8,full,180,0.030547660683576925,-0.06357782578072996,1682712156_000026
1682712156,1682712156_000580,8,full,180,-0.004556558006125412,-0.07360031625324805,1682712156_000284
1682712156,1682712156_000592,8,full,180,0.033448621416317804,-0.09732908474093317,1682712156_000715
1682712156,1682712156_000605,8,full,180,0.015611395425260724,-0.051338834369681736,1682712156_000740
1682712156,1682712156_000617,8,full,180,0.0439401567604644,-0.06650114697774419,1682712156_000518
1682712156,1682712156_000629,8,full,180,0.19970921771323255,0.1451035535239962,1682712156_000580
1682712156,1682712156_000642,8,full,180,-0.0194055981058404,-0.11556097521258517,1682712156_000703
1682712156,1682712156_000654,8,full,180,0.10737833746110503,0.06478850887501166,1682712156_000063
1682712156,1682712156_000666,8,full,180,0.06541049544778056,0.0014492743094856968,1682712156_000531
1682712156,1682712156_000678,8,full,180,0.17166185598116757,0.13652019414050934,1682712156_000050
1682712156,1682712156_000691,8,full,180,0.15439314545020155,0.06640152094861303,1682712156_000407
1682712156,1682712156_000703,8,full,180,0.02687451921178106,-0.01018273741439745,1682712156_000666
1682712156,1682712156_000715,8,full,180,0.030283442791410972,-0.052751239510409616,1682712156_000001
1682712156,1682712156_000728,8,full,180,0.1047598187558254,0.07749468282574723,1682712156_000691
1682712156,1682712156_000740,8,full,180,0.22325331067098828,0.10166669658206567,1682712156_000309
1682712156,1682712156_000752,8,full,180,0.2970788291194648,0.24433653226142601,1682712156_000371
1682712156,1682712156_000765,8,full,180,0.21453814414102026,0.10313318207864403,1682712156_000272
1682712156,1682712156_000777,8,full,180,0.011965004905678062,0.006986368026288802,1682712156_000038
1682718815,1682718815_000001,8,full,180,0.12697621032838854,0.08470356123827842,1682718815_000641
1682718815,1682718815_000005,8,full,180,0.05419358980161107,-0.009135312376660126,1682718815_000449
1682718815,1682718815_000009,8,full,180,0.10064082303791949,0.05851142887557722,1682718815_000717
1682718815,1682718815_000013,8,full,180,0.08770734287468944,0.03536922924071727,1682718815_000229
1682718815,1682718815_000017,8,full,180,0.13597805323665033,0.029295897222332622,1682718815_000241
1682718815,1682718815_000021,8,full,180,0.02548347042430178,0.017300982771927365,1682718815_000713
1682718815,1682718815_000025,8,full,180,0.11483771609384985,0.06451218541583127,1682718815_000317
1682718815,1682718815_000029,8,full,180,-0.03588190809003717,-0.03443580568150565,1682718815_000033
1682718815,1682718815_000033,8,full,180,0.26245285218293346,0.2017050954051828,1682718815_000709
1682718815,1682718815_000037,8,full,180,0.1868728032054364,0.10384193588102049,1682718815_000553
1682718815,1682718815_000041,8,full,180,-0.038524301514875146,-0.10122572079190156,1682718815_000545
1682718815,1682718815_000045,8,full,180,0.06561299098025675,0.0015590678941480075,1682718815_000385
1682718815,1682718815_000049,8,full,180,0.10357315018626052,-0.024992170199035973,1682718815_000269
1682718815,1682718815_000053,8,full,180,0.049515963278305763,-0.06456983779027542,1682718815_000173
1682718815,1682718815_000057,8,full,180,-0.10317330776929601,-0.1576671044854999,1682718815_000621
1682718815,1682718815_000061,8,full,180,0.22677525762978593,0.1649930480800815,1682718815_000509
1682718815,1682718815_000065,8,full,180,0.1426960579245249,0.037910043634669446,1682718815_000117
1682718815,1682718815_000069,8,full,180,0.11387616633786035,0.05546575033069179,1682718815_000513
1682718815,1682718815_000073,8,full,180,0.0026536918110570775,-0.03453358712171614,1682718815_000017
1682718815,1682718815_000077,8,full,180,0.05134488494690273,-0.01066260915433175,1682718815_000321
1682718815,1682718815_000081,8,full,180,-0.02125293490960752,-0.05969058433117199,1682718815_000389
1682718815,1682718815_000085,8,full,180,-0.08637863871496425,-0.08027796953866402,1682718815_000733
1682718815,1682718815_000089,8,full,180,0.21619815043739096,0.09946594717633726,1682718815_000341
1682718815,1682718815_000093,8,full,180,0.041411623590763856,-0.032720151466936964,1682718815_000517
1682718815,1682718815_000097,8,full,180,-0.08589148746058789,-0.10426357707394683,1682718815_000541
1682718815,1682718815_000101,8,full,180,-0.05442786945529828,-0.10836497292166121,1682718815_000477
1682718815,1682718815_000105,8,full,180,0.023256528218601993,-0.028752653399427296,1682718815_000589
1682718815,1682718815_000109,8,full,180,0.06290350318147946,-0.02842984724422325,1682718815_000677
1682718815,1682718815_000113,8,full,180,0.023265521797668692,-0.0972197598427617,1682718815_000337
1682718815,1682718815_000117,8,full,180,0.12616478638700732,0.0812894578200312,1682718815_000301
1682718815,1682718815_000121,8,full,180,0.05283742909402208,-0.008938117092616086,1682718815_000009
1682718815,1682718815_000125,8,full,180,0.06866297192699854,0.011121281156994992,1682718815_000205
1682718815,1682718815_000129,8,full,180,0.10976491834063488,-0.012344920654843028,1682718815_000613
1682718815,1682718815_000133,8,full,180,0.0803264115421536,0.016759610477810074,1682718815_000461
1682718815,1682718815_000137,8,full,180,0.23432381006859493,0.07666430664772084,1682718815_000701
1682718815,1682718815_000141,8,full,180,0.1367755791233203,-0.0238618017223351,1682718815_000453
1682718815,1682718815_000145,8,full,180,0.012282915482560957,-0.14074162518137723,1682718815_000725
1682718815,1682718815_000149,8,full,180,0.10455501892871433,0.003184246163924221,1682718815_000277
1682718815,1682718815_000153,8,full,180,-0.15447644691080897,-0.20813757775112293,1682718815_000729
1682718815,1682718815_000157,8,full,180,-0.10905273186164312,-0.11804386450206067,1682718815_000309
1682718815,1682718815_000161,8,full,180,0.023962634271491774,0.00023508904351645515,1682718815_000505
1682718815,1682718815_000165,8,full,180,0.07313659558888519,-0.059026127601020655,1682718815_000257
1682718815,1682718815_000169,8,full,180,0.11606402032486518,0.08645783971251786,1682718815_000013
1682718815,1682718815_000173,8,full,180,0.07039366051269762,-0.0057983243232779215,1682718815_000349
1682718815,1682718815_000177,8,full,180,0.14998087631190973,0.04337870562118159,1682718815_000457
1682718815,1682718815_000181,8,full,180,0.07235541598744775,-0.05290688401651855,1682718815_000137
1682718815,1682718815_000185,8,full,180,0.2041700242901209,0.07312250166748999,1682718815_000617
1682718815,1682718815_000189,8,full,180,0.19022302735919516,0.12511888827115375,1682718815_000169
1682718815,1682718815_000193,8,full,180,0.1377633760138143,0.11848411294747996,1682718815_000765
1682718815,1682718815_000197,8,full,180,0.2853429367837665,0.18142116640872574,1682718815_000073
1682718815,1682718815_000201,8,full,180,0.020787763029320106,-0.01748256224899115,1682718815_000425
1682718815,1682718815_000205,8,full,180,0.04445787674243254,-0.030144911822695696,1682718815_000481
1682718815,1682718815_000209,8,full,180,0.06331122308363869,-0.03842016094648051,1682718815_000565
1682718815,1682718815_000213,8,full,180,0.0480693814401974,0.017420266395959616,1682718815_000185
1682718815,1682718815_000217,8,full,180,0.15502686985985692,0.06609485821426485,1682718815_000689
1682718815,1682718815_000221,8,full,180,0.0812980165360428,0.054102414224034084,1682718815_000397
1682718815,1682718815_000225,8,full,180,-0.06687381667712104,-0.13003819086758994,1682718815_000293
1682718815,1682718815_000229,8,full,180,0.09730041926732645,-0.09330169595248743,1682718815_000557
1682718815,1682718815_000233,8,full,180,0.034298463333630985,0.0036537202286889467,1682718815_000661
1682718815,1682718815_000237,8,full,180,0.13291483024036613,0.008814515438362175,1682718815_000533
1682718815,1682718815_000241,8,full,180,0.03595796141877789,0.034544150712392876,1682718815_000417
1682718815,1682718815_000245,8,full,180,0.1493238717602034,0.003484489514461423,1682718815_000757
1682718815,1682718815_000249,8,full,180,0.08925039918479989,0.058307702390102224,1682718815_000069
1682718815,1682718815_000253,8,full,180,-0.10330390636144883,-0.15155257611219164,1682718815_000133
1682718815,1682718815_000257,8,full,180,-0.09779011533820804,-0.12796537133061994,1682718815_000741
1682718815,1682718815_000261,8,full,180,0.009492159285789593,-0.002448953545986439,1682718815_000537
1682718815,1682718815_000265,8,full,180,0.04435091260940821,-0.03020552130524751,1682718815_000489
1682718815,1682718815_000269,8,full,180,0.1198224866992873,0.055760256102663865,1682718815_000149
1682718815,1682718815_000273,8,full,180,0.022572653706093782,0.007850168999031881,1682718815_000497
1682718815,1682718815_000277,8,full,180,-0.025758220325458495,-0.24173885961969963,1682718815_000145
1682718815,1682718815_000281,8,full,180,0.1660954277691046,0.15069987985967914,1682718815_000629
1682718815,1682718815_000285,8,full,180,-0.02586509840994665,-0.013406458748533518,1682718815_000773
1682718815,1682718815_000289,8,full,180,0.14727296634899525,0.0952113795525074,1682718815_000161
1682718815,1682718815_000293,8,full,180,0.09789742370481526,0.03941213021196938,1682718815_000181
1682718815,1682718815_000297,8,full,180,0.13793340233886278,0.11428831440709393,1682718815_000605
1682718815,1682718815_000301,8,full,180,0.24683947538963155,0.13524947272146914,1682718815_000601
1682718815,1682718815_000305,8,full,180,0.20733943812493438,0.09433874674933367,1682718815_000113
1682718815,1682718815_000309,8,full,180,0.06429902076934167,0.03191510418287708,1682718815_000249
1682718815,1682718815_000313,8,full,180,0.1615776826398719,0.08092926125011891,1682718815_000125
1682718815,1682718815_000317,8,full,180,0.05355749819748531,0.042136574984736046,1682718815_000093
1682718815,1682718815_000321,8,full,180,0.04026673939916135,0.013483863061414867,1682718815_000433
1682718815,1682718815_000325,8,full,180,0.005260614307847748,-0.06819486071375629,1682718815_000201
1682718815,1682718815_000329,8,full,180,0.21776638002857104,0.16794136505596968,1682718815_000285
1682718815,1682718815_000333,8,full,180,0.08138853024725536,-0.008738048818767325,1682718815_000217
1682718815,1682718815_000337,8,full,180,0.07876399680361999,0.08709882475935136,1682718815_000705
1682718815,1682718815_000341,8,full,180,0.11398345829955177,0.059914768973387496,1682718815_000313
1682718815,1682718815_000345,8,full,180,0.005354168806457028,-0.07526537113752536,1682718815_000381
1682718815,1682718815_000349,8,full,180,0.14986789830882238,0.08694736535669029,1682718815_000109
1682718815,1682718815_000353,8,full,180,0.07811406644293085,-0.0058218368290271815,1682718815_000393
1682718815,1682718815_000357,8,full,180,0.07644171700631174,-0.0033086329353295627,1682718815_000077
1682718815,1682718815_000361,8,full,180,0.10578915701717746,-0.027435772184964426,1682718815_000049
1682718815,1682718815_000365,8,full,180,-0.009223775182665114,-0.07189325669771436,1682718815_000597
1682718815,1682718815_000369,8,full,180,0.1612209992293495,0.12226587987898911,1682718815_000753
1682718815,1682718815_000373,8,full,180,0.09379825582204375,0.04902150561750024,1682718815_000637
1682718815,1682718815_000377,8,full,180,0.11069818874684197,0.10716620141176035,1682718815_000061
1682718815,1682718815_000381,8,full,180,0.0946369567722945,0.08485895558651368,1682718815_000401
1682718815,1682718815_000385,8,full,180,-0.004611167918006846,-0.06039776263580219,1682718815_000413
1682718815,1682718815_000389,8,full,180,0.10775031341512653,0.025674545284703258,1682718815_000409
1682718815,1682718815_000393,8,full,180,0.030405118288520456,-0.0749666997556067,1682718815_000209
1682718815,1682718815_000397,8,full,180,0.02398166558896465,-0.03805474097899639,1682718815_000025
1682718815,1682718815_000401,8,full,180,0.09334927887553253,0.008030107911237663,1682718815_000581
1682718815,1682718815_000405,8,full,180,0.12259742406891222,-0.008205923461435241,1682718815_000369
1682718815,1682718815_000409,8,full,180,0.04732016338454672,-0.09106359355878069,1682718815_000253
1682718815,1682718815_000413,8,full,180,-0.01811116297484877,-0.03758658666795262,1682718815_000233
1682718815,1682718815_000417,8,full,180,0.032962233577298744,0.00664670670626676,1682718815_000609
1682718815,1682718815_000421,8,full,180,0.20565974969451817,0.09477015794395782,1682718815_000037
1682718815,1682718815_000425,8,full,180,0.0816182472437922,0.013442174512524926,1682718815_000281
1682718815,1682718815_000429,8,full,180,0.13085504026490188,0.016669596820840963,1682718815_000473
1682718815,1682718815_000433,8,full,180,0.06437557416845614,-0.01954950638137835,1682718815_000021
1682718815,1682718815_000437,8,full,180,0.0244159199807099,0.030981833575853653,1682718815_000121
1682718815,1682718815_000441,8,full,180,0.0538878604052891,0.012104454377552957,1682718815_000365
1682718815,1682718815_000445,8,full,180,0.06957826185243564,0.040242418507940414,1682718815_000745
1682718815,1682718815_000449,8,full,180,0.013001597580666088,-0.10987274196584564,1682718815_000745
1682718815,1682718815_000453,8,full,180,0.029170241378598794,-0.05932940288781141,1682718815_000245
1682718815,1682718815_000457,8,full,180,0.19900929246622234,0.1488451685545966,1682718815_000493
1682718815,1682718815_000461,8,full,180,0.1289074360045617,0.08984808446430671,1682718815_000573
1682718815,1682718815_000465,8,full,180,-0.02067950697916887,-0.1952149944031136,1682718815_000673
1682718815,1682718815_000469,8,full,180,0.2209299905852351,0.12637312278740206,1682718815_000265
1682718815,1682718815_000473,8,full,180,0.061931275654629636,-0.0016168155482239668,1682718815_000157
1682718815,1682718815_000477,8,full,180,0.15942764095591486,0.12677035244757426,1682718815_000153
1682718815,1682718815_000481,8,full,180,0.04790474600745528,-0.008246245753119087,1682718815_000521
1682718815,1682718815_000485,8,full,180,0.05618481699247762,-0.013453947684818293,1682718815_000761
1682718815,1682718815_000489,8,full,180,0.01925690441878986,-0.07792192299092739,1682718815_000585
1682718815,1682718815_000493,8,full,180,0.02216681879022883,0.018893395597668988,1682718815_000129
1682718815,1682718815_000497,8,full,180,0.12355179398869061,-0.015924622660890064,1682718815_000101
1682718815,1682718815_000501,8,full,180,-0.004199809888156672,-0.088683500449921,1682718815_000429
1682718815,1682718815_000505,8,full,180,0.06624609528231748,-0.1035738736177325,1682718815_000097
1682718815,1682718815_000509,8,full,180,0.0353382475325316,-0.03467959322309125,1682718815_000353
1682718815,1682718815_000513,8,full,180,0.10340243441637698,0.0633974531455658,1682718815_000213
1682718815,1682718815_000517,8,full,180,0.04993046578937497,-0.02136471790181606,1682718815_000081
1682718815,1682718815_000521,8,full,180,0.13223415309581552,0.08159251399418906,1682718815_000377
1682718815,1682718815_000525,8,full,180,0.08123297926684074,0.0566164358063937,1682718815_000193
1682718815,1682718815_000529,8,full,180,0.07635782262117065,0.009237599181358755,1682718815_000633
1682718815,1682718815_000533,8,full,180,0.06465829512923257,0.02030797678579828,1682718815_000029
1682718815,1682718815_000537,8,full,180,0.1331680971623679,0.03205922681563617,1682718815_000657
1682718815,1682718815_000541,8,full,180,-0.06007610141021905,-0.12424188999954988,1682718815_000333
1682718815,1682718815_000545,8,full,180,0.01998235767128799,-0.09152300991728744,1682718815_000577
1682718815,1682718815_000549,8,full,180,0.22195753929324455,0.16101284710035263,1682718815_000329
1682718815,1682718815_000553,8,full,180,-0.06294015331960391,-0.06805443709989006,1682718815_000329
1682718815,1682718815_000557,8,full,180,0.02799254573001558,-0.059564767861482903,1682718815_000325
1682718815,1682718815_000561,8,full,180,0.013250783588600675,-0.040331595982757464,1682718815_000769
1682718815,1682718815_000565,8,full,180,-0.0393660315693815,-0.10617689920058108,1682718815_000105
1682718815,1682718815_000569,8,full,180,0.18103158075253387,0.04243736075715632,1682718815_000749
1682718815,1682718815_000573,8,full,180,0.0039391772561835625,-0.09661029916979674,1682718815_000197
1682718815,1682718815_000577,8,full,180,0.182763650953315,0.07484621223968742,1682718815_000685
1682718815,1682718815_000581,8,full,180,0.0637305702299054,-0.051172167520197896,1682718815_000669
1682718815,1682718815_000585,8,full,180,0.18887772462281419,0.1623285013164717,1682718815_000569
1682718815,1682718815_000589,8,full,180,0.19490175403848864,0.1416964398874235,1682718815_000405
1682718815,1682718815_000593,8,full,180,0.1598396788667069,0.09853439474910203,1682718815_000225
1682718815,1682718815_000597,8,full,180,0.16499269513656312,0.05136935384534785,1682718815_000437
1682718815,1682718815_000601,8,full,180,0.11458146353153335,0.07446048956684241,1682718815_000065
1682718815,1682718815_000605,8,full,180,0.189080583098717,0.12079528665233295,1682718815_000141
1682718815,1682718815_000609,8,full,180,0.05801296302553998,-0.02130308571642321,1682718815_000005
1682718815,1682718815_000613,8,full,180,0.09420338434144038,0.03635655455976472,1682718815_000297
1682718815,1682718815_000617,8,full,180,0.06446151170930974,0.01961073441689163,1682718815_000001
1682718815,1682718815_000621,8,full,180,0.13616356551139816,0.07096831712543587,1682718815_000357
1682718815,1682718815_000625,8,full,180,0.07484636496236109,-0.03835030116966152,1682718815_000165
1682718815,1682718815_000629,8,full,180,0.20445304297064684,0.186722779964833,1682718815_000697
1682718815,1682718815_000633,8,full,180,0.07766607575872768,-0.0025378068892992697,1682718815_000045
1682718815,1682718815_000637,8,full,180,0.04603623392477055,-0.05995800076949218,1682718815_000041
1682718815,1682718815_000641,8,full,180,0.19308064280885584,0.0686047363721737,1682718815_000273
1682718815,1682718815_000645,8,full,180,-0.030124022203831913,-0.09233391933905442,1682718815_000345
1682718815,1682718815_000649,8,full,180,0.12131465944068005,0.10257179868910991,1682718815_000221
1682718815,1682718815_000653,8,full,180,0.1766116611963984,0.09618624480909121,1682718815_000485
1682718815,1682718815_000657,8,full,180,0.1486855552474051,0.08777207015657068,1682718815_000261
1682718815,1682718815_000661,8,full,180,0.009383978681290983,-0.11399060251470615,1682718815_000501
1682718815,1682718815_000665,8,full,180,0.1879512795662939,0.1781009142012325,1682718815_000465
1682718815,1682718815_000669,8,full,180,0.15072847414789758,-0.05471093378051428,1682718815_000593
1682718815,1682718815_000673,8,full,180,0.04613206385993653,-0.017749144571509255,1682718815_000441
1682718815,1682718815_000677,8,full,180,0.1126547108079665,0.03503054238654744,1682718815_000561
1682718815,1682718815_000681,8,full,180,0.19642682428040162,0.13167831202403107,1682718815_000665
1682718815,1682718815_000685,8,full,180,0.12247478936228563,-0.011715382600480278,1682718815_000681
1682718815,1682718815_000689,8,full,180,0.08174237236609636,0.05570587415071047,1682718815_000529
1682718815,1682718815_000693,8,full,180,0.053197663949282485,0.031956545470825305,1682718815_000645
1682718815,1682718815_000697,8,full,180,0.08694038579133047,0.09142759322556583,1682718815_000053
1682718815,1682718815_000701,8,full,180,0.05601855188997198,0.0849601837663465,1682718815_000469
1682718815,1682718815_000705,8,full,180,0.10486358811354467,0.04244473164798352,1682718815_000421
1682718815,1682718815_000709,8,full,180,0.04798480454860878,-0.02123692618017112,1682718815_000361
1682718815,1682718815_000713,8,full,180,0.172854578236551,0.12892706115381072,1682718815_000289
1682718815,1682718815_000717,8,full,180,0.14377741726966894,0.12641333140189248,1682718815_000525
1682718815,1682718815_000721,8,full,180,0.20444421592419149,0.08528058647705512,1682718815_000089
1682718815,1682718815_000725,8,full,180,0.17504821432011883,0.06150803104924193,1682718815_000089
1682718815,1682718815_000729,8,full,180,0.06945789575813728,0.007986363714149741,1682718815_000737
1682718815,1682718815_000733,8,full,180,0.06727420428462311,-0.020704251007463703,1682718815_000305
1682718815,1682718815_000737,8,full,180,0.1210098576420956,0.03963530229973589,1682718815_000625
1682718815,1682718815_000741,8,full,180,-0.00033381010692159807,-0.04012274883523007,1682718815_000777
1682718815,1682718815_000745,8,full,180,0.05494650322484207,0.0292087809591494,1682718815_000177
1682718815,1682718815_000749,8,full,180,0.14641754024862155,0.02846075556913522,1682718815_000693
1682718815,1682718815_000753,8,full,180,-0.11039326146062706,-0.10088418583211813,1682718815_000653
1682718815,1682718815_000757,8,full,180,0.12606935269265615,0.07615371734925881,1682718815_000057
1682718815,1682718815_000761,8,full,180,0.10507387511721701,0.08324837631444963,1682718815_000373
1682718815,1682718815_000765,8,full,180,0.1507846461173856,-0.02395942495462058,1682718815_000189
1682718815,1682718815_000769,8,full,180,0.09884858935217632,0.043838279544746374,1682718815_000085
1682718815,1682718815_000773,8,full,180,-0.01692326309820508,-0.062034522761215426,1682718815_000649
1682718815,1682718815_000777,8,full,180,0.11782638304743041,0.022052633194794,1682718815_000237
1680410249,1680410249_000000,8,crop,180,0.3863892105496401,0.0239351460714558,1680410249_000003
1680410249,1680410249_000001,8,crop,180,0.2830179249878968,-0.20991949825783177,1680410249_000006
1680410249,1680410249_000002,8,crop,180,0.40413610458083893,-0.05112376638221785,1680410249_000006
1680410249,1680410249_000003,8,crop,180,0.35639409995167554,-0.031631662937499,1680410249_000008
1680410249,1680410249_000004,8,crop,180,0.3900349344680447,-0.012100560441737157,1680410249_000007
1680410249,1680410249_000005,8,crop,180,0.34922949134318376,-0.07063238623621006,1680410249_000007
1680410249,1680410249_000006,8,crop,180,0.44278601303779097,0.15361989728794015,1680410249_000000
1680410249,1680410249_000007,8,crop,180,0.5169293723869318,0.2024847148885818,1680410249_000005
1680410249,1680410249_000008,8,crop,180,0.32474168894322714,-0.005548898274745251,1680410249_000002
1680410249,1680410249_000009,8,crop,180,0.469303668917642,0.006600504686649744,1680410249_000003
1680410569,1680410569_000000,8,crop,180,0.43229335103748096,0.05128528830939342,1680410569_000008
1680410569,1680410569_000001,8,crop,180,0.3930274271979937,0.020218086405667617,1680410569_000009
1680410569,1680410569_000002,8,crop,180,0.36470427968046,0.005494688253402176,1680410569_000006
1680410569,1680410569_000003,8,crop,180,0.2522777803078496,-0.018456279039029726,1680410569_000002
1680410569,1680410569_000004,8,crop,180,0.38200020049034983,-0.0012510957074687347,1680410569_000003
1680410569,1680410569_000005,8,crop,180,0.3116825768924701,-0.01265734832342987,1680410569_000004
1680410569,1680410569_000006,8,crop,180,0.3934791919900473,0.10231971683605375,1680410569_000004
1680410569,1680410569_000007,8,crop,180,0.2828790267112971,-0.1055394543817396,1680410569_000000
1680410569,1680410569_000008,8,crop,180,0.3831044775127013,-0.0012094660203932628,1680410569_000001
1680410569,1680410569_000009,8,crop,180,0.2674398964398084,-0.07698711874081575,1680410569_000007
1680412337,1680412337_000000,8,crop,180,0.4259098303649526,-0.14348791952741,1680412337_000739
1680412337,1680412337_000012,8,crop,180,0.4480984978451909,-0.03834482835134225,1680412337_000123
1680412337,1680412337_000025,8,crop,180,0.4522565622630756,0.022154187071534645,1680412337_000641
1680412337,1680412337_000037,8,crop,180,0.5081298618112597,-0.17348313194478457,1680412337_000690
1680412337,1680412337_000049,8,crop,180,0.4290037734120539,-0.006505833680266605,1680412337_000776
1680412337,1680412337_000062,8,crop,180,0.45124704759267703,0.011808470060284801,1680412337_000234
1680412337,1680412337_000074,8,crop,180,0.48986641369163264,-0.004530147163018289,1680412337_000333
1680412337,1680412337_000086,8,crop,180,0.393856114985343,0.00319185862826522,1680412337_000000
1680412337,1680412337_000099,8,crop,180,0.3914850375058004,0.01969252543593959,1680412337_000185
1680412337,1680412337_000111,8,crop,180,0.44267839824080957,-0.10159421351392868,1680412337_000542
1680412337,1680412337_000123,8,crop,180,0.42264549499088355,-0.023123382358663486,1680412337_000135
1680412337,1680412337_000135,8,crop,180,0.5151142577872806,0.1708628056201633,1680412337_000259
1680412337,1680412337_000148,8,crop,180,0.4318602073747438,0.07574890701209941,1680412337_000074
1680412337,1680412337_000160,8,crop,180,0.3581542297861022,-0.026900823723410464,1680412337_000431
1680412337,1680412337_000172,8,crop,180,0.3255640966893761,-0.13925507856764807,1680412337_000394
1680412337,1680412337_000185,8,crop,180,0.48404276347893055,-0.013817699354802773,1680412337_000468
1680412337,1680412337_000197,8,crop,180,0.43578631619207514,-0.04739121804259292,1680412337_000209
1680412337,1680412337_000209,8,crop,180,0.5609552406704638,0.16494891325470049,1680412337_000751
1680412337,1680412337_000222,8,crop,180,0.38473826996263094,0.05901928443053861,1680412337_000505
1680412337,1680412337_000234,8,crop,180,0.4654129173152326,-0.03841886516000196,1680412337_000037
1680412337,1680412337_000246,8,crop,180,0.46086226436313904,-0.1374723530445381,1680412337_000111
1680412337,1680412337_000259,8,crop,180,0.4998421827686695,0.12162395201830012,1680412337_000554
1680412337,1680412337_000271,8,crop,180,0.44049896060216037,0.17011491060160022,1680412337_000419
1680412337,1680412337_000283,8,crop,180,0.5212803052720928,-0.023694635208411575,1680412337_000677
1680412337,1680412337_000296,8,crop,180,0.4025306203521833,-0.03226631714855015,1680412337_000517
1680412337,1680412337_000308,8,crop,180,0.4873293155799234,0.03880712972364242,1680412337_000443
1680412337,1680412337_000320,8,crop,180,0.35202150365732204,-0.09912764473486892,1680412337_000370
1680412337,1680412337_000333,8,crop,180,0.4425491953808087,-0.06457190825936322,1680412337_000246
1680412337,1680412337_000345,8,crop,180,0.4400604370692802,-0.029455867230425134,1680412337_000567
1680412337,1680412337_000357,8,crop,180,0.4206018827020907,-0.10716289058131073,1680412337_000320
1680412337,1680412337_000370,8,crop,180,0.3153676045540033,-0.1588647485354163,1680412337_000727
1680412337,1680412337_000382,8,crop,180,0.4749279266617858,0.01822658981778726,1680412337_000062
1680412337,1680412337_000394,8,crop,180,0.4725257654733846,-0.03879033137288646,1680412337_000172
1680412337,1680412337_000406,8,crop,180,0.53341321655217,-0.003733892629611192,1680412337_000160
1680412337,1680412337_000419,8,crop,180,0.3694996271925954,0.07864377955369505,1680412337_000653
1680412337,1680412337_000431,8,crop,180,0.42933182066945647,0.03356368100613962,1680412337_000012
1680412337,1680412337_000443,8,crop,180,0.46554947875868025,0.023597824682938796,1680412337_000197
1680412337,1680412337_000456,8,crop,180,0.5145754622206015,-0.09010553162396263,1680412337_000382
1680412337,1680412337_000468,8,crop,180,0.3628436710029916,-0.07697426280928153,1680412337_000480
1680412337,1680412337_000480,8,crop,180,0.26968381168792244,-0.2227725015897083,1680412337_000591
1680412337,1680412337_000493,8,crop,180,0.3716142963869273,-0.12678732403297197,1680412337_000049
1680412337,1680412337_000505,8,crop,180,0.4064244178038872,0.04835506537682758,1680412337_000493
1680412337,1680412337_000517,8,crop,180,0.39313864066469567,0.022084071875873006,1680412337_000271
1680412337,1680412337_000530,8,crop,180,0.46011242604290503,0.039992079134952355,1680412337_000357
1680412337,1680412337_000542,8,crop,180,0.4479006095893703,0.007708494967356605,1680412337_000604
1680412337,1680412337_000554,8,crop,180,0.3708917238526532,-0.11748934530534738,1680412337_000283
1680412337,1680412337_000567,8,crop,180,0.47244999959545825,0.1887542825658033,1680412337_000345
1680412337,1680412337_000579,8,crop,180,0.4023100317045915,0.01330285545180522,1680412337_000308
1680412337,1680412337_000591,8,crop,180,0.4785523872897243,-0.023258943723673334,1680412337_000025
1680412337,1680412337_000604,8,crop,180,0.43055144420696373,0.09683935262047029,1680412337_000148
1680412337,1680412337_000616,8,crop,180,0.41866403740262,0.04736594749753593,1680412337_000764
1680412337,1680412337_000628,8,crop,180,0.2449589700830296,-0.1294082113424053,1680412337_000406
1680412337,1680412337_000641,8,crop,180,0.41059159947890933,-0.12303711258606005,1680412337_000086
1680412337,1680412337_000653,8,crop,180,0.4461158825308662,0.09782588893487865,1680412337_000702
1680412337,1680412337_000665,8,crop,180,0.398408888326453,-0.07725220979915216,1680412337_000530
1680412337,1680412337_000677,8,crop,180,0.41553111996824604,0.03646355380694719,1680412337_000579
1680412337,1680412337_000690,8,crop,180,0.32208511412118174,-0.13747715008546893,1680412337_000222
1680412337,1680412337_000702,8,crop,180,0.35739018412049756,-0.07573278697745098,1680412337_000628
1680412337,1680412337_000714,8,crop,180,0.37736657098038107,-0.0285685361046759,1680412337_000296
1680412337,1680412337_000727,8,crop,180,0.4373511411435236,0.02201160400729721,1680412337_000714
1680412337,1680412337_000739,8,crop,180,0.36253456508943643,-0.13942364348887384,1680412337_000099
1680412337,1680412337_000751,8,crop,180,0.46231460093874505,-0.0040809681292258,1680412337_000665
1680412337,1680412337_000764,8,crop,180,0.42372712076053265,0.04433857267151173,1680412337_000616
1680412337,1680412337_000776,8,crop,180,0.45887908518443904,0.012785810278092731,1680412337_000456
1681945334,1681945334_000000,8,crop,180,0.2492310137625142,-0.13073873007795353,1681945334_000480
1681945334,1681945334_000012,8,crop,180,0.4607424857139771,0.037179863436168414,1681945334_000394
1681945334,1681945334_000025,8,crop,180,0.48855587454857874,0.12484020198772527,1681945334_000320
1681945334,1681945334_000037,8,crop,180,0.45378453649173406,-0.035487023306620194,1681945334_000234
1681945334,1681945334_000049,8,crop,180,0.4596957757099484,0.08982037325472565,1681945334_000456
1681945334,1681945334_000062,8,crop,180,0.3576174505862549,-0.061229916091752414,1681945334_000148
1681945334,1681945334_000074,8,crop,180,0.509168567660503,0.1825697397774131,1681945334_000443
1681945334,1681945334_000086,8,crop,180,0.5114756910302283,0.017225383578489566,1681945334_000406
1681945334,1681945334_000099,8,crop,180,0.4830564244205411,-0.01274543854227563,1681945334_000517
1681945334,1681945334_000111,8,crop,180,0.41509094401979163,-0.08156609281936758,1681945334_000296
1681945334,1681945334_000123,8,crop,180,0.43365139004429953,-0.024706399232389542,1681945334_000308
1681945334,1681945334_000135,8,crop,180,0.3873201514527142,-0.0325631203359274,1681945334_000751
1681945334,1681945334_000148,8,crop,180,0.43026654311630486,-0.03228901687082374,1681945334_000333
1681945334,1681945334_000160,8,crop,180,0.4947737177460225,0.07762965510443406,1681945334_000246
1681945334,1681945334_000172,8,crop,180,0.48813124725589424,0.06384901309382397,1681945334_000345
1681945334,1681945334_000185,8,crop,180,0.36435176428858834,-0.15481076993587217,1681945334_000037
1681945334,1681945334_000197,8,crop,180,0.3998445546999061,-0.08408928181531732,1681945334_000025
1681945334,1681945334_000209,8,crop,180,0.38287887867317244,-0.0070579474810900655,1681945334_000739
1681945334,1681945334_000222,8,crop,180,0.5021710649379848,0.03328906705951306,1681945334_000764
1681945334,1681945334_000234,8,crop,180,0.4702412663317474,0.06036052358513335,1681945334_000209
1681945334,1681945334_000246,8,crop,180,0.3865161314279611,-0.026554517312937825,1681945334_000259
1681945334,1681945334_000259,8,crop,180,0.49024966923074365,0.08155186836940743,1681945334_000431
1681945334,1681945334_000271,8,crop,180,0.5562282348603178,0.09746375420511248,1681945334_000185
1681945334,1681945334_000283,8,crop,180,0.43370158604116593,0.05694333325399914,1681945334_000123
1681945334,1681945334_000296,8,crop,180,0.5317922787682917,0.1458824635501627,1681945334_000382
1681945334,1681945334_000308,8,crop,180,0.4910425647557108,-0.06566839266819312,1681945334_000074
1681945334,1681945334_000320,8,crop,180,0.4625672470304448,-0.04451043358085577,1681945334_000493
1681945334,1681945334_000333,8,crop,180,0.48069901340077026,-0.06699636038987439,1681945334_000579
1681945334,1681945334_000345,8,crop,180,0.5048406494763357,0.04666528457439659,1681945334_000099
1681945334,1681945334_000357,8,crop,180,0.403830136982122,-0.14806891777842826,1681945334_000641
1681945334,1681945334_000370,8,crop,180,0.440031533583572,-0.055961648815113896,1681945334_000419
1681945334,1681945334_000382,8,crop,180,0.4101413775540715,-0.16464583722021825,1681945334_000370
1681945334,1681945334_000394,8,crop,180,0.5398631283131861,-0.034864901802771076,1681945334_000776
1681945334,1681945334_000406,8,crop,180,0.38554424186552855,-0.12822377585008293,1681945334_000357
1681945334,1681945334_000419,8,crop,180,0.41651300616988335,-0.005060980060585678,1681945334_000628
1681945334,1681945334_000431,8,crop,180,0.5272776007578858,0.07539497006403484,1681945334_000554
1681945334,1681945334_000443,8,crop,180,0.38372444287971574,-0.049053990969645515,1681945334_000604
1681945334,1681945334_000456,8,crop,180,0.28644927203011245,-0.18172214601758774,1681945334_000665
1681945334,1681945334_000468,8,crop,180,0.5257722183993083,0.1073403746228883,1681945334_000591
1681945334,1681945334_000480,8,crop,180,0.3887819908595638,-0.041963539522190375,1681945334_000222
1681945334,1681945334_000493,8,crop,180,0.5068131569598705,0.0032378194825912108,1681945334_000530
1681945334,1681945334_000505,8,crop,180,0.4068696017362406,0.08887015587242793,1681945334_000702
1681945334,1681945334_000517,8,crop,180,0.4760310438123286,-0.004851760851940732,1681945334_000677
1681945334,1681945334_000530,8,crop,180,0.3667158687380206,-0.10038008393250304,1681945334_000616
1681945334,1681945334_000542,8,crop,180,0.48225584830141716,0.04700965020284464,1681945334_000160
1681945334,1681945334_000554,8,crop,180,0.36487809848990366,-0.07559357308358952,1681945334_000111
1681945334,1681945334_000567,8,crop,180,0.4247825969868102,-0.13465410400547298,1681945334_000468
1681945334,1681945334_000579,8,crop,180,0.4224537481878552,0.05367560964448051,1681945334_000714
1681945334,1681945334_000591,8,crop,180,0.5068276696084532,-0.008837740643448852,1681945334_000283
1681945334,1681945334_000604,8,crop,180,0.48076036722796506,0.00790686792913609,1681945334_000172
1681945334,1681945334_000616,8,crop,180,0.48836191285454095,-0.0098158203638209,1681945334_000000
1681945334,1681945334_000628,8,crop,180,0.23803039822886507,-0.15258669682091755,1681945334_000135
1681945334,1681945334_000641,8,crop,180,0.5292237842153115,0.19245810002497588,1681945334_000653
1681945334,1681945334_000653,8,crop,180,0.45656986339187783,0.008600781009846912,1681945334_000690
1681945334,1681945334_000665,8,crop,180,0.505613573643783,0.0560023460926285,1681945334_000012
1681945334,1681945334_000677,8,crop,180,0.4570570771571563,0.062323925059629304,1681945334_000542
1681945334,1681945334_000690,8,crop,180,0.47641348093544167,0.06829536770309373,1681945334_000727
1681945334,1681945334_000702,8,crop,180,0.4143339533852504,-0.0862637394038715,1681945334_000086
1681945334,1681945334_000714,8,crop,180,0.3859484767096328,0.004227213038996573,1681945334_000049
1681945334,1681945334_000727,8,crop,180,0.4771333708669354,0.14005037124592476,1681945334_000271
1681945334,1681945334_000739,8,crop,180,0.5119331566488814,0.04630490621949207,1681945334_000062
1681945334,1681945334_000751,8,crop,180,0.41406486655008173,0.0185368982605897,1681945334_000197
1681945334,1681945334_000764,8,crop,180,0.42809973803623586,-0.08199768091206684,1681945334_000567
1681945334,1681945334_000776,8,crop,180,0.4202968180063858,-0.08819415942132476,1681945334_000505
1682013847,1682013847_000000,8,crop,180,0.380282493412079,-0.050740925612758454,1682013847_000045
1682013847,1682013847_000002,8,crop,180,0.4423157267846188,-0.14409138682023012,1682013847_000080
1682013847,1682013847_000005,8,crop,180,0.5086120930235233,0.00023860382574284836,1682013847_000050
1682013847,1682013847_000007,8,crop,180,0.47961999082384743,0.06675004954461476,1682013847_000132
1682013847,1682013847_000010,8,crop,180,0.43775141129891254,0.008620870580156223,1682013847_000140
1682013847,1682013847_000012,8,crop,180,0.3605923123022565,-0.06024128567847794,1682013847_000040
1682013847,1682013847_000015,8,crop,180,0.4507713260297696,-0.015332667989302764,1682013847_000072
1682013847,1682013847_000017,8,crop,180,0.4536304487503877,-0.12088118727634063,1682013847_000042
1682013847,1682013847_000020,8,crop,180,0.3856934239454924,-0.07766181062691162,1682013847_000042
1682013847,1682013847_000022,8,crop,180,0.43104369223222866,-0.05367657800698825,1682013847_000030
1682013847,1682013847_000025,8,crop,180,0.5487364677995131,0.04888807104696316,1682013847_000085
1682013847,1682013847_000027,8,crop,180,0.4433562734906868,0.007794377374271276,1682013847_000032
1682013847,1682013847_000030,8,crop,180,0.3636678271547573,-0.08751734489712422,1682013847_000052
1682013847,1682013847_000032,8,crop,180,0.4278432825200298,-0.05704891943079279,1682013847_000147
1682013847,1682013847_000035,8,crop,180,0.5002686125781115,0.17579765961443097,1682013847_000102
1682013847,1682013847_000037,8,crop,180,0.4958841104976446,0.0800208219719878,1682013847_000077
1682013847,1682013847_000040,8,crop,180,0.4137400493380327,0.044598246598379555,1682013847_000130
1682013847,1682013847_000042,8,crop,180,0.43511261100640164,0.05423018406225256,1682013847_000107
1682013847,1682013847_000045,8,crop,180,0.5028235920021631,0.07817176882796635,1682013847_000127
1682013847,1682013847_000047,8,crop,180,0.4112686921921827,0.018849232269336203,1682013847_000120
1682013847,1682013847_000050,8,crop,180,0.5066851097313892,0.009862174313540431,1682013847_000152
1682013847,1682013847_000052,8,crop,180,0.4822355413187789,-0.04996289611193871,1682013847_000150
1682013847,1682013847_000055,8,crop,180,0.5149286492470012,0.05509313451369654,1682013847_000097
1682013847,1682013847_000057,8,crop,180,0.3999895612773541,-0.08305340348088552,1682013847_000115
1682013847,1682013847_000060,8,crop,180,0.45067575648366986,-0.022673411146166722,1682013847_000027
1682013847,1682013847_000062,8,crop,180,0.49574630947872195,0.023154071722334423,1682013847_000015
1682013847,1682013847_000065,8,crop,180,0.37542029112058195,-0.15386173928457889,1682013847_000035
1682013847,1682013847_000067,8,crop,180,0.43544066032171996,-0.013010789385828503,1682013847_000025
1682013847,1682013847_000070,8,crop,180,0.351853892714498,-0.13971102653779652,1682013847_000142
1682013847,1682013847_000072,8,crop,180,0.5305495279651322,-0.010460589023982067,1682013847_000112
1682013847,1682013847_000075,8,crop,180,0.4239815122129935,-0.005779442054008256,1682013847_000090
1682013847,1682013847_000077,8,crop,180,0.32962081042365104,-0.0264781036600585,1682013847_000090
1682013847,1682013847_000080,8,crop,180,0.40032060084395277,0.011361510227111774,1682013847_000000
1682013847,1682013847_000082,8,crop,180,0.5108156186315242,-0.042656769222731906,1682013847_000157
1682013847,1682013847_000085,8,crop,180,0.44945503907744694,0.027688719456824013,1682013847_000060
1682013847,1682013847_000087,8,crop,180,0.427596649600259,-0.013803783157176341,1682013847_000007
1682013847,1682013847_000090,8,crop,180,0.43399518996350883,0.031018422034432423,1682013847_000082
1682013847,1682013847_000092,8,crop,180,0.37373118258209487,-0.06350451488460125,1682013847_000057
1682013847,1682013847_000095,8,crop,180,0.5150276789580777,-0.026081842786098486,1682013847_000070
1682013847,1682013847_000097,8,crop,180,0.2925680225413128,-0.08139758450558536,1682013847_000037
1682013847,1682013847_000100,8,crop,180,0.4247066647741453,0.06098899780192544,1682013847_000012
1682013847,1682013847_000102,8,crop,180,0.45394252253484185,-0.05817175020844969,1682013847_000055
1682013847,1682013847_000105,8,crop,180,0.49104771480778764,0.1011339999964228,1682013847_000100
1682013847,1682013847_000107,8,crop,180,0.40956531811780666,-0.07730175684556943,1682013847_000122
1682013847,1682013847_000110,8,crop,180,0.5212654152339385,0.1564461440271413,1682013847_000067
1682013847,1682013847_000112,8,crop,180,0.4854161974229503,-0.009001450554780731,1682013847_000092
1682013847,1682013847_000115,8,crop,180,0.4312340552030196,0.06369633910234199,1682013847_000022
1682013847,1682013847_000117,8,crop,180,0.4200973158582498,-0.02011654554467136,1682013847_000125
1682013847,1682013847_000120,8,crop,180,0.4825532129904835,0.04145066910429571,1682013847_000087
1682013847,1682013847_000122,8,crop,180,0.44536290208386276,-0.019870694782220033,1682013847_000047
1682013847,1682013847_000125,8,crop,180,0.4254421370814056,-0.004572242496714775,1682013847_000155
1682013847,1682013847_000127,8,crop,180,0.48265165541298005,-0.0719092092298323,1682013847_000145
1682013847,1682013847_000130,8,crop,180,0.3860706932812277,-0.09343945795354923,1682013847_000135
1682013847,1682013847_000132,8,crop,180,0.5093073528673226,0.019672634568653303,1682013847_000110
1682013847,1682013847_000135,8,crop,180,0.42042824942424045,-0.024662686534434836,1682013847_000010
1682013847,1682013847_000137,8,crop,180,0.5554201748551194,0.16663683801729975,1682013847_000062
1682013847,1682013847_000140,8,crop,180,0.4652101087420923,-0.049325248135047885,1682013847_000002
1682013847,1682013847_000142,8,crop,180,0.546298504064332,0.09118605559711529,1682013847_000095
1682013847,1682013847_000145,8,crop,180,0.3861896071889901,0.01716207530835719,1682013847_000020
1682013847,1682013847_000147,8,crop,180,0.4413224874824615,-0.10806142981190053,1682013847_000137
1682013847,1682013847_000150,8,crop,180,0.36109815561080505,-0.14010451518302283,1682013847_000005
1682013847,1682013847_000152,8,crop,180,0.13021566036936508,-0.09398479667840402,1682013847_000105
1682013847,1682013847_000155,8,crop,180,0.16916856275810924,0.03467665635744128,1682013847_000065
1682013847,1682013847_000157,8,crop,180,0.28760214735757894,0.07251939269593044,1682013847_000117
1682014432,1682014432_000000,8,crop,180,0.43710825080262916,0.05575500162713045,1682014432_000039
1682014432,1682014432_000001,8,crop,180,0.42665564196400824,-0.03630035154586734,1682014432_000041
1682014432,1682014432_000002,8,crop,180,0.37733308490907547,-0.026771752658312345,1682014432_000081
1682014432,1682014432_000003,8,crop,180,0.5130838630111559,0.17033799344239767,1682014432_000030
1682014432,1682014432_000004,8,crop,180,0.35032928509361705,-0.1411752463079515,1682014432_000088
1682014432,1682014432_000005,8,crop,180,0.49244134795726985,-0.05373880889559455,1682014432_000101
1682014432,1682014432_000006,8,crop,180,0.49548150241848266,0.13478387580028608,1682014432_000001
1682014432,1682014432_000007,8,crop,180,0.568177968154482,0.037202088069535844,1682014432_000024
1682014432,1682014432_000008,8,crop,180,0.5088769778194657,0.0791199363551086,1682014432_000111
1682014432,1682014432_000009,8,crop,180,0.4079597166562703,0.007608381778066016,1682014432_000094
1682014432,1682014432_000010,8,crop,180,0.47330044269908506,0.16017798521338514,1682014432_000070
1682014432,1682014432_000011,8,crop,180,0.4386006550642889,0.03448863246584754,1682014432_000031
1682014432,1682014432_000012,8,crop,180,0.4965689910879671,0.081163919334708,1682014432_000078
1682014432,1682014432_000013,8,crop,180,0.45558253368002083,0.0045237041681099694,1682014432_000046
1682014432,1682014432_000014,8,crop,180,0.38593321589937446,-0.03462566452023207,1682014432_000020
1682014432,1682014432_000015,8,crop,180,0.3774154718074881,-0.09296693875195298,1682014432_000016
1682014432,1682014432_000016,8,crop,180,0.42463568017943915,-0.0303942559293395,1682014432_000062
1682014432,1682014432_000017,8,crop,180,0.5648142985479563,0.09328711397458112,1682014432_000042
1682014432,1682014432_000018,8,crop,180,0.5279419705807041,0.10888543325758292,1682014432_000044
1682014432,1682014432_000019,8,crop,180,0.3680831321593696,-0.09415514500716216,1682014432_000072
1682014432,1682014432_000020,8,crop,180,0.4775358536136665,0.016342344732156733,1682014432_000107
1682014432,1682014432_000021,8,crop,180,0.44581935153739133,0.08476914071869762,1682014432_000064
1682014432,1682014432_000022,8,crop,180,0.5152502017169529,0.09752580934926679,1682014432_000091
1682014432,1682014432_000023,8,crop,180,0.49469034508096205,0.042757066570933165,1682014432_000109
1682014432,1682014432_000024,8,crop,180,0.4433989812559302,-0.08606477210915942,1682014432_000053
1682014432,1682014432_000025,8,crop,180,0.46679260310024234,0.05684617504762466,1682014432_000099
1682014432,1682014432_000026,8,crop,180,0.45749778260178536,0.02179766824274899,1682014432_000047
1682014432,1682014432_000027,8,crop,180,0.48301802868959864,0.09207357660805604,1682014432_000083
1682014432,1682014432_000028,8,crop,180,0.44837392474483595,0.06466681697668908,1682014432_000012
1682014432,1682014432_000029,8,crop,180,0.4385560065716471,0.05012947640329746,1682014432_000003
1682014432,1682014432_000030,8,crop,180,0.4631338982371099,-0.04640346136463666,1682014432_000022
1682014432,1682014432_000031,8,crop,180,0.5214972447551317,0.06466677463906038,1682014432_000103
1682014432,1682014432_000032,8,crop,180,0.5593082530649713,0.013753660373085211,1682014432_000092
1682014432,1682014432_000033,8,crop,180,0.5129894215784313,0.15407477905331737,1682014432_000105
1682014432,1682014432_000034,8,crop,180,0.5728092921267671,0.07707064372112271,1682014432_000023
1682014432,1682014432_000035,8,crop,180,0.38552330375046434,-0.09219280810144703,1682014432_000028
1682014432,1682014432_000036,8,crop,180,0.48563858620731076,0.1031514685631354,1682014432_000073
1682014432,1682014432_000037,8,crop,180,0.44496276019559805,0.037560987028962,1682014432_000017
1682014432,1682014432_000038,8,crop,180,0.4965864035298145,-0.00844449238411458,1682014432_000074
1682014432,1682014432_000039,8,crop,180,0.4031505494573731,-0.0669028880229761,1682014432_000043
1682014432,1682014432_000040,8,crop,180,0.5072612505277726,0.12510937021578597,1682014432_000085
1682014432,1682014432_000041,8,crop,180,0.4683701316389844,-0.04092026380057929,1682014432_000052
1682014432,1682014432_000042,8,crop,180,0.5413722431705827,0.02837703308325922,1682014432_000006
1682014432,1682014432_000043,8,crop,180,0.49611604094070194,0.06613869361602827,1682014432_000112
1682014432,1682014432_000044,8,crop,180,0.43542911598963774,-0.1026325319156433,1682014432_000071
1682014432,1682014432_000045,8,crop,180,0.47358779043681326,0.06678706986036875,1682014432_000040
1682014432,1682014432_000046,8,crop,180,0.45712247105916054,-0.08229849300971986,1682014432_000049
1682014432,1682014432_000047,8,crop,180,0.4617510495383725,0.09177490412379095,1682014432_000068
1682014432,1682014432_000048,8,crop,180,0.4373678464931356,0.019445634384283345,1682014432_000008
1682014432,1682014432_000049,8,crop,180,0.41111115784291563,-0.12174982689940506,1682014432_000058
1682014432,1682014432_000050,8,crop,180,0.434160575174797,-0.10562322614136017,1682014432_000084
1682014432,1682014432_000051,8,crop,180,0.4057843572492957,-0.19932277241434834,1682014432_000018
1682014432,1682014432_000052,8,crop,180,0.33694123651419816,-0.0314741148851386,1682014432_000110
1682014432,1682014432_000053,8,crop,180,0.4954232345748553,0.04781510876406576,1682014432_000065
1682014432,1682014432_000054,8,crop,180,0.3941174907510552,0.011722369455056517,1682014432_000066
1682014432,1682014432_000055,8,crop,180,0.38808707319214736,-0.10807564676440916,1682014432_000048
1682014432,1682014432_000056,8,crop,180,0.5908025462687694,0.056142879236134924,1682014432_000082
1682014432,1682014432_000057,8,crop,180,0.47513651921306294,0.021874815142030924,1682014432_000055
1682014432,1682014432_000058,8,crop,180,0.5003837929211828,0.021284470952534034,1682014432_000087
1682014432,1682014432_000059,8,crop,180,0.48202334326110585,0.08125228579691723,1682014432_000007
1682014432,1682014432_000060,8,crop,180,0.37801299106007136,-0.017219300863321397,1682014432_000021
1682014432,1682014432_000061,8,crop,180,0.40136109172310075,-0.045662632389056206,1682014432_000104
1682014432,1682014432_000062,8,crop,180,0.33819467496970274,-0.04375169155430115,1682014432_000093
1682014432,1682014432_000063,8,crop,180,0.516723463110821,0.17002130653208977,1682014432_000033
1682014432,1682014432_000064,8,crop,180,0.4458808192347726,0.08526581451976102,1682014432_000009
1682014432,1682014432_000065,8,crop,180,0.39083302479827503,-0.13298365532763778,1682014432_000004
1682014432,1682014432_000066,8,crop,180,0.4648791990066596,-0.09531589743902631,1682014432_000010
1682014432,1682014432_000067,8,crop,180,0.4804736941844355,0.05659145382087719,1682014432_000025
1682014432,1682014432_000068,8,crop,180,0.46026493785544637,-0.013123390409020599,1682014432_000036
1682014432,1682014432_000069,8,crop,180,0.5056929903143556,0.09413309794613439,1682014432_000045
1682014432,1682014432_000070,8,crop,180,0.46775252076663115,-0.00882621532457594,1682014432_000076
1682014432,1682014432_000071,8,crop,180,0.5149450149454089,0.14105929863160563,1682014432_000013
1682014432,1682014432_000072,8,crop,180,0.339958523559247,-0.11406444978576773,1682014432_000056
1682014432,1682014432_000073,8,crop,180,0.5011403123818626,0.0606661441398945,1682014432_000075
1682014432,1682014432_000074,8,crop,180,0.362305968270697,-0.20330441091142318,1682014432_000067
1682014432,1682014432_000075,8,crop,180,0.4993906540909732,-0.02793347055596607,1682014432_000050
1682014432,1682014432_000076,8,crop,180,0.3947074948075376,-0.1637900695535705,1682014432_000032
1682014432,1682014432_000077,8,crop,180,0.4013845813534575,-0.09392584864609711,1682014432_000102
1682014432,1682014432_000078,8,crop,180,0.39308938377038016,-0.08165218246609811,1682014432_000005
1682014432,1682014432_000079,8,crop,180,0.49579505954743314,0.10098491076270995,1682014432_000034
1682014432,1682014432_000080,8,crop,180,0.46814697235257174,-0.10506541839998619,1682014432_000015
1682014432,1682014432_000081,8,crop,180,0.44899305038623005,0.07200881800786087,1682014432_000002
1682014432,1682014432_000082,8,crop,180,0.4214453463463617,-0.036183704600514864,1682014432_000097
1682014432,1682014432_000083,8,crop,180,0.37715546281525075,-0.032884957379608046,1682014432_000035
1682014432,1682014432_000084,8,crop,180,0.5776667830954584,0.1691615731952404,1682014432_000051
1682014432,1682014432_000085,8,crop,180,0.42688468360770243,-0.05463099020931419,1682014432_000095
1682014432,1682014432_000086,8,crop,180,0.5323855043569689,0.09533442256012642,1682014432_000029
1682014432,1682014432_000087,8,crop,180,0.5140512653228502,-0.04390770939891756,1682014432_000063
1682014432,1682014432_000088,8,crop,180,0.42778918008821143,-0.0831746620638235,1682014432_000086
1682014432,1682014432_000089,8,crop,180,0.442514523388879,-0.0018021265197591951,1682014432_000011
1682014432,1682014432_000090,8,crop,180,0.43378035576571766,0.0287973101417911,1682014432_000060
1682014432,1682014432_000091,8,crop,180,0.4632833207836902,-0.05540747441816283,1682014432_000090
1682014432,1682014432_000092,8,crop,180,0.4567087905592941,-0.13489150325480867,1682014432_000054
1682014432,1682014432_000093,8,crop,180,0.5161679557893021,0.14747808329907083,1682014432_000019
1682014432,1682014432_000094,8,crop,180,0.4169595644621082,-0.08409983847253306,1682014432_000077
1682014432,1682014432_000095,8,crop,180,0.42707717168347586,0.12677822792528012,1682014432_000069
1682014432,1682014432_000096,8,crop,180,0.2586510038885859,0.026121836381145718,1682014432_000100
1682014432,1682014432_000097,8,crop,180,0.437452881246029,0.004615221446658972,1682014432_000080
1682014432,1682014432_000098,8,crop,180,0.3905509391887306,0.04606506881343542,1682014432_000014
1682014432,1682014432_000099,8,crop,180,0.40467790382885704,-0.05028657427549486,1682014432_000014
1682014432,1682014432_000100,8,crop,180,0.4709751507824452,0.018426509924345164,1682014432_000038
1682014432,1682014432_000101,8,crop,180,0.5828031398973461,0.09905037191983368,1682014432_000027
1682014432,1682014432_000102,8,crop,180,0.46215120584728614,0.007493317794021699,1682014432_000108
1682014432,1682014432_000103,8,crop,180,0.5295498036439968,0.11468686795437422,1682014432_000059
1682014432,1682014432_000104,8,crop,180,0.5175615757630461,0.0400789270025309,1682014432_000079
1682014432,1682014432_000105,8,crop,180,0.47205261806475723,-0.036401733430766435,1682014432_000057
1682014432,1682014432_000106,8,crop,180,0.5077453254806674,0.09933004596985029,1682014432_000089
1682014432,1682014432_000107,8,crop,180,0.4349437810426677,0.08724139545841554,1682014432_000106
1682014432,1682014432_000108,8,crop,180,0.3071322219876371,-0.06540247360306133,1682014432_000000
1682014432,1682014432_000109,8,crop,180,0.31533484735429296,-0.0868038402711806,1682014432_000037
1682014432,1682014432_000110,8,crop,180,0.3794907719727459,-0.03130717793298775,1682014432_000026
1682014432,1682014432_000111,8,crop,180,0.3787854549639373,0.043342858685531414,1682014432_000096
1682014432,1682014432_000112,8,crop,180,0.43027626380221723,0.06936086573324196,1682014432_000061
1682712156,1682712156_000001,8,crop,180,0.5198638012823595,0.1011116871872415,1682712156_000568
1682712156,1682712156_000013,8,crop,180,0.4561044860310289,-0.08932535560452297,1682712156_000469
1682712156,1682712156_000026,8,crop,180,0.46974265142655575,0.06353093446023972,1682712156_000186
1682712156,1682712156_000038,8,crop,180,0.3646541014599709,-0.08564080475394475,1682712156_000642
1682712156,1682712156_000050,8,crop,180,0.4445800507021535,0.04809468544074452,1682712156_000457
1682712156,1682712156_000063,8,crop,180,0.49043905582635317,0.05284690515861237,1682712156_000013
1682712156,1682712156_000075,8,crop,180,0.43822881955820914,0.028458109527576898,1682712156_000235
1682712156,1682712156_000087,8,crop,180,0.4451559677009438,0.0887958103793277,1682712156_000100
1682712156,1682712156_000100,8,crop,180,0.4821942552775686,0.05021571919360779,1682712156_000777
1682712156,1682712156_000112,8,crop,180,0.27393352153390665,-0.05162404026736323,1682712156_000136
1682712156,1682712156_000124,8,crop,180,0.5420946199330484,0.17627615817608497,1682712156_000555
1682712156,1682712156_000136,8,crop,180,0.3713482653879687,0.01959616255585241,1682712156_000297
1682712156,1682712156_000149,8,crop,180,0.4927915345269862,0.08734226556813152,1682712156_000617
1682712156,1682712156_000161,8,crop,180,0.4390426712508271,-0.005721949691169774,1682712156_000752
1682712156,1682712156_000173,8,crop,180,0.49057834184392785,-0.11667717652887426,1682712156_000321
1682712156,1682712156_000186,8,crop,180,0.40397669559680166,-0.06930028708760923,1682712156_000765
1682712156,1682712156_000198,8,crop,180,0.4475137753668282,-0.05237729507811476,1682712156_000395
1682712156,1682712156_000210,8,crop,180,0.39480426281566405,-0.02066894614829264,1682712156_000420
1682712156,1682712156_000223,8,crop,180,0.4151228354758807,-0.11526447830535151,1682712156_000605
1682712156,1682712156_000235,8,crop,180,0.37699423089537637,-0.07135536556851788,1682712156_000346
1682712156,1682712156_000247,8,crop,180,0.4450416607860217,-0.06101880410959021,1682712156_000198
1682712156,1682712156_000260,8,crop,180,0.4580183925835167,0.04425491093770206,1682712156_000629
1682712156,1682712156_000272,8,crop,180,0.4970618464862287,0.08197549912820001,1682712156_000543
1682712156,1682712156_000284,8,crop,180,0.4763135911956791,0.06267833382785537,1682712156_000678
1682712156,1682712156_000297,8,crop,180,0.429091106105125,0.03317164216185097,1682712156_000728
1682712156,1682712156_000309,8,crop,180,0.4613424983598813,-0.030381793539172076,1682712156_000383
1682712156,1682712156_000321,8,crop,180,0.3725989363798267,-0.008506511618925702,1682712156_000247
1682712156,1682712156_000334,8,crop,180,0.43150275681842437,-0.12820335842624483,1682712156_000161
1682712156,1682712156_000346,8,crop,180,0.5428349608397598,0.09859385409362105,1682712156_000124
1682712156,1682712156_000358,8,crop,180,0.45682103563091353,-0.1342315573016908,1682712156_000654
1682712156,1682712156_000371,8,crop,180,0.41148899176066944,-0.0029870460548610165,1682712156_000432
1682712156,1682712156_000383,8,crop,180,0.33923729224156146,-0.07733075205801082,1682712156_000260
1682712156,1682712156_000395,8,crop,180,0.4191133016255458,-0.014515417132294381,1682712156_000358
1682712156,1682712156_000407,8,crop,180,0.4586791822674073,-0.12201726338442515,1682712156_000334
1682712156,1682712156_000420,8,crop,180,0.406902892339904,-0.11139841447965765,1682712156_000075
1682712156,1682712156_000432,8,crop,180,0.4446140242440975,-0.07585188590194293,1682712156_000149
1682712156,1682712156_000444,8,crop,180,0.4302009639617051,-0.11033506746893164,1682712156_000506
1682712156,1682712156_000457,8,crop,180,0.4548147081824406,0.19431497275563023,1682712156_000444
1682712156,1682712156_000469,8,crop,180,0.2917282871273628,-0.3123725317662445,1682712156_000112
1682712156,1682712156_000481,8,crop,180,0.4824654428769916,-0.04708166942952092,1682712156_000173
1682712156,1682712156_000494,8,crop,180,0.5082978942163229,0.004797137382127895,1682712156_000223
1682712156,1682712156_000506,8,crop,180,0.51344273259579,-0.008398848545844644,1682712156_000494
1682712156,1682712156_000518,8,crop,180,0.5058137213921415,-0.021845325581839315,1682712156_000210
1682712156,1682712156_000531,8,crop,180,0.5758424405688966,0.14266917308345187,1682712156_000592
1682712156,1682712156_000543,8,crop,180,0.42139723768921167,0.0056185381895112185,1682712156_000481
1682712156,1682712156_000555,8,crop,180,0.2914128025817505,-0.16529761501109766,1682712156_000087
1682712156,1682712156_000568,8,crop,180,0.48258442206652274,0.052223804380388344,1682712156_000026
1682712156,1682712156_000580,8,crop,180,0.37258691892334256,0.05469780083771362,1682712156_000284
1682712156,1682712156_000592,8,crop,180,0.38779352788415133,-0.15168101384891555,1682712156_000715
1682712156,1682712156_000605,8,crop,180,0.274983241707508,-0.14264999498291547,1682712156_000740
1682712156,1682712156_000617,8,crop,180,0.39377767242445394,-0.06603730389208913,1682712156_000518
1682712156,1682712156_000629,8,crop,180,0.4300337224679846,0.0503935103672524,1682712156_000580
1682712156,1682712156_000642,8,crop,180,0.3778863911597523,-0.0395829050489342,1682712156_000703
1682712156,1682712156_000654,8,crop,180,0.4232203849479921,-0.0010183276044275907,1682712156_000063
1682712156,1682712156_000666,8,crop,180,0.3552006417463834,-0.1561816511959101,1682712156_000531
1682712156,1682712156_000678,8,crop,180,0.4497731624186108,-0.0010105701347859115,1682712156_000050
1682712156,1682712156_000691,8,crop,180,0.40786721507934337,0.03771980444225582,1682712156_000407
1682712156,1682712156_000703,8,crop,180,0.4958675370168754,0.16211150232336966,1682712156_000666
1682712156,1682712156_000715,8,crop,180,0.33515601111072185,-0.15255195505725833,1682712156_000001
1682712156,1682712156_000728,8,crop,180,0.4016507669016444,0.042186699564264594,1682712156_000691
1682712156,1682712156_000740,8,crop,180,0.4471574766956666,0.061129698360792774,1682712156_000309
1682712156,1682712156_000752,8,crop,180,0.6023379809675476,0.07983664540085446,1682712156_000371
1682712156,1682712156_000765,8,crop,180,0.5028652395147201,-0.005517256848263569,1682712156_000272
1682712156,1682712156_000777,8,crop,180,0.40055084504272537,-0.011934280470916108,1682712156_000038
1682718815,1682718815_000001,8,crop,180,0.4776263544348665,0.10957400342768835,1682718815_000641
1682718815,1682718815_000005,8,crop,180,0.4756533189447238,-0.0063088469168215144,1682718815_000449
1682718815,1682718815_000009,8,crop,180,0.5188790797748024,0.09043657209785094,1682718815_000717
1682718815,1682718815_000013,8,crop,180,0.5342396582416812,0.22133823145316378,1682718815_000229
1682718815,1682718815_000017,8,crop,180,0.5143659042375693,0.0467362229000298,1682718815_000241
1682718815,1682718815_000021,8,crop,180,0.45176360059047765,0.016636022689339877,1682718815_000713
1682718815,1682718815_000025,8,crop,180,0.41183008114038094,-0.10494366711700369,1682718815_000317
1682718815,1682718815_000029,8,crop,180,0.38463875776221984,-0.10465345509169326,1682718815_000033
1682718815,1682718815_000033,8,crop,180,0.5386034271616261,0.17324220557857564,1682718815_000709
1682718815,1682718815_000037,8,crop,180,0.509094758820318,0.08026670918622429,1682718815_000553
1682718815,1682718815_000041,8,crop,180,0.3851523302080983,-0.07231274680788721,1682718815_000545
1682718815,1682718815_000045,8,crop,180,0.45885570053647545,0.05991202060357544,1682718815_000385
1682718815,1682718815_000049,8,crop,180,0.4289234505902309,-0.030082120277472934,1682718815_000269
1682718815,1682718815_000053,8,crop,180,0.4286047703673435,0.06738939198827769,1682718815_000173
1682718815,1682718815_000057,8,crop,180,0.3940717054588647,-0.1427169468139247,1682718815_000621
1682718815,1682718815_000061,8,crop,180,0.47812603786779545,0.04871562903800734,1682718815_000509
1682718815,1682718815_000065,8,crop,180,0.4785119948087435,0.08154327227845032,1682718815_000117
1682718815,1682718815_000069,8,crop,180,0.4369990799729068,-0.008774411859615897,1682718815_000513
1682718815,1682718815_000073,8,crop,180,0.3183584747844012,-0.01074846006566981,1682718815_000017
1682718815,1682718815_000077,8,crop,180,0.4111873598731633,-0.04344252566279591,1682718815_000321
1682718815,1682718815_000081,8,crop,180,0.47947052673463086,0.06638683605046887,1682718815_000389
1682718815,1682718815_000085,8,crop,180,0.3973407663170949,-0.12060028258854238,1682718815_000733
1682718815,1682718815_000089,8,crop,180,0.5029181687876033,-0.006426726455989407,1682718815_000341
1682718815,1682718815_000093,8,crop,180,0.36038228583870674,-0.16047973646525646,1682718815_000517
1682718815,1682718815_000097,8,crop,180,0.36903518964197235,0.0002435936409909134,1682718815_000541
1682718815,1682718815_000101,8,crop,180,0.49395925027012805,0.08213086889240874,1682718815_000477
1682718815,1682718815_000105,8,crop,180,0.3797559573420975,-0.06771379015058508,1682718815_000589
1682718815,1682718815_000109,8,crop,180,0.38790916976087875,0.00040097492817243546,1682718815_000677
1682718815,1682718815_000113,8,crop,180,0.4777522902210151,-0.06974460469171014,1682718815_000337
1682718815,1682718815_000117,8,crop,180,0.5371473863296155,0.09480670940115975,1682718815_000301
1682718815,1682718815_000121,8,crop,180,0.5069797529297239,0.11683800640393999,1682718815_000009
1682718815,1682718815_000125,8,crop,180,0.42248420325840774,-0.049701793715389415,1682718815_000205
1682718815,1682718815_000129,8,crop,180,0.5222124719845508,-0.0015027658826411324,1682718815_000613
1682718815,1682718815_000133,8,crop,180,0.49580358675519703,0.07851781625347089,1682718815_000461
1682718815,1682718815_000137,8,crop,180,0.5021011496178343,0.03864265697638876,1682718815_000701
1682718815,1682718815_000141,8,crop,180,0.4962019671968272,-0.06566227929018632,1682718815_000453
1682718815,1682718815_000145,8,crop,180,0.5042242398303867,-0.03540809121382702,1682718815_000725
1682718815,1682718815_000149,8,crop,180,0.4310259502189786,-0.11481589118858972,1682718815_000277
1682718815,1682718815_000153,8,crop,180,0.35371378031785516,-0.11595775386288316,1682718815_000729
1682718815,1682718815_000157,8,crop,180,0.32205032719874566,-0.13096274662855417,1682718815_000309
1682718815,1682718815_000161,8,crop,180,0.3534374592782597,-0.051178607460210745,1682718815_000505
1682718815,1682718815_000165,8,crop,180,0.3664864371470558,-0.07187846414777975,1682718815_000257
1682718815,1682718815_000169,8,crop,180,0.3952527770926692,-0.016681504833846648,1682718815_000013
1682718815,1682718815_000173,8,crop,180,0.42378825953761595,-0.06282596181901677,1682718815_000349
1682718815,1682718815_000177,8,crop,180,0.48225473868191643,0.03846777246247494,1682718815_000457
1682718815,1682718815_000181,8,crop,180,0.3857640166991825,-0.05612903673294656,1682718815_000137
1682718815,1682718815_000185,8,crop,180,0.5672816243767472,0.11211428557257513,1682718815_000617
1682718815,1682718815_000189,8,crop,180,0.5045452147882995,0.10234408158457114,1682718815_000169
1682718815,1682718815_000193,8,crop,180,0.38325320401901714,-0.151773566065021,1682718815_000765
1682718815,1682718815_000197,8,crop,180,0.4869136877059829,0.06738878225306831,1682718815_000073
1682718815,1682718815_000201,8,crop,180,0.44629106367932964,-0.021499140805375724,1682718815_000425
1682718815,1682718815_000205,8,crop,180,0.4519105449533747,0.017031864583137813,1682718815_000481
1682718815,1682718815_000209,8,crop,180,0.3820120997726388,-0.1275839664852401,1682718815_000565
1682718815,1682718815_000213,8,crop,180,0.42815192313626044,0.009554271268965167,1682718815_000185
1682718815,1682718815_000217,8,crop,180,0.46195717042498563,0.04133227724959035,1682718815_000689
1682718815,1682718815_000221,8,crop,180,0.41398138701262344,0.04199758766253361,1682718815_000397
1682718815,1682718815_000225,8,crop,180,0.37697619819885836,-0.11325586251385182,1682718815_000293
1682718815,1682718815_000229,8,crop,180,0.4645217431163029,-0.07039214151833734,1682718815_000557
1682718815,1682718815_000233,8,crop,180,0.3393423639768327,-0.2632122909618831,1682718815_000661
1682718815,1682718815_000237,8,crop,180,0.49064612210556807,-0.06787756027598855,1682718815_000533
1682718815,1682718815_000241,8,crop,180,0.40571564035040497,0.03232524195479123,1682718815_000417
1682718815,1682718815_000245,8,crop,180,0.5802475059027161,0.0020618663390102737,1682718815_000757
1682718815,1682718815_000249,8,crop,180,0.453029362684317,0.08551858294501591,1682718815_000069
1682718815,1682718815_000253,8,crop,180,0.26522684312804085,-0.16043983540908147,1682718815_000133
1682718815,1682718815_000257,8,crop,180,0.441096588299851,-0.08113931013142557,1682718815_000741
1682718815,1682718815_000261,8,crop,180,0.41083789318388164,0.02026074436071872,1682718815_000537
1682718815,1682718815_000265,8,crop,180,0.40126080954912985,-0.11036556908127891,1682718815_000489
1682718815,1682718815_000269,8,crop,180,0.4370358615309026,0.09735983603663445,1682718815_000149
1682718815,1682718815_000273,8,crop,180,0.44864151527588336,0.08220555754427004,1682718815_000497
1682718815,1682718815_000277,8,crop,180,0.36276497352153897,-0.2517359852257578,1682718815_000145
1682718815,1682718815_000281,8,crop,180,0.4257152406612626,0.04026132497442445,1682718815_000629
1682718815,1682718815_000285,8,crop,180,0.455477227837998,-0.09674014674583786,1682718815_000773
1682718815,1682718815_000289,8,crop,180,0.4881684521082786,0.1527072392713433,1682718815_000161
1682718815,1682718815_000293,8,crop,180,0.42589652716987175,-0.10538360840342077,1682718815_000181
1682718815,1682718815_000297,8,crop,180,0.4295411337612829,0.036279208675695014,1682718815_000605
1682718815,1682718815_000301,8,crop,180,0.6198087618118703,0.13836100889360103,1682718815_000601
1682718815,1682718815_000305,8,crop,180,0.5335519734936192,0.04397303366730762,1682718815_000113
1682718815,1682718815_000309,8,crop,180,0.4150528166203686,-0.006865487414479704,1682718815_000249
1682718815,1682718815_000313,8,crop,180,0.5158976738901584,0.04032158727501394,1682718815_000125
1682718815,1682718815_000317,8,crop,180,0.4737763805307176,0.07167912744091802,1682718815_000093
1682718815,1682718815_000321,8,crop,180,0.455603697486894,-0.010352183855670327,1682718815_000433
1682718815,1682718815_000325,8,crop,180,0.4550375880612297,0.06861493700431488,1682718815_000201
1682718815,1682718815_000329,8,crop,180,0.5641600334982922,0.0924927916117652,1682718815_000285
1682718815,1682718815_000333,8,crop,180,0.5069589676773396,0.04429166704671204,1682718815_000217
1682718815,1682718815_000337,8,crop,180,0.5112597706797192,0.06440341615861474,1682718815_000705
1682718815,1682718815_000341,8,crop,180,0.44315730329905145,0.05734277557709017,1682718815_000313
1682718815,1682718815_000345,8,crop,180,0.4964481228466124,0.022136469122171248,1682718815_000381
1682718815,1682718815_000349,8,crop,180,0.4914361257568083,0.03808281672601119,1682718815_000109
1682718815,1682718815_000353,8,crop,180,0.4447793268678574,-0.09276452775440851,1682718815_000393
1682718815,1682718815_000357,8,crop,180,0.42527408559780316,0.012886897795995665,1682718815_000077
1682718815,1682718815_000361,8,crop,180,0.5284381537489892,0.027990982813278453,1682718815_000049
1682718815,1682718815_000365,8,crop,180,0.3579802986661562,-0.0889807518437712,1682718815_000597
1682718815,1682718815_000369,8,crop,180,0.5128464350808027,0.03453216840093012,1682718815_000753
1682718815,1682718815_000373,8,crop,180,0.381611829713556,-0.0068159129672351005,1682718815_000637
1682718815,1682718815_000377,8,crop,180,0.4545803217182482,0.0653824151805945,1682718815_000061
1682718815,1682718815_000381,8,crop,180,0.4603376310649164,0.08209234656984313,1682718815_000401
1682718815,1682718815_000385,8,crop,180,0.4088994647195699,0.11852308379313943,1682718815_000413
1682718815,1682718815_000389,8,crop,180,0.4370754393653246,0.03787479704781573,1682718815_000409
1682718815,1682718815_000393,8,crop,180,0.413416183168152,-0.02561533794842966,1682718815_000209
1682718815,1682718815_000397,8,crop,180,0.3351551338895007,-0.044628019161199885,1682718815_000025
1682718815,1682718815_000401,8,crop,180,0.4691921287459227,-0.041763642319770304,1682718815_000581
1682718815,1682718815_000405,8,crop,180,0.4387982563534041,-0.04813808075199599,1682718815_000369
1682718815,1682718815_000409,8,crop,180,0.47143036467247335,0.07618213585076251,1682718815_000253
1682718815,1682718815_000413,8,crop,180,0.37464898098634886,-0.07597036333629459,1682718815_000233
1682718815,1682718815_000417,8,crop,180,0.5308183795351756,0.10151228878609742,1682718815_000609
1682718815,1682718815_000421,8,crop,180,0.518887859885757,-0.09860189779109875,1682718815_000037
1682718815,1682718815_000425,8,crop,180,0.36666691680872615,0.018083848880836025,1682718815_000281
1682718815,1682718815_000429,8,crop,180,0.5143497072504041,-0.047798100078501306,1682718815_000473
1682718815,1682718815_000433,8,crop,180,0.4828148842122297,0.015529091443594559,1682718815_000021
1682718815,1682718815_000437,8,crop,180,0.4137291306104425,-0.034690444362988515,1682718815_000121
1682718815,1682718815_000441,8,crop,180,0.40499060615328375,0.05637446831081302,1682718815_000365
1682718815,1682718815_000445,8,crop,180,0.4467782787544701,0.02299809521407964,1682718815_000745
1682718815,1682718815_000449,8,crop,180,0.3863897738257858,-0.269439914171208,1682718815_000745
1682718815,1682718815_000453,8,crop,180,0.39774077352904796,-0.10850627904496118,1682718815_000245
1682718815,1682718815_000457,8,crop,180,0.43864149489391674,0.027889604549662533,1682718815_000493
1682718815,1682718815_000461,8,crop,180,0.38837058169036204,-0.007187526777460253,1682718815_000573
1682718815,1682718815_000465,8,crop,180,0.4350096586138086,-0.052634253051448456,1682718815_000673
1682718815,1682718815_000469,8,crop,180,0.5536737842296194,0.09162152827238822,1682718815_000265
1682718815,1682718815_000473,8,crop,180,0.4595068207175251,0.09082285439218662,1682718815_000157
1682718815,1682718815_000477,8,crop,180,0.5022001516427511,0.07826339373519962,1682718815_000153
1682718815,1682718815_000481,8,crop,180,0.48266968574773855,0.01803026021013232,1682718815_000521
1682718815,1682718815_000485,8,crop,180,0.456068106068598,0.044424486089617,1682718815_000761
1682718815,1682718815_000489,8,crop,180,0.439080410617477,0.08010095715221731,1682718815_000585
1682718815,1682718815_000493,8,crop,180,0.42096147739736195,0.03549783993285813,1682718815_000129
1682718815,1682718815_000497,8,crop,180,0.4738289260218353,-0.03147860714899726,1682718815_000101
1682718815,1682718815_000501,8,crop,180,0.38272912065571446,-0.09725068612172229,1682718815_000429
1682718815,1682718815_000505,8,crop,180,0.4211548888824573,-0.04729815042641994,1682718815_000097
1682718815,1682718815_000509,8,crop,180,0.4237580953869851,0.02397035588730333,1682718815_000353
1682718815,1682718815_000513,8,crop,180,0.44700595697488327,-0.021930788106134757,1682718815_000213
1682718815,1682718815_000517,8,crop,180,0.48442720274811674,0.06245255518283236,1682718815_000081
1682718815,1682718815_000521,8,crop,180,0.5466021808543312,0.01008378082977066,1682718815_000377
1682718815,1682718815_000525,8,crop,180,0.513135736541433,0.07045850188692082,1682718815_000193
1682718815,1682718815_000529,8,crop,180,0.5070767466251208,-0.00884510563286913,1682718815_000633
1682718815,1682718815_000533,8,crop,180,0.38316125878228724,-0.034364914980619325,1682718815_000029
1682718815,1682718815_000537,8,crop,180,0.4139066955044956,0.01822621554325537,1682718815_000657
1682718815,1682718815_000541,8,crop,180,0.42518103659917866,-0.07180685114280218,1682718815_000333
1682718815,1682718815_000545,8,crop,180,0.4559743819705486,0.03608965288578124,1682718815_000577
1682718815,1682718815_000549,8,crop,180,0.4856999944067771,0.11578284729764425,1682718815_000329
1682718815,1682718815_000553,8,crop,180,0.37851970951062003,-0.062359050886365675,1682718815_000329
1682718815,1682718815_000557,8,crop,180,0.4319167479601704,-0.08039356173714207,1682718815_000325
1682718815,1682718815_000561,8,crop,180,0.42614959995248136,-0.025464146920462644,1682718815_000769
1682718815,1682718815_000565,8,crop,180,0.31269847530341144,-0.07151374487628734,1682718815_000105
1682718815,1682718815_000569,8,crop,180,0.47328146458369763,-0.019426630583243783,1682718815_000749
1682718815,1682718815_000573,8,crop,180,0.38451429518433405,-0.157323841536155,1682718815_000197
1682718815,1682718815_000577,8,crop,180,0.43721590983026254,-0.07544549122489697,1682718815_000685
1682718815,1682718815_000581,8,crop,180,0.4312123600068026,-0.10996095688150016,1682718815_000669
1682718815,1682718815_000585,8,crop,180,0.5461105295115304,0.06585957160313939,1682718815_000569
1682718815,1682718815_000589,8,crop,180,0.5107062211439368,0.013889829356743428,1682718815_000405
1682718815,1682718815_000593,8,crop,180,0.42262185236331096,-0.003990009344199144,1682718815_000225
1682718815,1682718815_000597,8,crop,180,0.5066689525276714,-0.07328379002886,1682718815_000437
1682718815,1682718815_000601,8,crop,180,0.511723341004059,0.0976770316741337,1682718815_000065
1682718815,1682718815_000605,8,crop,180,0.47910863265014064,0.10948970176974976,1682718815_000141
1682718815,1682718815_000609,8,crop,180,0.4818637562626064,0.18609254230327224,1682718815_000005
1682718815,1682718815_000613,8,crop,180,0.4135342290945898,-0.003352476284349204,1682718815_000297
1682718815,1682718815_000617,8,crop,180,0.4527536361769818,0.1018031080886636,1682718815_000001
1682718815,1682718815_000621,8,crop,180,0.38528146161680477,0.04489713440219187,1682718815_000357
1682718815,1682718815_000625,8,crop,180,0.4661674887853469,-0.04201379221247775,1682718815_000165
1682718815,1682718815_000629,8,crop,180,0.4309806313989986,0.020988514318318816,1682718815_000697
1682718815,1682718815_000633,8,crop,180,0.47391356276594304,0.12285278873711099,1682718815_000045
1682718815,1682718815_000637,8,crop,180,0.35601443627040924,-0.0090511433529215,1682718815_000041
1682718815,1682718815_000641,8,crop,180,0.494563406435547,0.03393361655125074,1682718815_000273
1682718815,1682718815_000645,8,crop,180,0.41821429829527035,-0.01652898675859801,1682718815_000345
1682718815,1682718815_000649,8,crop,180,0.40981856717898285,0.008342326658009139,1682718815_000221
1682718815,1682718815_000653,8,crop,180,0.45853486950030237,0.02384620573105442,1682718815_000485
1682718815,1682718815_000657,8,crop,180,0.46580144527279455,0.014859644154633098,1682718815_000261
1682718815,1682718815_000661,8,crop,180,0.4732192121332754,-0.09089736957127874,1682718815_000501
1682718815,1682718815_000665,8,crop,180,0.4874623452686795,0.06618929688900814,1682718815_000465
1682718815,1682718815_000669,8,crop,180,0.4968353152256341,-0.07177192733095063,1682718815_000593
1682718815,1682718815_000673,8,crop,180,0.5601473046034654,0.07336623845389144,1682718815_000441
1682718815,1682718815_000677,8,crop,180,0.43433552043090756,0.04212710681832387,1682718815_000561
1682718815,1682718815_000681,8,crop,180,0.5756285156130213,0.14207411780826795,1682718815_000665
1682718815,1682718815_000685,8,crop,180,0.47289057512692034,0.0686685436016637,1682718815_000681
1682718815,1682718815_000689,8,crop,180,0.4351799741153883,-0.009867789773563618,1682718815_000529
1682718815,1682718815_000693,8,crop,180,0.4238605862175962,-0.05905840376463742,1682718815_000645
1682718815,1682718815_000697,8,crop,180,0.4967648010604034,0.055808130275838086,1682718815_000053
1682718815,1682718815_000701,8,crop,180,0.47203797184730606,-0.05067640898841635,1682718815_000469
1682718815,1682718815_000705,8,crop,180,0.4257942926084755,0.046382428241058336,1682718815_000421
1682718815,1682718815_000709,8,crop,180,0.4479476067270152,0.10565557600293507,1682718815_000361
1682718815,1682718815_000713,8,crop,180,0.5310655812150923,0.038571299087400666,1682718815_000289
1682718815,1682718815_000717,8,crop,180,0.528899134862305,0.18034580453017734,1682718815_000525
1682718815,1682718815_000721,8,crop,180,0.5212635690557339,0.008539472976578739,1682718815_000089
1682718815,1682718815_000725,8,crop,180,0.5067987261524797,0.15674565294432616,1682718815_000089
1682718815,1682718815_000729,8,crop,180,0.3926398464278236,-1.8887846809367836e-06,1682718815_000737
1682718815,1682718815_000733,8,crop,180,0.5185442079167617,-0.05310707215111902,1682718815_000305
1682718815,1682718815_000737,8,crop,180,0.5433973328117371,0.05770700810808486,1682718815_000625
1682718815,1682718815_000741,8,crop,180,0.38306811877810915,-0.049677947070440175,1682718815_000777
1682718815,1682718815_000745,8,crop,180,0.4260689395743504,0.0166629245905298,1682718815_000177
1682718815,1682718815_000749,8,crop,180,0.4335603943321549,-0.07936046132289301,1682718815_000693
1682718815,1682718815_000753,8,crop,180,0.2676232228920035,-0.10139393891745839,1682718815_000653
1682718815,1682718815_000757,8,crop,180,0.3157615906939512,-0.022475250902858554,1682718815_000057
1682718815,1682718815_000761,8,crop,180,0.42588694737626304,-0.0003815951756791225,1682718815_000373
1682718815,1682718815_000765,8,crop,180,0.4642481616829057,-0.05821877562589612,1682718815_000189
1682718815,1682718815_000769,8,crop,180,0.43284434103856645,0.011128348208468836,1682718815_000085
1682718815,1682718815_000773,8,crop,180,0.4854523663081442,-0.10046245172131914,1682718815_000649
1682718815,1682718815_000777,8,crop,180,0.4369883388525945,-0.0697811589339749,1682718815_000237
1680410249,1680410249_000000,8,crop_bgr,180,0.11500066539683541,0.1260747734711343,1680410249_000003
1680410249,1680410249_000001,8,crop_bgr,180,-0.015134104817391072,-0.1671987851576162,1680410249_000006
1680410249,1680410249_000002,8,crop_bgr,180,0.0345933938553751,-0.05278367339996032,1680410249_000006
1680410249,1680410249_000003,8,crop_bgr,180,0.08229816916712744,-0.07835115695800406,1680410249_000008
1680410249,1680410249_000004,8,crop_bgr,180,0.15354129368854252,0.007467658192842295,1680410249_000007
1680410249,1680410249_000005,8,crop_bgr,180,0.11619329649149789,-0.07146947319670141,1680410249_000007
1680410249,1680410249_000006,8,crop_bgr,180,0.3070838367463559,0.18470141985972108,1680410249_000000
1680410249,1680410249_000007,8,crop_bgr,180,0.2914692003914629,0.1705892046465642,1680410249_000005
1680410249,1680410249_000008,8,crop_bgr,180,0.057355972242405275,0.08288949876917988,1680410249_000002
1680410249,1680410249_000009,8,crop_bgr,180,0.12013036652623954,-0.0005630063705511686,1680410249_000003
1680410569,1680410569_000000,8,crop_bgr,180,0.19246417441381655,0.04958606285264633,1680410569_000008
1680410569,1680410569_000001,8,crop_bgr,180,0.1648357412749573,0.08389798714329344,1680410569_000009
1680410569,1680410569_000002,8,crop_bgr,180,0.06375352999095192,-0.07109925982062376,1680410569_000006
1680410569,1680410569_000003,8,crop_bgr,180,0.004287846992386742,-0.08223888860533403,1680410569_000002
1680410569,1680410569_000004,8,crop_bgr,180,0.1813919111131528,-0.022009674774540702,1680410569_000003
1680410569,1680410569_000005,8,crop_bgr,180,0.06453799276368907,0.018096684517336196,1680410569_000004
1680410569,1680410569_000006,8,crop_bgr,180,0.11581607137061313,0.059560478164123874,1680410569_000004
1680410569,1680410569_000007,8,crop_bgr,180,0.024951653081774605,-0.1018100004407726,1680410569_000000
1680410569,1680410569_000008,8,crop_bgr,180,0.05255263619422932,-0.022364880054615188,1680410569_000001
1680410569,1680410569_000009,8,crop_bgr,180,0.017711244537918207,-0.13976951268656512,1680410569_000007
1680412337,1680412337_000000,8,crop_bgr,180,0.05465165065143416,-0.11959782741302051,1680412337_000739
1680412337,1680412337_000012,8,crop_bgr,180,0.17021873548851219,-0.016272054409660914,1680412337_000123
1680412337,1680412337_000025,8,crop_bgr,180,0.19487238559242995,0.06959775366934857,1680412337_000641
1680412337,1680412337_000037,8,crop_bgr,180,0.08728772570903194,-0.12244192846148272,1680412337_000690
1680412337,1680412337_000049,8,crop_bgr,180,0.19066368523923471,0.029615867677487594,1680412337_000776
1680412337,1680412337_000062,8,crop_bgr,180,0.17984339347507125,0.004821344266469685,1680412337_000234
1680412337,1680412337_000074,8,crop_bgr,180,0.2893022069987173,-0.04778124420804484,1680412337_000333
1680412337,1680412337_000086,8,crop_bgr,180,0.12163845265332736,0.06677392153451292,1680412337_000000
1680412337,1680412337_000099,8,crop_bgr,180,0.13750430261495894,-0.025023192506077863,1680412337_000185
1680412337,1680412337_000111,8,crop_bgr,180,0.169707921797151,-0.024356354035099562,1680412337_000542
1680412337,1680412337_000123,8,crop_bgr,180,0.044044338227750446,-0.08583998186013696,1680412337_000135
1680412337,1680412337_000135,8,crop_bgr,180,0.29898375625633505,0.15222884491818914,1680412337_000259
1680412337,1680412337_000148,8,crop_bgr,180,0.09978372065424719,0.12462693521010054,1680412337_000074
1680412337,1680412337_000160,8,crop_bgr,180,0.042917511239779056,-0.06277297934658406,1680412337_000431
1680412337,1680412337_000172,8,crop_bgr,180,0.06540982685276293,-0.20608711836892538,1680412337_000394
1680412337,1680412337_000185,8,crop_bgr,180,0.18249422457876108,0.03215803082045218,1680412337_000468
1680412337,1680412337_000197,8,crop_bgr,180,0.10650065898887144,-0.04570540646001533,1680412337_000209
1680412337,1680412337_000209,8,crop_bgr,180,0.2142033873087461,0.1158646714656147,1680412337_000751
1680412337,1680412337_000222,8,crop_bgr,180,0.11881284720607106,0.07761130522634964,1680412337_000505
1680412337,1680412337_000234,8,crop_bgr,180,0.1118444219080424,0.06247410195887021,1680412337_000037
1680412337,1680412337_000246,8,crop_bgr,180,0.041297978247894655,-0.06651624499066362,1680412337_000111
1680412337,1680412337_000259,8,crop_bgr,180,0.24865153961381434,0.16246984042503093,1680412337_000554
1680412337,1680412337_000271,8,crop_bgr,180,0.11990633485759185,0.0065562213982020695,1680412337_000419
1680412337,1680412337_000283,8,crop_bgr,180,0.3265026033162871,-0.0070262760611961746,1680412337_000677
1680412337,1680412337_000296,8,crop_bgr,180,0.002939075238921285,0.0387797374491361,1680412337_000517
1680412337,1680412337_000308,8,crop_bgr,180,0.27674712975880394,0.11839165411817976,1680412337_000443
1680412337,1680412337_000320,8,crop_bgr,180,0.09930522232732907,-0.10853644793299204,1680412337_000370
1680412337,1680412337_000333,8,crop_bgr,180,0.2183965143634822,-0.0805363095747718,1680412337_000246
1680412337,1680412337_000345,8,crop_bgr,180,0.14722036776163547,-0.03178879374977588,1680412337_000567
1680412337,1680412337_000357,8,crop_bgr,180,0.017737748792937453,-0.05517513784240216,1680412337_000320
1680412337,1680412337_000370,8,crop_bgr,180,0.05247663270211738,-0.23947737898114116,1680412337_000727
1680412337,1680412337_000382,8,crop_bgr,180,0.1660710540704997,-0.04073212493545122,1680412337_000062
1680412337,1680412337_000394,8,crop_bgr,180,0.17133358148815378,-0.05837212093132869,1680412337_000172
1680412337,1680412337_000406,8,crop_bgr,180,0.22898479373158467,0.013777340178458136,1680412337_000160
1680412337,1680412337_000419,8,crop_bgr,180,0.07949517352681117,0.045801728666993335,1680412337_000653
1680412337,1680412337_000431,8,crop_bgr,180,0.058274165862055076,-0.024367373216788377,1680412337_000012
1680412337,1680412337_000443,8,crop_bgr,180,0.23157087401048634,0.020433218900653232,1680412337_000197
1680412337,1680412337_000456,8,crop_bgr,180,0.188762575610917,0.01033425776056209,1680412337_000382
1680412337,1680412337_000468,8,crop_bgr,180,0.04406942937510725,-0.14014385794399703,1680412337_000480
1680412337,1680412337_000480,8,crop_bgr,180,0.02149100982889222,-0.13431603030290862,1680412337_000591
1680412337,1680412337_000493,8,crop_bgr,180,0.09777142435321062,-0.08353018494876369,1680412337_000049
1680412337,1680412337_000505,8,crop_bgr,180,0.1562527390592143,0.08527910779414011,1680412337_000493
1680412337,1680412337_000517,8,crop_bgr,180,0.11923565508126456,-0.009692345934956109,1680412337_000271
1680412337,1680412337_000530,8,crop_bgr,180,0.1418722420913259,0.11312877785492127,1680412337_000357
1680412337,1680412337_000542,8,crop_bgr,180,0.020371324745128327,0.04535511215801449,1680412337_000604
1680412337,1680412337_000554,8,crop_bgr,180,-0.05827262343652634,-0.059319771003094136,1680412337_000283
1680412337,1680412337_000567,8,crop_bgr,180,0.27026471320064105,0.17842075554361778,1680412337_000345
1680412337,1680412337_000579,8,crop_bgr,180,0.07061327255543946,0.08218621256928231,1680412337_000308
1680412337,1680412337_000591,8,crop_bgr,180,0.1085271907128434,-0.10723939850452781,1680412337_000025
1680412337,1680412337_000604,8,crop_bgr,180,0.24380452538514052,0.1162233211844765,1680412337_000148
1680412337,1680412337_000616,8,crop_bgr,180,0.19957914041332958,-0.03883276043838734,1680412337_000764
1680412337,1680412337_000628,8,crop_bgr,180,0.011777317722734345,-0.16394447722230004,1680412337_000406
1680412337,1680412337_000641,8,crop_bgr,180,-0.0736955631253753,-0.13136292721802134,1680412337_000086
1680412337,1680412337_000653,8,crop_bgr,180,0.1677282967763706,0.08147024993198769,1680412337_000702
1680412337,1680412337_000665,8,crop_bgr,180,0.13123413118791205,-0.06221702777304896,1680412337_000530
1680412337,1680412337_000677,8,crop_bgr,180,0.21926266576041797,0.07732828834086654,1680412337_000579
1680412337,1680412337_000690,8,crop_bgr,180,0.0618318188257043,-0.14349968334366825,1680412337_000222
1680412337,1680412337_000702,8,crop_bgr,180,0.07151688743551037,-0.015405315294014024,1680412337_000628
1680412337,1680412337_000714,8,crop_bgr,180,0.09386289241921493,0.04492637844682428,1680412337_000296
1680412337,1680412337_000727,8,crop_bgr,180,0.1390495805975334,0.006456932129436645,1680412337_000714
1680412337,1680412337_000739,8,crop_bgr,180,0.14647396532477644,-0.14822100489494044,1680412337_000099
1680412337,1680412337_000751,8,crop_bgr,180,0.15865242210611954,-0.019819341606669406,1680412337_000665
1680412337,1680412337_000764,8,crop_bgr,180,0.18766308908294327,0.00558309699824679,1680412337_000616
1680412337,1680412337_000776,8,crop_bgr,180,-0.0027437220327855747,0.04678432743304739,1680412337_000456
1681945334,1681945334_000000,8,crop_bgr,180,-0.022648904165104972,-0.0791373779112081,1681945334_000480
1681945334,1681945334_000012,8,crop_bgr,180,0.188590847274962,-0.0764395525450096,1681945334_000394
1681945334,1681945334_000025,8,crop_bgr,180,0.1920270585278208,0.05734492799325979,1681945334_000320
1681945334,1681945334_000037,8,crop_bgr,180,0.14300949296116888,-0.06786417236289408,1681945334_000234
1681945334,1681945334_000049,8,crop_bgr,180,0.13125347030972034,-0.021581719680814196,1681945334_000456
1681945334,1681945334_000062,8,crop_bgr,180,0.10642725551063681,-0.13771761329202672,1681945334_000148
1681945334,1681945334_000074,8,crop_bgr,180,0.17915538730217748,0.154637903463149,1681945334_000443
1681945334,1681945334_000086,8,crop_bgr,180,0.19653686965590508,0.10278999950819388,1681945334_000406
1681945334,1681945334_000099,8,crop_bgr,180,0.08405799850399066,0.027229259129435014,1681945334_000517
1681945334,1681945334_000111,8,crop_bgr,180,0.10781914512128309,-0.038819594295168014,1681945334_000296
1681945334,1681945334_000123,8,crop_bgr,180,0.06850490125063079,0.047790143156774,1681945334_000308
1681945334,1681945334_000135,8,crop_bgr,180,0.07591575376331205,-0.04748785351305587,1681945334_000751
1681945334,1681945334_000148,8,crop_bgr,180,0.20264378288931564,0.022969672895503317,1681945334_000333
1681945334,1681945334_000160,8,crop_bgr,180,0.11556304878578143,-0.0412947013615236,1681945334_000246
1681945334,1681945334_000172,8,crop_bgr,180,0.13458148385989052,0.0734974382030889,1681945334_000345
1681945334,1681945334_000185,8,crop_bgr,180,0.0334429827084762,-0.04557012336937844,1681945334_000037
1681945334,1681945334_000197,8,crop_bgr,180,0.028772569768479365,-0.033697496896010495,1681945334_000025
1681945334,1681945334_000209,8,crop_bgr,180,0.04259531431767152,-0.020933397810099424,1681945334_000739
1681945334,1681945334_000222,8,crop_bgr,180,0.19632581429725818,0.06583218577253487,1681945334_000764
1681945334,1681945334_000234,8,crop_bgr,180,0.10290620691219975,0.05818115275174895,1681945334_000209
1681945334,1681945334_000246,8,crop_bgr,180,0.048929180185463085,-0.04393258918432638,1681945334_000259
1681945334,1681945334_000259,8,crop_bgr,180,0.16153534917311863,0.19028876614135593,1681945334_000431
1681945334,1681945334_000271,8,crop_bgr,180,0.257871791034839,0.01708975840068853,1681945334_000185
1681945334,1681945334_000283,8,crop_bgr,180,0.1826950078301057,0.12015836200477485,1681945334_000123
1681945334,1681945334_000296,8,crop_bgr,180,0.18830755503154617,0.07579600753728273,1681945334_000382
1681945334,1681945334_000308,8,crop_bgr,180,0.1333108686020478,-0.03893503650898208,1681945334_000074
1681945334,1681945334_000320,8,crop_bgr,180,0.12588063625678278,-0.04313151695586786,1681945334_000493
1681945334,1681945334_000333,8,crop_bgr,180,0.17923399749943283,-0.015167064493320809,1681945334_000579
1681945334,1681945334_000345,8,crop_bgr,180,0.15467083582686367,0.051382622122852495,1681945334_000099
1681945334,1681945334_000357,8,crop_bgr,180,0.05299055185464104,-0.23966604917538747,1681945334_000641
1681945334,1681945334_000370,8,crop_bgr,180,0.11594792986480092,-0.07690684481017597,1681945334_000419
1681945334,1681945334_000382,8,crop_bgr,180,-0.03519583913019825,-0.13079791816389694,1681945334_000370
1681945334,1681945334_000394,8,crop_bgr,180,0.24175019436278697,-0.051207237764261344,1681945334_000776
1681945334,1681945334_000406,8,crop_bgr,180,0.017997937363419,-0.05460291381254131,1681945334_000357
1681945334,1681945334_000419,8,crop_bgr,180,0.12812478886229745,-0.012067288404927351,1681945334_000628
1681945334,1681945334_000431,8,crop_bgr,180,0.20757817354033034,0.10347346312694734,1681945334_000554
1681945334,1681945334_000443,8,crop_bgr,180,-0.0004234534486747081,-0.04824417748585463,1681945334_000604
1681945334,1681945334_000456,8,crop_bgr,180,-0.09503460692018939,-0.15154345696130278,1681945334_000665
1681945334,1681945334_000468,8,crop_bgr,180,0.35421791903910776,0.16572454160799088,1681945334_000591
1681945334,1681945334_000480,8,crop_bgr,180,0.0855294868855893,-0.036863799712101956,1681945334_000222
1681945334,1681945334_000493,8,crop_bgr,180,0.19318410133630573,0.04882375742391845,1681945334_000530
1681945334,1681945334_000505,8,crop_bgr,180,0.06872908635167803,0.0833610220092398,1681945334_000702
1681945334,1681945334_000517,8,crop_bgr,180,0.15094835908932727,-0.014150327725081562,1681945334_000677
1681945334,1681945334_000530,8,crop_bgr,180,-0.09875361933525471,-0.11681858546118466,1681945334_000616
1681945334,1681945334_000542,8,crop_bgr,180,0.13516663992331174,0.09553463006035379,1681945334_000160
1681945334,1681945334_000554,8,crop_bgr,180,0.04138882825973204,-0.15761477988790093,1681945334_000111
1681945334,1681945334_000567,8,crop_bgr,180,0.14204518625051357,-0.08208100348982628,1681945334_000468
1681945334,1681945334_000579,8,crop_bgr,180,0.1872092765952201,0.05019795449641027,1681945334_000714
1681945334,1681945334_000591,8,crop_bgr,180,0.2403365441412887,0.03819627725666636,1681945334_000283
1681945334,1681945334_000604,8,crop_bgr,180,0.045745557931781894,-0.01048086757086758,1681945334_000172
1681945334,1681945334_000616,8,crop_bgr,180,0.14738940883858673,0.00021768600295573684,1681945334_000000
1681945334,1681945334_000628,8,crop_bgr,180,-0.06689163200375038,-0.18815913456855868,1681945334_000135
1681945334,1681945334_000641,8,crop_bgr,180,0.22669209190224418,0.14963721827358722,1681945334_000653
1681945334,1681945334_000653,8,crop_bgr,180,0.1186975444279247,-0.08471656004427804,1681945334_000690
1681945334,1681945334_000665,8,crop_bgr,180,0.18127736277090367,-0.045398757650082174,1681945334_000012
1681945334,1681945334_000677,8,crop_bgr,180,0.10720838813637308,0.037378731228226415,1681945334_000542
1681945334,1681945334_000690,8,crop_bgr,180,0.12740061762763263,0.07787284248984556,1681945334_000727
1681945334,1681945334_000702,8,crop_bgr,180,0.13708126450163408,-0.08488875109674528,1681945334_000086
1681945334,1681945334_000714,8,crop_bgr,180,0.05267414154866398,0.04939153688456863,1681945334_000049
1681945334,1681945334_000727,8,crop_bgr,180,0.1368076341497199,0.11517788933909283,1681945334_000271
1681945334,1681945334_000739,8,crop_bgr,180,0.20134396776964994,0.026291082198180427,1681945334_000062
1681945334,1681945334_000751,8,crop_bgr,180,0.0938627017251461,-0.006029682999811925,1681945334_000197
1681945334,1681945334_000764,8,crop_bgr,180,0.04646993643444886,-0.06345648050914053,1681945334_000567
1681945334,1681945334_000776,8,crop_bgr,180,0.08274680860739643,0.027414051406037403,1681945334_000505
1682013847,1682013847_000000,8,crop_bgr,180,0.1703487944962765,-0.08715594676187755,1682013847_000045
1682013847,1682013847_000002,8,crop_bgr,180,0.06610217688768057,-0.10094599631258698,1682013847_000080
1682013847,1682013847_000005,8,crop_bgr,180,0.03802862624886668,-0.006754501100504295,1682013847_000050
1682013847,1682013847_000007,8,crop_bgr,180,0.08339996222811051,-0.007529935628323725,1682013847_000132
1682013847,1682013847_000010,8,crop_bgr,180,0.1087109371575546,-0.08116190980852986,1682013847_000140
1682013847,1682013847_000012,8,crop_bgr,180,-0.03580817215510678,-0.12029816957571732,1682013847_000040
1682013847,1682013847_000015,8,crop_bgr,180,0.1697961411068942,-0.05705625866160643,1682013847_000072
1682013847,1682013847_000017,8,crop_bgr,180,0.1578435752667682,-0.1083716659181271,1682013847_000042
1682013847,1682013847_000020,8,crop_bgr,180,0.12527541296984362,-0.08872653046755959,1682013847_000042
1682013847,1682013847_000022,8,crop_bgr,180,0.13659735686879462,-0.03265918911801058,1682013847_000030
1682013847,1682013847_000025,8,crop_bgr,180,0.16077789475590246,0.05367235618157829,1682013847_000085
1682013847,1682013847_000027,8,crop_bgr,180,0.15317638918300194,0.0659663183562312,1682013847_000032
1682013847,1682013847_000030,8,crop_bgr,180,-0.043811938907608206,-0.11701450765890242,1682013847_000052
1682013847,1682013847_000032,8,crop_bgr,180,0.02974290148030137,-0.02681636369321599,1682013847_000147
1682013847,1682013847_000035,8,crop_bgr,180,0.17804893102776012,0.15356951696595475,1682013847_000102
1682013847,1682013847_000037,8,crop_bgr,180,0.26331136197260757,0.09563275567529789,1682013847_000077
1682013847,1682013847_000040,8,crop_bgr,180,0.14087647975790504,0.09971698673181355,1682013847_000130
1682013847,1682013847_000042,8,crop_bgr,180,0.12629965131896614,0.08432374657445885,1682013847_000107
1682013847,1682013847_000045,8,crop_bgr,180,0.21638420420682977,0.08662059844313635,1682013847_000127
1682013847,1682013847_000047,8,crop_bgr,180,0.18079461915142306,0.024674510689989524,1682013847_000120
1682013847,1682013847_000050,8,crop_bgr,180,0.16399839812697217,-0.016546343921199497,1682013847_000152
1682013847,1682013847_000052,8,crop_bgr,180,0.1426512782909893,-0.06029455319859075,1682013847_000150
1682013847,1682013847_000055,8,crop_bgr,180,0.1321706875678338,0.05481396940977399,1682013847_000097
1682013847,1682013847_000057,8,crop_bgr,180,0.025198223630548983,-0.020894810994145408,1682013847_000115
1682013847,1682013847_000060,8,crop_bgr,180,0.1093478937915902,-0.05286667878088317,1682013847_000027
1682013847,1682013847_000062,8,crop_bgr,180,0.24723957716615497,0.055806584181430086,1682013847_000015
1682013847,1682013847_000065,8,crop_bgr,180,0.0821995251277577,-0.09049804465461408,1682013847_000035
1682013847,1682013847_000067,8,crop_bgr,180,0.1900944142240535,-0.06156971103492242,1682013847_000025
1682013847,1682013847_000070,8,crop_bgr,180,0.13860658919103694,-0.14048304175537288,1682013847_000142
1682013847,1682013847_000072,8,crop_bgr,180,0.1645090241138131,0.08435406286570031,1682013847_000112
1682013847,1682013847_000075,8,crop_bgr,180,0.17491829391627792,0.01715596077640741,1682013847_000090
1682013847,1682013847_000077,8,crop_bgr,180,0.06513706499082861,-0.05590071826658937,1682013847_000090
1682013847,1682013847_000080,8,crop_bgr,180,0.12249250302268244,-0.10448763685433372,1682013847_000000
1682013847,1682013847_000082,8,crop_bgr,180,0.2048571348525163,-0.044665464239403256,1682013847_000157
1682013847,1682013847_000085,8,crop_bgr,180,0.07910875623926951,-0.008869254212650965,1682013847_000060
1682013847,1682013847_000087,8,crop_bgr,180,-0.03327231690665838,-0.026037831071206788,1682013847_000007
1682013847,1682013847_000090,8,crop_bgr,180,0.11824113669677004,0.013619860720686716,1682013847_000082
1682013847,1682013847_000092,8,crop_bgr,180,0.04508518387395266,-0.08117597392521216,1682013847_000057
1682013847,1682013847_000095,8,crop_bgr,180,0.15828303960630816,-0.01515413162082963,1682013847_000070
1682013847,1682013847_000097,8,crop_bgr,180,0.07175257983912724,-0.1219911959942717,1682013847_000037
1682013847,1682013847_000100,8,crop_bgr,180,0.1685815578108839,0.09330576767221405,1682013847_000012
1682013847,1682013847_000102,8,crop_bgr,180,0.055979888718135674,-0.045876793588923624,1682013847_000055
1682013847,1682013847_000105,8,crop_bgr,180,0.22176313538236891,-0.026740038035852547,1682013847_000100
1682013847,1682013847_000107,8,crop_bgr,180,-0.0826004266448608,-0.13855416460364725,1682013847_000122
1682013847,1682013847_000110,8,crop_bgr,180,0.22042120346788074,0.13791009236574114,1682013847_000067
1682013847,1682013847_000112,8,crop_bgr,180,0.18327067207918177,0.02894873712481801,1682013847_000092
1682013847,1682013847_000115,8,crop_bgr,180,0.06330870201713103,-0.00952062204747299,1682013847_000022
1682013847,1682013847_000117,8,crop_bgr,180,0.08466709903453462,-0.029514093176351702,1682013847_000125
1682013847,1682013847_000120,8,crop_bgr,180,0.04520686996865337,0.02877285073255371,1682013847_000087
1682013847,1682013847_000122,8,crop_bgr,180,0.18846540831814962,-0.061242171470160985,1682013847_000047
1682013847,1682013847_000125,8,crop_bgr,180,0.08987967120009321,-0.040430540695613526,1682013847_000155
1682013847,1682013847_000127,8,crop_bgr,180,0.11848162757976782,-0.0766458876817546,1682013847_000145
1682013847,1682013847_000130,8,crop_bgr,180,0.01841123495667211,-0.10694419787292413,1682013847_000135
1682013847,1682013847_000132,8,crop_bgr,180,0.16174515940840486,-0.013449550622352369,1682013847_000110
1682013847,1682013847_000135,8,crop_bgr,180,0.1461971927440169,-0.06587355696940293,1682013847_000010
1682013847,1682013847_000137,8,crop_bgr,180,0.18900098250091382,0.12570629816587586,1682013847_000062
1682013847,1682013847_000140,8,crop_bgr,180,0.13787505015935178,-0.038378984605034965,1682013847_000002
1682013847,1682013847_000142,8,crop_bgr,180,0.22862423608247395,0.05800895327616274,1682013847_000095
1682013847,1682013847_000145,8,crop_bgr,180,0.17106873960008406,0.07824233324443822,1682013847_000020
1682013847,1682013847_000147,8,crop_bgr,180,0.21636239715514574,-0.09687999117407735,1682013847_000137
1682013847,1682013847_000150,8,crop_bgr,180,0.1132284693867628,-0.018306574781698767,1682013847_000005
1682013847,1682013847_000152,8,crop_bgr,180,-0.024586760569225517,-0.08568618204286539,1682013847_000105
1682013847,1682013847_000155,8,crop_bgr,180,0.038718609816562,-0.15338334957472285,1682013847_000065
1682013847,1682013847_000157,8,crop_bgr,180,0.17497557038997538,0.080570534257195,1682013847_000117
1682014432,1682014432_000000,8,crop_bgr,180,0.20821328254961616,-0.006945044128439067,1682014432_000039
1682014432,1682014432_000001,8,crop_bgr,180,0.06329271481216113,-0.024465552805271185,1682014432_000041
1682014432,1682014432_000002,8,crop_bgr,180,0.08026812615980007,-0.05665430219574811,1682014432_000081
1682014432,1682014432_000003,8,crop_bgr,180,0.1565426671859495,0.09591615402795683,1682014432_000030
1682014432,1682014432_000004,8,crop_bgr,180,0.025404163012326657,-0.12214035844603575,1682014432_000088
1682014432,1682014432_000005,8,crop_bgr,180,0.06663887793396055,-0.08312716592100194,1682014432_000101
1682014432,1682014432_000006,8,crop_bgr,180,0.12106591751066759,0.05472670047415296,1682014432_000001
1682014432,1682014432_000007,8,crop_bgr,180,0.21532662323108107,0.05973594274354568,1682014432_000024
1682014432,1682014432_000008,8,crop_bgr,180,0.23336773988410084,0.04641641877708991,1682014432_000111
1682014432,1682014432_000009,8,crop_bgr,180,0.06937725956741947,-0.03179804014226432,1682014432_000094
1682014432,1682014432_000010,8,crop_bgr,180,0.2439266867201161,0.12214742054968263,1682014432_000070
1682014432,1682014432_000011,8,crop_bgr,180,0.08870646644316217,-0.06015270221725288,1682014432_000031
1682014432,1682014432_000012,8,crop_bgr,180,0.2330149734295354,0.13076836815149315,1682014432_000078
1682014432,1682014432_000013,8,crop_bgr,180,0.10253110055627589,0.08386762401221241,1682014432_000046
1682014432,1682014432_000014,8,crop_bgr,180,0.018034578925491873,0.0139416645837179,1682014432_000020
1682014432,1682014432_000015,8,crop_bgr,180,0.15092894477510174,-0.15052188708463055,1682014432_000016
1682014432,1682014432_000016,8,crop_bgr,180,0.0031835115357347157,-0.03623906749645072,1682014432_000062
1682014432,1682014432_000017,8,crop_bgr,180,0.18732600162667867,0.11578747467483581,1682014432_000042
1682014432,1682014432_000018,8,crop_bgr,180,0.28515419075360177,0.17723671873403424,1682014432_000044
1682014432,1682014432_000019,8,crop_bgr,180,0.06477674285394708,-0.0756201565232254,1682014432_000072
1682014432,1682014432_000020,8,crop_bgr,180,0.15589688440621166,0.010948517014747255,1682014432_000107
1682014432,1682014432_000021,8,crop_bgr,180,0.16647983875187042,-0.028087504352401788,1682014432_000064
1682014432,1682014432_000022,8,crop_bgr,180,0.19156751548500975,0.05988721977328821,1682014432_000091
1682014432,1682014432_000023,8,crop_bgr,180,0.22700801018786707,0.06531653566019065,1682014432_000109
1682014432,1682014432_000024,8,crop_bgr,180,0.08886679609763792,-0.1372213622470979,1682014432_000053
1682014432,1682014432_000025,8,crop_bgr,180,0.20201874819411905,0.030730787225270468,1682014432_000099
1682014432,1682014432_000026,8,crop_bgr,180,0.25142882930037275,0.08588307518901606,1682014432_000047
1682014432,1682014432_000027,8,crop_bgr,180,0.12682594197308605,0.06156190103786491,1682014432_000083
1682014432,1682014432_000028,8,crop_bgr,180,0.13166257591709407,0.09208097076613316,1682014432_000012
1682014432,1682014432_000029,8,crop_bgr,180,0.13402154975812489,0.08256684436453056,1682014432_000003
1682014432,1682014432_000030,8,crop_bgr,180,0.11148467311292877,-0.039260234913560926,1682014432_000022
1682014432,1682014432_000031,8,crop_bgr,180,0.28068116814597227,0.18146331799112073,1682014432_000103
1682014432,1682014432_000032,8,crop_bgr,180,0.22640019250287582,0.04399855875319055,1682014432_000092
1682014432,1682014432_000033,8,crop_bgr,180,0.2062809575403226,0.08774033222203426,1682014432_000105
1682014432,1682014432_000034,8,crop_bgr,180,0.2726304084010634,0.07328421917228287,1682014432_000023
1682014432,1682014432_000035,8,crop_bgr,180,-0.012295650674578043,-0.02879401129294452,1682014432_000028
1682014432,1682014432_000036,8,crop_bgr,180,0.16284120669977528,0.027252111151956405,1682014432_000073
1682014432,1682014432_000037,8,crop_bgr,180,0.1961292825929364,0.023351774901703825,1682014432_000017
1682014432,1682014432_000038,8,crop_bgr,180,0.21583516716026088,-0.014553008564612521,1682014432_000074
1682014432,1682014432_000039,8,crop_bgr,180,0.14482960545312637,-0.03913414502969419,1682014432_000043
1682014432,1682014432_000040,8,crop_bgr,180,0.1694738123492421,0.055682664553432404,1682014432_000085
1682014432,1682014432_000041,8,crop_bgr,180,0.09034465683682906,-0.034693945401955584,1682014432_000052
1682014432,1682014432_000042,8,crop_bgr,180,0.17120248260648874,0.07014907598737066,1682014432_000006
1682014432,1682014432_000043,8,crop_bgr,180,0.1783110843073813,0.09635506848867421,1682014432_000112
1682014432,1682014432_000044,8,crop_bgr,180,0.07629134272876618,-0.03328783974674749,1682014432_000071
1682014432,1682014432_000045,8,crop_bgr,180,0.1468649528878809,0.059216741733145006,1682014432_000040
1682014432,1682014432_000046,8,crop_bgr,180,0.19963298703095197,-0.033061685199290015,1682014432_000049
1682014432,1682014432_000047,8,crop_bgr,180,0.14776696148405358,0.028833363440656287,1682014432_000068
1682014432,1682014432_000048,8,crop_bgr,180,0.054739142059177716,0.005144141909129245,1682014432_000008
1682014432,1682014432_000049,8,crop_bgr,180,0.13951592303470362,-0.06462642054162687,1682014432_000058
1682014432,1682014432_000050,8,crop_bgr,180,0.02185081720702627,-0.07690140973920517,1682014432_000084
1682014432,1682014432_000051,8,crop_bgr,180,0.07352079534540064,-0.1573482582444066,1682014432_000018
1682014432,1682014432_000052,8,crop_bgr,180,0.1231683438626483,-0.029791681208140297,1682014432_000110
1682014432,1682014432_000053,8,crop_bgr,180,0.15349346304647282,0.057126936785478664,1682014432_000065
1682014432,1682014432_000054,8,crop_bgr,180,0.16765145743570997,-0.03203191984323214,1682014432_000066
1682014432,1682014432_000055,8,crop_bgr,180,0.10677123879341782,-0.10258636536199899,1682014432_000048
1682014432,1682014432_000056,8,crop_bgr,180,0.19092212189260294,0.08552536425910157,1682014432_000082
1682014432,1682014432_000057,8,crop_bgr,180,0.16922019474966524,0.0014708056964147856,1682014432_000055
1682014432,1682014432_000058,8,crop_bgr,180,0.1423024937297686,0.025529230620548654,1682014432_000087
1682014432,1682014432_000059,8,crop_bgr,180,0.029519226073319343,-0.0455139907843321,1682014432_000007
1682014432,1682014432_000060,8,crop_bgr,180,0.00040972304325635295,-0.09420956138576518,1682014432_000021
1682014432,1682014432_000061,8,crop_bgr,180,0.14590804244042976,-0.01642878309938482,1682014432_000104
1682014432,1682014432_000062,8,crop_bgr,180,0.01605002846900644,-0.058335997772553085,1682014432_000093
1682014432,1682014432_000063,8,crop_bgr,180,0.23619316434623663,0.11267725919081097,1682014432_000033
1682014432,1682014432_000064,8,crop_bgr,180,0.09488673000101859,-0.006585727889915953,1682014432_000009
1682014432,1682014432_000065,8,crop_bgr,180,0.00984654764842352,-0.13280254934558516,1682014432_000004
1682014432,1682014432_000066,8,crop_bgr,180,0.18147185567283575,-0.053185510830723294,1682014432_000010
1682014432,1682014432_000067,8,crop_bgr,180,0.20062126609050282,0.06816745266908192,1682014432_000025
1682014432,1682014432_000068,8,crop_bgr,180,0.08716537184680977,-0.019541799213709164,1682014432_000036
1682014432,1682014432_000069,8,crop_bgr,180,0.185905967142716,0.12929139691827116,1682014432_000045
1682014432,1682014432_000070,8,crop_bgr,180,0.09878630635964897,-0.017052483342734275,1682014432_000076
1682014432,1682014432_000071,8,crop_bgr,180,0.19364837480759123,0.0827724373788254,1682014432_000013
1682014432,1682014432_000072,8,crop_bgr,180,0.0059686657388370494,-0.15229803571468473,1682014432_000056
1682014432,1682014432_000073,8,crop_bgr,180,0.10921312712022309,0.12938240510100366,1682014432_000075
1682014432,1682014432_000074,8,crop_bgr,180,0.012682406601242974,-0.19427922629172292,1682014432_000067
1682014432,1682014432_000075,8,crop_bgr,180,0.1440530649797052,0.09594791758310268,1682014432_000050
1682014432,1682014432_000076,8,crop_bgr,180,0.039423717512270515,-0.12271766379144487,1682014432_000032
1682014432,1682014432_000077,8,crop_bgr,180,0.0787012899234465,-0.12590490936737994,1682014432_000102
1682014432,1682014432_000078,8,crop_bgr,180,0.11599029913396064,-0.14672810994212124,1682014432_000005
1682014432,1682014432_000079,8,crop_bgr,180,0.13930299074044836,0.11448081309614648,1682014432_000034
1682014432,1682014432_000080,8,crop_bgr,180,0.08428727249359169,-0.1496383484945902,1682014432_000015
1682014432,1682014432_000081,8,crop_bgr,180,0.17061924113540652,0.08105852164158349,1682014432_000002
1682014432,1682014432_000082,8,crop_bgr,180,0.06225649911815646,0.03141656919919623,1682014432_000097
1682014432,1682014432_000083,8,crop_bgr,180,0.07130614773447945,-0.0978828553621575,1682014432_000035
1682014432,1682014432_000084,8,crop_bgr,180,0.30510000355130784,0.1635647721690183,1682014432_000051
1682014432,1682014432_000085,8,crop_bgr,180,0.1338084605646925,-0.04538331321071205,1682014432_000095
1682014432,1682014432_000086,8,crop_bgr,180,0.25946081603365184,0.10563841385587654,1682014432_000029
1682014432,1682014432_000087,8,crop_bgr,180,0.15610369318285144,-0.05168860635638809,1682014432_000063
1682014432,1682014432_000088,8,crop_bgr,180,0.13872245799822677,-0.08158481909029186,1682014432_000086
1682014432,1682014432_000089,8,crop_bgr,180,0.10238172430382231,-0.008927314591169322,1682014432_000011
1682014432,1682014432_000090,8,crop_bgr,180,0.1303159867714246,0.013472636840570993,1682014432_000060
1682014432,1682014432_000091,8,crop_bgr,180,0.23238189067180107,-0.03941171411929021,1682014432_000090
1682014432,1682014432_000092,8,crop_bgr,180,0.09839554063660262,-0.09688158026400569,1682014432_000054
1682014432,1682014432_000093,8,crop_bgr,180,0.13210865136605585,0.0353860083178684,1682014432_000019
1682014432,1682014432_000094,8,crop_bgr,180,0.04995209465622702,-0.005964314320024806,1682014432_000077
1682014432,1682014432_000095,8,crop_bgr,180,0.23741971092243494,0.06764763277290738,1682014432_000069
1682014432,1682014432_000096,8,crop_bgr,180,0.04395924349045238,-0.07108514335142525,1682014432_000100
1682014432,1682014432_000097,8,crop_bgr,180,0.16995946952493368,0.02210306670570766,1682014432_000080
1682014432,1682014432_000098,8,crop_bgr,180,0.15401430452019402,0.08918003419701019,1682014432_000014
1682014432,1682014432_000099,8,crop_bgr,180,0.15447445767911838,-0.03432613877443531,1682014432_000014
1682014432,1682014432_000100,8,crop_bgr,180,0.1637103086339559,0.0855004735874707,1682014432_000038
1682014432,1682014432_000101,8,crop_bgr,180,0.24083708256240066,0.1005782480580577,1682014432_000027
1682014432,1682014432_000102,8,crop_bgr,180,0.2197256253740538,-0.030467648270614683,1682014432_000108
1682014432,1682014432_000103,8,crop_bgr,180,0.15951961712803595,0.08384882274008441,1682014432_000059
1682014432,1682014432_000104,8,crop_bgr,180,0.21793157906317076,0.11497741979619724,1682014432_000079
1682014432,1682014432_000105,8,crop_bgr,180,0.1515241131303053,-0.03849030750698802,1682014432_000057
1682014432,1682014432_000106,8,crop_bgr,180,0.205803221771546,0.10908108046947795,1682014432_000089
1682014432,1682014432_000107,8,crop_bgr,180,0.1840531290487941,-0.011949279165925988,1682014432_000106
1682014432,1682014432_000108,8,crop_bgr,180,0.02413844431683365,-0.011709692225621978,1682014432_000000
1682014432,1682014432_000109,8,crop_bgr,180,0.1182366879578473,0.023273298793631537,1682014432_000037
1682014432,1682014432_000110,8,crop_bgr,180,0.0908058443375664,-0.016868783380829852,1682014432_000026
1682014432,1682014432_000111,8,crop_bgr,180,0.14998657356436437,0.053822193904390477,1682014432_000096
1682014432,1682014432_000112,8,crop_bgr,180,0.2385639296734818,0.0684063580362858,1682014432_000061
1682712156,1682712156_000001,8,crop_bgr,180,0.2188983331965447,0.1586798580293878,1682712156_000568
1682712156,1682712156_000013,8,crop_bgr,180,0.08537252080151446,-0.02069765635787729,1682712156_000469
1682712156,1682712156_000026,8,crop_bgr,180,0.1554190682205185,0.0123640737769699,1682712156_000186
1682712156,1682712156_000038,8,crop_bgr,180,0.07649490594332882,-0.045478810606151644,1682712156_000642
1682712156,1682712156_000050,8,crop_bgr,180,0.2218288363484597,0.015385522335042081,1682712156_000457
1682712156,1682712156_000063,8,crop_bgr,180,0.1831460505617728,-0.014999802239028852,1682712156_000013
1682712156,1682712156_000075,8,crop_bgr,180,0.08319140008578062,0.05166245497582255,1682712156_000235
1682712156,1682712156_000087,8,crop_bgr,180,0.2046443504632899,0.0033370548822763946,1682712156_000100
1682712156,1682712156_000100,8,crop_bgr,180,0.12524536793178045,0.019477253008215418,1682712156_000777
1682712156,1682712156_000112,8,crop_bgr,180,0.018576323548137985,-0.038869004688601945,1682712156_000136
1682712156,1682712156_000124,8,crop_bgr,180,0.1925403701355571,0.15578003829028472,1682712156_000555
1682712156,1682712156_000136,8,crop_bgr,180,0.16025917248604568,-0.017088208053216813,1682712156_000297
1682712156,1682712156_000149,8,crop_bgr,180,0.18969315728448796,0.0626574837674722,1682712156_000617
1682712156,1682712156_000161,8,crop_bgr,180,0.1763340204287305,-0.04457727673024955,1682712156_000752
1682712156,1682712156_000173,8,crop_bgr,180,0.04358502053071909,-0.039031667444641246,1682712156_000321
1682712156,1682712156_000186,8,crop_bgr,180,0.12652595155911964,-0.043836535803162734,1682712156_000765
1682712156,1682712156_000198,8,crop_bgr,180,0.09215595582839105,-0.04694049466571155,1682712156_000395
1682712156,1682712156_000210,8,crop_bgr,180,-0.026708117962865468,-0.004108934987714761,1682712156_000420
1682712156,1682712156_000223,8,crop_bgr,180,0.10869643891086457,-0.1722269819145723,1682712156_000605
1682712156,1682712156_000235,8,crop_bgr,180,0.06587086035367873,-0.10944316732906263,1682712156_000346
1682712156,1682712156_000247,8,crop_bgr,180,0.14682492674758577,-0.09932363384993292,1682712156_000198
1682712156,1682712156_000260,8,crop_bgr,180,0.15422331706875494,0.09442793382894547,1682712156_000629
1682712156,1682712156_000272,8,crop_bgr,180,0.21238722611629232,0.08281805781021578,1682712156_000543
1682712156,1682712156_000284,8,crop_bgr,180,0.28365784923939164,-0.03317088811645488,1682712156_000678
1682712156,1682712156_000297,8,crop_bgr,180,0.18696696921608555,0.03388005668489871,1682712156_000728
1682712156,1682712156_000309,8,crop_bgr,180,0.051378278500087825,-0.033431191132504555,1682712156_000383
1682712156,1682712156_000321,8,crop_bgr,180,0.006523657637413906,-0.0460613950413875,1682712156_000247
1682712156,1682712156_000334,8,crop_bgr,180,0.1769417578705448,-0.09498411917531509,1682712156_000161
1682712156,1682712156_000346,8,crop_bgr,180,0.17701831086000422,-0.049019040028222105,1682712156_000124
1682712156,1682712156_000358,8,crop_bgr,180,0.12901602919739766,-0.15121670965147133,1682712156_000654
1682712156,1682712156_000371,8,crop_bgr,180,0.08651067502018252,-0.061410767183270015,1682712156_000432
1682712156,1682712156_000383,8,crop_bgr,180,-0.046883939805226066,-0.11925119070046127,1682712156_000260
1682712156,1682712156_000395,8,crop_bgr,180,0.10547917561283503,-0.07539318136280236,1682712156_000358
1682712156,1682712156_000407,8,crop_bgr,180,0.14525697654743655,-0.11213602473176976,1682712156_000334
1682712156,1682712156_000420,8,crop_bgr,180,0.06035816553762422,-0.028244670292285296,1682712156_000075
1682712156,1682712156_000432,8,crop_bgr,180,0.15419426973403108,-0.0031607157251095316,1682712156_000149
1682712156,1682712156_000444,8,crop_bgr,180,-0.013847091241688278,-0.18483630765122458,1682712156_000506
1682712156,1682712156_000457,8,crop_bgr,180,0.17879305625792083,0.16164444289179103,1682712156_000444
1682712156,1682712156_000469,8,crop_bgr,180,-0.028652469441929035,-0.23921790267543916,1682712156_000112
1682712156,1682712156_000481,8,crop_bgr,180,0.13012873447084033,-0.06092732040537091,1682712156_000173
1682712156,1682712156_000494,8,crop_bgr,180,0.13748631150712293,0.040593153001510694,1682712156_000223
1682712156,1682712156_000506,8,crop_bgr,180,0.22034048071490256,0.051568693109666074,1682712156_000494
1682712156,1682712156_000518,8,crop_bgr,180,0.17076995995072627,0.1013268061377044,1682712156_000210
1682712156,1682712156_000531,8,crop_bgr,180,0.3011689293986775,0.08219405614434262,1682712156_000592
1682712156,1682712156_000543,8,crop_bgr,180,0.08341279689620358,-0.014862276587166256,1682712156_000481
1682712156,1682712156_000555,8,crop_bgr,180,-0.01918390642351439,-0.13081437784172434,1682712156_000087
1682712156,1682712156_000568,8,crop_bgr,180,0.18370940148952916,0.024681612628961385,1682712156_000026
1682712156,1682712156_000580,8,crop_bgr,180,0.02084082973740657,0.01531055915933511,1682712156_000284
1682712156,1682712156_000592,8,crop_bgr,180,0.1002725493302502,-0.15226484004263743,1682712156_000715
1682712156,1682712156_000605,8,crop_bgr,180,-0.032148126693683575,-0.10932692874216716,1682712156_000740
1682712156,1682712156_000617,8,crop_bgr,180,0.05661512984886002,0.02535938287284571,1682712156_000518
1682712156,1682712156_000629,8,crop_bgr,180,0.0860823591417642,-0.087374519899705,1682712156_000580
1682712156,1682712156_000642,8,crop_bgr,180,0.12652412498726248,-0.10016575866232602,1682712156_000703
1682712156,1682712156_000654,8,crop_bgr,180,0.17635561326855528,0.058249607293971516,1682712156_000063
1682712156,1682712156_000666,8,crop_bgr,180,0.12137221539985481,-0.17870176271719504,1682712156_000531
1682712156,1682712156_000678,8,crop_bgr,180,0.11097776588225931,0.054124725641939646,1682712156_000050
1682712156,1682712156_000691,8,crop_bgr,180,0.0815998201387791,-0.043209301852143445,1682712156_000407
1682712156,1682712156_000703,8,crop_bgr,180,0.13605103412023847,0.09172466390236166,1682712156_000666
1682712156,1682712156_000715,8,crop_bgr,180,0.05764609499723622,-0.1635079830678357,1682712156_000001
1682712156,1682712156_000728,8,crop_bgr,180,-0.014548603038750644,-0.020087951318219072,1682712156_000691
1682712156,1682712156_000740,8,crop_bgr,180,0.15709532461277956,0.03897371105769452,1682712156_000309
1682712156,1682712156_000752,8,crop_bgr,180,0.35074991578845466,0.10531231043769697,1682712156_000371
1682712156,1682712156_000765,8,crop_bgr,180,0.20227753233757173,0.03456975129603443,1682712156_000272
1682712156,1682712156_000777,8,crop_bgr,180,-0.04372447947540318,-0.10232833535207307,1682712156_000038
1682718815,1682718815_000001,8,crop_bgr,180,0.16808334942400713,0.09079998556495722,1682718815_000641
1682718815,1682718815_000005,8,crop_bgr,180,0.07374515169124134,-0.0006674229743594828,1682718815_000449
1682718815,1682718815_000009,8,crop_bgr,180,0.1893274843132876,0.04788320282287071,1682718815_000717
1682718815,1682718815_000013,8,crop_bgr,180,0.23118273379736,0.10829936288609017,1682718815_000229
1682718815,1682718815_000017,8,crop_bgr,180,0.18571912655833347,0.09368183649422267,1682718815_000241
1682718815,1682718815_000021,8,crop_bgr,180,0.11851578668376832,-0.0020264618496410335,1682718815_000713
1682718815,1682718815_000025,8,crop_bgr,180,0.1132590667187503,-0.040224524361826365,1682718815_000317
1682718815,1682718815_000029,8,crop_bgr,180,0.06324523456237251,-0.13356128079106955,1682718815_000033
1682718815,1682718815_000033,8,crop_bgr,180,0.35440620307941834,0.17493645475096475,1682718815_000709
1682718815,1682718815_000037,8,crop_bgr,180,0.31644103764232717,0.18179512982991497,1682718815_000553
1682718815,1682718815_000041,8,crop_bgr,180,0.025786882098541682,-0.07666512261468177,1682718815_000545
1682718815,1682718815_000045,8,crop_bgr,180,0.08016786252377002,0.010756267357213153,1682718815_000385
1682718815,1682718815_000049,8,crop_bgr,180,0.1268192158879474,-0.06157952880987083,1682718815_000269
1682718815,1682718815_000053,8,crop_bgr,180,0.195954549656978,0.015603786526729882,1682718815_000173
1682718815,1682718815_000057,8,crop_bgr,180,0.0570323981999199,-0.1298323317168417,1682718815_000621
1682718815,1682718815_000061,8,crop_bgr,180,0.1297687146560996,0.029676482834270556,1682718815_000509
1682718815,1682718815_000065,8,crop_bgr,180,0.08187697786036546,0.08421761729753972,1682718815_000117
1682718815,1682718815_000069,8,crop_bgr,180,0.1347941892357795,0.0016521623186060083,1682718815_000513
1682718815,1682718815_000073,8,crop_bgr,180,0.006303704554913081,-0.05423995252871088,1682718815_000017
1682718815,1682718815_000077,8,crop_bgr,180,0.00020380404085466874,-0.0009475286892993347,1682718815_000321
1682718815,1682718815_000081,8,crop_bgr,180,0.17943911549609945,0.07315775719819234,1682718815_000389
1682718815,1682718815_000085,8,crop_bgr,180,-0.017508490295000307,-0.06459335226775866,1682718815_000733
1682718815,1682718815_000089,8,crop_bgr,180,0.25770025774536376,-0.010983352422756035,1682718815_000341
1682718815,1682718815_000093,8,crop_bgr,180,0.08434437725958221,-0.09951832271131833,1682718815_000517
1682718815,1682718815_000097,8,crop_bgr,180,0.09764092339459296,-0.048357202280556344,1682718815_000541
1682718815,1682718815_000101,8,crop_bgr,180,0.1255688744564856,0.06442354423772494,1682718815_000477
1682718815,1682718815_000105,8,crop_bgr,180,0.08585963756309424,-0.04996707042937129,1682718815_000589
1682718815,1682718815_000109,8,crop_bgr,180,0.097415340223857,0.032766937740614434,1682718815_000677
1682718815,1682718815_000113,8,crop_bgr,180,0.08129918265787817,-0.05439503515647528,1682718815_000337
1682718815,1682718815_000117,8,crop_bgr,180,0.2542241433122767,0.07521618789473752,1682718815_000301
1682718815,1682718815_000121,8,crop_bgr,180,0.2742360445303767,0.16183405968404968,1682718815_000009
1682718815,1682718815_000125,8,crop_bgr,180,0.15937918638434814,0.05834560194839054,1682718815_000205
1682718815,1682718815_000129,8,crop_bgr,180,0.22814781056197217,0.05048182867103196,1682718815_000613
1682718815,1682718815_000133,8,crop_bgr,180,0.19478024311296124,0.07976124349223253,1682718815_000461
1682718815,1682718815_000137,8,crop_bgr,180,0.2533476360842042,0.04385659739612127,1682718815_000701
1682718815,1682718815_000141,8,crop_bgr,180,0.22600790079956254,-0.025425636055613637,1682718815_000453
1682718815,1682718815_000145,8,crop_bgr,180,0.1969128636256059,-0.04105627764652254,1682718815_000725
1682718815,1682718815_000149,8,crop_bgr,180,0.20006250130768488,-0.0718524801048344,1682718815_000277
1682718815,1682718815_000153,8,crop_bgr,180,0.03735253475182143,-0.12030543162892977,1682718815_000729
1682718815,1682718815_000157,8,crop_bgr,180,-0.00045713547169536534,-0.11711688755434384,1682718815_000309
1682718815,1682718815_000161,8,crop_bgr,180,-0.003273540198315624,-0.07754988803695217,1682718815_000505
1682718815,1682718815_000165,8,crop_bgr,180,-0.012231922177704376,-0.1000054706390421,1682718815_000257
1682718815,1682718815_000169,8,crop_bgr,180,0.09385894886217788,0.01293141344077386,1682718815_000013
1682718815,1682718815_000173,8,crop_bgr,180,0.08853917779480641,-0.05608528729045866,1682718815_000349
1682718815,1682718815_000177,8,crop_bgr,180,0.0824814642307403,0.022382602555972245,1682718815_000457
1682718815,1682718815_000181,8,crop_bgr,180,0.11905019840581059,-0.07432830328159688,1682718815_000137
1682718815,1682718815_000185,8,crop_bgr,180,0.29349552583837496,0.14129418119283627,1682718815_000617
1682718815,1682718815_000189,8,crop_bgr,180,0.1922834171216757,0.10199080218924239,1682718815_000169
1682718815,1682718815_000193,8,crop_bgr,180,0.1380169331350112,-0.10228516491747236,1682718815_000765
1682718815,1682718815_000197,8,crop_bgr,180,0.19946362057802114,0.05765558637918852,1682718815_000073
1682718815,1682718815_000201,8,crop_bgr,180,0.16250093737061538,-0.02315555623289094,1682718815_000425
1682718815,1682718815_000205,8,crop_bgr,180,0.1461837927202969,0.044980882213249425,1682718815_000481
1682718815,1682718815_000209,8,crop_bgr,180,0.09775080896983242,-0.08591481226475449,1682718815_000565
1682718815,1682718815_000213,8,crop_bgr,180,0.11936855637105946,0.01829746033301748,1682718815_000185
1682718815,1682718815_000217,8,crop_bgr,180,0.29551267556284205,0.028513538441903324,1682718815_000689
1682718815,1682718815_000221,8,crop_bgr,180,0.15275401183408177,-0.029642649820424156,1682718815_000397
1682718815,1682718815_000225,8,crop_bgr,180,0.07363068203516566,-0.04206138800802614,1682718815_000293
1682718815,1682718815_000229,8,crop_bgr,180,0.1024598023878302,0.02574147651345529,1682718815_000557
1682718815,1682718815_000233,8,crop_bgr,180,-0.03323604909210546,-0.12374950560132027,1682718815_000661
1682718815,1682718815_000237,8,crop_bgr,180,0.09503908534546872,0.050993303602173155,1682718815_000533
1682718815,1682718815_000241,8,crop_bgr,180,0.028212554725722167,0.07097310245639472,1682718815_000417
1682718815,1682718815_000245,8,crop_bgr,180,0.22714592452328217,0.030302105399148432,1682718815_000757
1682718815,1682718815_000249,8,crop_bgr,180,0.21790051142648967,0.06630139212300003,1682718815_000069
1682718815,1682718815_000253,8,crop_bgr,180,0.031532041379459086,-0.15643984400948682,1682718815_000133
1682718815,1682718815_000257,8,crop_bgr,180,0.18567188758507128,-0.10955183671266254,1682718815_000741
1682718815,1682718815_000261,8,crop_bgr,180,0.19585413506902313,-0.005557209227069569,1682718815_000537
1682718815,1682718815_000265,8,crop_bgr,180,0.16166285834680696,-0.13177692388272502,1682718815_000489
1682718815,1682718815_000269,8,crop_bgr,180,0.043003493697724195,0.09837563483826273,1682718815_000149
1682718815,1682718815_000273,8,crop_bgr,180,0.18242311636764796,0.05788905055783799,1682718815_000497
1682718815,1682718815_000277,8,crop_bgr,180,0.0986987671075933,-0.13933037975455906,1682718815_000145
1682718815,1682718815_000281,8,crop_bgr,180,0.11813706468321801,0.0018415791509411399,1682718815_000629
1682718815,1682718815_000285,8,crop_bgr,180,0.12437500382208459,-0.004877150822114244,1682718815_000773
1682718815,1682718815_000289,8,crop_bgr,180,0.1828078551732478,0.04470826406113224,1682718815_000161
1682718815,1682718815_000293,8,crop_bgr,180,0.1753541342516667,-0.13300394812876012,1682718815_000181
1682718815,1682718815_000297,8,crop_bgr,180,0.1573528546578457,0.05062508086388704,1682718815_000605
1682718815,1682718815_000301,8,crop_bgr,180,0.25097474328019176,0.18668388152762025,1682718815_000601
1682718815,1682718815_000305,8,crop_bgr,180,0.25173983547421636,0.10369895997318934,1682718815_000113
1682718815,1682718815_000309,8,crop_bgr,180,0.16671081221648162,-0.03379497572377981,1682718815_000249
1682718815,1682718815_000313,8,crop_bgr,180,0.1474083952711677,0.07903923276832236,1682718815_000125
1682718815,1682718815_000317,8,crop_bgr,180,0.2820159798095626,0.08032857007663384,1682718815_000093
1682718815,1682718815_000321,8,crop_bgr,180,0.03473270349293832,-0.08950514768020695,1682718815_000433
1682718815,1682718815_000325,8,crop_bgr,180,0.1386331604544925,0.08397983107324891,1682718815_000201
1682718815,1682718815_000329,8,crop_bgr,180,0.30378446356464656,0.12775276502366498,1682718815_000285
1682718815,1682718815_000333,8,crop_bgr,180,0.20410378367093784,0.10294874662946796,1682718815_000217
1682718815,1682718815_000337,8,crop_bgr,180,0.2791020467896795,0.09177773375749555,1682718815_000705
1682718815,1682718815_000341,8,crop_bgr,180,0.15521015886746456,0.04402415288830371,1682718815_000313
1682718815,1682718815_000345,8,crop_bgr,180,0.09951103536856783,-0.052314564679200565,1682718815_000381
1682718815,1682718815_000349,8,crop_bgr,180,0.21648555319297422,0.06475254869189741,1682718815_000109
1682718815,1682718815_000353,8,crop_bgr,180,0.041856293214443556,-0.07840056801604324,1682718815_000393
1682718815,1682718815_000357,8,crop_bgr,180,0.10464742706069137,0.018897265093891762,1682718815_000077
1682718815,1682718815_000361,8,crop_bgr,180,0.1931517042750306,-0.008210220796383736,1682718815_000049
1682718815,1682718815_000365,8,crop_bgr,180,-0.010208790078124521,-0.10946000698104853,1682718815_000597
1682718815,1682718815_000369,8,crop_bgr,180,0.23221474825566832,0.15337450439602318,1682718815_000753
1682718815,1682718815_000373,8,crop_bgr,180,0.17290053197805208,-0.07405068993047652,1682718815_000637
1682718815,1682718815_000377,8,crop_bgr,180,0.05772855808670543,0.06314940060727549,1682718815_000061
1682718815,1682718815_000381,8,crop_bgr,180,0.12515682780063161,0.022844158832916153,1682718815_000401
1682718815,1682718815_000385,8,crop_bgr,180,0.16620042554253728,0.026402877109352556,1682718815_000413
1682718815,1682718815_000389,8,crop_bgr,180,0.14716385136255203,-0.02954513201545619,1682718815_000409
1682718815,1682718815_000393,8,crop_bgr,180,0.06896698503561442,0.01993120512366183,1682718815_000209
1682718815,1682718815_000397,8,crop_bgr,180,-0.031187363914210776,-0.1187961863021798,1682718815_000025
1682718815,1682718815_000401,8,crop_bgr,180,0.1345917026459328,-0.08251022648546541,1682718815_000581
1682718815,1682718815_000405,8,crop_bgr,180,0.21487537203578752,0.0033624230809548273,1682718815_000369
1682718815,1682718815_000409,8,crop_bgr,180,0.19389748165361462,0.02439180263883614,1682718815_000253
1682718815,1682718815_000413,8,crop_bgr,180,0.12168477304518426,-0.06967461720740661,1682718815_000233
1682718815,1682718815_000417,8,crop_bgr,180,0.2220165106711197,0.12019919641284586,1682718815_000609
1682718815,1682718815_000421,8,crop_bgr,180,0.2462489314190037,-0.10382455974819578,1682718815_000037
1682718815,1682718815_000425,8,crop_bgr,180,0.14644209748931059,-0.11705677645722755,1682718815_000281
1682718815,1682718815_000429,8,crop_bgr,180,0.15714774368502352,0.06971158208193372,1682718815_000473
1682718815,1682718815_000433,8,crop_bgr,180,0.06483500217976056,0.12491512872772846,1682718815_000021
1682718815,1682718815_000437,8,crop_bgr,180,-0.02486607880741819,0.0037130275257156453,1682718815_000121
1682718815,1682718815_000441,8,crop_bgr,180,0.12272551286831583,-0.025244706181579053,1682718815_000365
1682718815,1682718815_000445,8,crop_bgr,180,0.20172477857732654,0.024290782767944098,1682718815_000745
1682718815,1682718815_000449,8,crop_bgr,180,-0.029009170609732442,-0.17598804126195325,1682718815_000745
1682718815,1682718815_000453,8,crop_bgr,180,0.06346119775129762,-0.012564115375015728,1682718815_000245
1682718815,1682718815_000457,8,crop_bgr,180,0.18247308554480476,-0.026116196623941473,1682718815_000493
1682718815,1682718815_000461,8,crop_bgr,180,0.16247160513553716,-0.058991072191382665,1682718815_000573
1682718815,1682718815_000465,8,crop_bgr,180,0.05049238107799192,-0.06426869387852516,1682718815_000673
1682718815,1682718815_000469,8,crop_bgr,180,0.2835914301832402,0.08482953429262252,1682718815_000265
1682718815,1682718815_000473,8,crop_bgr,180,0.13242067347776498,-0.000631728581416457,1682718815_000157
1682718815,1682718815_000477,8,crop_bgr,180,0.22653754204063073,0.08030547238070586,1682718815_000153
1682718815,1682718815_000481,8,crop_bgr,180,0.15585530810219417,0.093679681834209,1682718815_000521
1682718815,1682718815_000485,8,crop_bgr,180,0.08206359681482293,0.1891336073628865,1682718815_000761
1682718815,1682718815_000489,8,crop_bgr,180,0.20013433574200212,0.08000134877364956,1682718815_000585
1682718815,1682718815_000493,8,crop_bgr,180,0.1213884508031728,0.009935050138008083,1682718815_000129
1682718815,1682718815_000497,8,crop_bgr,180,0.07932732730447832,-0.048591889743788724,1682718815_000101
1682718815,1682718815_000501,8,crop_bgr,180,0.03826889551333052,-0.03475641579429944,1682718815_000429
1682718815,1682718815_000505,8,crop_bgr,180,0.14625022597108117,-0.08376336821122844,1682718815_000097
1682718815,1682718815_000509,8,crop_bgr,180,0.13865813047864325,-0.032560968592463935,1682718815_000353
1682718815,1682718815_000513,8,crop_bgr,180,0.09313244398391991,0.06543925843132216,1682718815_000213
1682718815,1682718815_000517,8,crop_bgr,180,0.1848606257772064,0.040310163051349,1682718815_000081
1682718815,1682718815_000521,8,crop_bgr,180,0.19612443796828216,0.11053817802513018,1682718815_000377
1682718815,1682718815_000525,8,crop_bgr,180,0.190275099367091,0.05220136280382958,1682718815_000193
1682718815,1682718815_000529,8,crop_bgr,180,0.0760800131974176,-0.08439009946274756,1682718815_000633
1682718815,1682718815_000533,8,crop_bgr,180,0.06813272262378839,-0.035642025456549334,1682718815_000029
1682718815,1682718815_000537,8,crop_bgr,180,0.08462290426378728,0.06290755424710702,1682718815_000657
1682718815,1682718815_000541,8,crop_bgr,180,0.029689448604744085,-0.09330385063577401,1682718815_000333
1682718815,1682718815_000545,8,crop_bgr,180,0.2223725658970487,0.07337464275857684,1682718815_000577
1682718815,1682718815_000549,8,crop_bgr,180,0.27999106546624064,0.12984228969394795,1682718815_000329
1682718815,1682718815_000553,8,crop_bgr,180,0.013009677735237868,-0.10694061416910566,1682718815_000329
1682718815,1682718815_000557,8,crop_bgr,180,0.16768790070699233,0.0029557674771066716,1682718815_000325
1682718815,1682718815_000561,8,crop_bgr,180,0.08672560564540077,0.026263575716689903,1682718815_000769
1682718815,1682718815_000565,8,crop_bgr,180,-0.002468190261865603,-0.11878548113273817,1682718815_000105
1682718815,1682718815_000569,8,crop_bgr,180,0.07756256231480652,-0.023040714262840916,1682718815_000749
1682718815,1682718815_000573,8,crop_bgr,180,0.06612317621555307,-0.06537689115065676,1682718815_000197
1682718815,1682718815_000577,8,crop_bgr,180,0.10751117824096444,0.004018725634854781,1682718815_000685
1682718815,1682718815_000581,8,crop_bgr,180,0.17213300798519993,-0.10687541606830968,1682718815_000669
1682718815,1682718815_000585,8,crop_bgr,180,0.29574505209329116,0.08804398281298548,1682718815_000569
1682718815,1682718815_000589,8,crop_bgr,180,0.2512908030790004,0.022295932538353935,1682718815_000405
1682718815,1682718815_000593,8,crop_bgr,180,0.1731913279282904,-0.028018437137566427,1682718815_000225
1682718815,1682718815_000597,8,crop_bgr,180,0.18680481962868412,-0.10976057307396814,1682718815_000437
1682718815,1682718815_000601,8,crop_bgr,180,0.1707631965715434,0.11409013344781793,1682718815_000065
1682718815,1682718815_000605,8,crop_bgr,180,0.23450458925309747,0.13752411205255602,1682718815_000141
1682718815,1682718815_000609,8,crop_bgr,180,0.22787309593277896,0.18947903630028684,1682718815_000005
1682718815,1682718815_000613,8,crop_bgr,180,0.022671705430765465,-0.07985395352423635,1682718815_000297
1682718815,1682718815_000617,8,crop_bgr,180,0.24241592017679492,0.06048293315067895,1682718815_000001
1682718815,1682718815_000621,8,crop_bgr,180,0.07123391059895727,0.035481048672140685,1682718815_000357
1682718815,1682718815_000625,8,crop_bgr,180,0.22938507139767225,0.028160789471762298,1682718815_000165
1682718815,1682718815_000629,8,crop_bgr,180,0.16361758544411584,0.023253695781789475,1682718815_000697
1682718815,1682718815_000633,8,crop_bgr,180,0.12314871128162352,0.11450584524975481,1682718815_000045
1682718815,1682718815_000637,8,crop_bgr,180,0.013558717591289524,0.07900122147632031,1682718815_000041
1682718815,1682718815_000641,8,crop_bgr,180,0.10728908203808164,-0.0061066316850733144,1682718815_000273
1682718815,1682718815_000645,8,crop_bgr,180,0.015651502403785118,-0.08457786373254202,1682718815_000345
1682718815,1682718815_000649,8,crop_bgr,180,0.12499584936683746,0.03585820140135102,1682718815_000221
1682718815,1682718815_000653,8,crop_bgr,180,0.19328730142388825,0.06837561824969886,1682718815_000485
1682718815,1682718815_000657,8,crop_bgr,180,0.20163355845986505,0.015556856567433908,1682718815_000261
1682718815,1682718815_000661,8,crop_bgr,180,0.07475163781560408,-0.11363933059847053,1682718815_000501
1682718815,1682718815_000665,8,crop_bgr,180,0.25087945661884553,0.05253513013972016,1682718815_000465
1682718815,1682718815_000669,8,crop_bgr,180,0.1962006359170815,-0.03151973246816287,1682718815_000593
1682718815,1682718815_000673,8,crop_bgr,180,0.24496248375356167,0.09308074475458937,1682718815_000441
1682718815,1682718815_000677,8,crop_bgr,180,0.19459887264724207,0.08991885387579518,1682718815_000561
1682718815,1682718815_000681,8,crop_bgr,180,0.30142224346513047,0.15952455191664483,1682718815_000665
1682718815,1682718815_000685,8,crop_bgr,180,0.13535659742849412,0.05506896598887018,1682718815_000681
1682718815,1682718815_000689,8,crop_bgr,180,0.08429018940225337,0.07350930203322543,1682718815_000529
1682718815,1682718815_000693,8,crop_bgr,180,0.18513368539172415,-0.040082809138903816,1682718815_000645
1682718815,1682718815_000697,8,crop_bgr,180,0.2786424745226053,0.0609842076671645,1682718815_000053
1682718815,1682718815_000701,8,crop_bgr,180,0.13361459316702984,-0.0008084105078213869,1682718815_000469
1682718815,1682718815_000705,8,crop_bgr,180,0.17260875460956718,0.04708938333353482,1682718815_000421
1682718815,1682718815_000709,8,crop_bgr,180,0.16585532171222858,0.08396775464736617,1682718815_000361
1682718815,1682718815_000713,8,crop_bgr,180,0.2552801382333103,0.008924471754317301,1682718815_000289
1682718815,1682718815_000717,8,crop_bgr,180,0.2344530101597724,0.12303886335831277,1682718815_000525
1682718815,1682718815_000721,8,crop_bgr,180,0.13499352783864868,-0.0037028071886225553,1682718815_000089
1682718815,1682718815_000725,8,crop_bgr,180,0.14641515252949291,0.117879745032215,1682718815_000089
1682718815,1682718815_000729,8,crop_bgr,180,0.10214125866195185,-0.04701657459832526,1682718815_000737
1682718815,1682718815_000733,8,crop_bgr,180,0.16064203869589272,0.10124967198583908,1682718815_000305
1682718815,1682718815_000737,8,crop_bgr,180,0.2780250015857537,0.09264932657387205,1682718815_000625
1682718815,1682718815_000741,8,crop_bgr,180,0.017151092800818852,-0.010493723849156852,1682718815_000777
1682718815,1682718815_000745,8,crop_bgr,180,0.16859885695013208,0.004870888540500357,1682718815_000177
1682718815,1682718815_000749,8,crop_bgr,180,0.01066303003802845,-0.010185824255032968,1682718815_000693
1682718815,1682718815_000753,8,crop_bgr,180,-0.028734867734587277,-0.12609052258635367,1682718815_000653
1682718815,1682718815_000757,8,crop_bgr,180,-0.1263939170642229,-0.04425760977199744,1682718815_000057
1682718815,1682718815_000761,8,crop_bgr,180,0.10528951254490897,-0.022707183312872692,1682718815_000373
1682718815,1682718815_000765,8,crop_bgr,180,0.15592735034941071,-0.07386441296207813,1682718815_000189
1682718815,1682718815_000769,8,crop_bgr,180,0.12372691909069174,-0.04538728047379731,1682718815_000085
1682718815,1682718815_000773,8,crop_bgr,180,0.17738154982719487,-0.09719990476554165,1682718815_000649
1682718815,1682718815_000777,8,crop_bgr,180,0.154095570520794,0.02150138068826449,1682718815_000237
1680410249,1680410249_000000,16,full,180,0.014268764502421734,-0.05266291441374262,1680410249_000005
1680410249,1680410249_000001,16,full,180,-0.020020444155110378,-0.05272884576089195,1680410249_000005
1680410249,1680410249_000002,16,full,180,0.011696793794870791,0.006860436962584611,1680410249_000004
1680410249,1680410249_000003,16,full,180,0.001567264119862376,0.019955278647926844,1680410249_000001
1680410249,1680410249_000004,16,full,180,-0.007586759412957919,-0.04676466656508862,1680410249_000008
1680410249,1680410249_000005,16,full,180,0.12031337183946689,0.05129436779195251,1680410249_000007
1680410249,1680410249_000006,16,full,180,0.1227723193338352,0.07550149419432481,1680410249_000009
1680410249,1680410249_000007,16,full,180,0.08549015043676433,0.07143800038752195,1680410249_000009
1680410249,1680410249_000008,16,full,180,0.027441307413289,0.03251949854941106,1680410249_000002
1680410249,1680410249_000009,16,full,180,0.14001689094876305,0.08043129587957534,1680410249_000003
1680410569,1680410569_000000,16,full,180,0.09999576836917567,0.07180316956104534,1680410569_000009
1680410569,1680410569_000001,16,full,180,0.1021133997607739,0.08214003740581663,1680410569_000004
1680410569,1680410569_000002,16,full,180,0.034981946479155174,-0.000917095301521399,1680410569_000007
1680410569,1680410569_000003,16,full,180,-0.02720843786629151,-0.06159669168274879,1680410569_000008
1680410569,1680410569_000004,16,full,180,0.06732643130542598,0.024594357827049135,1680410569_000002
1680410569,1680410569_000005,16,full,180,-0.03121863354098281,-0.05161740674806114,1680410569_000006
1680410569,1680410569_000006,16,full,180,0.07799151382578558,0.014970991988970084,1680410569_000003
1680410569,1680410569_000007,16,full,180,-0.03864354736642974,-0.021612767291948397,1680410569_000005
1680410569,1680410569_000008,16,full,180,0.04326818707561347,0.007153079240640663,1680410569_000000
1680410569,1680410569_000009,16,full,180,0.023104517241781714,-0.03706782286394164,1680410569_000001
1680412337,1680412337_000000,16,full,180,0.10577817573501182,0.036569205970608275,1680412337_000456
1680412337,1680412337_000012,16,full,180,-0.013106982488678929,-0.03295831360149741,1680412337_000604
1680412337,1680412337_000025,16,full,180,0.0038179852688496677,-0.05622027627523365,1680412337_000616
1680412337,1680412337_000037,16,full,180,-0.025300818333436417,-0.023183100592575407,1680412337_000641
1680412337,1680412337_000049,16,full,180,0.02634770105018282,6.918320352632124e-05,1680412337_000591
1680412337,1680412337_000062,16,full,180,0.04042643810003886,-0.038199043361952005,1680412337_000111
1680412337,1680412337_000074,16,full,180,0.017941318000768775,0.004222957309589728,1680412337_000382
1680412337,1680412337_000086,16,full,180,0.047594240757633244,0.023912833586439544,1680412337_000542
1680412337,1680412337_000099,16,full,180,-0.052890167592831584,-0.04444006832423251,1680412337_000517
1680412337,1680412337_000111,16,full,180,0.1258259204787687,0.09014371318492531,1680412337_000074
1680412337,1680412337_000123,16,full,180,-0.00910326906288884,-0.07219210665359534,1680412337_000530
1680412337,1680412337_000135,16,full,180,0.1086384015969339,0.09560529255714116,1680412337_000443
1680412337,1680412337_000148,16,full,180,0.028468380006494143,0.017341278882251118,1680412337_000357
1680412337,1680412337_000160,16,full,180,-0.0059456936518880454,-0.02382274814410275,1680412337_000677
1680412337,1680412337_000172,16,full,180,0.06003171515590535,0.07725634947893951,1680412337_000714
1680412337,1680412337_000185,16,full,180,0.040505835887852754,0.02874851080805331,1680412337_000727
1680412337,1680412337_000197,16,full,180,-0.017187713232371688,-0.03910745246114288,1680412337_000406
1680412337,1680412337_000209,16,full,180,0.1744651100886683,0.16252773720773042,1680412337_000480
1680412337,1680412337_000222,16,full,180,0.10369501655712828,0.08842801545853303,1680412337_000086
1680412337,1680412337_000234,16,full,180,0.01963396111111662,-0.029186503783291986,1680412337_000333
1680412337,1680412337_000246,16,full,180,0.08674178023511907,0.01728797027143877,1680412337_000764
1680412337,1680412337_000259,16,full,180,0.06377073041630332,-0.004667678750033745,1680412337_000320
1680412337,1680412337_000271,16,full,180,0.016517106842062628,-0.023005913113943125,1680412337_000493
1680412337,1680412337_000283,16,full,180,0.050224350027261534,0.011111172494444162,1680412337_000000
1680412337,1680412337_000296,16,full,180,0.030484660583418848,-0.048640277332388925,1680412337_000135
1680412337,1680412337_000308,16,full,180,0.14839028146953395,0.11360097119309386,1680412337_000049
1680412337,1680412337_000320,16,full,180,-0.02707051769507036,-0.06797526549467019,1680412337_000505
1680412337,1680412337_000333,16,full,180,0.1442213078792949,0.07674779842771201,1680412337_000283
1680412337,1680412337_000345,16,full,180,0.02704323813444306,-0.07323867020648932,1680412337_000394
1680412337,1680412337_000357,16,full,180,0.028707461489182202,-0.014277805243129958,1680412337_000209
1680412337,1680412337_000370,16,full,180,-0.015626549875456284,-0.015213264225830461,1680412337_000567
1680412337,1680412337_000382,16,full,180,0.08410845364820431,0.05061836709184892,1680412337_000431
1680412337,1680412337_000394,16,full,180,0.04716680117825289,0.03246529376740663,1680412337_000012
1680412337,1680412337_000406,16,full,180,0.09337482123313107,-0.04406244677982162,1680412337_000234
1680412337,1680412337_000419,16,full,180,-0.004868000693378702,-0.027402340520143644,1680412337_000123
1680412337,1680412337_000431,16,full,180,0.03928762263563674,0.006501062988288171,1680412337_000271
1680412337,1680412337_000443,16,full,180,0.01135535642523009,-0.03779632777770511,1680412337_000653
1680412337,1680412337_000456,16,full,180,0.0906131053996748,0.022768192798727823,1680412337_000172
1680412337,1680412337_000468,16,full,180,0.04934226113719974,0.07156253894776485,1680412337_000345
1680412337,1680412337_000480,16,full,180,0.02486368711786795,-0.023917421548494508,1680412337_000259
1680412337,1680412337_000493,16,full,180,-0.022361966046896973,-0.03941551111946451,1680412337_000185
1680412337,1680412337_000505,16,full,180,0.014488685200118881,-0.022912920882087157,1680412337_000739
1680412337,1680412337_000517,16,full,180,0.06976196611126276,-0.01291071849686086,1680412337_000025
1680412337,1680412337_000530,16,full,180,0.05329356911924534,0.01630712330205966,1680412337_000160
1680412337,1680412337_000542,16,full,180,-0.023115846206145332,-0.04422483194855184,1680412337_000037
1680412337,1680412337_000554,16,full,180,0.01030157676539547,-0.07951945106383246,1680412337_000296
1680412337,1680412337_000567,16,full,180,0.03969732309719162,-0.07737322033620267,1680412337_000222
1680412337,1680412337_000579,16,full,180,0.08440965010800956,0.10222510252152645,1680412337_000702
1680412337,1680412337_000591,16,full,180,0.06362013265756734,0.04341811634568773,1680412337_000148
1680412337,1680412337_000604,16,full,180,-0.00587051854823684,-0.005451793349954992,1680412337_000690
1680412337,1680412337_000616,16,full,180,-0.01179553162627874,-0.051635277864253475,1680412337_000308
1680412337,1680412337_000628,16,full,180,-0.023878980935874216,-0.07445846684118428,1680412337_000468
1680412337,1680412337_000641,16,full,180,-0.026258099782082194,-0.07562731729270412,1680412337_000099
1680412337,1680412337_000653,16,full,180,0.07099689845389555,0.05932521777044935,1680412337_000197
1680412337,1680412337_000665,16,full,180,0.09878820887118354,0.0856287645008902,1680412337_000062
1680412337,1680412337_000677,16,full,180,0.0033084430199806086,0.04312746767804473,1680412337_000665
1680412337,1680412337_000690,16,full,180,-0.048576963762808255,-0.06692838790972816,1680412337_000554
1680412337,1680412337_000702,16,full,180,0.05036696670269336,-0.013629587670948018,1680412337_000246
1680412337,1680412337_000714,16,full,180,0.07568301502782944,0.07853453300458231,1680412337_000419
1680412337,1680412337_000727,16,full,180,0.0044400477664182,0.004226881369548445,1680412337_000370
1680412337,1680412337_000739,16,full,180,0.06163402006465888,0.00908436102373805,1680412337_000579
1680412337,1680412337_000751,16,full,180,0.042272282085447255,0.017303396878266295,1680412337_000628
1680412337,1680412337_000764,16,full,180,0.04162373225849604,0.01542546151075505,1680412337_000628
1680412337,1680412337_000776,16,full,180,-0.007961760626652702,-0.05406147190197416,1680412337_000456
1681945334,1681945334_000000,16,full,180,-0.05520724903241725,-0.06143343069338623,1681945334_000542
1681945334,1681945334_000012,16,full,180,-0.06069491713184803,-0.05054541666910767,1681945334_000776
1681945334,1681945334_000025,16,full,180,0.06815627880471135,0.04789351738476891,1681945334_000222
1681945334,1681945334_000037,16,full,180,0.0024261581588982486,-0.047834962052926235,1681945334_000468
1681945334,1681945334_000049,16,full,180,0.033613865885017906,-0.0019297005398299625,1681945334_000246
1681945334,1681945334_000062,16,full,180,0.020826097262511844,-0.010588279386463591,1681945334_000751
1681945334,1681945334_000074,16,full,180,0.08771475785526672,0.11586960464404927,1681945334_000480
1681945334,1681945334_000086,16,full,180,0.1002913304853633,0.04958082218059837,1681945334_000604
1681945334,1681945334_000099,16,full,180,0.07567353237383023,0.0301008951155765,1681945334_000456
1681945334,1681945334_000111,16,full,180,0.06655829267995121,0.07965711369252426,1681945334_000505
1681945334,1681945334_000123,16,full,180,0.10400869226571578,0.05417188284670001,1681945334_000074
1681945334,1681945334_000135,16,full,180,0.05877385411451127,0.023950262031630715,1681945334_000406
1681945334,1681945334_000148,16,full,180,0.08599979235807466,0.053279393719324185,1681945334_000271
1681945334,1681945334_000160,16,full,180,0.11663103046010337,0.06049763216396342,1681945334_000271
1681945334,1681945334_000172,16,full,180,0.08624493637251822,0.02888005408588105,1681945334_000677
1681945334,1681945334_000185,16,full,180,-0.008465494648380988,-0.07762959361623038,1681945334_000382
1681945334,1681945334_000197,16,full,180,0.08624728020159701,0.005019322989880867,1681945334_000049
1681945334,1681945334_000209,16,full,180,0.04508381835693918,0.030900877706846103,1681945334_000172
1681945334,1681945334_000222,16,full,180,0.13796996139915715,0.06699183111199722,1681945334_000037
1681945334,1681945334_000234,16,full,180,0.0587976440898178,0.04275815964128312,1681945334_000160
1681945334,1681945334_000246,16,full,180,-0.042454622461142295,-0.027151311399391295,1681945334_000160
1681945334,1681945334_000259,16,full,180,0.045518994013657714,0.027461799908689733,1681945334_000641
1681945334,1681945334_000271,16,full,180,0.06576816974738038,-0.022541163515936293,1681945334_000333
1681945334,1681945334_000283,16,full,180,-0.01673648311592552,-0.028399465057334,1681945334_000209
1681945334,1681945334_000296,16,full,180,0.11563192570496916,0.05680666918077842,1681945334_000431
1681945334,1681945334_000308,16,full,180,0.024786218300011095,-0.0018648041171918674,1681945334_000591
1681945334,1681945334_000320,16,full,180,0.060650321541971586,0.004633966261459591,1681945334_000283
1681945334,1681945334_000333,16,full,180,0.006945143093077806,-0.06091182679568138,1681945334_000764
1681945334,1681945334_000345,16,full,180,0.001696957302577749,-0.0877260966615942,1681945334_000308
1681945334,1681945334_000357,16,full,180,-0.11796005882988643,-0.12088089153053255,1681945334_000308
1681945334,1681945334_000370,16,full,180,0.008099992514325789,-0.04088374268341535,1681945334_000012
1681945334,1681945334_000382,16,full,180,0.08086568151113237,0.023727218470322515,1681945334_000012
1681945334,1681945334_000394,16,full,180,0.13811811653601055,0.03941922723764528,1681945334_000653
1681945334,1681945334_000406,16,full,180,0.028765248813129682,-0.011980855603170429,1681945334_000135
1681945334,1681945334_000419,16,full,180,0.07999092802867097,0.006820387109239923,1681945334_000185
1681945334,1681945334_000431,16,full,180,0.0872233952677622,0.02661593411518397,1681945334_000259
1681945334,1681945334_000443,16,full,180,0.08718531352472904,0.013980972066309902,1681945334_000062
1681945334,1681945334_000456,16,full,180,-0.017828445293502825,-0.03933397654806334,1681945334_000111
1681945334,1681945334_000468,16,full,180,0.10257702353715896,0.06429689406561785,1681945334_000493
1681945334,1681945334_000480,16,full,180,-0.007471254987610188,-0.10340428820690162,1681945334_000099
1681945334,1681945334_000493,16,full,180,0.043275043254735135,-0.02328659399139627,1681945334_000394
1681945334,1681945334_000505,16,full,180,0.02264385522326931,0.050974686097771664,1681945334_000702
1681945334,1681945334_000517,16,full,180,0.10790795073756772,0.07164834663246493,1681945334_000123
1681945334,1681945334_000530,16,full,180,-0.006388340195461889,-0.08178926301730523,1681945334_000714
1681945334,1681945334_000542,16,full,180,0.0907542610067959,0.029298434814456747,1681945334_000690
1681945334,1681945334_000554,16,full,180,-0.035291598764871764,-0.07201707477109623,1681945334_000086
1681945334,1681945334_000567,16,full,180,0.038573367085016554,-0.009217621967178931,1681945334_000443
1681945334,1681945334_000579,16,full,180,0.04740166194691556,-0.04629780691043095,1681945334_000025
1681945334,1681945334_000591,16,full,180,0.021805886549055298,-0.03142233083381363,1681945334_000357
1681945334,1681945334_000604,16,full,180,0.04519782987668164,-0.010636377127921847,1681945334_000554
1681945334,1681945334_000616,16,full,180,0.13536813107984305,0.0391416655657966,1681945334_000530
1681945334,1681945334_000628,16,full,180,0.03918063764518515,-0.045731347237117664,1681945334_000739
1681945334,1681945334_000641,16,full,180,0.13528865181248773,0.12520931516244257,1681945334_000628
1681945334,1681945334_000653,16,full,180,0.08811165205197354,0.012569195745415257,1681945334_000665
1681945334,1681945334_000665,16,full,180,0.07110770025129161,-0.0063872703567109945,1681945334_000419
1681945334,1681945334_000677,16,full,180,0.03513890211139937,-0.04853147539713785,1681945334_000197
1681945334,1681945334_000690,16,full,180,0.033188055073880875,-0.04860284475406502,1681945334_000727
1681945334,1681945334_000702,16,full,180,0.0786194998005108,0.015874684118302215,1681945334_000000
1681945334,1681945334_000714,16,full,180,-0.029008695934174978,-0.0627595956751585,1681945334_000296
1681945334,1681945334_000727,16,full,180,0.04364069885683286,0.01886658293929797,1681945334_000320
1681945334,1681945334_000739,16,full,180,0.09976552302239083,0.02145389439135491,1681945334_000579
1681945334,1681945334_000751,16,full,180,0.0336175734212553,0.02905322415769669,1681945334_000616
1681945334,1681945334_000764,16,full,180,0.017488974328966553,-0.024104740225899497,1681945334_000567
1681945334,1681945334_000776,16,full,180,-0.011691221201008392,-0.028993713900616155,1681945334_000517
1682013847,1682013847_000000,16,full,180,0.008525235463765638,-0.038636426187856905,1682013847_000115
1682013847,1682013847_000002,16,full,180,-0.03150156488327179,-0.11131742099207122,1682013847_000032
1682013847,1682013847_000005,16,full,180,0.014332978137167454,-0.026776166058741138,1682013847_000140
1682013847,1682013847_000007,16,full,180,0.07337778631243146,-0.0063776808569089944,1682013847_000010
1682013847,1682013847_000010,16,full,180,0.08003400287558128,-0.039888220828231756,1682013847_000132
1682013847,1682013847_000012,16,full,180,-0.05789074407054288,-0.09820473616625013,1682013847_000035
1682013847,1682013847_000015,16,full,180,0.061532107697650086,-0.02519126970412901,1682013847_000097
1682013847,1682013847_000017,16,full,180,0.10425610838473048,-0.015299397503630172,1682013847_000027
1682013847,1682013847_000020,16,full,180,0.0559430146515294,0.003990952117361501,1682013847_000080
1682013847,1682013847_000022,16,full,180,0.045538113953844016,-0.021437008179686398,1682013847_000012
1682013847,1682013847_000025,16,full,180,0.060955054028937604,-0.02863259017061753,1682013847_000070
1682013847,1682013847_000027,16,full,180,0.13823344980160862,0.05729606432761253,1682013847_000037
1682013847,1682013847_000030,16,full,180,0.09957021691863371,0.005084887187902396,1682013847_000095
1682013847,1682013847_000032,16,full,180,0.05257355398981545,-0.005217618508718452,1682013847_000065
1682013847,1682013847_000035,16,full,180,0.10578544719052146,0.0002182799857874731,1682013847_000130
1682013847,1682013847_000037,16,full,180,0.09785024925290037,0.021143621146966288,1682013847_000050
1682013847,1682013847_000040,16,full,180,0.12052704786368713,0.10356599864370745,1682013847_000110
1682013847,1682013847_000042,16,full,180,-0.02844881400179897,-0.052628104849429556,1682013847_000057
1682013847,1682013847_000045,16,full,180,0.20217531736574737,0.15093778078721076,1682013847_000020
1682013847,1682013847_000047,16,full,180,-0.065384485561166,-0.07784830310989677,1682013847_000030
1682013847,1682013847_000050,16,full,180,0.10991654670322369,0.034325020507771975,1682013847_000155
1682013847,1682013847_000052,16,full,180,0.050232880005723936,-0.009802710726768379,1682013847_000067
1682013847,1682013847_000055,16,full,180,0.13617604189147428,0.05428303364513839,1682013847_000157
1682013847,1682013847_000057,16,full,180,0.05317674688896117,0.013496093067790649,1682013847_000015
1682013847,1682013847_000060,16,full,180,0.06188857985102458,-0.03245303102292262,1682013847_000102
1682013847,1682013847_000062,16,full,180,0.07879921470829353,0.031689826750398185,1682013847_000022
1682013847,1682013847_000065,16,full,180,-0.03488676960258499,-0.07902919470458465,1682013847_000060
1682013847,1682013847_000067,16,full,180,0.022937952238888445,-0.04553539455325098,1682013847_000092
1682013847,1682013847_000070,16,full,180,-0.062211592024024126,-0.11852215777025203,1682013847_000125
1682013847,1682013847_000072,16,full,180,0.0870264986732074,-0.004369378367592784,1682013847_000150
1682013847,1682013847_000075,16,full,180,0.030007016101988054,0.016434552168878683,1682013847_000145
1682013847,1682013847_000077,16,full,180,-0.004946463536887667,-0.032326396051448054,1682013847_000107
1682013847,1682013847_000080,16,full,180,0.03668440922366758,-0.04725648180484678,1682013847_000105
1682013847,1682013847_000082,16,full,180,0.11388079713542128,0.05997831225699857,1682013847_000142
1682013847,1682013847_000085,16,full,180,0.06737776634973353,0.03253224990631313,1682013847_000002
1682013847,1682013847_000087,16,full,180,0.07406355834119478,0.012086576695739612,1682013847_000007
1682013847,1682013847_000090,16,full,180,0.017849963246768578,0.0255326216158006,1682013847_000137
1682013847,1682013847_000092,16,full,180,0.034892616096916206,-0.018352668878317102,1682013847_000055
1682013847,1682013847_000095,16,full,180,0.006475152688054809,-0.06333750733106024,1682013847_000100
1682013847,1682013847_000097,16,full,180,0.044611698482076106,-0.012101499704979377,1682013847_000017
1682013847,1682013847_000100,16,full,180,0.07141690118452874,0.018438998673637616,1682013847_000135
1682013847,1682013847_000102,16,full,180,0.14203180541321314,0.039777073577996404,1682013847_000072
1682013847,1682013847_000105,16,full,180,0.060021350059288936,-0.05551425178055938,1682013847_000152
1682013847,1682013847_000107,16,full,180,-0.038797284304505776,-0.03143733334754825,1682013847_000040
1682013847,1682013847_000110,16,full,180,0.13457829913260655,0.12146237352706234,1682013847_000122
1682013847,1682013847_000112,16,full,180,0.10326479030345127,0.005397346998173215,1682013847_000090
1682013847,1682013847_000115,16,full,180,0.022413780303334813,-0.003253178309609389,1682013847_000085
1682013847,1682013847_000117,16,full,180,0.03107140411034699,-0.02287861674329424,1682013847_000005
1682013847,1682013847_000120,16,full,180,-0.0035576518460965906,-0.02905515474874294,1682013847_000075
1682013847,1682013847_000122,16,full,180,-0.005244925151633423,-0.07456982721161903,1682013847_000087
1682013847,1682013847_000125,16,full,180,0.029722041540033117,-0.042524606418932964,1682013847_000045
1682013847,1682013847_000127,16,full,180,0.09370114122766021,0.04821375133566851,1682013847_000082
1682013847,1682013847_000130,16,full,180,0.00974931468180566,-0.04772378040143884,1682013847_000047
1682013847,1682013847_000132,16,full,180,0.019950693950062468,-0.039544436195325834,1682013847_000000
1682013847,1682013847_000135,16,full,180,-0.14360346259107112,-0.15491897881069308,1682013847_000147
1682013847,1682013847_000137,16,full,180,0.12109087541299479,0.03855607088625112,1682013847_000077
1682013847,1682013847_000140,16,full,180,0.12677345049053884,0.053861688636603844,1682013847_000127
1682013847,1682013847_000142,16,full,180,0.12484649200072052,0.06057115268428124,1682013847_000042
1682013847,1682013847_000145,16,full,180,-0.017581770767225533,-0.06015997480497226,1682013847_000052
1682013847,1682013847_000147,16,full,180,0.08965669955070482,0.019465116458427998,1682013847_000062
1682013847,1682013847_000150,16,full,180,0.022250578577693293,-0.06820835206845333,1682013847_000120
1682013847,1682013847_000152,16,full,180,0.05875735073036024,0.019146841618818605,1682013847_000117
1682013847,1682013847_000155,16,full,180,-0.02677923747708244,-0.04976376021344587,1682013847_000025
1682013847,1682013847_000157,16,full,180,0.08165784915811496,0.02608381627381129,1682013847_000112
1682014432,1682014432_000000,16,full,180,0.040477163613787774,-0.02670482894151748,1682014432_000104
1682014432,1682014432_000001,16,full,180,0.006635877265986058,-0.04038671968146958,1682014432_000011
1682014432,1682014432_000002,16,full,180,0.10630972175954741,0.02817252727452485,1682014432_000030
1682014432,1682014432_000003,16,full,180,0.046160519839465064,0.02330623586450348,1682014432_000028
1682014432,1682014432_000004,16,full,180,-0.065920962255876,-0.0774472287931451,1682014432_000098
1682014432,1682014432_000005,16,full,180,0.06877681049987938,0.02658492406070404,1682014432_000052
1682014432,1682014432_000006,16,full,180,0.07649148668956236,0.01984625462152104,1682014432_000017
1682014432,1682014432_000007,16,full,180,0.12078000702239798,0.06228948780793844,1682014432_000111
1682014432,1682014432_000008,16,full,180,-0.012404501776976272,-0.018461671547257957,1682014432_000004
1682014432,1682014432_000009,16,full,180,0.013943065718115405,-0.029507460626560744,1682014432_000089
1682014432,1682014432_000010,16,full,180,0.05123119479287692,0.037081079500302934,1682014432_000006
1682014432,1682014432_000011,16,full,180,-0.013156595748992507,-0.07018222199824899,1682014432_000108
1682014432,1682014432_000012,16,full,180,0.048650841240259625,0.025471626805781532,1682014432_000077
1682014432,1682014432_000013,16,full,180,0.017199544665359414,-0.047581895035380996,1682014432_000062
1682014432,1682014432_000014,16,full,180,0.02076887847957469,-0.011120778503248163,1682014432_000015
1682014432,1682014432_000015,16,full,180,-0.0018326401432624071,-0.06952855354385735,1682014432_000003
1682014432,1682014432_000016,16,full,180,0.0905844798711329,0.02353896162624412,1682014432_000095
1682014432,1682014432_000017,16,full,180,0.13536299367596027,0.09116942004544615,1682014432_000019
1682014432,1682014432_000018,16,full,180,0.09583611884990191,0.05988879761385404,1682014432_000025
1682014432,1682014432_000019,16,full,180,0.005968777633096792,0.012590087382551659,1682014432_000038
1682014432,1682014432_000020,16,full,180,-0.023588198643968748,-0.03930719069457452,1682014432_000107
1682014432,1682014432_000021,16,full,180,0.031323697775344196,0.03408519827177689,1682014432_000094
1682014432,1682014432_000022,16,full,180,0.04959097695952922,0.03357254452236881,1682014432_000013
1682014432,1682014432_000023,16,full,180,0.1306403502951929,0.030798195456906253,1682014432_000097
1682014432,1682014432_000024,16,full,180,-0.00415611268421888,-0.023933945483408225,1682014432_000087
1682014432,1682014432_000025,16,full,180,0.04910577414747535,0.02364250682221941,1682014432_000058
1682014432,1682014432_000026,16,full,180,0.0757419354311763,0.02461145337321767,1682014432_000099
1682014432,1682014432_000027,16,full,180,0.0496223083497161,-0.014968442826174712,1682014432_000007
1682014432,1682014432_000028,16,full,180,0.07713880757807022,0.020556375009626027,1682014432_000053
1682014432,1682014432_000029,16,full,180,0.03845330116846013,-0.0003468451518143234,1682014432_000047
1682014432,1682014432_000030,16,full,180,0.04471091953591342,0.002002973610406557,1682014432_000071
1682014432,1682014432_000031,16,full,180,0.14094730900019717,0.06535784721348888,1682014432_000081
1682014432,1682014432_000032,16,full,180,0.10053247358157426,0.031056922451909216,1682014432_000081
1682014432,1682014432_000033,16,full,180,0.13610420768207496,0.06450387470590964,1682014432_000091
1682014432,1682014432_000034,16,full,180,0.054186911456619434,-0.013661161706039116,1682014432_000010
1682014432,1682014432_000035,16,full,180,0.03545592543652918,0.051696673490783836,1682014432_000103
1682014432,1682014432_000036,16,full,180,0.06542646403539175,0.009215786582523486,1682014432_000060
1682014432,1682014432_000037,16,full,180,0.002530072437128669,-0.028793855742804072,1682014432_000109
1682014432,1682014432_000038,16,full,180,0.02574532034683072,-0.048959834999423024,1682014432_000075
1682014432,1682014432_000039,16,full,180,0.09420140918471848,0.014853434042744742,1682014432_000073
1682014432,1682014432_000040,16,full,180,0.011974743660074713,-0.038214429601103085,1682014432_000106
1682014432,1682014432_000041,16,full,180,0.036919478275805516,0.00510322648674241,1682014432_000026
1682014432,1682014432_000042,16,full,180,0.12007931068118287,0.09024185637010118,1682014432_000065
1682014432,1682014432_000043,16,full,180,0.12960084723300422,0.07852106357899626,1682014432_000002
1682014432,1682014432_000044,16,full,180,0.10137856108171424,0.026708049302918865,1682014432_000029
1682014432,1682014432_000045,16,full,180,-0.013414485785701912,0.0014100734502371624,1682014432_000023
1682014432,1682014432_000046,16,full,180,0.1145885940420097,0.0317329359978045,1682014432_000086
1682014432,1682014432_000047,16,full,180,0.08728349974847759,0.05809309794368664,1682014432_000068
1682014432,1682014432_000048,16,full,180,-0.007717911394074457,-0.026064757221634805,1682014432_000112
1682014432,1682014432_000049,16,full,180,0.009436697149602219,-0.06900660461609827,1682014432_000042
1682014432,1682014432_000050,16,full,180,0.016803787697804346,-0.020335292515734873,1682014432_000057
1682014432,1682014432_000051,16,full,180,0.03101587856492043,-0.03201143856998103,1682014432_000096
1682014432,1682014432_000052,16,full,180,-0.02066762762043022,-0.03881118684201636,1682014432_000088
1682014432,1682014432_000053,16,full,180,0.13522727930008452,0.07287637734018451,1682014432_000048
1682014432,1682014432_000054,16,full,180,-0.028847012214183565,-0.0728960057774952,1682014432_000105
1682014432,1682014432_000055,16,full,180,0.02213745963791677,-0.06240742995455053,1682014432_000066
1682014432,1682014432_000056,16,full,180,0.06659861626984737,0.009884917896988454,1682014432_000009
1682014432,1682014432_000057,16,full,180,-0.006965593041689667,-0.07126748304453392,1682014432_000059
1682014432,1682014432_000058,16,full,180,0.07600805945435267,0.03456774184148402,1682014432_000027
1682014432,1682014432_000059,16,full,180,0.015666962697798967,-0.025556039429362753,1682014432_000050
1682014432,1682014432_000060,16,full,180,-0.07956974609532234,-0.06825901937214486,1682014432_000045
1682014432,1682014432_000061,16,full,180,-0.007143072359453491,-0.03160371338170451,1682014432_000012
1682014432,1682014432_000062,16,full,180,-0.04768342572624335,-0.07641221708579261,1682014432_000079
1682014432,1682014432_000063,16,full,180,0.038450930390891244,-0.0008398900076264787,1682014432_000040
1682014432,1682014432_000064,16,full,180,0.039138454209790625,0.008708372658030183,1682014432_000033
1682014432,1682014432_000065,16,full,180,0.10728827709790019,0.01926210426631756,1682014432_000082
1682014432,1682014432_000066,16,full,180,-0.06524126511412026,-0.08013972025355072,1682014432_000083
1682014432,1682014432_000067,16,full,180,0.03749460342962943,0.0092453727177312,1682014432_000093
1682014432,1682014432_000068,16,full,180,0.09539478889565149,0.03659896070181654,1682014432_000036
1682014432,1682014432_000069,16,full,180,0.10343370390066946,0.0115214865584461,1682014432_000039
1682014432,1682014432_000070,16,full,180,-0.05807465963511534,-0.12328132304220786,1682014432_000034
1682014432,1682014432_000071,16,full,180,0.000282197791525305,-0.037560498388431056,1682014432_000102
1682014432,1682014432_000072,16,full,180,-0.012712771616380054,-0.03288647613723384,1682014432_000049
1682014432,1682014432_000073,16,full,180,-0.014976384642842335,-0.0470234244078106,1682014432_000069
1682014432,1682014432_000074,16,full,180,-0.034856687557475126,-0.08330019739930618,1682014432_000064
1682014432,1682014432_000075,16,full,180,0.09228555170942859,0.04434820582366711,1682014432_000014
1682014432,1682014432_000076,16,full,180,-0.01194524666655955,-0.06279693391563755,1682014432_000074
1682014432,1682014432_000077,16,full,180,-0.01363591048215265,0.012277760023220752,1682014432_000020
1682014432,1682014432_000078,16,full,180,-0.02212386791892484,-0.1218263604467101,1682014432_000090
1682014432,1682014432_000079,16,full,180,0.0738382933454123,0.025584041363478183,1682014432_000101
1682014432,1682014432_000080,16,full,180,0.10476909643798155,0.01401482705530692,1682014432_000067
1682014432,1682014432_000081,16,full,180,0.10858700995945962,0.043487684845706254,1682014432_000022
1682014432,1682014432_000082,16,full,180,0.03212013209548927,0.004941218238223808,1682014432_000035
1682014432,1682014432_000083,16,full,180,0.0672840695019216,0.011990633912388415,1682014432_000054
1682014432,1682014432_000084,16,full,180,0.0967416558599186,0.055589520991786684,1682014432_000070
1682014432,1682014432_000085,16,full,180,0.10855870155131592,0.08575077829671594,1682014432_000008
1682014432,1682014432_000086,16,full,180,0.09051778639369579,0.03359965291662793,1682014432_000024
1682014432,1682014432_000087,16,full,180,0.03629562893334432,-0.011212358810783557,1682014432_000078
1682014432,1682014432_000088,16,full,180,0.007527395990368058,-0.0021507029216063602,1682014432_000032
1682014432,1682014432_000089,16,full,180,0.055895456162194275,-0.043219991356257176,1682014432_000084
1682014432,1682014432_000090,16,full,180,0.12506578762726506,0.06937694420167405,1682014432_000085
1682014432,1682014432_000091,16,full,180,0.03211483886816983,0.021524577957468385,1682014432_000061
1682014432,1682014432_000092,16,full,180,0.04336435011911338,-0.00894325614645744,1682014432_000001
1682014432,1682014432_000093,16,full,180,0.08758598184921611,0.0328698642547213,1682014432_000001
1682014432,1682014432_000094,16,full,180,-0.01056280045539128,-0.056114547315018797,1682014432_000043
1682014432,1682014432_000095,16,full,180,0.08596788346979889,0.028396800634343005,1682014432_000016
1682014432,1682014432_000096,16,full,180,-0.03377708612541164,-0.010332594790040577,1682014432_000056
1682014432,1682014432_000097,16,full,180,0.1311121279497768,0.03183525628095845,1682014432_000005
1682014432,1682014432_000098,16,full,180,0.05453576490795755,0.02705678851691995,1682014432_000072
1682014432,1682014432_000099,16,full,180,0.03574230646026048,-0.030243078277896785,1682014432_000018
1682014432,1682014432_000100,16,full,180,0.101605826221121,0.07443460486154864,1682014432_000000
1682014432,1682014432_000101,16,full,180,0.10924287090020712,0.06410928165772035,1682014432_000021
1682014432,1682014432_000102,16,full,180,0.06744959714756887,0.05275956060986197,1682014432_000055
1682014432,1682014432_000103,16,full,180,0.07267179925815964,0.000954556297385771,1682014432_000076
1682014432,1682014432_000104,16,full,180,0.13891227805273673,0.07955928930835056,1682014432_000051
1682014432,1682014432_000105,16,full,180,0.04774865296050579,0.006446225412580668,1682014432_000100
1682014432,1682014432_000106,16,full,180,0.07579474334104512,0.0369155966487557,1682014432_000063
1682014432,1682014432_000107,16,full,180,0.11638938011548731,0.05113533193648786,1682014432_000041
1682014432,1682014432_000108,16,full,180,0.0020321406986743284,-0.06011680826730333,1682014432_000110
1682014432,1682014432_000109,16,full,180,-0.006904840499156709,-0.04973909619651187,1682014432_000080
1682014432,1682014432_000110,16,full,180,-0.023806642669800832,-0.033938101292970535,1682014432_000037
1682014432,1682014432_000111,16,full,180,0.022167073560250505,-0.015861490595188845,1682014432_000046
1682014432,1682014432_000112,16,full,180,0.008284305492203816,0.010139454983423548,1682014432_000044
1682712156,1682712156_000001,16,full,180,0.06699171510090775,-0.0003224919637950889,1682712156_000321
1682712156,1682712156_000013,16,full,180,-0.033619290922943766,-0.06572311292636922,1682712156_000087
1682712156,1682712156_000026,16,full,180,0.01244102055306751,-0.03848316216674031,1682712156_000161
1682712156,1682712156_000038,16,full,180,0.06010256213954108,-0.006481081717089503,1682712156_000568
1682712156,1682712156_000050,16,full,180,0.1206244946868391,0.06748618532366131,1682712156_000395
1682712156,1682712156_000063,16,full,180,0.07866373605487377,0.02983138134860046,1682712156_000506
1682712156,1682712156_000075,16,full,180,0.0971373246867198,0.0393483297981226,1682712156_000654
1682712156,1682712156_000087,16,full,180,0.03324504421781508,-0.0235390985791344,1682712156_000235
1682712156,1682712156_000100,16,full,180,0.11007402150441647,0.002239353544732106,1682712156_000728
1682712156,1682712156_000112,16,full,180,0.017890838222733785,-0.055629665972436314,1682712156_000173
1682712156,1682712156_000124,16,full,180,0.17992860504246078,0.09793000066377777,1682712156_000284
1682712156,1682712156_000136,16,full,180,0.015660203767069707,-0.013403851906378052,1682712156_000112
1682712156,1682712156_000149,16,full,180,0.09958630390286026,0.05112051975674747,1682712156_000346
1682712156,1682712156_000161,16,full,180,0.08505102237865982,0.013405083720740915,1682712156_000223
1682712156,1682712156_000173,16,full,180,0.03931441925239004,-0.06444711846244815,1682712156_000666
1682712156,1682712156_000186,16,full,180,0.0377290212580741,-0.037219952074312466,1682712156_000420
1682712156,1682712156_000198,16,full,180,0.05912723487657926,0.0034519221538317907,1682712156_000050
1682712156,1682712156_000210,16,full,180,0.0020289998800326068,-0.07948089373806488,1682712156_000715
1682712156,1682712156_000223,16,full,180,0.0033571291589514426,-0.07802219442120735,1682712156_000481
1682712156,1682712156_000235,16,full,180,0.03959338024745324,-0.016774902626488602,1682712156_000555
1682712156,1682712156_000247,16,full,180,0.046804611034004,-0.044381506578943575,1682712156_000124
1682712156,1682712156_000260,16,full,180,0.07759288132102235,-0.03181056469809107,1682712156_000469
1682712156,1682712156_000272,16,full,180,0.08206805929961308,0.014520856757700235,1682712156_000186
1682712156,1682712156_000284,16,full,180,-0.010223297448628092,-0.03614792726677198,1682712156_000629
1682712156,1682712156_000297,16,full,180,0.040614927253233464,-0.0072040684665501675,1682712156_000260
1682712156,1682712156_000309,16,full,180,-0.02447396731643039,-0.0733431602053758,1682712156_000777
1682712156,1682712156_000321,16,full,180,0.04456570561601738,0.005886071519044869,1682712156_000765
1682712156,1682712156_000334,16,full,180,-0.012418695338359672,-0.07430241818730998,1682712156_000075
1682712156,1682712156_000346,16,full,180,0.009051246406219801,-0.047548804937594724,1682712156_000432
1682712156,1682712156_000358,16,full,180,0.0034790329308867635,-0.09579129144110214,1682712156_000752
1682712156,1682712156_000371,16,full,180,-0.0721905443260731,-0.0596958782696812,1682712156_000136
1682712156,1682712156_000383,16,full,180,-0.03918442432489493,-0.026150309990555815,1682712156_000703
1682712156,1682712156_000395,16,full,180,0.043805123848066556,-0.011987115950782066,1682712156_000063
1682712156,1682712156_000407,16,full,180,0.055705912715169836,-0.012819928400453604,1682712156_000580
1682712156,1682712156_000420,16,full,180,0.014966827779521194,-0.026680430807125056,1682712156_000518
1682712156,1682712156_000432,16,full,180,0.048188506464990094,-0.011231602543117539,1682712156_000407
1682712156,1682712156_000444,16,full,180,0.09287148602264124,0.051897971428632804,1682712156_000371
1682712156,1682712156_000457,16,full,180,0.11660526889907068,0.07032692695778144,1682712156_000691
1682712156,1682712156_000469,16,full,180,-0.03665876568600258,-0.11658569392680888,1682712156_000013
1682712156,1682712156_000481,16,full,180,0.05648352061991176,-0.018849075651165254,1682712156_000247
1682712156,1682712156_000494,16,full,180,0.14446405496840178,0.07810571992240327,1682712156_000210
1682712156,1682712156_000506,16,full,180,0.06856158870475533,0.014255099737187115,1682712156_000617
1682712156,1682712156_000518,16,full,180,0.09434105428611439,0.013985639143594858,1682712156_000100
1682712156,1682712156_000531,16,full,180,0.11880943119212921,0.055885912006743345,1682712156_000444
1682712156,1682712156_000543,16,full,180,0.09339486615846394,0.05444044836080942,1682712156_000272
1682712156,1682712156_000555,16,full,180,-0.10428107669496865,-0.16548409938872927,1682712156_000358
1682712156,1682712156_000568,16,full,180,-0.006580310923961404,-0.029094954018214176,1682712156_000457
1682712156,1682712156_000580,16,full,180,-0.00771288863955566,-0.05569130726573116,1682712156_000026
1682712156,1682712156_000592,16,full,180,0.016504536154614065,-0.05030501535644427,1682712156_000543
1682712156,1682712156_000605,16,full,180,0.024401244792522935,-0.015740681966342814,1682712156_000678
1682712156,1682712156_000617,16,full,180,0.01632534595429952,-0.02171408432221818,1682712156_000531
1682712156,1682712156_000629,16,full,180,0.12236105820006271,0.08873973388606593,1682712156_000642
1682712156,1682712156_000642,16,full,180,-0.011062750248597786,-0.02971323546628706,1682712156_000494
1682712156,1682712156_000654,16,full,180,0.08924212455897372,0.0389174606754927,1682712156_000605
1682712156,1682712156_000666,16,full,180,0.05232489117360564,-0.019834944214081173,1682712156_000334
1682712156,1682712156_000678,16,full,180,0.13014814399035438,0.06451659125522775,1682712156_000297
1682712156,1682712156_000691,16,full,180,0.10066732294421883,0.03348039660330026,1682712156_000309
1682712156,1682712156_000703,16,full,180,0.024266766082052676,0.024030029243086056,1682712156_000740
1682712156,1682712156_000715,16,full,180,0.017940781871812812,-0.042413943311209325,1682712156_000149
1682712156,1682712156_000728,16,full,180,0.04029899933764617,-0.03709449873062991,1682712156_000198
1682712156,1682712156_000740,16,full,180,0.12123679029480168,0.077446459805518,1682712156_000592
1682712156,1682712156_000752,16,full,180,0.20246545484031098,0.1268974446026715,1682712156_000001
1682712156,1682712156_000765,16,full,180,0.12858391837541755,0.05100187878427625,1682712156_000383
1682712156,1682712156_000777,16,full,180,0.0037316759668043257,-0.004939607790234256,1682712156_000038
1682718815,1682718815_000001,16,full,180,0.06931762137261031,0.01892773089454246,1682718815_000149
1682718815,1682718815_000005,16,full,180,0.06943915165137561,-0.017592692106427898,1682718815_000537
1682718815,1682718815_000009,16,full,180,0.06064835904999168,0.0257354142751314,1682718815_000697
1682718815,1682718815_000013,16,full,180,0.04758492773626688,0.011921896829609724,1682718815_000201
1682718815,1682718815_000017,16,full,180,0.09589867104346943,0.031241403175817025,1682718815_000677
1682718815,1682718815_000021,16,full,180,0.020704324093912055,-0.029275899470181332,1682718815_000389
1682718815,1682718815_000025,16,full,180,0.0806382676905657,0.0437957104961732,1682718815_000661
1682718815,1682718815_000029,16,full,180,-0.008838644558065635,-0.050400928242556146,1682718815_000065
1682718815,1682718815_000033,16,full,180,0.1849932033515672,0.13990447356451863,1682718815_000549
1682718815,1682718815_000037,16,full,180,0.1423204118170134,0.06736545741219695,1682718815_000449
1682718815,1682718815_000041,16,full,180,-0.016968533590778715,-0.05435893908251871,1682718815_000077
1682718815,1682718815_000045,16,full,180,0.03996290254103798,0.00839383625802235,1682718815_000581
1682718815,1682718815_000049,16,full,180,0.0631484278813814,-0.04889969794319641,1682718815_000249
1682718815,1682718815_000053,16,full,180,0.06140327425389069,-0.0471103853477585,1682718815_000381
1682718815,1682718815_000057,16,full,180,-0.034314430157436814,-0.12181603883494058,1682718815_000145
1682718815,1682718815_000061,16,full,180,0.16865089255876112,0.08928243590835076,1682718815_000069
1682718815,1682718815_000065,16,full,180,0.11456944208877791,0.03445658209698662,1682718815_000189
1682718815,1682718815_000069,16,full,180,0.06434878764055811,0.03704236202073844,1682718815_000217
1682718815,1682718815_000073,16,full,180,0.024180812693037516,-0.02714002594395935,1682718815_000153
1682718815,1682718815_000077,16,full,180,0.02068061592007221,-0.03733630829217455,1682718815_000261
1682718815,1682718815_000081,16,full,180,0.009363179537793434,-0.05174483030749266,1682718815_000509
1682718815,1682718815_000085,16,full,180,-0.056139079875432395,-0.06798896655113862,1682718815_000125
1682718815,1682718815_000089,16,full,180,0.13282941134076234,0.07585643906014934,1682718815_000109
1682718815,1682718815_000093,16,full,180,0.0020597939985925275,-0.004082053087205291,1682718815_000413
1682718815,1682718815_000097,16,full,180,-0.05405308076470955,-0.08685167008308033,1682718815_000053
1682718815,1682718815_000101,16,full,180,-0.05534532538113296,-0.10565604196766132,1682718815_000117
1682718815,1682718815_000105,16,full,180,0.025339098157088305,-0.009770634225447694,1682718815_000113
1682718815,1682718815_000109,16,full,180,0.058813521361846206,0.011686206968055272,1682718815_000505
1682718815,1682718815_000113,16,full,180,0.018647365549405506,-0.0681923912649962,1682718815_000477
1682718815,1682718815_000117,16,full,180,0.05128576697131993,0.005937623564239607,1682718815_000489
1682718815,1682718815_000121,16,full,180,0.061587412126038944,-0.012424534691056283,1682718815_000293
1682718815,1682718815_000125,16,full,180,0.04389901624561609,-0.009138243077272882,1682718815_000213
1682718815,1682718815_000129,16,full,180,0.07956291591079086,0.02837501174462595,1682718815_000501
1682718815,1682718815_000133,16,full,180,0.09258068486920851,0.04112649928575917,1682718815_000593
1682718815,1682718815_000137,16,full,180,0.14015254464926438,0.052482136834623244,1682718815_000373
1682718815,1682718815_000141,16,full,180,0.07683273649089262,0.00928096006856174,1682718815_000101
1682718815,1682718815_000145,16,full,180,0.013031008468414615,-0.06613263854903965,1682718815_000237
1682718815,1682718815_000149,16,full,180,0.04827327790932545,0.010988603129323897,1682718815_000445
1682718815,1682718815_000153,16,full,180,-0.0673928650666354,-0.10582538068757301,1682718815_000577
1682718815,1682718815_000157,16,full,180,-0.05545899855370434,-0.056583456387007486,1682718815_000749
1682718815,1682718815_000161,16,full,180,0.01953156757065239,0.022213515823832092,1682718815_000761
1682718815,1682718815_000165,16,full,180,0.038685047776998126,-0.019503304845061385,1682718815_000221
1682718815,1682718815_000169,16,full,180,0.09409255014381641,0.008738165259338376,1682718815_000517
1682718815,1682718815_000173,16,full,180,0.06874787500091899,-0.0014578011086492139,1682718815_000769
1682718815,1682718815_000177,16,full,180,0.10193198340283366,0.057104825058020836,1682718815_000193
1682718815,1682718815_000181,16,full,180,0.05249278785511055,-0.014132009756450944,1682718815_000229
1682718815,1682718815_000185,16,full,180,0.13102216226297433,0.07221131740139776,1682718815_000541
1682718815,1682718815_000189,16,full,180,0.13467737499134555,0.06656833202817493,1682718815_000141
1682718815,1682718815_000193,16,full,180,0.06997106917944533,0.04641172731491802,1682718815_000701
1682718815,1682718815_000197,16,full,180,0.1504538075590414,0.03834714918156746,1682718815_000561
1682718815,1682718815_000201,16,full,180,0.025864823608968805,-0.023652962523977472,1682718815_000741
1682718815,1682718815_000205,16,full,180,0.051151766522019554,-0.01914093482270196,1682718815_000725
1682718815,1682718815_000209,16,full,180,0.060029245577721844,0.038208342275108366,1682718815_000301
1682718815,1682718815_000213,16,full,180,0.05548288454269693,0.06829133246000967,1682718815_000641
1682718815,1682718815_000217,16,full,180,0.0660154232472246,-0.007751063558525707,1682718815_000277
1682718815,1682718815_000221,16,full,180,0.09502073704737941,0.0418878261610691,1682718815_000613
1682718815,1682718815_000225,16,full,180,-0.035868022613147164,-0.07967468589560718,1682718815_000717
1682718815,1682718815_000229,16,full,180,0.08145818454506586,-0.060932139458070717,1682718815_000429
1682718815,1682718815_000233,16,full,180,0.01698487817228826,0.005211013143539602,1682718815_000665
1682718815,1682718815_000237,16,full,180,0.13458790208097873,0.04119017080639611,1682718815_000617
1682718815,1682718815_000241,16,full,180,0.0407204211473735,-0.033447448193330266,1682718815_000297
1682718815,1682718815_000245,16,full,180,0.1117115773695428,0.00673306943119616,1682718815_000629
1682718815,1682718815_000249,16,full,180,0.04293702654544539,-0.03440395284320241,1682718815_000401
1682718815,1682718815_000253,16,full,180,-0.05461229637094056,-0.09806595413951912,1682718815_000169
1682718815,1682718815_000257,16,full,180,-0.04749623368132721,-0.12063133767575485,1682718815_000285
1682718815,1682718815_000261,16,full,180,-0.017601316653504086,-0.0013651476185237016,1682718815_000337
1682718815,1682718815_000265,16,full,180,0.044636906073155985,-0.09351050557874946,1682718815_000481
1682718815,1682718815_000269,16,full,180,0.04727593575985809,0.022530846254829835,1682718815_000473
1682718815,1682718815_000273,16,full,180,0.04660087727802501,-0.006015757608477955,1682718815_000313
1682718815,1682718815_000277,16,full,180,-0.05393694048816408,-0.11998854738398947,1682718815_000273
1682718815,1682718815_000281,16,full,180,0.09460671806424566,0.014568312887670432,1682718815_000417
1682718815,1682718815_000285,16,full,180,-0.02073055023685699,-0.04788307416644102,1682718815_000041
1682718815,1682718815_000289,16,full,180,0.07644489176168302,0.055369189652711905,1682718815_000241
1682718815,1682718815_000293,16,full,180,0.037495204402570335,0.04364209128878164,1682718815_000253
1682718815,1682718815_000297,16,full,180,0.08377519280112851,0.025623829280242667,1682718815_000281
1682718815,1682718815_000301,16,full,180,0.14107371491704776,0.07630445082982162,1682718815_000589
1682718815,1682718815_000305,16,full,180,0.1145586355269486,0.05768828056579276,1682718815_000165
1682718815,1682718815_000309,16,full,180,0.02566544704508481,0.0012704730934521731,1682718815_000005
1682718815,1682718815_000313,16,full,180,0.13654471142411714,0.04659945224070963,1682718815_000757
1682718815,1682718815_000317,16,full,180,0.04960728676500852,0.02606707758572223,1682718815_000089
1682718815,1682718815_000321,16,full,180,0.050416290802218856,0.031878241841339,1682718815_000009
1682718815,1682718815_000325,16,full,180,0.007896398535228786,-0.044125566889985174,1682718815_000721
1682718815,1682718815_000329,16,full,180,0.13350673533280424,0.10258272776236428,1682718815_000441
1682718815,1682718815_000333,16,full,180,0.03284717328633894,-0.013758930417371836,1682718815_000061
1682718815,1682718815_000337,16,full,180,0.03685891455574913,0.04437019817829426,1682718815_000049
1682718815,1682718815_000341,16,full,180,0.0764894144214559,-0.002861689298231919,1682718815_000409
1682718815,1682718815_000345,16,full,180,-0.007563375736265217,0.012394715885590197,1682718815_000649
1682718815,1682718815_000349,16,full,180,0.08875895947034525,0.05033789505825765,1682718815_000553
1682718815,1682718815_000353,16,full,180,0.04814269669636981,0.023584561938415873,1682718815_000493
1682718815,1682718815_000357,16,full,180,0.018635506038536753,-0.03148516309160793,1682718815_000133
1682718815,1682718815_000361,16,full,180,0.09176725848893379,-0.031390455838995884,1682718815_000377
1682718815,1682718815_000365,16,full,180,-0.01178283184500963,-0.09489417827150859,1682718815_000013
1682718815,1682718815_000369,16,full,180,0.0691105764229849,0.03531135444593018,1682718815_000093
1682718815,1682718815_000373,16,full,180,0.06654363236147118,0.053199296538199214,1682718815_000421
1682718815,1682718815_000377,16,full,180,0.07928229521978453,0.0875802529440728,1682718815_000233
1682718815,1682718815_000381,16,full,180,0.04994658702765024,0.006651640268666108,1682718815_000289
1682718815,1682718815_000385,16,full,180,-0.012123924347918596,-0.05812086276983646,1682718815_000621
1682718815,1682718815_000389,16,full,180,0.09543437445410853,0.026717771567166898,1682718815_000345
1682718815,1682718815_000393,16,full,180,0.02150421988125216,-0.02701838211417636,1682718815_000513
1682718815,1682718815_000397,16,full,180,0.03426114761215739,-0.05262949115918216,1682718815_000545
1682718815,1682718815_000401,16,full,180,0.04169952058785941,0.003987745035837907,1682718815_000317
1682718815,1682718815_000405,16,full,180,0.07811208052273351,0.028434456283271254,1682718815_000497
1682718815,1682718815_000409,16,full,180,0.031198653662210352,-0.0671504502142047,1682718815_000433
1682718815,1682718815_000413,16,full,180,-0.002846984665777657,-0.0047640561588821575,1682718815_000225
1682718815,1682718815_000417,16,full,180,0.024230113100081913,0.010430224662811122,1682718815_000681
1682718815,1682718815_000421,16,full,180,0.1667684943700285,0.10430733084400297,1682718815_000601
1682718815,1682718815_000425,16,full,180,0.043479215432452534,0.009020634037505575,1682718815_000669
1682718815,1682718815_000429,16,full,180,0.05865328253793836,-0.029152322333086105,1682718815_000425
1682718815,1682718815_000433,16,full,180,0.0606835804725343,-0.0024028075785015126,1682718815_000657
1682718815,1682718815_000437,16,full,180,0.03153660901541635,0.014339979418724037,1682718815_000585
1682718815,1682718815_000441,16,full,180,0.05575970636901963,0.002282983630744801,1682718815_000365
1682718815,1682718815_000445,16,full,180,0.008389618438774456,0.0003807585116445851,1682718815_000633
1682718815,1682718815_000449,16,full,180,0.022222366610484743,-0.04466087426555878,1682718815_000393
1682718815,1682718815_000453,16,full,180,0.011475128479770447,-0.05664633199364655,1682718815_000305
1682718815,1682718815_000457,16,full,180,0.10094352129935008,0.07086207038205089,1682718815_000025
1682718815,1682718815_000461,16,full,180,0.10742725768248486,0.07018529788120952,1682718815_000637
1682718815,1682718815_000465,16,full,180,-0.02880031430079234,-0.09451039784116412,1682718815_000405
1682718815,1682718815_000469,16,full,180,0.13668331910150402,0.11020702532048342,1682718815_000673
1682718815,1682718815_000473,16,full,180,0.03667761734178393,-0.005101437571453238,1682718815_000357
1682718815,1682718815_000477,16,full,180,0.08791213634331833,0.09527783718288907,1682718815_000029
1682718815,1682718815_000481,16,full,180,-0.0011547191850478967,-0.008976976545421737,1682718815_000329
1682718815,1682718815_000485,16,full,180,0.05599235313656157,0.016497086543670502,1682718815_000209
1682718815,1682718815_000489,16,full,180,0.014434606670131883,-0.05442715905669992,1682718815_000521
1682718815,1682718815_000493,16,full,180,0.02575751377672887,0.028472113110695408,1682718815_000097
1682718815,1682718815_000497,16,full,180,0.10644785776223892,0.025797316941448736,1682718815_000309
1682718815,1682718815_000501,16,full,180,0.012564155933787943,-0.06317257022063295,1682718815_000453
1682718815,1682718815_000505,16,full,180,0.05467301467799321,-0.03785498196038264,1682718815_000173
1682718815,1682718815_000509,16,full,180,0.013229499033430953,-0.044134125858866315,1682718815_000017
1682718815,1682718815_000513,16,full,180,0.09698584710466339,0.03322426080919425,1682718815_000129
1682718815,1682718815_000517,16,full,180,0.016940601215122947,-0.012331903765310237,1682718815_000777
1682718815,1682718815_000521,16,full,180,0.0804147690650236,0.0003654810938391757,1682718815_000021
1682718815,1682718815_000525,16,full,180,0.018119450195307592,0.009137253550763818,1682718815_000325
1682718815,1682718815_000529,16,full,180,0.05357330665293223,0.013318535726823746,1682718815_000605
1682718815,1682718815_000533,16,full,180,0.09057735218946801,0.025274694209833626,1682718815_000121
1682718815,1682718815_000537,16,full,180,0.1087509183855568,0.014939972488066623,1682718815_000369
1682718815,1682718815_000541,16,full,180,-0.0013563259422749903,-0.06143387359279646,1682718815_000653
1682718815,1682718815_000545,16,full,180,0.014574573262912805,-0.08387311045236517,1682718815_000385
1682718815,1682718815_000549,16,full,180,0.13046802802506988,0.1055119709979752,1682718815_000609
1682718815,1682718815_000553,16,full,180,-0.02449335782063997,-0.012648374764025304,1682718815_000461
1682718815,1682718815_000557,16,full,180,0.03523609050670549,-0.03431342015276665,1682718815_000361
1682718815,1682718815_000561,16,full,180,0.042339960741732886,-0.022147943336761098,1682718815_000437
1682718815,1682718815_000565,16,full,180,-0.016800828357680438,-0.0568666492893817,1682718815_000105
1682718815,1682718815_000569,16,full,180,0.11079398523254731,0.040304784293275074,1682718815_000729
1682718815,1682718815_000573,16,full,180,0.014410873851396158,0.000744759222182719,1682718815_000001
1682718815,1682718815_000577,16,full,180,0.11767431138574298,0.05643820263604976,1682718815_000349
1682718815,1682718815_000581,16,full,180,0.053959875974530634,-0.03360235555323746,1682718815_000693
1682718815,1682718815_000585,16,full,180,0.12951385057747114,0.09056144114475649,1682718815_000733
1682718815,1682718815_000589,16,full,180,0.11672539548397824,0.09903135589964651,1682718815_000557
1682718815,1682718815_000593,16,full,180,0.11106150461049381,0.08418101864724419,1682718815_000057
1682718815,1682718815_000597,16,full,180,0.0991711279975598,0.046186255383879965,1682718815_000765
1682718815,1682718815_000601,16,full,180,0.0625773332863725,0.006718417306287476,1682718815_000485
1682718815,1682718815_000605,16,full,180,0.11505195318646626,0.09832301356501956,1682718815_000137
1682718815,1682718815_000609,16,full,180,0.0809313499984028,0.04653588821970366,1682718815_000341
1682718815,1682718815_000613,16,full,180,0.06874249866957881,-0.02942498449208948,1682718815_000161
1682718815,1682718815_000617,16,full,180,0.08024859951417147,0.032209339617177375,1682718815_000773
1682718815,1682718815_000621,16,full,180,0.09502162961612833,0.07819499725247565,1682718815_000469
1682718815,1682718815_000625,16,full,180,0.01600634398021237,-0.04667953424524313,1682718815_000245
1682718815,1682718815_000629,16,full,180,0.1541027385997711,0.11848490133929834,1682718815_000625
1682718815,1682718815_000633,16,full,180,0.04207471999034242,-0.001598721921041879,1682718815_000689
1682718815,1682718815_000637,16,full,180,-0.006366416528150611,-0.04371561771032716,1682718815_000197
1682718815,1682718815_000641,16,full,180,0.11926925023259057,0.004251027777161904,1682718815_000073
1682718815,1682718815_000645,16,full,180,-0.004315351442443677,-0.09609007142304578,1682718815_000321
1682718815,1682718815_000649,16,full,180,0.09120025737628097,0.04120279971347741,1682718815_000033
1682718815,1682718815_000653,16,full,180,0.11832239223409917,0.09470256792572768,1682718815_000525
1682718815,1682718815_000657,16,full,180,0.13698562742687176,0.05702070235068172,1682718815_000181
1682718815,1682718815_000661,16,full,180,0.01567770519708693,-0.05940626573397825,1682718815_000737
1682718815,1682718815_000665,16,full,180,0.1020161082351948,0.03406047416733541,1682718815_000753
1682718815,1682718815_000669,16,full,180,0.10181673687540843,0.03990969536807945,1682718815_000037
1682718815,1682718815_000673,16,full,180,0.025718695094693145,-0.01367197461984867,1682718815_000685
1682718815,1682718815_000677,16,full,180,0.06428451144874307,0.01308637083947887,1682718815_000565
1682718815,1682718815_000681,16,full,180,0.1275129307043656,0.07040623224881941,1682718815_000457
1682718815,1682718815_000685,16,full,180,0.07855749142398787,0.015545763085010844,1682718815_000157
1682718815,1682718815_000689,16,full,180,0.08674158127853797,0.040228151445560634,1682718815_000465
1682718815,1682718815_000693,16,full,180,0.07698137127549895,0.03041729104746317,1682718815_000529
1682718815,1682718815_000697,16,full,180,0.108261838089434,0.05952375814771404,1682718815_000709
1682718815,1682718815_000701,16,full,180,0.09108381922262608,0.01775223626047465,1682718815_000257
1682718815,1682718815_000705,16,full,180,0.0757163668573151,0.0007314471653286034,1682718815_000333
1682718815,1682718815_000709,16,full,180,0.04155987093924137,-0.036068446591665644,1682718815_000265
1682718815,1682718815_000713,16,full,180,0.07595259119187343,0.0177777820922241,1682718815_000205
1682718815,1682718815_000717,16,full,180,0.10503845686451219,0.06651443880066926,1682718815_000269
1682718815,1682718815_000721,16,full,180,0.14552239149723445,0.03476164432126665,1682718815_000177
1682718815,1682718815_000725,16,full,180,0.10970301305708134,0.08378498607996261,1682718815_000573
1682718815,1682718815_000729,16,full,180,0.037393373118346764,-0.031780333325588155,1682718815_000081
1682718815,1682718815_000733,16,full,180,0.06030401235954186,-0.0033513056728863935,1682718815_000085
1682718815,1682718815_000737,16,full,180,0.08487383431214678,0.02867633202490527,1682718815_000597
1682718815,1682718815_000741,16,full,180,0.011897990293597047,-0.002855807349761505,1682718815_000353
1682718815,1682718815_000745,16,full,180,0.011843243347230527,-0.022251287066064357,1682718815_000185
1682718815,1682718815_000749,16,full,180,0.10583824973660355,0.015102568546005363,1682718815_000397
1682718815,1682718815_000753,16,full,180,-0.04816378173752184,-0.08719418201792395,1682718815_000645
1682718815,1682718815_000757,16,full,180,0.09797589389516688,0.04640788911547462,1682718815_000713
1682718815,1682718815_000761,16,full,180,0.08416600872776288,0.02344433716726002,1682718815_000705
1682718815,1682718815_000765,16,full,180,0.07973452077424635,0.011227382425961338,1682718815_000569
1682718815,1682718815_000769,16,full,180,0.06284557689133395,0.015120928836725897,1682718815_000045
1682718815,1682718815_000773,16,full,180,-0.017912126570768783,-0.014961360210794777,1682718815_000533
1682718815,1682718815_000777,16,full,180,0.08043064098426793,-0.0004490822264520226,1682718815_000745
1680410249,1680410249_000000,16,crop,180,0.4275344340357942,-0.0516379145018785,1680410249_000005
1680410249,1680410249_000001,16,crop,180,0.3877007062058537,-0.05672565744692123,1680410249_000005
1680410249,1680410249_000002,16,crop,180,0.42220384289578683,0.0058098553053553366,1680410249_000004
1680410249,1680410249_000003,16,crop,180,0.41923212122470893,0.007255318002835233,1680410249_000001
1680410249,1680410249_000004,16,crop,180,0.3941547737921303,-0.02991021990689624,1680410249_000008
1680410249,1680410249_000005,16,crop,180,0.40949731031914177,-0.06723303820644914,1680410249_000007
1680410249,1680410249_000006,16,crop,180,0.4323164663894706,0.06101088787672245,1680410249_000009
1680410249,1680410249_000007,16,crop,180,0.4967500652336965,0.13206690403258367,1680410249_000009
1680410249,1680410249_000008,16,crop,180,0.3729223979355553,-0.007076215812179505,1680410249_000002
1680410249,1680410249_000009,16,crop,180,0.4416629810127546,0.008740816056314304,1680410249_000003
1680410569,1680410569_000000,16,crop,180,0.43467309794709874,0.026586043176599117,1680410569_000009
1680410569,1680410569_000001,16,crop,180,0.4291094489438343,0.04322739561737423,1680410569_000004
1680410569,1680410569_000002,16,crop,180,0.4187220231402275,-0.001962765560744112,1680410569_000007
1680410569,1680410569_000003,16,crop,180,0.3736888391871591,-0.021064166938831713,1680410569_000008
1680410569,1680410569_000004,16,crop,180,0.4052881130673234,0.03122334608698385,1680410569_000002
1680410569,1680410569_000005,16,crop,180,0.3922897093074618,0.020572454492786607,1680410569_000006
1680410569,1680410569_000006,16,crop,180,0.41292110816291977,0.0177735035993574,1680410569_000003
1680410569,1680410569_000007,16,crop,180,0.3588664905878048,-0.04800329214393447,1680410569_000005
1680410569,1680410569_000008,16,crop,180,0.3995040641642147,-0.014276982820445277,1680410569_000000
1680410569,1680410569_000009,16,crop,180,0.3564745947516417,-0.0859862805749101,1680410569_000001
1680412337,1680412337_000000,16,crop,180,0.4762461306135231,-0.04967323098700956,1680412337_000456
1680412337,1680412337_000012,16,crop,180,0.4743547095809508,-0.06484577134298974,1680412337_000604
1680412337,1680412337_000025,16,crop,180,0.4966242736389888,-0.09647009846180675,1680412337_000616
1680412337,1680412337_000037,16,crop,180,0.514474283956957,0.08862818866780375,1680412337_000641
1680412337,1680412337_000049,16,crop,180,0.46493414932908134,0.049017358104199465,1680412337_000591
1680412337,1680412337_000062,16,crop,180,0.48432876767796657,0.00697415918619014,1680412337_000111
1680412337,1680412337_000074,16,crop,180,0.46820783027168583,0.036300538197589695,1680412337_000382
1680412337,1680412337_000086,16,crop,180,0.4541280171026356,-0.056882546606776864,1680412337_000542
1680412337,1680412337_000099,16,crop,180,0.46965884892753357,-0.05502653171271107,1680412337_000517
1680412337,1680412337_000111,16,crop,180,0.47485621606732414,-0.029810230259067594,1680412337_000074
1680412337,1680412337_000123,16,crop,180,0.4470280560991508,-0.01263554070046108,1680412337_000530
1680412337,1680412337_000135,16,crop,180,0.5342786332278578,0.10943344341502143,1680412337_000443
1680412337,1680412337_000148,16,crop,180,0.4624512867980768,0.03875425040934794,1680412337_000357
1680412337,1680412337_000160,16,crop,180,0.43198871085837626,-0.022836008985802837,1680412337_000677
1680412337,1680412337_000172,16,crop,180,0.44272063174351933,-0.04917450500767923,1680412337_000714
1680412337,1680412337_000185,16,crop,180,0.5094000592028906,0.038106629097815835,1680412337_000727
1680412337,1680412337_000197,16,crop,180,0.43730672268494014,-0.02500055506404561,1680412337_000406
1680412337,1680412337_000209,16,crop,180,0.5422671722420184,0.06260198679024447,1680412337_000480
1680412337,1680412337_000222,16,crop,180,0.4406658789032653,0.0683473427947419,1680412337_000086
1680412337,1680412337_000234,16,crop,180,0.47940666938170456,-0.001254370188224052,1680412337_000333
1680412337,1680412337_000246,16,crop,180,0.48102876761870444,-0.04824875358062386,1680412337_000764
1680412337,1680412337_000259,16,crop,180,0.5016414395478379,0.0352231337850899,1680412337_000320
1680412337,1680412337_000271,16,crop,180,0.47246139935313686,-0.032672729474576785,1680412337_000493
1680412337,1680412337_000283,16,crop,180,0.5250255729342228,0.048007656094696656,1680412337_000000
1680412337,1680412337_000296,16,crop,180,0.4469097282689145,-0.037167784037812,1680412337_000135
1680412337,1680412337_000308,16,crop,180,0.481039811249745,0.09162023553544481,1680412337_000049
1680412337,1680412337_000320,16,crop,180,0.4418484184739912,-0.05269091161548196,1680412337_000505
1680412337,1680412337_000333,16,crop,180,0.47695565739347007,-0.018350988088884003,1680412337_000283
1680412337,1680412337_000345,16,crop,180,0.47111297326796153,0.008509122059802322,1680412337_000394
1680412337,1680412337_000357,16,crop,180,0.47068071041395704,-0.03367374031711771,1680412337_000209
1680412337,1680412337_000370,16,crop,180,0.39888895172423283,-0.0030040560682754714,1680412337_000567
1680412337,1680412337_000382,16,crop,180,0.4726993887887825,0.014333314594426267,1680412337_000431
1680412337,1680412337_000394,16,crop,180,0.5160378860438918,-0.05094751494433237,1680412337_000012
1680412337,1680412337_000406,16,crop,180,0.5368983990307887,0.013746286202825664,1680412337_000234
1680412337,1680412337_000419,16,crop,180,0.39905404158952607,-0.006571905748717678,1680412337_000123
1680412337,1680412337_000431,16,crop,180,0.46231912918429946,0.047133042206700025,1680412337_000271
1680412337,1680412337_000443,16,crop,180,0.4865093543214865,0.02227745737594351,1680412337_000653
1680412337,1680412337_000456,16,crop,180,0.5029317127686298,0.07837968808706888,1680412337_000172
1680412337,1680412337_000468,16,crop,180,0.4503311283025509,-0.05340529217708578,1680412337_000345
1680412337,1680412337_000480,16,crop,180,0.400675816086927,-0.12406274602211469,1680412337_000259
1680412337,1680412337_000493,16,crop,180,0.42263392783247006,0.010890295464268576,1680412337_000185
1680412337,1680412337_000505,16,crop,180,0.46806152627213166,0.01917502245946934,1680412337_000739
1680412337,1680412337_000517,16,crop,180,0.441920487415816,-0.026664842889663976,1680412337_000025
1680412337,1680412337_000530,16,crop,180,0.4890491471001095,0.04714667770953635,1680412337_000160
1680412337,1680412337_000542,16,crop,180,0.4705171842791796,-0.061648003563256594,1680412337_000037
1680412337,1680412337_000554,16,crop,180,0.457638662074427,0.01815807866495665,1680412337_000296
1680412337,1680412337_000567,16,crop,180,0.4952648571984948,0.044543850397284056,1680412337_000222
1680412337,1680412337_000579,16,crop,180,0.41794615146489417,0.005803401956407839,1680412337_000702
1680412337,1680412337_000591,16,crop,180,0.49773127770992504,-0.0016204792161727173,1680412337_000148
1680412337,1680412337_000604,16,crop,180,0.4755898847921392,0.014467404972704332,1680412337_000690
1680412337,1680412337_000616,16,crop,180,0.45757802614953746,-0.015008325865299696,1680412337_000308
1680412337,1680412337_000628,16,crop,180,0.3561693082644668,-0.07071214721260459,1680412337_000468
1680412337,1680412337_000641,16,crop,180,0.4610064749860226,0.00602840640781908,1680412337_000099
1680412337,1680412337_000653,16,crop,180,0.4660439758403667,-0.05094401092656259,1680412337_000197
1680412337,1680412337_000665,16,crop,180,0.41074273810863887,-0.0073480148529149235,1680412337_000062
1680412337,1680412337_000677,16,crop,180,0.46345868289178077,0.03407983724910863,1680412337_000665
1680412337,1680412337_000690,16,crop,180,0.41168501798564866,-0.054150961646343504,1680412337_000554
1680412337,1680412337_000702,16,crop,180,0.42654358079102767,-0.03399153043688507,1680412337_000246
1680412337,1680412337_000714,16,crop,180,0.4386325703239366,0.035130682281722475,1680412337_000419
1680412337,1680412337_000727,16,crop,180,0.4805515981205862,-0.004496403163280874,1680412337_000370
1680412337,1680412337_000739,16,crop,180,0.4395137448374549,-0.054951861712562666,1680412337_000579
1680412337,1680412337_000751,16,crop,180,0.46131331077018806,0.042686111159496574,1680412337_000628
1680412337,1680412337_000764,16,crop,180,0.4878655367891301,0.0033681168196218257,1680412337_000628
1680412337,1680412337_000776,16,crop,180,0.46319930844905627,0.00029022459240597595,1680412337_000456
1681945334,1681945334_000000,16,crop,180,0.4175372086758186,-0.09873591031330435,1681945334_000542
1681945334,1681945334_000012,16,crop,180,0.4981309765479452,0.03027131526274957,1681945334_000776
1681945334,1681945334_000025,16,crop,180,0.5077317327780508,0.11986664886670556,1681945334_000222
1681945334,1681945334_000037,16,crop,180,0.5037800997503198,-0.021013452988467445,1681945334_000468
1681945334,1681945334_000049,16,crop,180,0.49185473869393553,-0.01185568638119789,1681945334_000246
1681945334,1681945334_000062,16,crop,180,0.4748725154076106,-0.0042441102867062,1681945334_000751
1681945334,1681945334_000074,16,crop,180,0.5273744886362691,0.05227071477364601,1681945334_000480
1681945334,1681945334_000086,16,crop,180,0.5207074033520943,0.0389060400885536,1681945334_000604
1681945334,1681945334_000099,16,crop,180,0.4912740379777476,0.06257741077566806,1681945334_000456
1681945334,1681945334_000111,16,crop,180,0.5119146778018847,0.07475868109140035,1681945334_000505
1681945334,1681945334_000123,16,crop,180,0.48488824714283857,0.02539177643382495,1681945334_000074
1681945334,1681945334_000135,16,crop,180,0.4845152453640178,0.01732955166584012,1681945334_000406
1681945334,1681945334_000148,16,crop,180,0.4830539675855439,-0.057067483167148374,1681945334_000271
1681945334,1681945334_000160,16,crop,180,0.5105647445919708,0.05712871655262225,1681945334_000271
1681945334,1681945334_000172,16,crop,180,0.5257756103808036,0.06036958993699082,1681945334_000677
1681945334,1681945334_000185,16,crop,180,0.4359148955628441,-0.04133543875824265,1681945334_000382
1681945334,1681945334_000197,16,crop,180,0.4923503685634501,-0.04666146094610655,1681945334_000049
1681945334,1681945334_000209,16,crop,180,0.4696383516397861,-0.008729933535211282,1681945334_000172
1681945334,1681945334_000222,16,crop,180,0.5306544461750088,0.040977921637574806,1681945334_000037
1681945334,1681945334_000234,16,crop,180,0.5225191345489942,0.0651073662538609,1681945334_000160
1681945334,1681945334_000246,16,crop,180,0.4820826994336307,-0.035499978390221926,1681945334_000160
1681945334,1681945334_000259,16,crop,180,0.49654998750000084,0.07330840069525237,1681945334_000641
1681945334,1681945334_000271,16,crop,180,0.5281878144090051,0.01462932515826981,1681945334_000333
1681945334,1681945334_000283,16,crop,180,0.45641238989797994,0.05545331342726701,1681945334_000209
1681945334,1681945334_000296,16,crop,180,0.5262845360993371,0.11599284168788852,1681945334_000431
1681945334,1681945334_000308,16,crop,180,0.5143052265480873,-0.055358694369117833,1681945334_000591
1681945334,1681945334_000320,16,crop,180,0.5038712644035421,0.046036610597373406,1681945334_000283
1681945334,1681945334_000333,16,crop,180,0.5107542804095007,0.00488452012447631,1681945334_000764
1681945334,1681945334_000345,16,crop,180,0.5372310032786399,0.03758691984704122,1681945334_000308
1681945334,1681945334_000357,16,crop,180,0.4889350403564438,-0.01951033984997338,1681945334_000308
1681945334,1681945334_000370,16,crop,180,0.47575628126418273,-0.02470108612113346,1681945334_000012
1681945334,1681945334_000382,16,crop,180,0.4896048689420249,0.0032514546696773648,1681945334_000012
1681945334,1681945334_000394,16,crop,180,0.559191320745589,-0.0017906380098725398,1681945334_000653
1681945334,1681945334_000406,16,crop,180,0.4412466501434628,-0.052340021469977016,1681945334_000135
1681945334,1681945334_000419,16,crop,180,0.49671931336891095,0.013708039212914504,1681945334_000185
1681945334,1681945334_000431,16,crop,180,0.5313048012782763,0.01829922203692237,1681945334_000259
1681945334,1681945334_000443,16,crop,180,0.468027733379135,-0.10748292824221273,1681945334_000062
1681945334,1681945334_000456,16,crop,180,0.4311879245961549,-0.09004795990895698,1681945334_000111
1681945334,1681945334_000468,16,crop,180,0.5377240186191428,0.06811503885266429,1681945334_000493
1681945334,1681945334_000480,16,crop,180,0.47289925397524285,-0.02412961833340384,1681945334_000099
1681945334,1681945334_000493,16,crop,180,0.5119494094626255,0.027726953989515274,1681945334_000394
1681945334,1681945334_000505,16,crop,180,0.4802585189418451,0.05600199898714759,1681945334_000702
1681945334,1681945334_000517,16,crop,180,0.509465382263074,0.06732474729990158,1681945334_000123
1681945334,1681945334_000530,16,crop,180,0.47943399692106653,-0.07492883293615703,1681945334_000714
1681945334,1681945334_000542,16,crop,180,0.5109527835092137,0.10351416113320216,1681945334_000690
1681945334,1681945334_000554,16,crop,180,0.48803544059512954,0.029476428516337038,1681945334_000086
1681945334,1681945334_000567,16,crop,180,0.4804615701591926,-0.05526549417584526,1681945334_000443
1681945334,1681945334_000579,16,crop,180,0.48689820564551517,-0.060808329548744315,1681945334_000025
1681945334,1681945334_000591,16,crop,180,0.5551560998267489,-0.01724369747313302,1681945334_000357
1681945334,1681945334_000604,16,crop,180,0.5117749783899802,-0.03772001606545098,1681945334_000554
1681945334,1681945334_000616,16,crop,180,0.5219506523773321,0.09332002984102811,1681945334_000530
1681945334,1681945334_000628,16,crop,180,0.41761935635656267,-0.09100427317774167,1681945334_000739
1681945334,1681945334_000641,16,crop,180,0.5260712009343786,0.11092753850589614,1681945334_000628
1681945334,1681945334_000653,16,crop,180,0.5203461898619842,-0.0054491742053509136,1681945334_000665
1681945334,1681945334_000665,16,crop,180,0.504349708287812,0.04818066122307699,1681945334_000419
1681945334,1681945334_000677,16,crop,180,0.5080250795057091,-0.03658475009770406,1681945334_000197
1681945334,1681945334_000690,16,crop,180,0.5113630108340825,0.07059664119575725,1681945334_000727
1681945334,1681945334_000702,16,crop,180,0.48049959907343937,0.053056889465608985,1681945334_000000
1681945334,1681945334_000714,16,crop,180,0.43354824541306186,-0.059782592760690645,1681945334_000296
1681945334,1681945334_000727,16,crop,180,0.4619157908662177,0.07664434133758999,1681945334_000320
1681945334,1681945334_000739,16,crop,180,0.5572677313052813,0.03013776376949655,1681945334_000579
1681945334,1681945334_000751,16,crop,180,0.46841806895776134,-0.016128697923072637,1681945334_000616
1681945334,1681945334_000764,16,crop,180,0.4847865107927718,-0.04211904993604131,1681945334_000567
1681945334,1681945334_000776,16,crop,180,0.4751897624648331,-0.05240869254246708,1681945334_000517
1682013847,1682013847_000000,16,crop,180,0.47825094133700063,-0.018309749676395863,1682013847_000115
1682013847,1682013847_000002,16,crop,180,0.51079072659098,-0.058269730537277485,1682013847_000032
1682013847,1682013847_000005,16,crop,180,0.5483205468266968,-0.06289582105499864,1682013847_000140
1682013847,1682013847_000007,16,crop,180,0.5298599359996888,0.018425971925087253,1682013847_000010
1682013847,1682013847_000010,16,crop,180,0.48696206872508724,-0.06121784111696973,1682013847_000132
1682013847,1682013847_000012,16,crop,180,0.4614519527645427,-0.09117953654434742,1682013847_000035
1682013847,1682013847_000015,16,crop,180,0.5226028329512967,0.06746212001830598,1682013847_000097
1682013847,1682013847_000017,16,crop,180,0.4992338160740939,-0.0042258377508325356,1682013847_000027
1682013847,1682013847_000020,16,crop,180,0.4737270238615534,-0.037447245874469764,1682013847_000080
1682013847,1682013847_000022,16,crop,180,0.49318345494977933,-0.022910883135020335,1682013847_000012
1682013847,1682013847_000025,16,crop,180,0.5460674644603434,0.0347427702878892,1682013847_000070
1682013847,1682013847_000027,16,crop,180,0.5094919789473261,0.013387695478193906,1682013847_000037
1682013847,1682013847_000030,16,crop,180,0.4851961403408538,-0.05537854051639959,1682013847_000095
1682013847,1682013847_000032,16,crop,180,0.475046982676286,-0.011705795323537486,1682013847_000065
1682013847,1682013847_000035,16,crop,180,0.5226588304825572,0.009651284746465335,1682013847_000130
1682013847,1682013847_000037,16,crop,180,0.5309058898553328,0.07803136708233815,1682013847_000050
1682013847,1682013847_000040,16,crop,180,0.4878987952953248,-0.004700756914648666,1682013847_000110
1682013847,1682013847_000042,16,crop,180,0.4656664977830957,-0.053498071991366754,1682013847_000057
1682013847,1682013847_000045,16,crop,180,0.5261822715897244,0.07633416571890377,1682013847_000020
1682013847,1682013847_000047,16,crop,180,0.48813523359079086,-0.008268017242458436,1682013847_000030
1682013847,1682013847_000050,16,crop,180,0.5323679396404974,0.06853286149816272,1682013847_000155
1682013847,1682013847_000052,16,crop,180,0.5144741166539462,0.02064420725140676,1682013847_000067
1682013847,1682013847_000055,16,crop,180,0.5283554934692827,0.044238126275285276,1682013847_000157
1682013847,1682013847_000057,16,crop,180,0.46573529242752704,-0.0031989548481478765,1682013847_000015
1682013847,1682013847_000060,16,crop,180,0.5071064436435962,0.0406873158465079,1682013847_000102
1682013847,1682013847_000062,16,crop,180,0.5285543258859566,0.009950414084331777,1682013847_000022
1682013847,1682013847_000065,16,crop,180,0.479627793506272,-0.04556391061564744,1682013847_000060
1682013847,1682013847_000067,16,crop,180,0.501490298307547,0.019685670874847547,1682013847_000092
1682013847,1682013847_000070,16,crop,180,0.45802435485922094,-0.05618232974198146,1682013847_000125
1682013847,1682013847_000072,16,crop,180,0.5446289558755713,-0.011511514698912581,1682013847_000150
1682013847,1682013847_000075,16,crop,180,0.5102689278306475,0.033495996296233434,1682013847_000145
1682013847,1682013847_000077,16,crop,180,0.4661076197358122,-0.0400326560817659,1682013847_000107
1682013847,1682013847_000080,16,crop,180,0.5045751194189159,-0.025156114627724085,1682013847_000105
1682013847,1682013847_000082,16,crop,180,0.5173506115786718,0.07514110847829301,1682013847_000142
1682013847,1682013847_000085,16,crop,180,0.5156553168871074,0.007190140218718212,1682013847_000002
1682013847,1682013847_000087,16,crop,180,0.4904538653713455,0.015107998877574932,1682013847_000007
1682013847,1682013847_000090,16,crop,180,0.5057023471178362,-0.031131397157514746,1682013847_000137
1682013847,1682013847_000092,16,crop,180,0.4802065561186977,-0.014366581378861933,1682013847_000055
1682013847,1682013847_000095,16,crop,180,0.5141894406951754,0.001550512686614518,1682013847_000100
1682013847,1682013847_000097,16,crop,180,0.46088746321291935,-0.07841371351674101,1682013847_000017
1682013847,1682013847_000100,16,crop,180,0.4969756680993929,0.07048559529678637,1682013847_000135
1682013847,1682013847_000102,16,crop,180,0.5072963505972021,-0.011696532170031382,1682013847_000072
1682013847,1682013847_000105,16,crop,180,0.5214729312288662,-0.030236397073776743,1682013847_000152
1682013847,1682013847_000107,16,crop,180,0.46726766438417,-0.008001455053702325,1682013847_000040
1682013847,1682013847_000110,16,crop,180,0.549476831295546,0.10982577472896775,1682013847_000122
1682013847,1682013847_000112,16,crop,180,0.5126571722339628,-0.0019323999199979888,1682013847_000090
1682013847,1682013847_000115,16,crop,180,0.47062649979923926,0.015825512401245214,1682013847_000085
1682013847,1682013847_000117,16,crop,180,0.5013625525371187,-0.015553754621973247,1682013847_000005
1682013847,1682013847_000120,16,crop,180,0.5220620539546096,0.009666200974437081,1682013847_000075
1682013847,1682013847_000122,16,crop,180,0.49756740097902447,-0.11079746377394774,1682013847_000087
1682013847,1682013847_000125,16,crop,180,0.5180598014862293,-0.005400526237673321,1682013847_000045
1682013847,1682013847_000127,16,crop,180,0.528315921374657,0.05074042603044843,1682013847_000082
1682013847,1682013847_000130,16,crop,180,0.470673007713317,-0.08812965913747073,1682013847_000047
1682013847,1682013847_000132,16,crop,180,0.5059602678821021,0.0006007137688874604,1682013847_000000
1682013847,1682013847_000135,16,crop,180,0.511112582667771,-0.12630388525213676,1682013847_000147
1682013847,1682013847_000137,16,crop,180,0.5597232044350626,0.00873463870332722,1682013847_000077
1682013847,1682013847_000140,16,crop,180,0.5377954869644453,0.03974122609886621,1682013847_000127
1682013847,1682013847_000142,16,crop,180,0.5626995720909898,0.049656075759444925,1682013847_000042
1682013847,1682013847_000145,16,crop,180,0.49087114713583296,-0.018081305432110447,1682013847_000052
1682013847,1682013847_000147,16,crop,180,0.48098542156569585,-0.018677147546447056,1682013847_000062
1682013847,1682013847_000150,16,crop,180,0.35252479674855125,-0.0639230423079027,1682013847_000120
1682013847,1682013847_000152,16,crop,180,0.1888977667264746,-0.03852121694342178,1682013847_000117
1682013847,1682013847_000155,16,crop,180,0.20643835203269223,-0.04022260573699187,1682013847_000025
1682013847,1682013847_000157,16,crop,180,0.29953172461774497,0.03744084417401631,1682013847_000112
1682014432,1682014432_000000,16,crop,180,0.497641656315795,0.009155323153363036,1682014432_000104
1682014432,1682014432_000001,16,crop,180,0.4664140670553724,-0.012196495918351343,1682014432_000011
1682014432,1682014432_000002,16,crop,180,0.4660908276216423,-0.03183822586472826,1682014432_000030
1682014432,1682014432_000003,16,crop,180,0.5257360892968138,0.09605358963662342,1682014432_000028
1682014432,1682014432_000004,16,crop,180,0.4518915858031125,-0.05972828057175883,1682014432_000098
1682014432,1682014432_000005,16,crop,180,0.5048196589011066,-0.01771334642818412,1682014432_000052
1682014432,1682014432_000006,16,crop,180,0.5312832750017477,0.055736003191370016,1682014432_000017
1682014432,1682014432_000007,16,crop,180,0.5686570393450654,0.11344260617116515,1682014432_000111
1682014432,1682014432_000008,16,crop,180,0.5176881732837724,0.11635698938369049,1682014432_000004
1682014432,1682014432_000009,16,crop,180,0.4778221873536193,-0.011707975905656176,1682014432_000089
1682014432,1682014432_000010,16,crop,180,0.5081330992848708,0.06196532859656517,1682014432_000006
1682014432,1682014432_000011,16,crop,180,0.46519195820353065,-0.0279817586404025,1682014432_000108
1682014432,1682014432_000012,16,crop,180,0.5140309674214802,0.022963728482582216,1682014432_000077
1682014432,1682014432_000013,16,crop,180,0.4776890992223454,-0.06393570097566557,1682014432_000062
1682014432,1682014432_000014,16,crop,180,0.47692992952573127,0.004793013016286675,1682014432_000015
1682014432,1682014432_000015,16,crop,180,0.45436173360707716,-0.02932538994556272,1682014432_000003
1682014432,1682014432_000016,16,crop,180,0.5002537133435253,-0.020229493250636905,1682014432_000095
1682014432,1682014432_000017,16,crop,180,0.5548246905558677,0.07583112670445877,1682014432_000019
1682014432,1682014432_000018,16,crop,180,0.5459861456288227,0.0765716314173328,1682014432_000025
1682014432,1682014432_000019,16,crop,180,0.44108429150459605,-0.011186460787271537,1682014432_000038
1682014432,1682014432_000020,16,crop,180,0.5043781321241857,0.02448330916404476,1682014432_000107
1682014432,1682014432_000021,16,crop,180,0.49545528337466366,0.004317065586484217,1682014432_000094
1682014432,1682014432_000022,16,crop,180,0.5533162498719612,0.08630143868744339,1682014432_000013
1682014432,1682014432_000023,16,crop,180,0.5260526245029861,0.03206935521827999,1682014432_000097
1682014432,1682014432_000024,16,crop,180,0.5036922087730548,-0.050077418591923585,1682014432_000087
1682014432,1682014432_000025,16,crop,180,0.48609165305996943,0.07386829923340671,1682014432_000058
1682014432,1682014432_000026,16,crop,180,0.4966081322366351,0.03340399698253511,1682014432_000099
1682014432,1682014432_000027,16,crop,180,0.5045321366304818,0.015889358469911824,1682014432_000007
1682014432,1682014432_000028,16,crop,180,0.4972142265474348,-0.01813616280801614,1682014432_000053
1682014432,1682014432_000029,16,crop,180,0.47616823607284076,-0.013126652060061278,1682014432_000047
1682014432,1682014432_000030,16,crop,180,0.49942082216356026,0.048802902090842225,1682014432_000071
1682014432,1682014432_000031,16,crop,180,0.5417556195606821,0.07746113154292446,1682014432_000081
1682014432,1682014432_000032,16,crop,180,0.5414294422644598,0.06198342701412781,1682014432_000081
1682014432,1682014432_000033,16,crop,180,0.5291775947939413,0.04435156772250202,1682014432_000091
1682014432,1682014432_000034,16,crop,180,0.5630305924041288,0.033111411176516746,1682014432_000010
1682014432,1682014432_000035,16,crop,180,0.4618800463961305,-0.010089527557387045,1682014432_000103
1682014432,1682014432_000036,16,crop,180,0.5199372393186518,-0.004154031353976884,1682014432_000060
1682014432,1682014432_000037,16,crop,180,0.4811845735909696,-0.06880937045228687,1682014432_000109
1682014432,1682014432_000038,16,crop,180,0.5247127331180136,-0.0025639813436911705,1682014432_000075
1682014432,1682014432_000039,16,crop,180,0.47241492761303117,-0.07550070434890273,1682014432_000073
1682014432,1682014432_000040,16,crop,180,0.5133579594694554,0.045585781964917194,1682014432_000106
1682014432,1682014432_000041,16,crop,180,0.4998919244179258,0.01740633734432179,1682014432_000026
1682014432,1682014432_000042,16,crop,180,0.5499464549613249,0.005514687632000317,1682014432_000065
1682014432,1682014432_000043,16,crop,180,0.5131857842400812,0.03539342653535765,1682014432_000002
1682014432,1682014432_000044,16,crop,180,0.4938046866869558,-0.06846700279672667,1682014432_000029
1682014432,1682014432_000045,16,crop,180,0.4930103000418578,0.03183015149387064,1682014432_000023
1682014432,1682014432_000046,16,crop,180,0.5016759048432821,0.03556620963870893,1682014432_000086
1682014432,1682014432_000047,16,crop,180,0.5079203754831165,0.09010238515795438,1682014432_000068
1682014432,1682014432_000048,16,crop,180,0.48685817222550787,0.003135031550952012,1682014432_000112
1682014432,1682014432_000049,16,crop,180,0.47989919936630887,-0.049027694875142976,1682014432_000042
1682014432,1682014432_000050,16,crop,180,0.4744837059226253,-0.028609344680546146,1682014432_000057
1682014432,1682014432_000051,16,crop,180,0.5002850069387914,-0.048092821737001634,1682014432_000096
1682014432,1682014432_000052,16,crop,180,0.43109796315542454,-0.02677616821772108,1682014432_000088
1682014432,1682014432_000053,16,crop,180,0.5107881902356153,5.6712196285351825e-05,1682014432_000048
1682014432,1682014432_000054,16,crop,180,0.4746524064188973,0.017754333523139453,1682014432_000105
1682014432,1682014432_000055,16,crop,180,0.45781250422815,-0.06507976309100806,1682014432_000066
1682014432,1682014432_000056,16,crop,180,0.5608385399029391,0.12073715304139414,1682014432_000009
1682014432,1682014432_000057,16,crop,180,0.4841662871143975,-0.01894490830485233,1682014432_000059
1682014432,1682014432_000058,16,crop,180,0.46829030441704317,0.034888635115865894,1682014432_000027
1682014432,1682014432_000059,16,crop,180,0.511320801620376,-0.030245879617947138,1682014432_000050
1682014432,1682014432_000060,16,crop,180,0.4387967281048228,-0.08426167274324536,1682014432_000045
1682014432,1682014432_000061,16,crop,180,0.4952463695498768,-0.005742680665248273,1682014432_000012
1682014432,1682014432_000062,16,crop,180,0.4601769377039751,-0.020308557344459997,1682014432_000079
1682014432,1682014432_000063,16,crop,180,0.5280263336159705,0.10024363484056607,1682014432_000040
1682014432,1682014432_000064,16,crop,180,0.4897050624729091,0.01393323831310904,1682014432_000033
1682014432,1682014432_000065,16,crop,180,0.45142372401538794,-0.07440514564913443,1682014432_000082
1682014432,1682014432_000066,16,crop,180,0.47946671772230937,-0.0503868177185389,1682014432_000083
1682014432,1682014432_000067,16,crop,180,0.49465960358539424,0.022262386145914363,1682014432_000093
1682014432,1682014432_000068,16,crop,180,0.5087283207475018,-0.013924336663881454,1682014432_000036
1682014432,1682014432_000069,16,crop,180,0.5193040320622604,0.08924761119041769,1682014432_000039
1682014432,1682014432_000070,16,crop,180,0.5051330808190233,-0.08914706008072354,1682014432_000034
1682014432,1682014432_000071,16,crop,180,0.5316254719475019,0.06828231947179726,1682014432_000102
1682014432,1682014432_000072,16,crop,180,0.45159232989031733,-0.04126665967205806,1682014432_000049
1682014432,1682014432_000073,16,crop,180,0.5058303353789361,0.020571591301978217,1682014432_000069
1682014432,1682014432_000074,16,crop,180,0.4529067238563,-0.026493975105319385,1682014432_000064
1682014432,1682014432_000075,16,crop,180,0.49185064270999995,-0.0010930305693759672,1682014432_000014
1682014432,1682014432_000076,16,crop,180,0.4659663100427847,-0.041019156958978724,1682014432_000074
1682014432,1682014432_000077,16,crop,180,0.4495363478264522,-0.004568721716930134,1682014432_000020
1682014432,1682014432_000078,16,crop,180,0.4608503439357663,-0.08953165225722302,1682014432_000090
1682014432,1682014432_000079,16,crop,180,0.5021060841205459,0.05479479563934362,1682014432_000101
1682014432,1682014432_000080,16,crop,180,0.5205017143350325,-0.051424145350712526,1682014432_000067
1682014432,1682014432_000081,16,crop,180,0.4923949372201159,0.03086233092084388,1682014432_000022
1682014432,1682014432_000082,16,crop,180,0.48884042647740844,0.04552303208959244,1682014432_000035
1682014432,1682014432_000083,16,crop,180,0.4542538906312621,-0.028888723703408784,1682014432_000054
1682014432,1682014432_000084,16,crop,180,0.555537467517481,0.11444961319530456,1682014432_000070
1682014432,1682014432_000085,16,crop,180,0.47616684736714826,-0.025347606330941717,1682014432_000008
1682014432,1682014432_000086,16,crop,180,0.5283909206820043,0.04042693540337813,1682014432_000024
1682014432,1682014432_000087,16,crop,180,0.5249699822232942,0.02217909845741116,1682014432_000078
1682014432,1682014432_000088,16,crop,180,0.4806413182723646,0.028215862015751134,1682014432_000032
1682014432,1682014432_000089,16,crop,180,0.48957234078963774,-0.03504465845298833,1682014432_000084
1682014432,1682014432_000090,16,crop,180,0.4871708126441238,0.02202567169854203,1682014432_000085
1682014432,1682014432_000091,16,crop,180,0.479587246058846,0.010144141910890065,1682014432_000061
1682014432,1682014432_000092,16,crop,180,0.49179363672352466,-0.04364245377788586,1682014432_000001
1682014432,1682014432_000093,16,crop,180,0.5346412587241847,0.03556317981700432,1682014432_000001
1682014432,1682014432_000094,16,crop,180,0.40031594636769485,-0.03430793400876743,1682014432_000043
1682014432,1682014432_000095,16,crop,180,0.39303696218359274,0.026080556573837243,1682014432_000016
1682014432,1682014432_000096,16,crop,180,0.36048165895489065,-0.0753465508398385,1682014432_000056
1682014432,1682014432_000097,16,crop,180,0.43268316545307256,-0.0041663836504704605,1682014432_000005
1682014432,1682014432_000098,16,crop,180,0.43691822635451355,0.04096767491628265,1682014432_000072
1682014432,1682014432_000099,16,crop,180,0.45871332192539693,-0.017314713769622226,1682014432_000018
1682014432,1682014432_000100,16,crop,180,0.5099193175161875,0.06611369453284514,1682014432_000000
1682014432,1682014432_000101,16,crop,180,0.5608817073917426,0.11856574151492172,1682014432_000021
1682014432,1682014432_000102,16,crop,180,0.5292517711975511,0.012028387105531382,1682014432_000055
1682014432,1682014432_000103,16,crop,180,0.5345809887794015,-0.006522043408221534,1682014432_000076
1682014432,1682014432_000104,16,crop,180,0.5403115867106002,0.07390710739313279,1682014432_000051
1682014432,1682014432_000105,16,crop,180,0.5018829060549602,-0.0010632275039841692,1682014432_000100
1682014432,1682014432_000106,16,crop,180,0.4993428511885781,0.06944778473288218,1682014432_000063
1682014432,1682014432_000107,16,crop,180,0.47707975541000036,0.03790887999473253,1682014432_000041
1682014432,1682014432_000108,16,crop,180,0.3647318765201444,-0.009736918846810957,1682014432_000110
1682014432,1682014432_000109,16,crop,180,0.35898767102447793,-0.021955304203786913,1682014432_000080
1682014432,1682014432_000110,16,crop,180,0.4016253917886346,0.03698733111854641,1682014432_000037
1682014432,1682014432_000111,16,crop,180,0.39291142581966215,0.03908219935108342,1682014432_000046
1682014432,1682014432_000112,16,crop,180,0.42815910852213923,0.08646323887034274,1682014432_000044
1682712156,1682712156_000001,16,crop,180,0.5561178904589883,0.00935659923951195,1682712156_000321
1682712156,1682712156_000013,16,crop,180,0.47662574626795023,-0.00980740653368631,1682712156_000087
1682712156,1682712156_000026,16,crop,180,0.49384023393726006,-0.025195304991067823,1682712156_000161
1682712156,1682712156_000038,16,crop,180,0.45313807850756577,-0.0611309063481407,1682712156_000568
1682712156,1682712156_000050,16,crop,180,0.49670731575502675,0.03838846657005211,1682712156_000395
1682712156,1682712156_000063,16,crop,180,0.5199235668314811,0.07004619279056024,1682712156_000506
1682712156,1682712156_000075,16,crop,180,0.5020565949111361,-0.026628965225331397,1682712156_000654
1682712156,1682712156_000087,16,crop,180,0.5206070804313777,0.05558345283800716,1682712156_000235
1682712156,1682712156_000100,16,crop,180,0.5319404752396139,-0.0026772692852085563,1682712156_000728
1682712156,1682712156_000112,16,crop,180,0.40888455084147074,-0.023992860056633297,1682712156_000173
1682712156,1682712156_000124,16,crop,180,0.5546259969827344,0.0871376597165846,1682712156_000284
1682712156,1682712156_000136,16,crop,180,0.43758523825918005,0.01878402605933747,1682712156_000112
1682712156,1682712156_000149,16,crop,180,0.5104244210798176,0.014357075317999901,1682712156_000346
1682712156,1682712156_000161,16,crop,180,0.5057930269785927,0.021623417526301213,1682712156_000223
1682712156,1682712156_000173,16,crop,180,0.5207876283921933,-0.09692151252402599,1682712156_000666
1682712156,1682712156_000186,16,crop,180,0.47189571967026406,-0.06026063206693874,1682712156_000420
1682712156,1682712156_000198,16,crop,180,0.47425950510720716,0.005477259412827377,1682712156_000050
1682712156,1682712156_000210,16,crop,180,0.48427624820961856,-0.0762972684100763,1682712156_000715
1682712156,1682712156_000223,16,crop,180,0.499521441571122,-0.011756375300309973,1682712156_000481
1682712156,1682712156_000235,16,crop,180,0.48620427089310536,0.009711556079585779,1682712156_000555
1682712156,1682712156_000247,16,crop,180,0.5103723782858102,-0.057224887791432845,1682712156_000124
1682712156,1682712156_000260,16,crop,180,0.5097521515140485,-0.05921716891898687,1682712156_000469
1682712156,1682712156_000272,16,crop,180,0.5167038582187264,-0.01085554465080131,1682712156_000186
1682712156,1682712156_000284,16,crop,180,0.47828193308095407,-0.03716614579619668,1682712156_000629
1682712156,1682712156_000297,16,crop,180,0.4868820795624847,-0.04310030582548482,1682712156_000260
1682712156,1682712156_000309,16,crop,180,0.49227087384226115,-0.03161546790643486,1682712156_000777
1682712156,1682712156_000321,16,crop,180,0.4618449029974701,-0.03134261246245667,1682712156_000765
1682712156,1682712156_000334,16,crop,180,0.45715397467741026,-0.09406962014164673,1682712156_000075
1682712156,1682712156_000346,16,crop,180,0.5164273596849392,0.05705403516154056,1682712156_000432
1682712156,1682712156_000358,16,crop,180,0.5052728662327046,-0.08629017579484329,1682712156_000752
1682712156,1682712156_000371,16,crop,180,0.4561336578542335,-0.050539823547865674,1682712156_000136
1682712156,1682712156_000383,16,crop,180,0.4231876069152934,-0.07471029613442921,1682712156_000703
1682712156,1682712156_000395,16,crop,180,0.4691945844874448,0.008305506754680392,1682712156_000063
1682712156,1682712156_000407,16,crop,180,0.5077111403347782,-0.004995480502948749,1682712156_000580
1682712156,1682712156_000420,16,crop,180,0.5024637340599571,-0.061069405431096624,1682712156_000518
1682712156,1682712156_000432,16,crop,180,0.47232026545039146,0.05438371213770085,1682712156_000407
1682712156,1682712156_000444,16,crop,180,0.48847694481333453,-0.016136432279988466,1682712156_000371
1682712156,1682712156_000457,16,crop,180,0.4971967516481592,0.030453733999977348,1682712156_000691
1682712156,1682712156_000469,16,crop,180,0.422914548714409,-0.12527088137868242,1682712156_000013
1682712156,1682712156_000481,16,crop,180,0.5148556890517092,-0.01979465516843759,1682712156_000247
1682712156,1682712156_000494,16,crop,180,0.5173852410023319,0.04489097398207218,1682712156_000210
1682712156,1682712156_000506,16,crop,180,0.5515175734627412,0.05285987530007774,1682712156_000617
1682712156,1682712156_000518,16,crop,180,0.5170201520703198,-0.06427676196414735,1682712156_000100
1682712156,1682712156_000531,16,crop,180,0.5471035278380935,0.08431655146451651,1682712156_000444
1682712156,1682712156_000543,16,crop,180,0.4648880951123391,-0.057107695259931396,1682712156_000272
1682712156,1682712156_000555,16,crop,180,0.425310377452033,-0.021424227369533182,1682712156_000358
1682712156,1682712156_000568,16,crop,180,0.49827733772309585,0.003416022198875606,1682712156_000457
1682712156,1682712156_000580,16,crop,180,0.4692558278754961,-0.03541679224210804,1682712156_000026
1682712156,1682712156_000592,16,crop,180,0.4420375138153722,-0.043867172994345886,1682712156_000543
1682712156,1682712156_000605,16,crop,180,0.41943084820553406,-0.07084451602703092,1682712156_000678
1682712156,1682712156_000617,16,crop,180,0.47625271566677113,0.013280134350696327,1682712156_000531
1682712156,1682712156_000629,16,crop,180,0.4843978899762833,0.03341882327432724,1682712156_000642
1682712156,1682712156_000642,16,crop,180,0.4677587504592246,-0.06666113809314912,1682712156_000494
1682712156,1682712156_000654,16,crop,180,0.4669508168731114,-0.004178889891106607,1682712156_000605
1682712156,1682712156_000666,16,crop,180,0.46022929488298936,-0.0600395475117124,1682712156_000334
1682712156,1682712156_000678,16,crop,180,0.4955943670349117,-0.018370360560982048,1682712156_000297
1682712156,1682712156_000691,16,crop,180,0.4654753235229642,-0.06292957379679744,1682712156_000309
1682712156,1682712156_000703,16,crop,180,0.5255273942397712,0.020026577577747676,1682712156_000740
1682712156,1682712156_000715,16,crop,180,0.4641658748004887,-0.10270564695778378,1682712156_000149
1682712156,1682712156_000728,16,crop,180,0.46605183800838484,-0.09490879313344457,1682712156_000198
1682712156,1682712156_000740,16,crop,180,0.47746245587155434,0.04896784429010977,1682712156_000592
1682712156,1682712156_000752,16,crop,180,0.5582688673234139,0.07891293321423722,1682712156_000001
1682712156,1682712156_000765,16,crop,180,0.5070578785539067,0.04090359890683624,1682712156_000383
1682712156,1682712156_000777,16,crop,180,0.46182631179898376,0.0025443551765653347,1682712156_000038
1682718815,1682718815_000001,16,crop,180,0.5373273229486086,0.02555398771507209,1682718815_000149
1682718815,1682718815_000005,16,crop,180,0.5073038804324382,-0.016593716499996043,1682718815_000537
1682718815,1682718815_000009,16,crop,180,0.5229807385289872,0.04036136188201641,1682718815_000697
1682718815,1682718815_000013,16,crop,180,0.5338805864425207,0.10843888058362311,1682718815_000201
1682718815,1682718815_000017,16,crop,180,0.533323146763308,-0.0378421023629763,1682718815_000677
1682718815,1682718815_000021,16,crop,180,0.47432001336310564,-0.08942610143240282,1682718815_000389
1682718815,1682718815_000025,16,crop,180,0.5015494477515398,-0.01234294751502043,1682718815_000661
1682718815,1682718815_000029,16,crop,180,0.42696571998625227,-0.020034510307421576,1682718815_000065
1682718815,1682718815_000033,16,crop,180,0.5306302694449568,0.11173028078189078,1682718815_000549
1682718815,1682718815_000037,16,crop,180,0.5168802294598122,0.058941444693604156,1682718815_000449
1682718815,1682718815_000041,16,crop,180,0.4836944471334421,-0.03833830250637569,1682718815_000077
1682718815,1682718815_000045,16,crop,180,0.4807134909970913,0.052223679527396795,1682718815_000581
1682718815,1682718815_000049,16,crop,180,0.5044447283413744,-0.023309480265915904,1682718815_000249
1682718815,1682718815_000053,16,crop,180,0.47481473338187824,-0.015133250214454434,1682718815_000381
1682718815,1682718815_000057,16,crop,180,0.4878654560256479,-0.08350280471281407,1682718815_000145
1682718815,1682718815_000061,16,crop,180,0.5084670283484344,0.05283927133828994,1682718815_000069
1682718815,1682718815_000065,16,crop,180,0.5179183321625859,-0.008654987306356268,1682718815_000189
1682718815,1682718815_000069,16,crop,180,0.5120755022792918,0.005691322135477306,1682718815_000217
1682718815,1682718815_000073,16,crop,180,0.407871886443433,-0.10628562499192183,1682718815_000153
1682718815,1682718815_000077,16,crop,180,0.48102957352174736,0.0024364120064459815,1682718815_000261
1682718815,1682718815_000081,16,crop,180,0.5123175371543026,-0.028854331626563746,1682718815_000509
1682718815,1682718815_000085,16,crop,180,0.4557906964706973,-0.04443750431794879,1682718815_000125
1682718815,1682718815_000089,16,crop,180,0.5200157361882687,0.1263816197090165,1682718815_000109
1682718815,1682718815_000093,16,crop,180,0.48635131230151735,-0.13083343367193476,1682718815_000413
1682718815,1682718815_000097,16,crop,180,0.4803583322647013,-0.05599454662297732,1682718815_000053
1682718815,1682718815_000101,16,crop,180,0.5319312598075246,0.01983393686409483,1682718815_000117
1682718815,1682718815_000105,16,crop,180,0.47057927557193596,-0.1276070635332189,1682718815_000113
1682718815,1682718815_000109,16,crop,180,0.4798843941378112,-0.042753357450787476,1682718815_000505
1682718815,1682718815_000113,16,crop,180,0.5207586773538858,-0.09579974942745435,1682718815_000477
1682718815,1682718815_000117,16,crop,180,0.5404301679639959,0.06594630339207784,1682718815_000489
1682718815,1682718815_000121,16,crop,180,0.5370394051284939,0.04239375189103032,1682718815_000293
1682718815,1682718815_000125,16,crop,180,0.48316727594107006,-0.03181671376162699,1682718815_000213
1682718815,1682718815_000129,16,crop,180,0.5424118109163549,0.041324727717070825,1682718815_000501
1682718815,1682718815_000133,16,crop,180,0.5299637498635504,0.04326406630930261,1682718815_000593
1682718815,1682718815_000137,16,crop,180,0.5200268866563792,-0.08096169288260668,1682718815_000373
1682718815,1682718815_000141,16,crop,180,0.519298464884376,-0.0051273246933497855,1682718815_000101
1682718815,1682718815_000145,16,crop,180,0.502651066888877,0.018954314596560478,1682718815_000237
1682718815,1682718815_000149,16,crop,180,0.49013570138066426,0.002044264198424401,1682718815_000445
1682718815,1682718815_000153,16,crop,180,0.46615886559664615,-0.041788923680771396,1682718815_000577
1682718815,1682718815_000157,16,crop,180,0.4522739120231966,-0.03984207039643557,1682718815_000749
1682718815,1682718815_000161,16,crop,180,0.45807617289395214,0.01863112003867297,1682718815_000761
1682718815,1682718815_000165,16,crop,180,0.47411533503827097,-0.07093865791356367,1682718815_000221
1682718815,1682718815_000169,16,crop,180,0.4921361289351094,-0.009832956571336494,1682718815_000517
1682718815,1682718815_000173,16,crop,180,0.4934726593406256,-0.01852009761352129,1682718815_000769
1682718815,1682718815_000177,16,crop,180,0.5121935704087495,0.008579724518290366,1682718815_000193
1682718815,1682718815_000181,16,crop,180,0.46813543301762855,0.018410906115602775,1682718815_000229
1682718815,1682718815_000185,16,crop,180,0.5765762764634254,0.05608099056034655,1682718815_000541
1682718815,1682718815_000189,16,crop,180,0.5445966540358775,0.03310700495493447,1682718815_000141
1682718815,1682718815_000193,16,crop,180,0.49195644850255343,-0.03287386081386963,1682718815_000701
1682718815,1682718815_000197,16,crop,180,0.5147026881377488,-0.01205954353241038,1682718815_000561
1682718815,1682718815_000201,16,crop,180,0.4963694896842668,-0.021304061887985393,1682718815_000741
1682718815,1682718815_000205,16,crop,180,0.5023132513460059,-0.015993240226820808,1682718815_000725
1682718815,1682718815_000209,16,crop,180,0.47489810274583566,0.010928298040657494,1682718815_000301
1682718815,1682718815_000213,16,crop,180,0.4828736011188961,0.034334919155718034,1682718815_000641
1682718815,1682718815_000217,16,crop,180,0.49162934229438626,-0.007489217215745504,1682718815_000277
1682718815,1682718815_000221,16,crop,180,0.4799903538023582,0.018810728385215147,1682718815_000613
1682718815,1682718815_000225,16,crop,180,0.4638533730846759,-0.05585618748218122,1682718815_000717
1682718815,1682718815_000229,16,crop,180,0.49111623944740596,-0.05332054179504403,1682718815_000429
1682718815,1682718815_000233,16,crop,180,0.45246128627630905,-0.017986223910049188,1682718815_000665
1682718815,1682718815_000237,16,crop,180,0.515889328301771,0.029436807438233736,1682718815_000617
1682718815,1682718815_000241,16,crop,180,0.47990919408672167,0.011095376019087716,1682718815_000297
1682718815,1682718815_000245,16,crop,180,0.5685732646399916,0.015193741493934312,1682718815_000629
1682718815,1682718815_000249,16,crop,180,0.5028164700879555,0.0017652820489830235,1682718815_000401
1682718815,1682718815_000253,16,crop,180,0.40905601018952303,-0.07788486684618375,1682718815_000169
1682718815,1682718815_000257,16,crop,180,0.4876127193848729,0.036205404522865886,1682718815_000285
1682718815,1682718815_000261,16,crop,180,0.4879347060742421,-0.021167552423567517,1682718815_000337
1682718815,1682718815_000265,16,crop,180,0.4734289945866983,-0.06755753227753562,1682718815_000481
1682718815,1682718815_000269,16,crop,180,0.4736856274811794,0.06445641493082056,1682718815_000473
1682718815,1682718815_000273,16,crop,180,0.5162968558674427,-0.014797201350663194,1682718815_000313
1682718815,1682718815_000277,16,crop,180,0.4580414922684204,-0.0780691184614239,1682718815_000273
1682718815,1682718815_000281,16,crop,180,0.4469836069828729,-0.04416369512325428,1682718815_000417
1682718815,1682718815_000285,16,crop,180,0.48025458995752923,-0.06260449998935691,1682718815_000041
1682718815,1682718815_000289,16,crop,180,0.49743088239542743,0.030154703126504995,1682718815_000241
1682718815,1682718815_000293,16,crop,180,0.48531871411649713,0.04455741630650914,1682718815_000253
1682718815,1682718815_000297,16,crop,180,0.4855684833168195,-0.01647767085841469,1682718815_000281
1682718815,1682718815_000301,16,crop,180,0.5842995355882312,0.13578335236004016,1682718815_000589
1682718815,1682718815_000305,16,crop,180,0.506185316228708,0.04743877524403408,1682718815_000165
1682718815,1682718815_000309,16,crop,180,0.4635263083236129,-0.07307488824757823,1682718815_000005
1682718815,1682718815_000313,16,crop,180,0.4990773974180485,0.029242044142084016,1682718815_000757
1682718815,1682718815_000317,16,crop,180,0.5027430275438968,0.08607211481251548,1682718815_000089
1682718815,1682718815_000321,16,crop,180,0.5010495419563551,0.013138037368741593,1682718815_000009
1682718815,1682718815_000325,16,crop,180,0.4937227100202081,0.00995615551696858,1682718815_000721
1682718815,1682718815_000329,16,crop,180,0.5510738539611659,0.055195011369538166,1682718815_000441
1682718815,1682718815_000333,16,crop,180,0.5279059983984625,0.000871131383469656,1682718815_000061
1682718815,1682718815_000337,16,crop,180,0.5277927576067617,0.08337879824330614,1682718815_000049
1682718815,1682718815_000341,16,crop,180,0.4850098818042519,-0.005230292441267469,1682718815_000409
1682718815,1682718815_000345,16,crop,180,0.489635200078439,-0.017731433555720228,1682718815_000649
1682718815,1682718815_000349,16,crop,180,0.5126206888420878,0.03292085818790933,1682718815_000553
1682718815,1682718815_000353,16,crop,180,0.5055335440478147,0.006940773762929883,1682718815_000493
1682718815,1682718815_000357,16,crop,180,0.49369935063781795,0.08584833443434464,1682718815_000133
1682718815,1682718815_000361,16,crop,180,0.5206232469499731,0.01602282945085694,1682718815_000377
1682718815,1682718815_000365,16,crop,180,0.4623141169811906,-0.04649698079120945,1682718815_000013
1682718815,1682718815_000369,16,crop,180,0.5196136776450199,0.08993476416078626,1682718815_000093
1682718815,1682718815_000373,16,crop,180,0.42549591562343964,-0.0318680460482178,1682718815_000421
1682718815,1682718815_000377,16,crop,180,0.4654432666070781,0.07621414896933021,1682718815_000233
1682718815,1682718815_000381,16,crop,180,0.5109438078315356,0.0948816943695734,1682718815_000289
1682718815,1682718815_000385,16,crop,180,0.5087778921486631,-0.017408148127119882,1682718815_000621
1682718815,1682718815_000389,16,crop,180,0.49581763627601405,0.042435016591348275,1682718815_000345
1682718815,1682718815_000393,16,crop,180,0.49715704141081346,-0.0002942757409795267,1682718815_000513
1682718815,1682718815_000397,16,crop,180,0.45032788542117536,-0.10908944220062848,1682718815_000545
1682718815,1682718815_000401,16,crop,180,0.5078919623937982,-0.05239667318992889,1682718815_000317
1682718815,1682718815_000405,16,crop,180,0.5142869695430122,0.046119270627789054,1682718815_000497
1682718815,1682718815_000409,16,crop,180,0.5151611764965132,-0.03896361919468852,1682718815_000433
1682718815,1682718815_000413,16,crop,180,0.4960137635888939,-0.08703127583655819,1682718815_000225
1682718815,1682718815_000417,16,crop,180,0.5581982813163773,0.012096438050164924,1682718815_000681
1682718815,1682718815_000421,16,crop,180,0.5461882774141668,-0.01713445594667627,1682718815_000601
1682718815,1682718815_000425,16,crop,180,0.4536548206390099,-0.04078327264447063,1682718815_000669
1682718815,1682718815_000429,16,crop,180,0.5219723816456324,0.012230810136512352,1682718815_000425
1682718815,1682718815_000433,16,crop,180,0.5233797344281782,0.00899387747945716,1682718815_000657
1682718815,1682718815_000437,16,crop,180,0.473173726033286,-0.024357523202922657,1682718815_000585
1682718815,1682718815_000441,16,crop,180,0.49270760978324163,0.0626827156904563,1682718815_000365
1682718815,1682718815_000445,16,crop,180,0.4798966165684826,0.005779523497589871,1682718815_000633
1682718815,1682718815_000449,16,crop,180,0.4520063674635286,-0.0494497154553848,1682718815_000393
1682718815,1682718815_000453,16,crop,180,0.4640538938911596,-0.03341779465845609,1682718815_000305
1682718815,1682718815_000457,16,crop,180,0.5004540202480178,0.01573216293468345,1682718815_000025
1682718815,1682718815_000461,16,crop,180,0.4808589086992827,-0.0016963635184056045,1682718815_000637
1682718815,1682718815_000465,16,crop,180,0.4729382506076923,-0.07247365275948166,1682718815_000405
1682718815,1682718815_000469,16,crop,180,0.5519317518268804,0.12317910070118622,1682718815_000673
1682718815,1682718815_000473,16,crop,180,0.5099659582697625,0.07074855900771837,1682718815_000357
1682718815,1682718815_000477,16,crop,180,0.5192243929682304,0.06352991714477753,1682718815_000029
1682718815,1682718815_000481,16,crop,180,0.507989697659705,-0.0032220700067917586,1682718815_000329
1682718815,1682718815_000485,16,crop,180,0.5181240526866673,0.007224364131859426,1682718815_000209
1682718815,1682718815_000489,16,crop,180,0.50319470735043,0.1187584848291781,1682718815_000521
1682718815,1682718815_000493,16,crop,180,0.5265446315018042,0.005219343954583557,1682718815_000097
1682718815,1682718815_000497,16,crop,180,0.49197699881904594,-0.014195174860899468,1682718815_000309
1682718815,1682718815_000501,16,crop,180,0.4739509822999741,-0.022100974388213665,1682718815_000453
1682718815,1682718815_000505,16,crop,180,0.49644794471039866,-0.015150543311045742,1682718815_000173
1682718815,1682718815_000509,16,crop,180,0.47332095392330126,-0.04522811065094722,1682718815_000017
1682718815,1682718815_000513,16,crop,180,0.4912676604814627,0.04134597295790087,1682718815_000129
1682718815,1682718815_000517,16,crop,180,0.5166802644163723,-0.01098452209122954,1682718815_000777
1682718815,1682718815_000521,16,crop,180,0.565561703086202,-0.006692746620458191,1682718815_000021
1682718815,1682718815_000525,16,crop,180,0.5442738007858736,0.08570819599212544,1682718815_000325
1682718815,1682718815_000529,16,crop,180,0.5402597965516404,-0.029501949355554873,1682718815_000605
1682718815,1682718815_000533,16,crop,180,0.4718140875340769,-0.0418846078740592,1682718815_000121
1682718815,1682718815_000537,16,crop,180,0.49756307864665467,-0.05072809087505261,1682718815_000369
1682718815,1682718815_000541,16,crop,180,0.5108994658690579,-0.014894044571012233,1682718815_000653
1682718815,1682718815_000545,16,crop,180,0.5206162940165765,0.03325846007922955,1682718815_000385
1682718815,1682718815_000549,16,crop,180,0.5208720352708008,0.02785506939563587,1682718815_000609
1682718815,1682718815_000553,16,crop,180,0.49813690990308485,-0.008372564805473881,1682718815_000461
1682718815,1682718815_000557,16,crop,180,0.49368966099018,-0.043087514947895096,1682718815_000361
1682718815,1682718815_000561,16,crop,180,0.4988503999287464,0.024966267862127366,1682718815_000437
1682718815,1682718815_000565,16,crop,180,0.43503855844460393,-0.06027268722779395,1682718815_000105
1682718815,1682718815_000569,16,crop,180,0.5265434404899266,0.09031359778661847,1682718815_000729
1682718815,1682718815_000573,16,crop,180,0.46637851351491005,-0.010492082456294191,1682718815_000001
1682718815,1682718815_000577,16,crop,180,0.5061182781663005,0.011358927403195294,1682718815_000349
1682718815,1682718815_000581,16,crop,180,0.5115437752332028,-0.03467187796611984,1682718815_000693
1682718815,1682718815_000585,16,crop,180,0.5586121475354012,0.09354182653373862,1682718815_000733
1682718815,1682718815_000589,16,crop,180,0.5326259220830253,0.054405089690505115,1682718815_000557
1682718815,1682718815_000593,16,crop,180,0.49613848208166306,-0.06345354619762988,1682718815_000057
1682718815,1682718815_000597,16,crop,180,0.5272479691182602,-0.057570192780849155,1682718815_000765
1682718815,1682718815_000601,16,crop,180,0.5265429301741337,0.06023827215747462,1682718815_000485
1682718815,1682718815_000605,16,crop,180,0.5249328366593505,0.06727749013752167,1682718815_000137
1682718815,1682718815_000609,16,crop,180,0.5132427185778471,0.09576744522661501,1682718815_000341
1682718815,1682718815_000613,16,crop,180,0.49307190874640416,-0.04632288154392881,1682718815_000161
1682718815,1682718815_000617,16,crop,180,0.5022223574382522,-0.016862407217602574,1682718815_000773
1682718815,1682718815_000621,16,crop,180,0.472413091563876,0.09708332688405902,1682718815_000469
1682718815,1682718815_000625,16,crop,180,0.49526817570065246,0.03703763967867621,1682718815_000245
1682718815,1682718815_000629,16,crop,180,0.4976986903244904,0.01158322630986082,1682718815_000625
1682718815,1682718815_000633,16,crop,180,0.5222337733135602,0.042829649614721355,1682718815_000689
1682718815,1682718815_000637,16,crop,180,0.45503405740750574,0.028903277432457773,1682718815_000197
1682718815,1682718815_000641,16,crop,180,0.503695434002348,-0.07020468618283164,1682718815_000073
1682718815,1682718815_000645,16,crop,180,0.48672015353694364,-0.08114116519225538,1682718815_000321
1682718815,1682718815_000649,16,crop,180,0.4846815712897918,0.044180357591033635,1682718815_000033
1682718815,1682718815_000653,16,crop,180,0.48474193650321923,-0.008874283065713104,1682718815_000525
1682718815,1682718815_000657,16,crop,180,0.5268984555149807,0.06840904916741057,1682718815_000181
1682718815,1682718815_000661,16,crop,180,0.5084341909887196,-0.0571685163579738,1682718815_000737
1682718815,1682718815_000665,16,crop,180,0.5227105202396922,0.028035858756494406,1682718815_000753
1682718815,1682718815_000669,16,crop,180,0.5314947925945214,0.03269865130388379,1682718815_000037
1682718815,1682718815_000673,16,crop,180,0.5506289937741536,0.10270798879372356,1682718815_000685
1682718815,1682718815_000677,16,crop,180,0.5057137578576616,0.06571737602958974,1682718815_000565
1682718815,1682718815_000681,16,crop,180,0.5632259512882309,0.05810008800560781,1682718815_000457
1682718815,1682718815_000685,16,crop,180,0.5385747007072871,0.014707629034787726,1682718815_000157
1682718815,1682718815_000689,16,crop,180,0.5106113827754021,0.002929753464205607,1682718815_000465
1682718815,1682718815_000693,16,crop,180,0.518080617769618,0.012298031608149962,1682718815_000529
1682718815,1682718815_000697,16,crop,180,0.5149714202226853,0.017132150763123355,1682718815_000709
1682718815,1682718815_000701,16,crop,180,0.5076612104739571,0.025777335268010695,1682718815_000257
1682718815,1682718815_000705,16,crop,180,0.456733779811215,-0.009587200102450039,1682718815_000333
1682718815,1682718815_000709,16,crop,180,0.5258359095289372,0.03125392264875394,1682718815_000265
1682718815,1682718815_000713,16,crop,180,0.5468194850810909,0.0430079626297858,1682718815_000205
1682718815,1682718815_000717,16,crop,180,0.5400789418920224,0.04105917307705976,1682718815_000269
1682718815,1682718815_000721,16,crop,180,0.5530714443030932,0.01612906397690644,1682718815_000177
1682718815,1682718815_000725,16,crop,180,0.5126726257425213,0.042874530549695256,1682718815_000573
1682718815,1682718815_000729,16,crop,180,0.4975023032845394,-0.06081737196361265,1682718815_000081
1682718815,1682718815_000733,16,crop,180,0.5499696930252215,-0.010479549713420086,1682718815_000085
1682718815,1682718815_000737,16,crop,180,0.5419645342811189,0.040688979809338506,1682718815_000597
1682718815,1682718815_000741,16,crop,180,0.49598333576397885,-0.0417255467183733,1682718815_000353
1682718815,1682718815_000745,16,crop,180,0.47524562762586964,-0.02885892505023212,1682718815_000185
1682718815,1682718815_000749,16,crop,180,0.4736133825297996,0.007213082979204269,1682718815_000397
1682718815,1682718815_000753,16,crop,180,0.3878214817787636,-0.003347070655006288,1682718815_000645
1682718815,1682718815_000757,16,crop,180,0.45036423671046516,-0.016590112785759465,1682718815_000713
1682718815,1682718815_000761,16,crop,180,0.49136775505173724,0.01234685471268368,1682718815_000705
1682718815,1682718815_000765,16,crop,180,0.5006581791575836,0.054787444023695175,1682718815_000569
1682718815,1682718815_000769,16,crop,180,0.5030296968559793,-0.016963009512152714,1682718815_000045
1682718815,1682718815_000773,16,crop,180,0.5038548955488635,-0.011632631271864145,1682718815_000533
1682718815,1682718815_000777,16,crop,180,0.4940451315882195,0.023084288362135618,1682718815_000745
1680410249,1680410249_000000,16,crop_bgr,180,0.13211468058854864,-0.031163262711352068,1680410249_000005
1680410249,1680410249_000001,16,crop_bgr,180,0.0873243001298963,-0.014502055355103419,1680410249_000005
1680410249,1680410249_000002,16,crop_bgr,180,0.06891459126999334,-0.053278656218165986,1680410249_000004
1680410249,1680410249_000003,16,crop_bgr,180,0.13737412091764958,0.054309086367258286,1680410249_000001
1680410249,1680410249_000004,16,crop_bgr,180,0.11336879051738634,-0.030600203310757423,1680410249_000008
1680410249,1680410249_000005,16,crop_bgr,180,0.10162214871668668,-0.08046748360806207,1680410249_000007
1680410249,1680410249_000006,16,crop_bgr,180,0.24298884994645767,0.08377132258321107,1680410249_000009
1680410249,1680410249_000007,16,crop_bgr,180,0.19842842286806864,0.051517848655674,1680410249_000009
1680410249,1680410249_000008,16,crop_bgr,180,0.07626695706805027,0.053182571525499545,1680410249_000002
1680410249,1680410249_000009,16,crop_bgr,180,0.11217988141904767,0.0006008297739677713,1680410249_000003
1680410569,1680410569_000000,16,crop_bgr,180,0.20064972770356204,0.06646387413483758,1680410569_000009
1680410569,1680410569_000001,16,crop_bgr,180,0.19182822626016552,0.04234317935040834,1680410569_000004
1680410569,1680410569_000002,16,crop_bgr,180,0.08748674437266347,-0.0018351368321847898,1680410569_000007
1680410569,1680410569_000003,16,crop_bgr,180,0.04886477455334045,-0.016860081430325673,1680410569_000008
1680410569,1680410569_000004,16,crop_bgr,180,0.1654954807117008,0.023651625707005835,1680410569_000002
1680410569,1680410569_000005,16,crop_bgr,180,0.12592297652088977,0.032294391488662824,1680410569_000006
1680410569,1680410569_000006,16,crop_bgr,180,0.09584004381061312,0.005719525891045639,1680410569_000003
1680410569,1680410569_000007,16,crop_bgr,180,0.07408609073173919,-0.04559853090027991,1680410569_000005
1680410569,1680410569_000008,16,crop_bgr,180,0.06679670607731546,-0.026927392061855498,1680410569_000000
1680410569,1680410569_000009,16,crop_bgr,180,0.06362444687106318,-0.0324099246223881,1680410569_000001
1680412337,1680412337_000000,16,crop_bgr,180,0.11693333342755807,-0.06497446502415756,1680412337_000456
1680412337,1680412337_000012,16,crop_bgr,180,0.17778844043233333,-0.029086003474540722,1680412337_000604
1680412337,1680412337_000025,16,crop_bgr,180,0.20329181482494044,-0.04868174910206181,1680412337_000616
1680412337,1680412337_000037,16,crop_bgr,180,0.10100587322716888,0.015191854329404862,1680412337_000641
1680412337,1680412337_000049,16,crop_bgr,180,0.15744628006152142,0.04286717639960095,1680412337_000591
1680412337,1680412337_000062,16,crop_bgr,180,0.18670749133554376,0.008766411308029501,1680412337_000111
1680412337,1680412337_000074,16,crop_bgr,180,0.1527766706889564,-0.012189679214513444,1680412337_000382
1680412337,1680412337_000086,16,crop_bgr,180,0.12904285001628263,-0.012362258938820004,1680412337_000542
1680412337,1680412337_000099,16,crop_bgr,180,0.18820190875867146,-0.02723738020199844,1680412337_000517
1680412337,1680412337_000111,16,crop_bgr,180,0.17605870384600833,-0.020334979910307634,1680412337_000074
1680412337,1680412337_000123,16,crop_bgr,180,0.08258938810129386,-0.013205740815337994,1680412337_000530
1680412337,1680412337_000135,16,crop_bgr,180,0.2293094660264602,0.07216092300462414,1680412337_000443
1680412337,1680412337_000148,16,crop_bgr,180,0.07890825161279695,0.0015899788376751154,1680412337_000357
1680412337,1680412337_000160,16,crop_bgr,180,0.09904707319134187,-0.019580595302345512,1680412337_000677
1680412337,1680412337_000172,16,crop_bgr,180,0.14000247886000858,-0.08667517646898233,1680412337_000714
1680412337,1680412337_000185,16,crop_bgr,180,0.21022453886060247,0.03192429971894018,1680412337_000727
1680412337,1680412337_000197,16,crop_bgr,180,0.10905115152275302,0.008252393940740363,1680412337_000406
1680412337,1680412337_000209,16,crop_bgr,180,0.13686258689267702,0.09106430588457877,1680412337_000480
1680412337,1680412337_000222,16,crop_bgr,180,0.10328190739093683,0.12197765827519357,1680412337_000086
1680412337,1680412337_000234,16,crop_bgr,180,0.10466929290709616,-0.019085851032087382,1680412337_000333
1680412337,1680412337_000246,16,crop_bgr,180,0.07962972416690686,-0.06314749850726714,1680412337_000764
1680412337,1680412337_000259,16,crop_bgr,180,0.20569723613221658,0.03035185414651036,1680412337_000320
1680412337,1680412337_000271,16,crop_bgr,180,0.11968406714561848,0.03098141266686777,1680412337_000493
1680412337,1680412337_000283,16,crop_bgr,180,0.25940300942955496,0.02259107860323727,1680412337_000000
1680412337,1680412337_000296,16,crop_bgr,180,0.018018613363054475,-0.022880175430682475,1680412337_000135
1680412337,1680412337_000308,16,crop_bgr,180,0.20964042812174932,0.06604560141981704,1680412337_000049
1680412337,1680412337_000320,16,crop_bgr,180,0.15391317641334054,-0.007535045555277416,1680412337_000505
1680412337,1680412337_000333,16,crop_bgr,180,0.1752175369334121,-0.015540363166901537,1680412337_000283
1680412337,1680412337_000345,16,crop_bgr,180,0.12087665933837337,-0.03666525358524437,1680412337_000394
1680412337,1680412337_000357,16,crop_bgr,180,0.07328954972909793,-0.013527695854867253,1680412337_000209
1680412337,1680412337_000370,16,crop_bgr,180,0.08521120064338783,0.01765239809533321,1680412337_000567
1680412337,1680412337_000382,16,crop_bgr,180,0.14923150925543846,-0.0637176876353821,1680412337_000431
1680412337,1680412337_000394,16,crop_bgr,180,0.16273496300845966,-0.035427299775685345,1680412337_000012
1680412337,1680412337_000406,16,crop_bgr,180,0.2056434109743143,0.028263201753837914,1680412337_000234
1680412337,1680412337_000419,16,crop_bgr,180,0.08537071223655264,-0.017472483279744194,1680412337_000123
1680412337,1680412337_000431,16,crop_bgr,180,0.08233052004242689,0.06762523108763303,1680412337_000271
1680412337,1680412337_000443,16,crop_bgr,180,0.17523635524088865,-0.033229654838493626,1680412337_000653
1680412337,1680412337_000456,16,crop_bgr,180,0.15986706404463755,-0.007714604360146385,1680412337_000172
1680412337,1680412337_000468,16,crop_bgr,180,0.0798902042238407,-0.11126710055212692,1680412337_000345
1680412337,1680412337_000480,16,crop_bgr,180,0.07035526142005416,-0.07125094817957409,1680412337_000259
1680412337,1680412337_000493,16,crop_bgr,180,0.12089364485380154,-0.02841724221530455,1680412337_000185
1680412337,1680412337_000505,16,crop_bgr,180,0.18545040767472978,0.04603069987522379,1680412337_000739
1680412337,1680412337_000517,16,crop_bgr,180,0.15266997246905167,-0.008879812707733347,1680412337_000025
1680412337,1680412337_000530,16,crop_bgr,180,0.1504460567971555,0.06492377782469423,1680412337_000160
1680412337,1680412337_000542,16,crop_bgr,180,0.06727457259296682,0.08575853581416755,1680412337_000037
1680412337,1680412337_000554,16,crop_bgr,180,0.06494457849920711,-0.03280844014057253,1680412337_000296
1680412337,1680412337_000567,16,crop_bgr,180,0.20064721156049556,0.04731014883269934,1680412337_000222
1680412337,1680412337_000579,16,crop_bgr,180,0.05925304834260603,-0.01590729216104742,1680412337_000702
1680412337,1680412337_000591,16,crop_bgr,180,0.14438012051892965,-0.014245273246869986,1680412337_000148
1680412337,1680412337_000604,16,crop_bgr,180,0.21794510548196352,0.03723727765041862,1680412337_000690
1680412337,1680412337_000616,16,crop_bgr,180,0.21866389592496038,0.020947063580845613,1680412337_000308
1680412337,1680412337_000628,16,crop_bgr,180,0.02834502039516934,-0.07504427916890383,1680412337_000468
1680412337,1680412337_000641,16,crop_bgr,180,0.08118047939306827,0.006777888593411783,1680412337_000099
1680412337,1680412337_000653,16,crop_bgr,180,0.1550480698934305,-0.028374469692924908,1680412337_000197
1680412337,1680412337_000665,16,crop_bgr,180,0.13719642426638692,-0.06609658051574459,1680412337_000062
1680412337,1680412337_000677,16,crop_bgr,180,0.20485641433938695,0.06226077852626286,1680412337_000665
1680412337,1680412337_000690,16,crop_bgr,180,0.09663093489179582,-0.056113100351966566,1680412337_000554
1680412337,1680412337_000702,16,crop_bgr,180,0.08250960513851854,-0.06048181641278504,1680412337_000246
1680412337,1680412337_000714,16,crop_bgr,180,0.08370441502729024,0.010021358797781465,1680412337_000419
1680412337,1680412337_000727,16,crop_bgr,180,0.1100544030976786,0.02637232533139683,1680412337_000370
1680412337,1680412337_000739,16,crop_bgr,180,0.17010149090804697,-0.026357048444187656,1680412337_000579
1680412337,1680412337_000751,16,crop_bgr,180,0.1356940323688621,0.01592309973939647,1680412337_000628
1680412337,1680412337_000764,16,crop_bgr,180,0.18271547917780243,-0.020900987138885815,1680412337_000628
1680412337,1680412337_000776,16,crop_bgr,180,0.06256471913574455,0.020420400126466676,1680412337_000456
1681945334,1681945334_000000,16,crop_bgr,180,0.059862843813794094,-0.05300606609985973,1681945334_000542
1681945334,1681945334_000012,16,crop_bgr,180,0.18565622601629037,0.018609736749621384,1681945334_000776
1681945334,1681945334_000025,16,crop_bgr,180,0.2111596464945333,0.07401184117328712,1681945334_000222
1681945334,1681945334_000037,16,crop_bgr,180,0.17424426314022137,-0.000573142391348235,1681945334_000468
1681945334,1681945334_000049,16,crop_bgr,180,0.12080149171594164,-0.010427631810711128,1681945334_000246
1681945334,1681945334_000062,16,crop_bgr,180,0.13590737492973898,0.03843743509797229,1681945334_000751
1681945334,1681945334_000074,16,crop_bgr,180,0.18714257153462932,0.004218687077027314,1681945334_000480
1681945334,1681945334_000086,16,crop_bgr,180,0.20172126694863343,0.009007416079132366,1681945334_000604
1681945334,1681945334_000099,16,crop_bgr,180,0.07664192271319287,-0.0004970985771731625,1681945334_000456
1681945334,1681945334_000111,16,crop_bgr,180,0.11612605917060304,0.022925373818332793,1681945334_000505
1681945334,1681945334_000123,16,crop_bgr,180,0.11877495549248662,-0.01308914068926352,1681945334_000074
1681945334,1681945334_000135,16,crop_bgr,180,0.12367424639762775,-0.04679460568247279,1681945334_000406
1681945334,1681945334_000148,16,crop_bgr,180,0.16078591090790204,0.0038556265403519746,1681945334_000271
1681945334,1681945334_000160,16,crop_bgr,180,0.13099238047671247,0.042101685264210605,1681945334_000271
1681945334,1681945334_000172,16,crop_bgr,180,0.16170341395300908,-0.03810351864748996,1681945334_000677
1681945334,1681945334_000185,16,crop_bgr,180,0.034903711152301155,-0.0514462965913137,1681945334_000382
1681945334,1681945334_000197,16,crop_bgr,180,0.1029698185398397,-0.05340244946707285,1681945334_000049
1681945334,1681945334_000209,16,crop_bgr,180,0.087161122311413,0.005919145130640374,1681945334_000172
1681945334,1681945334_000222,16,crop_bgr,180,0.2020674250968837,0.018898974294831276,1681945334_000037
1681945334,1681945334_000234,16,crop_bgr,180,0.12917077517463146,0.01638826210195103,1681945334_000160
1681945334,1681945334_000246,16,crop_bgr,180,0.10754657094765814,-0.07788844564001059,1681945334_000160
1681945334,1681945334_000259,16,crop_bgr,180,0.16524274304766765,0.0447475809397612,1681945334_000641
1681945334,1681945334_000271,16,crop_bgr,180,0.21807848192056076,0.012452755867869461,1681945334_000333
1681945334,1681945334_000283,16,crop_bgr,180,0.1727630405243914,0.05259153101989311,1681945334_000209
1681945334,1681945334_000296,16,crop_bgr,180,0.16562152669345606,0.10938651384238889,1681945334_000431
1681945334,1681945334_000308,16,crop_bgr,180,0.12885367880749676,-0.05652373320718881,1681945334_000591
1681945334,1681945334_000320,16,crop_bgr,180,0.1584413933657444,0.04379898605583978,1681945334_000283
1681945334,1681945334_000333,16,crop_bgr,180,0.18348451000322294,-0.00431084866268476,1681945334_000764
1681945334,1681945334_000345,16,crop_bgr,180,0.17922887386680267,0.027490599390438925,1681945334_000308
1681945334,1681945334_000357,16,crop_bgr,180,0.11733395338925806,-0.059827460030397905,1681945334_000308
1681945334,1681945334_000370,16,crop_bgr,180,0.13912626746000165,-0.06300134949463458,1681945334_000012
1681945334,1681945334_000382,16,crop_bgr,180,0.04747850206057381,-0.00468439540101926,1681945334_000012
1681945334,1681945334_000394,16,crop_bgr,180,0.19293407773352658,0.03239579607286066,1681945334_000653
1681945334,1681945334_000406,16,crop_bgr,180,0.08403740053391869,-0.07853676435120485,1681945334_000135
1681945334,1681945334_000419,16,crop_bgr,180,0.1629907562274443,0.07238207716853422,1681945334_000185
1681945334,1681945334_000431,16,crop_bgr,180,0.18407643958832423,0.053629891236323925,1681945334_000259
1681945334,1681945334_000443,16,crop_bgr,180,0.044509989416147526,-0.12319798689073297,1681945334_000062
1681945334,1681945334_000456,16,crop_bgr,180,-0.0035877534948152343,-0.06507115801315795,1681945334_000111
1681945334,1681945334_000468,16,crop_bgr,180,0.27252170338331444,0.03842540740494706,1681945334_000493
1681945334,1681945334_000480,16,crop_bgr,180,0.09006289137680384,0.02482709299990583,1681945334_000099
1681945334,1681945334_000493,16,crop_bgr,180,0.1791267912137073,0.023012730873030626,1681945334_000394
1681945334,1681945334_000505,16,crop_bgr,180,0.11796790454362106,0.06309764972843147,1681945334_000702
1681945334,1681945334_000517,16,crop_bgr,180,0.16231331364432552,0.05619682043250646,1681945334_000123
1681945334,1681945334_000530,16,crop_bgr,180,0.02909343158849854,-0.05459208866571793,1681945334_000714
1681945334,1681945334_000542,16,crop_bgr,180,0.1487547053563384,0.05397048502602756,1681945334_000690
1681945334,1681945334_000554,16,crop_bgr,180,0.13743317590821794,0.01890663545111344,1681945334_000086
1681945334,1681945334_000567,16,crop_bgr,180,0.13351574557448775,-0.0979645936450203,1681945334_000443
1681945334,1681945334_000579,16,crop_bgr,180,0.14366980818646027,-0.06847494213634904,1681945334_000025
1681945334,1681945334_000591,16,crop_bgr,180,0.22498668037511294,-0.028640311744252845,1681945334_000357
1681945334,1681945334_000604,16,crop_bgr,180,0.0980489845177313,-0.05357904989901293,1681945334_000554
1681945334,1681945334_000616,16,crop_bgr,180,0.13045849513448635,0.012905632734353412,1681945334_000530
1681945334,1681945334_000628,16,crop_bgr,180,0.07044857561086394,-0.12622768909447463,1681945334_000739
1681945334,1681945334_000641,16,crop_bgr,180,0.2117239127016082,0.10600244640194363,1681945334_000628
1681945334,1681945334_000653,16,crop_bgr,180,0.11244002038923111,0.002454935892415818,1681945334_000665
1681945334,1681945334_000665,16,crop_bgr,180,0.13769542263676696,0.042633839906198435,1681945334_000419
1681945334,1681945334_000677,16,crop_bgr,180,0.15614520114057429,0.023776325831524184,1681945334_000197
1681945334,1681945334_000690,16,crop_bgr,180,0.15428307233749314,0.09203528663235688,1681945334_000727
1681945334,1681945334_000702,16,crop_bgr,180,0.15257891092214795,0.027838488060574207,1681945334_000000
1681945334,1681945334_000714,16,crop_bgr,180,0.1145649593143208,-0.024458777637559975,1681945334_000296
1681945334,1681945334_000727,16,crop_bgr,180,0.11580731417995878,0.03268606593982413,1681945334_000320
1681945334,1681945334_000739,16,crop_bgr,180,0.20523191703928012,0.029938803604037844,1681945334_000579
1681945334,1681945334_000751,16,crop_bgr,180,0.14392983335108248,-0.11284335438731287,1681945334_000616
1681945334,1681945334_000764,16,crop_bgr,180,0.09302960390199021,-0.014329494420538007,1681945334_000567
1681945334,1681945334_000776,16,crop_bgr,180,0.11612127587302716,-0.019037981357149913,1681945334_000517
1682013847,1682013847_000000,16,crop_bgr,180,0.18172039236176082,-0.08709205537152258,1682013847_000115
1682013847,1682013847_000002,16,crop_bgr,180,0.08385452038011575,-0.01587462956661387,1682013847_000032
1682013847,1682013847_000005,16,crop_bgr,180,0.09849352699105844,-0.06177262951797476,1682013847_000140
1682013847,1682013847_000007,16,crop_bgr,180,0.14107118751245576,0.010049483212726617,1682013847_000010
1682013847,1682013847_000010,16,crop_bgr,180,0.10822967677656337,-0.04995233202355928,1682013847_000132
1682013847,1682013847_000012,16,crop_bgr,180,0.05375322692787493,-0.09002964437875312,1682013847_000035
1682013847,1682013847_000015,16,crop_bgr,180,0.21548321260573458,-0.02921046207248475,1682013847_000097
1682013847,1682013847_000017,16,crop_bgr,180,0.16026351712297746,0.008278931130969372,1682013847_000027
1682013847,1682013847_000020,16,crop_bgr,180,0.11372052179238605,-0.01664174330279865,1682013847_000080
1682013847,1682013847_000022,16,crop_bgr,180,0.1282945240120055,-0.042989594256029946,1682013847_000012
1682013847,1682013847_000025,16,crop_bgr,180,0.1736055686169372,0.09657265924496895,1682013847_000070
1682013847,1682013847_000027,16,crop_bgr,180,0.15269383220637933,0.0006099288379707614,1682013847_000037
1682013847,1682013847_000030,16,crop_bgr,180,0.08057092827517742,-0.050733241723878386,1682013847_000095
1682013847,1682013847_000032,16,crop_bgr,180,0.08969195583122326,-0.04743756426416131,1682013847_000065
1682013847,1682013847_000035,16,crop_bgr,180,0.1416243236963176,0.03740775883066655,1682013847_000130
1682013847,1682013847_000037,16,crop_bgr,180,0.23967288172802906,0.031032395793259462,1682013847_000050
1682013847,1682013847_000040,16,crop_bgr,180,0.15745993283270396,0.0014311428305354562,1682013847_000110
1682013847,1682013847_000042,16,crop_bgr,180,0.1275542116831822,0.027337718678651295,1682013847_000057
1682013847,1682013847_000045,16,crop_bgr,180,0.19654465520439948,0.045995822609957736,1682013847_000020
1682013847,1682013847_000047,16,crop_bgr,180,0.19793207591881115,-0.03239689021050668,1682013847_000030
1682013847,1682013847_000050,16,crop_bgr,180,0.15180458596836433,0.048276181828320996,1682013847_000155
1682013847,1682013847_000052,16,crop_bgr,180,0.1396699022753383,-0.039741113389823085,1682013847_000067
1682013847,1682013847_000055,16,crop_bgr,180,0.12582422611142038,0.07055591634300896,1682013847_000157
1682013847,1682013847_000057,16,crop_bgr,180,0.07970424848613646,-0.00597773424871167,1682013847_000015
1682013847,1682013847_000060,16,crop_bgr,180,0.12491631512833583,0.041750341535574644,1682013847_000102
1682013847,1682013847_000062,16,crop_bgr,180,0.19996098660060832,0.000971056150321265,1682013847_000022
1682013847,1682013847_000065,16,crop_bgr,180,0.10156579443696301,-0.06406544230929719,1682013847_000060
1682013847,1682013847_000067,16,crop_bgr,180,0.20263940645969536,0.024142971750928516,1682013847_000092
1682013847,1682013847_000070,16,crop_bgr,180,0.15276997208351314,-0.1007147610584212,1682013847_000125
1682013847,1682013847_000072,16,crop_bgr,180,0.2112009778966084,-0.03936745689227956,1682013847_000150
1682013847,1682013847_000075,16,crop_bgr,180,0.18292660144802975,0.028024088622402438,1682013847_000145
1682013847,1682013847_000077,16,crop_bgr,180,0.14299679588136738,-0.04235046547919404,1682013847_000107
1682013847,1682013847_000080,16,crop_bgr,180,0.1622002251826493,-0.01441548780258483,1682013847_000105
1682013847,1682013847_000082,16,crop_bgr,180,0.21131768045521274,0.08318629834330514,1682013847_000142
1682013847,1682013847_000085,16,crop_bgr,180,0.1098636355062178,0.04074051334417695,1682013847_000002
1682013847,1682013847_000087,16,crop_bgr,180,0.05269854715309379,0.019242490959130745,1682013847_000007
1682013847,1682013847_000090,16,crop_bgr,180,0.1452026222309355,-0.04126343599277433,1682013847_000137
1682013847,1682013847_000092,16,crop_bgr,180,0.12320436031311328,-0.03461534841247566,1682013847_000055
1682013847,1682013847_000095,16,crop_bgr,180,0.15326809362064023,0.026591102475149776,1682013847_000100
1682013847,1682013847_000097,16,crop_bgr,180,0.14930464655385545,-0.06983917944451874,1682013847_000017
1682013847,1682013847_000100,16,crop_bgr,180,0.1761694422167157,0.07407812363353179,1682013847_000135
1682013847,1682013847_000102,16,crop_bgr,180,0.08958289952321567,-0.03622155967125278,1682013847_000072
1682013847,1682013847_000105,16,crop_bgr,180,0.2071006677586512,-0.07643407184287075,1682013847_000152
1682013847,1682013847_000107,16,crop_bgr,180,0.03964539787599111,-0.06395113532630914,1682013847_000040
1682013847,1682013847_000110,16,crop_bgr,180,0.23466465216539742,0.10829257065178387,1682013847_000122
1682013847,1682013847_000112,16,crop_bgr,180,0.19235125270527623,-0.0007288574783913421,1682013847_000090
1682013847,1682013847_000115,16,crop_bgr,180,0.10554862766787985,0.06954886932783895,1682013847_000085
1682013847,1682013847_000117,16,crop_bgr,180,0.11945657858924767,-0.00619267914114614,1682013847_000005
1682013847,1682013847_000120,16,crop_bgr,180,0.09276198081851857,0.02834974869897729,1682013847_000075
1682013847,1682013847_000122,16,crop_bgr,180,0.19836282699903798,0.01317230043520839,1682013847_000087
1682013847,1682013847_000125,16,crop_bgr,180,0.13434249585948013,0.0018209973051219418,1682013847_000045
1682013847,1682013847_000127,16,crop_bgr,180,0.13383622035773043,0.00010032978147865579,1682013847_000082
1682013847,1682013847_000130,16,crop_bgr,180,0.09205772788501587,-0.016850549634330046,1682013847_000047
1682013847,1682013847_000132,16,crop_bgr,180,0.1447472970759364,-0.020477397656194992,1682013847_000000
1682013847,1682013847_000135,16,crop_bgr,180,0.12622671325582893,-0.1160099293059551,1682013847_000147
1682013847,1682013847_000137,16,crop_bgr,180,0.13889157978501063,-0.005057536162732258,1682013847_000077
1682013847,1682013847_000140,16,crop_bgr,180,0.18390319397915192,0.010999379126661685,1682013847_000127
1682013847,1682013847_000142,16,crop_bgr,180,0.18201490827553515,0.036567477826050035,1682013847_000042
1682013847,1682013847_000145,16,crop_bgr,180,0.21422763005475184,-0.020704048459298328,1682013847_000052
1682013847,1682013847_000147,16,crop_bgr,180,0.1766834968562664,-0.0008689788553657372,1682013847_000062
1682013847,1682013847_000150,16,crop_bgr,180,0.14273723641160593,-0.11059237353747971,1682013847_000120
1682013847,1682013847_000152,16,crop_bgr,180,-0.006505273107795834,-0.0542646669751022,1682013847_000117
1682013847,1682013847_000155,16,crop_bgr,180,0.05734770033189163,-0.05781195844180493,1682013847_000025
1682013847,1682013847_000157,16,crop_bgr,180,0.1624401271680633,-0.011079713103651129,1682013847_000112
1682014432,1682014432_000000,16,crop_bgr,180,0.17584638103800765,0.06366242595057359,1682014432_000104
1682014432,1682014432_000001,16,crop_bgr,180,0.11624223606234801,0.006050381378514938,1682014432_000011
1682014432,1682014432_000002,16,crop_bgr,180,0.11525527342286375,-0.042441876548740716,1682014432_000030
1682014432,1682014432_000003,16,crop_bgr,180,0.16823713387909742,0.09870176748802144,1682014432_000028
1682014432,1682014432_000004,16,crop_bgr,180,0.07264058976833844,-0.028841069014999415,1682014432_000098
1682014432,1682014432_000005,16,crop_bgr,180,0.10411382619067548,-0.02805609582548255,1682014432_000052
1682014432,1682014432_000006,16,crop_bgr,180,0.12765319683868545,0.00840127905935933,1682014432_000017
1682014432,1682014432_000007,16,crop_bgr,180,0.20546635412627756,0.10427303908610142,1682014432_000111
1682014432,1682014432_000008,16,crop_bgr,180,0.21206526447196414,0.11454026275978739,1682014432_000004
1682014432,1682014432_000009,16,crop_bgr,180,0.164999291853861,-0.04134648427991117,1682014432_000089
1682014432,1682014432_000010,16,crop_bgr,180,0.20399787774138875,0.02642530871951322,1682014432_000006
1682014432,1682014432_000011,16,crop_bgr,180,0.08938913245767606,-0.02966246518093153,1682014432_000108
1682014432,1682014432_000012,16,crop_bgr,180,0.20164733188228998,0.07185815115380462,1682014432_000077
1682014432,1682014432_000013,16,crop_bgr,180,0.11238896947909223,0.022018695390507995,1682014432_000062
1682014432,1682014432_000014,16,crop_bgr,180,0.12925034642556293,-1.7927192147257354e-05,1682014432_000015
1682014432,1682014432_000015,16,crop_bgr,180,0.16501538502422,-0.038676204632970626,1682014432_000003
1682014432,1682014432_000016,16,crop_bgr,180,0.0645055624981211,-0.0007729274895616223,1682014432_000095
1682014432,1682014432_000017,16,crop_bgr,180,0.19084399149799167,0.06939121526705073,1682014432_000019
1682014432,1682014432_000018,16,crop_bgr,180,0.20721403188204393,0.07175065397253842,1682014432_000025
1682014432,1682014432_000019,16,crop_bgr,180,0.11036108755155587,-0.045624550440902495,1682014432_000038
1682014432,1682014432_000020,16,crop_bgr,180,0.16277289256216862,0.02057774167269321,1682014432_000107
1682014432,1682014432_000021,16,crop_bgr,180,0.16999117408487885,-0.011539602418230205,1682014432_000094
1682014432,1682014432_000022,16,crop_bgr,180,0.1816736344492639,0.04443779581547708,1682014432_000013
1682014432,1682014432_000023,16,crop_bgr,180,0.20474727378023536,0.06214481365134328,1682014432_000097
1682014432,1682014432_000024,16,crop_bgr,180,0.14948706869544717,-0.04988347418727578,1682014432_000087
1682014432,1682014432_000025,16,crop_bgr,180,0.2003894869511584,0.05340174856976484,1682014432_000058
1682014432,1682014432_000026,16,crop_bgr,180,0.2155458041960218,0.0027934618238982987,1682014432_000099
1682014432,1682014432_000027,16,crop_bgr,180,0.12719146341610837,0.03342139061508275,1682014432_000007
1682014432,1682014432_000028,16,crop_bgr,180,0.1674528784669582,0.017669619393918812,1682014432_000053
1682014432,1682014432_000029,16,crop_bgr,180,0.1373347412859169,0.03214042080017596,1682014432_000047
1682014432,1682014432_000030,16,crop_bgr,180,0.12724688274286422,0.013503425045803291,1682014432_000071
1682014432,1682014432_000031,16,crop_bgr,180,0.248753781558286,0.1104506400260617,1682014432_000081
1682014432,1682014432_000032,16,crop_bgr,180,0.19250644390941263,0.09595691756922846,1682014432_000081
1682014432,1682014432_000033,16,crop_bgr,180,0.17260013036431113,0.08359402176597741,1682014432_000091
1682014432,1682014432_000034,16,crop_bgr,180,0.2238964680452167,0.03145173731829971,1682014432_000010
1682014432,1682014432_000035,16,crop_bgr,180,0.05056525258989784,-0.009898578628728588,1682014432_000103
1682014432,1682014432_000036,16,crop_bgr,180,0.18241849575523494,0.032850602124325994,1682014432_000060
1682014432,1682014432_000037,16,crop_bgr,180,0.1599825553566733,-0.06139473148322904,1682014432_000109
1682014432,1682014432_000038,16,crop_bgr,180,0.17846803915845263,0.053080881186465236,1682014432_000075
1682014432,1682014432_000039,16,crop_bgr,180,0.12464575043736022,-0.01606988010667308,1682014432_000073
1682014432,1682014432_000040,16,crop_bgr,180,0.16145975934639567,0.050869618812479596,1682014432_000106
1682014432,1682014432_000041,16,crop_bgr,180,0.1532121129598523,-0.0358782238910816,1682014432_000026
1682014432,1682014432_000042,16,crop_bgr,180,0.16158793261286544,-0.007755287291082771,1682014432_000065
1682014432,1682014432_000043,16,crop_bgr,180,0.14540695992063182,0.03235156329302531,1682014432_000002
1682014432,1682014432_000044,16,crop_bgr,180,0.14270583305091578,-0.026397887850420434,1682014432_000029
1682014432,1682014432_000045,16,crop_bgr,180,0.09672699620953984,-0.023658309181773602,1682014432_000023
1682014432,1682014432_000046,16,crop_bgr,180,0.16180783384794337,0.01665242780270286,1682014432_000086
1682014432,1682014432_000047,16,crop_bgr,180,0.1422850578582534,0.017671922223725756,1682014432_000068
1682014432,1682014432_000048,16,crop_bgr,180,0.06323655077661632,-0.05573587077103123,1682014432_000112
1682014432,1682014432_000049,16,crop_bgr,180,0.1388979014732338,0.020460511930034883,1682014432_000042
1682014432,1682014432_000050,16,crop_bgr,180,0.06316572617104645,-0.03143192590548674,1682014432_000057
1682014432,1682014432_000051,16,crop_bgr,180,0.1612550382475351,-0.05956657933558562,1682014432_000096
1682014432,1682014432_000052,16,crop_bgr,180,0.16270832512003017,-0.010390158443046285,1682014432_000088
1682014432,1682014432_000053,16,crop_bgr,180,0.13175434191092117,-0.04493535841406715,1682014432_000048
1682014432,1682014432_000054,16,crop_bgr,180,0.15506267712565722,0.0010639332447320154,1682014432_000105
1682014432,1682014432_000055,16,crop_bgr,180,0.09656080013948894,-0.07221622419540107,1682014432_000066
1682014432,1682014432_000056,16,crop_bgr,180,0.14713349646292473,0.05754727458462014,1682014432_000009
1682014432,1682014432_000057,16,crop_bgr,180,0.16636799071211328,-0.006821503050035834,1682014432_000059
1682014432,1682014432_000058,16,crop_bgr,180,0.11393212418393049,-0.01396629385687538,1682014432_000027
1682014432,1682014432_000059,16,crop_bgr,180,0.07935612157021811,0.04141571643851253,1682014432_000050
1682014432,1682014432_000060,16,crop_bgr,180,0.05413005867665834,-0.06730754877049927,1682014432_000045
1682014432,1682014432_000061,16,crop_bgr,180,0.1742171409279839,0.01239659375636068,1682014432_000012
1682014432,1682014432_000062,16,crop_bgr,180,0.0691470367477233,-0.031193154004756928,1682014432_000079
1682014432,1682014432_000063,16,crop_bgr,180,0.20534932132002545,0.07146962894277831,1682014432_000040
1682014432,1682014432_000064,16,crop_bgr,180,0.13821398390298875,0.05662921692799649,1682014432_000033
1682014432,1682014432_000065,16,crop_bgr,180,0.06279773939665988,-0.11165092541866468,1682014432_000082
1682014432,1682014432_000066,16,crop_bgr,180,0.14071212535730473,-0.054238077365616255,1682014432_000083
1682014432,1682014432_000067,16,crop_bgr,180,0.12998900182178705,0.053150137359976445,1682014432_000093
1682014432,1682014432_000068,16,crop_bgr,180,0.10117204120006797,-0.009442882671919497,1682014432_000036
1682014432,1682014432_000069,16,crop_bgr,180,0.20737070985975803,0.12434684062726492,1682014432_000039
1682014432,1682014432_000070,16,crop_bgr,180,0.14022043457405786,0.019101815672070383,1682014432_000034
1682014432,1682014432_000071,16,crop_bgr,180,0.14697807712050207,0.06585549084951105,1682014432_000102
1682014432,1682014432_000072,16,crop_bgr,180,0.09841783828671835,-0.06590887166881351,1682014432_000049
1682014432,1682014432_000073,16,crop_bgr,180,0.14016068956756889,-0.0288013903624745,1682014432_000069
1682014432,1682014432_000074,16,crop_bgr,180,0.10338982280549247,-0.07794429283787778,1682014432_000064
1682014432,1682014432_000075,16,crop_bgr,180,0.13520497183192717,0.027508664684826923,1682014432_000014
1682014432,1682014432_000076,16,crop_bgr,180,0.08191795853021529,-0.04801529160242899,1682014432_000074
1682014432,1682014432_000077,16,crop_bgr,180,0.09391946593427343,0.02087268797971439,1682014432_000020
1682014432,1682014432_000078,16,crop_bgr,180,0.1242365550891417,-0.06417542783510649,1682014432_000090
1682014432,1682014432_000079,16,crop_bgr,180,0.12227600166533055,0.017187903030503247,1682014432_000101
1682014432,1682014432_000080,16,crop_bgr,180,0.1301326532345564,-0.011258664119417979,1682014432_000067
1682014432,1682014432_000081,16,crop_bgr,180,0.18429373326509157,0.018708786465403818,1682014432_000022
1682014432,1682014432_000082,16,crop_bgr,180,0.12174009328213597,0.013830799978652025,1682014432_000035
1682014432,1682014432_000083,16,crop_bgr,180,0.07534471938883473,-0.06671280582671345,1682014432_000054
1682014432,1682014432_000084,16,crop_bgr,180,0.24115746434547403,0.12044406190124689,1682014432_000070
1682014432,1682014432_000085,16,crop_bgr,180,0.12336291440944447,-0.0007175639862148664,1682014432_000008
1682014432,1682014432_000086,16,crop_bgr,180,0.20550987436746726,0.062319231814014275,1682014432_000024
1682014432,1682014432_000087,16,crop_bgr,180,0.15292598074365965,0.021636344634108063,1682014432_000078
1682014432,1682014432_000088,16,crop_bgr,180,0.15949865532346083,0.03129659255035016,1682014432_000032
1682014432,1682014432_000089,16,crop_bgr,180,0.13961843826268455,-0.043051963365032024,1682014432_000084
1682014432,1682014432_000090,16,crop_bgr,180,0.10802511282467643,0.007880607568086678,1682014432_000085
1682014432,1682014432_000091,16,crop_bgr,180,0.1683550689979634,-0.002760348425212634,1682014432_000061
1682014432,1682014432_000092,16,crop_bgr,180,0.10507364989690444,-0.0752710158800361,1682014432_000001
1682014432,1682014432_000093,16,crop_bgr,180,0.16396521779058498,0.06754261367238824,1682014432_000001
1682014432,1682014432_000094,16,crop_bgr,180,0.08489327935988049,-0.019324943406279077,1682014432_000043
1682014432,1682014432_000095,16,crop_bgr,180,0.1884290329458255,0.04763846360189882,1682014432_000016
1682014432,1682014432_000096,16,crop_bgr,180,0.08308976002063308,-0.03927445026315438,1682014432_000056
1682014432,1682014432_000097,16,crop_bgr,180,0.13768962797957726,-0.025135686657780747,1682014432_000005
1682014432,1682014432_000098,16,crop_bgr,180,0.13827197213071815,0.02866192190247467,1682014432_000072
1682014432,1682014432_000099,16,crop_bgr,180,0.1425057424435137,-0.044232620907420445,1682014432_000018
1682014432,1682014432_000100,16,crop_bgr,180,0.16958621543839447,0.03436701093913489,1682014432_000000
1682014432,1682014432_000101,16,crop_bgr,180,0.20994737768661334,0.10551395586288474,1682014432_000021
1682014432,1682014432_000102,16,crop_bgr,180,0.2580708980756711,-0.012428599357560473,1682014432_000055
1682014432,1682014432_000103,16,crop_bgr,180,0.1177919582864488,0.004389632964408451,1682014432_000076
1682014432,1682014432_000104,16,crop_bgr,180,0.2118684891526678,0.07708809879972127,1682014432_000051
1682014432,1682014432_000105,16,crop_bgr,180,0.1581025361213144,-0.06697509433101693,1682014432_000100
1682014432,1682014432_000106,16,crop_bgr,180,0.18210103048209744,0.01116437082370708,1682014432_000063
1682014432,1682014432_000107,16,crop_bgr,180,0.18438894216459198,-0.004019977313961268,1682014432_000041
1682014432,1682014432_000108,16,crop_bgr,180,0.07240294327950904,-0.0019045782405521308,1682014432_000110
1682014432,1682014432_000109,16,crop_bgr,180,0.13508652444578442,-0.015433378168798695,1682014432_000080
1682014432,1682014432_000110,16,crop_bgr,180,0.13995578431357764,0.04419984429879384,1682014432_000037
1682014432,1682014432_000111,16,crop_bgr,180,0.1415550628456448,0.030711798242463586,1682014432_000046
1682014432,1682014432_000112,16,crop_bgr,180,0.19648618834277495,0.051616532880229216,1682014432_000044
1682712156,1682712156_000001,16,crop_bgr,180,0.1854927330092954,0.031445330684550334,1682712156_000321
1682712156,1682712156_000013,16,crop_bgr,180,0.09716690688087638,0.0034577133610250673,1682712156_000087
1682712156,1682712156_000026,16,crop_bgr,180,0.15661771245805423,-0.017239379398800738,1682712156_000161
1682712156,1682712156_000038,16,crop_bgr,180,0.10389306320270793,-0.0384349545283262,1682712156_000568
1682712156,1682712156_000050,16,crop_bgr,180,0.1476593113853442,-0.03844438587281649,1682712156_000395
1682712156,1682712156_000063,16,crop_bgr,180,0.15794771982169398,0.002035797330457194,1682712156_000506
1682712156,1682712156_000075,16,crop_bgr,180,0.13782482605758745,-0.010533436400781164,1682712156_000654
1682712156,1682712156_000087,16,crop_bgr,180,0.23208036615377833,0.05775581066231996,1682712156_000235
1682712156,1682712156_000100,16,crop_bgr,180,0.11871979743971328,0.011791850290794445,1682712156_000728
1682712156,1682712156_000112,16,crop_bgr,180,0.05846377412809792,-0.05886091877139627,1682712156_000173
1682712156,1682712156_000124,16,crop_bgr,180,0.19914068740642787,0.0751835793747566,1682712156_000284
1682712156,1682712156_000136,16,crop_bgr,180,0.14641293163649247,-0.018200720801526335,1682712156_000112
1682712156,1682712156_000149,16,crop_bgr,180,0.14651673938410487,0.0396036105681693,1682712156_000346
1682712156,1682712156_000161,16,crop_bgr,180,0.1637529403557278,0.07577054943391508,1682712156_000223
1682712156,1682712156_000173,16,crop_bgr,180,0.0748436715842871,-0.03527012627199946,1682712156_000666
1682712156,1682712156_000186,16,crop_bgr,180,0.13437198035570966,-0.046469787157716984,1682712156_000420
1682712156,1682712156_000198,16,crop_bgr,180,0.08818104957527122,0.0009480777103354302,1682712156_000050
1682712156,1682712156_000210,16,crop_bgr,180,0.06355358653594319,-0.07479839101903722,1682712156_000715
1682712156,1682712156_000223,16,crop_bgr,180,0.11285250411339472,0.011740110375599758,1682712156_000481
1682712156,1682712156_000235,16,crop_bgr,180,0.09447421038750338,-0.04333214092410429,1682712156_000555
1682712156,1682712156_000247,16,crop_bgr,180,0.13984759680755776,-0.0914515102252882,1682712156_000124
1682712156,1682712156_000260,16,crop_bgr,180,0.12157493106418259,-0.012133721294136752,1682712156_000469
1682712156,1682712156_000272,16,crop_bgr,180,0.15758170576537459,0.057229161800257576,1682712156_000186
1682712156,1682712156_000284,16,crop_bgr,180,0.18129519531144947,-0.015864719400148358,1682712156_000629
1682712156,1682712156_000297,16,crop_bgr,180,0.1935557014189648,-0.02205774672721045,1682712156_000260
1682712156,1682712156_000309,16,crop_bgr,180,0.07006475309465102,-0.04382279026090063,1682712156_000777
1682712156,1682712156_000321,16,crop_bgr,180,0.06034011297677657,-0.0489386006182175,1682712156_000765
1682712156,1682712156_000334,16,crop_bgr,180,0.12067640701449689,-0.050356055327316074,1682712156_000075
1682712156,1682712156_000346,16,crop_bgr,180,0.13502545573007516,0.05989373518728574,1682712156_000432
1682712156,1682712156_000358,16,crop_bgr,180,0.14233263733823573,-0.10334887208208111,1682712156_000752
1682712156,1682712156_000371,16,crop_bgr,180,0.11496406885150338,-0.0472308191621009,1682712156_000136
1682712156,1682712156_000383,16,crop_bgr,180,0.05857287270372871,-0.01978753383533899,1682712156_000703
1682712156,1682712156_000395,16,crop_bgr,180,0.13176057115942516,-0.018213995667572664,1682712156_000063
1682712156,1682712156_000407,16,crop_bgr,180,0.14752008294069724,-0.1048729038269211,1682712156_000580
1682712156,1682712156_000420,16,crop_bgr,180,0.1124690861244938,-0.03603204794566948,1682712156_000518
1682712156,1682712156_000432,16,crop_bgr,180,0.12190065055157934,0.0083584604985259,1682712156_000407
1682712156,1682712156_000444,16,crop_bgr,180,0.06515535858276551,-0.07006510097146268,1682712156_000371
1682712156,1682712156_000457,16,crop_bgr,180,0.1356840530082883,0.03976911416102715,1682712156_000691
1682712156,1682712156_000469,16,crop_bgr,180,0.02441750865199192,-0.11329437673379893,1682712156_000013
1682712156,1682712156_000481,16,crop_bgr,180,0.06271709213888836,-0.03572392299140318,1682712156_000247
1682712156,1682712156_000494,16,crop_bgr,180,0.1424649211180454,0.006361150874788386,1682712156_000210
1682712156,1682712156_000506,16,crop_bgr,180,0.17972444126228604,0.07467859788020476,1682712156_000617
1682712156,1682712156_000518,16,crop_bgr,180,0.17286934164479084,0.009416859047529631,1682712156_000100
1682712156,1682712156_000531,16,crop_bgr,180,0.2251659875760955,0.07178412645449213,1682712156_000444
1682712156,1682712156_000543,16,crop_bgr,180,0.10140391081536297,-0.0397950100598745,1682712156_000272
1682712156,1682712156_000555,16,crop_bgr,180,0.07667808091494017,-0.05538833045757147,1682712156_000358
1682712156,1682712156_000568,16,crop_bgr,180,0.19103763280060462,0.010399317841192487,1682712156_000457
1682712156,1682712156_000580,16,crop_bgr,180,0.06585235570329315,0.007379646693883343,1682712156_000026
1682712156,1682712156_000592,16,crop_bgr,180,0.1284098726991789,-0.14363494113041092,1682712156_000543
1682712156,1682712156_000605,16,crop_bgr,180,0.033074921946285446,-0.02175861654338358,1682712156_000678
1682712156,1682712156_000617,16,crop_bgr,180,0.10777873436018631,-0.05428624819864197,1682712156_000531
1682712156,1682712156_000629,16,crop_bgr,180,0.06944828342599137,0.0058005961085195205,1682712156_000642
1682712156,1682712156_000642,16,crop_bgr,180,0.10443692946686205,-0.06373589384300671,1682712156_000494
1682712156,1682712156_000654,16,crop_bgr,180,0.1739693342904187,0.005968111462780215,1682712156_000605
1682712156,1682712156_000666,16,crop_bgr,180,0.16774719395919804,-0.09538842313786623,1682712156_000334
1682712156,1682712156_000678,16,crop_bgr,180,0.12933384396661446,-0.00424866678047546,1682712156_000297
1682712156,1682712156_000691,16,crop_bgr,180,0.14283949006611804,-0.059094554683355005,1682712156_000309
1682712156,1682712156_000703,16,crop_bgr,180,0.1458706729986674,0.09305154437412777,1682712156_000740
1682712156,1682712156_000715,16,crop_bgr,180,0.10715715311246317,-0.010762515880511725,1682712156_000149
1682712156,1682712156_000728,16,crop_bgr,180,0.07519793878666786,-0.04958063600695158,1682712156_000198
1682712156,1682712156_000740,16,crop_bgr,180,0.12573963637861515,-0.026314903483741808,1682712156_000592
1682712156,1682712156_000752,16,crop_bgr,180,0.26118945003004296,0.1094054961306868,1682712156_000001
1682712156,1682712156_000765,16,crop_bgr,180,0.12007198192002196,0.010506561899060763,1682712156_000383
1682712156,1682712156_000777,16,crop_bgr,180,0.0479600168493366,-0.06569212407176415,1682712156_000038
1682718815,1682718815_000001,16,crop_bgr,180,0.22304274930076598,0.015092769603641587,1682718815_000149
1682718815,1682718815_000005,16,crop_bgr,180,0.13003903403946668,-0.0188597408124602,1682718815_000537
1682718815,1682718815_000009,16,crop_bgr,180,0.16746117619588993,0.002336673211481013,1682718815_000697
1682718815,1682718815_000013,16,crop_bgr,180,0.18732258657426018,0.10041180718136072,1682718815_000201
1682718815,1682718815_000017,16,crop_bgr,180,0.16085284096456676,-0.06517200749332701,1682718815_000677
1682718815,1682718815_000021,16,crop_bgr,180,0.12682184366967345,-0.09045176470891099,1682718815_000389
1682718815,1682718815_000025,16,crop_bgr,180,0.1447628759943979,-0.02296143491820896,1682718815_000661
1682718815,1682718815_000029,16,crop_bgr,180,0.08523143844348997,-0.043270438856540784,1682718815_000065
1682718815,1682718815_000033,16,crop_bgr,180,0.2531594486833408,0.09129820222935853,1682718815_000549
1682718815,1682718815_000037,16,crop_bgr,180,0.26754282426241377,0.09613300323150296,1682718815_000449
1682718815,1682718815_000041,16,crop_bgr,180,0.08390081697797487,-0.052369300840171086,1682718815_000077
1682718815,1682718815_000045,16,crop_bgr,180,0.07058005762583212,0.01197633836891481,1682718815_000581
1682718815,1682718815_000049,16,crop_bgr,180,0.15862056699488655,-0.002674730710323039,1682718815_000249
1682718815,1682718815_000053,16,crop_bgr,180,0.1829118720681433,-0.03178800359667686,1682718815_000381
1682718815,1682718815_000057,16,crop_bgr,180,0.05070265316526662,-0.03380093277112146,1682718815_000145
1682718815,1682718815_000061,16,crop_bgr,180,0.14321426890904007,0.04090042844060476,1682718815_000069
1682718815,1682718815_000065,16,crop_bgr,180,0.11648528069942761,0.04275277843029057,1682718815_000189
1682718815,1682718815_000069,16,crop_bgr,180,0.16568721713236664,0.02704476996602245,1682718815_000217
1682718815,1682718815_000073,16,crop_bgr,180,0.07682248829586895,-0.040674978142026474,1682718815_000153
1682718815,1682718815_000077,16,crop_bgr,180,0.10746204024573869,0.023419165027280614,1682718815_000261
1682718815,1682718815_000081,16,crop_bgr,180,0.165991783096603,-0.029925099011234958,1682718815_000509
1682718815,1682718815_000085,16,crop_bgr,180,0.019751998153124267,-0.09549647940960106,1682718815_000125
1682718815,1682718815_000089,16,crop_bgr,180,0.21281322265952196,0.08955554128517858,1682718815_000109
1682718815,1682718815_000093,16,crop_bgr,180,0.12118911762219862,-0.10251109298246174,1682718815_000413
1682718815,1682718815_000097,16,crop_bgr,180,0.18140072232702562,-0.02703740447367686,1682718815_000053
1682718815,1682718815_000101,16,crop_bgr,180,0.12468334482570302,0.012525845920438537,1682718815_000117
1682718815,1682718815_000105,16,crop_bgr,180,0.07762212349492295,-0.0637008089681045,1682718815_000113
1682718815,1682718815_000109,16,crop_bgr,180,0.14645026032456324,-0.0641778306303037,1682718815_000505
1682718815,1682718815_000113,16,crop_bgr,180,0.13247787440673145,-0.08236474100235147,1682718815_000477
1682718815,1682718815_000117,16,crop_bgr,180,0.22335404163682837,0.04816474264890807,1682718815_000489
1682718815,1682718815_000121,16,crop_bgr,180,0.24137114807897841,0.08008365248314923,1682718815_000293
1682718815,1682718815_000125,16,crop_bgr,180,0.15193110562333484,-0.013636274091100008,1682718815_000213
1682718815,1682718815_000129,16,crop_bgr,180,0.1997175733291637,0.03650502319462377,1682718815_000501
1682718815,1682718815_000133,16,crop_bgr,180,0.18883495931024433,0.05618264243727223,1682718815_000593
1682718815,1682718815_000137,16,crop_bgr,180,0.19619521553680366,-0.04599319983321478,1682718815_000373
1682718815,1682718815_000141,16,crop_bgr,180,0.16217859465642606,-0.07357598718987811,1682718815_000101
1682718815,1682718815_000145,16,crop_bgr,180,0.17767665850277645,0.011777375132108867,1682718815_000237
1682718815,1682718815_000149,16,crop_bgr,180,0.15719973918998215,0.020909578287630275,1682718815_000445
1682718815,1682718815_000153,16,crop_bgr,180,0.08440521937412186,-0.03440451288109563,1682718815_000577
1682718815,1682718815_000157,16,crop_bgr,180,0.12109514206924055,0.0005451120842646049,1682718815_000749
1682718815,1682718815_000161,16,crop_bgr,180,0.0572516545411391,0.005600900250529704,1682718815_000761
1682718815,1682718815_000165,16,crop_bgr,180,0.04242898423403497,-0.06669898844660675,1682718815_000221
1682718815,1682718815_000169,16,crop_bgr,180,0.11577406247395067,-0.004547679464994069,1682718815_000517
1682718815,1682718815_000173,16,crop_bgr,180,0.15272539205146649,-0.030117330932519892,1682718815_000769
1682718815,1682718815_000177,16,crop_bgr,180,0.0754890960127725,0.03096761598139146,1682718815_000193
1682718815,1682718815_000181,16,crop_bgr,180,0.16156186936332806,-0.05313399955598105,1682718815_000229
1682718815,1682718815_000185,16,crop_bgr,180,0.2265883245571272,0.08143289401972688,1682718815_000541
1682718815,1682718815_000189,16,crop_bgr,180,0.17936115249592685,0.08166963958127223,1682718815_000141
1682718815,1682718815_000193,16,crop_bgr,180,0.14653353003416353,-0.018874330888444212,1682718815_000701
1682718815,1682718815_000197,16,crop_bgr,180,0.15829161757244678,-0.04549042496938208,1682718815_000561
1682718815,1682718815_000201,16,crop_bgr,180,0.1292336540937283,0.0016503439248671166,1682718815_000741
1682718815,1682718815_000205,16,crop_bgr,180,0.15913820484446664,-0.009274228283364985,1682718815_000725
1682718815,1682718815_000209,16,crop_bgr,180,0.10061907109606012,-0.00982684584438626,1682718815_000301
1682718815,1682718815_000213,16,crop_bgr,180,0.13698956443455487,-0.03391226579816405,1682718815_000641
1682718815,1682718815_000217,16,crop_bgr,180,0.22886441084847886,0.00197022131314787,1682718815_000277
1682718815,1682718815_000221,16,crop_bgr,180,0.1706558490250096,0.026128964691937945,1682718815_000613
1682718815,1682718815_000225,16,crop_bgr,180,0.13705065081314408,-0.04415410848001244,1682718815_000717
1682718815,1682718815_000229,16,crop_bgr,180,0.132000041818447,-0.07211155566204212,1682718815_000429
1682718815,1682718815_000233,16,crop_bgr,180,0.07348070648296402,-0.035463524363594845,1682718815_000665
1682718815,1682718815_000237,16,crop_bgr,180,0.12833450060267285,-0.010268574618066665,1682718815_000617
1682718815,1682718815_000241,16,crop_bgr,180,0.06543577249634479,-0.007624861116836972,1682718815_000297
1682718815,1682718815_000245,16,crop_bgr,180,0.19403225756142972,0.0008185911214313493,1682718815_000629
1682718815,1682718815_000249,16,crop_bgr,180,0.18763054455081518,-0.0015948042199024992,1682718815_000401
1682718815,1682718815_000253,16,crop_bgr,180,0.11173939892985447,-0.09656605020971502,1682718815_000169
1682718815,1682718815_000257,16,crop_bgr,180,0.18158317173585573,0.06855460820052298,1682718815_000285
1682718815,1682718815_000261,16,crop_bgr,180,0.17993540376675213,-0.05608105126226417,1682718815_000337
1682718815,1682718815_000265,16,crop_bgr,180,0.11557575820107907,-0.10433065892081735,1682718815_000481
1682718815,1682718815_000269,16,crop_bgr,180,0.09354954806806726,0.06246942238403522,1682718815_000473
1682718815,1682718815_000273,16,crop_bgr,180,0.16390608305352986,0.05950818536938104,1682718815_000313
1682718815,1682718815_000277,16,crop_bgr,180,0.13804333208668346,-0.09969459988958052,1682718815_000273
1682718815,1682718815_000281,16,crop_bgr,180,0.1238277146717915,-0.07543145129491899,1682718815_000417
1682718815,1682718815_000285,16,crop_bgr,180,0.1451275637885936,-0.00025323468392494594,1682718815_000041
1682718815,1682718815_000289,16,crop_bgr,180,0.16067442322311035,-0.02352984509486178,1682718815_000241
1682718815,1682718815_000293,16,crop_bgr,180,0.1904570909060315,-0.0081138520579735,1682718815_000253
1682718815,1682718815_000297,16,crop_bgr,180,0.147022124614742,0.053536681263034284,1682718815_000281
1682718815,1682718815_000301,16,crop_bgr,180,0.18538953609333364,0.1350829407887798,1682718815_000589
1682718815,1682718815_000305,16,crop_bgr,180,0.1991016103729362,0.0077888778187853655,1682718815_000165
1682718815,1682718815_000309,16,crop_bgr,180,0.1723396120532524,-0.027191529446817686,1682718815_000005
1682718815,1682718815_000313,16,crop_bgr,180,0.14102964872029192,0.028171483896963837,1682718815_000757
1682718815,1682718815_000317,16,crop_bgr,180,0.2652554441097655,0.10408112335884918,1682718815_000089
1682718815,1682718815_000321,16,crop_bgr,180,0.06576612752754878,-0.05453988680794153,1682718815_000009
1682718815,1682718815_000325,16,crop_bgr,180,0.1387742349327845,-0.0012444461017995327,1682718815_000721
1682718815,1682718815_000329,16,crop_bgr,180,0.21691364459781673,0.09248819296713363,1682718815_000441
1682718815,1682718815_000333,16,crop_bgr,180,0.2069699646782662,-0.03520158895256884,1682718815_000061
1682718815,1682718815_000337,16,crop_bgr,180,0.25027907432103697,0.059417989889382426,1682718815_000049
1682718815,1682718815_000341,16,crop_bgr,180,0.15330426763178986,0.02482336012453744,1682718815_000409
1682718815,1682718815_000345,16,crop_bgr,180,0.10140334289657404,-0.06073037097001355,1682718815_000649
1682718815,1682718815_000349,16,crop_bgr,180,0.1595110762192037,0.00674200010115418,1682718815_000553
1682718815,1682718815_000353,16,crop_bgr,180,0.11983656350890488,0.022531250980504083,1682718815_000493
1682718815,1682718815_000357,16,crop_bgr,180,0.113412066735031,0.04535498009752555,1682718815_000133
1682718815,1682718815_000361,16,crop_bgr,180,0.19291949348124818,-0.0061514005847697435,1682718815_000377
1682718815,1682718815_000365,16,crop_bgr,180,0.052974508051939255,-0.0011305972033198927,1682718815_000013
1682718815,1682718815_000369,16,crop_bgr,180,0.18257402052016913,-0.014372346729448546,1682718815_000093
1682718815,1682718815_000373,16,crop_bgr,180,0.15653275815471307,-0.001923251673232718,1682718815_000421
1682718815,1682718815_000377,16,crop_bgr,180,0.05720426425386662,0.010974717834218625,1682718815_000233
1682718815,1682718815_000381,16,crop_bgr,180,0.09512986529710553,0.06864272213607277,1682718815_000289
1682718815,1682718815_000385,16,crop_bgr,180,0.15767603346211664,0.003095294928088068,1682718815_000621
1682718815,1682718815_000389,16,crop_bgr,180,0.13019328603609712,0.06778037980219659,1682718815_000345
1682718815,1682718815_000393,16,crop_bgr,180,0.10576343682622397,0.0028086573956041905,1682718815_000513
1682718815,1682718815_000397,16,crop_bgr,180,0.05352555354026204,-0.11812984168980155,1682718815_000545
1682718815,1682718815_000401,16,crop_bgr,180,0.1340853190944465,-0.04302793718684877,1682718815_000317
1682718815,1682718815_000405,16,crop_bgr,180,0.2248386428450724,0.040752741543036555,1682718815_000497
1682718815,1682718815_000409,16,crop_bgr,180,0.14925415591103428,0.026940356512512715,1682718815_000433
1682718815,1682718815_000413,16,crop_bgr,180,0.12844382373166438,-0.08270611431077672,1682718815_000225
1682718815,1682718815_000417,16,crop_bgr,180,0.17105712083804217,0.10710875599861568,1682718815_000681
1682718815,1682718815_000421,16,crop_bgr,180,0.21949879690865745,-0.007447089596653143,1682718815_000601
1682718815,1682718815_000425,16,crop_bgr,180,0.14908629802607826,0.013871578928578134,1682718815_000669
1682718815,1682718815_000429,16,crop_bgr,180,0.1530280065054442,-0.013063657121696331,1682718815_000425
1682718815,1682718815_000433,16,crop_bgr,180,0.09086987020186925,0.012855363289319105,1682718815_000657
1682718815,1682718815_000437,16,crop_bgr,180,0.026873039753838424,-0.01683807200453938,1682718815_000585
1682718815,1682718815_000441,16,crop_bgr,180,0.18969351865357773,0.04253119025976295,1682718815_000365
1682718815,1682718815_000445,16,crop_bgr,180,0.1890461661460078,-0.011995058934818942,1682718815_000633
1682718815,1682718815_000449,16,crop_bgr,180,0.03812118295419953,-0.09701306579206809,1682718815_000393
1682718815,1682718815_000453,16,crop_bgr,180,0.044643900697451756,-0.051523930293329835,1682718815_000305
1682718815,1682718815_000457,16,crop_bgr,180,0.13973357644900644,0.0014594013821699822,1682718815_000025
1682718815,1682718815_000461,16,crop_bgr,180,0.16944499454713013,-0.020160292907547925,1682718815_000637
1682718815,1682718815_000465,16,crop_bgr,180,0.09795215763911758,-0.02570811006783383,1682718815_000405
1682718815,1682718815_000469,16,crop_bgr,180,0.2226353253660663,0.09668917872139197,1682718815_000673
1682718815,1682718815_000473,16,crop_bgr,180,0.14772905576636253,0.04886818807987022,1682718815_000357
1682718815,1682718815_000477,16,crop_bgr,180,0.1825829714635531,0.04273524666056177,1682718815_000029
1682718815,1682718815_000481,16,crop_bgr,180,0.13823241309473447,0.04102831856563304,1682718815_000329
1682718815,1682718815_000485,16,crop_bgr,180,0.12925539606328346,0.017425628565206755,1682718815_000209
1682718815,1682718815_000489,16,crop_bgr,180,0.16318074642040326,0.062090684217073956,1682718815_000521
1682718815,1682718815_000493,16,crop_bgr,180,0.1654667954267062,0.016465430248150403,1682718815_000097
1682718815,1682718815_000497,16,crop_bgr,180,0.10651101824567437,0.005786006295570666,1682718815_000309
1682718815,1682718815_000501,16,crop_bgr,180,0.08339357179422109,0.005904446421551621,1682718815_000453
1682718815,1682718815_000505,16,crop_bgr,180,0.17005666604190753,-0.046699423782432636,1682718815_000173
1682718815,1682718815_000509,16,crop_bgr,180,0.14908686117128986,-0.02666716145101868,1682718815_000017
1682718815,1682718815_000513,16,crop_bgr,180,0.14166954066313872,0.038653639897607985,1682718815_000129
1682718815,1682718815_000517,16,crop_bgr,180,0.18330012298387954,0.04319526134929861,1682718815_000777
1682718815,1682718815_000521,16,crop_bgr,180,0.18988745606933666,-0.0030690336334168885,1682718815_000021
1682718815,1682718815_000525,16,crop_bgr,180,0.18689462709498728,0.09310929461916247,1682718815_000325
1682718815,1682718815_000529,16,crop_bgr,180,0.12655395983471504,0.02836874347877601,1682718815_000605
1682718815,1682718815_000533,16,crop_bgr,180,0.11706141430961858,-0.012921000079941158,1682718815_000121
1682718815,1682718815_000537,16,crop_bgr,180,0.13187134922852084,-0.0616726568579018,1682718815_000369
1682718815,1682718815_000541,16,crop_bgr,180,0.07380521646553251,-0.04772637733020435,1682718815_000653
1682718815,1682718815_000545,16,crop_bgr,180,0.23762942078471957,-0.02535482275927176,1682718815_000385
1682718815,1682718815_000549,16,crop_bgr,180,0.1848233754310257,0.056933027372792884,1682718815_000609
1682718815,1682718815_000553,16,crop_bgr,180,0.1159631971497425,-0.05305856622284489,1682718815_000461
1682718815,1682718815_000557,16,crop_bgr,180,0.14741827556395898,-0.010045079163916892,1682718815_000361
1682718815,1682718815_000561,16,crop_bgr,180,0.11573240844218886,0.050789988454367836,1682718815_000437
1682718815,1682718815_000565,16,crop_bgr,180,0.0686704946258819,-0.04234004778964299,1682718815_000105
1682718815,1682718815_000569,16,crop_bgr,180,0.1408881172428685,0.08587676930492259,1682718815_000729
1682718815,1682718815_000573,16,crop_bgr,180,0.11535565407101418,-0.003220665421381911,1682718815_000001
1682718815,1682718815_000577,16,crop_bgr,180,0.10970973009422269,-0.010970019836604982,1682718815_000349
1682718815,1682718815_000581,16,crop_bgr,180,0.18280040321340582,-0.03973926760775472,1682718815_000693
1682718815,1682718815_000585,16,crop_bgr,180,0.2336519864647416,0.07921472995526391,1682718815_000733
1682718815,1682718815_000589,16,crop_bgr,180,0.1996546997454477,0.0070835338925405375,1682718815_000557
1682718815,1682718815_000593,16,crop_bgr,180,0.1691665388866543,-0.02329861031923938,1682718815_000057
1682718815,1682718815_000597,16,crop_bgr,180,0.17430945053546862,-0.06178640430489831,1682718815_000765
1682718815,1682718815_000601,16,crop_bgr,180,0.18217042288853483,0.030986537037090586,1682718815_000485
1682718815,1682718815_000605,16,crop_bgr,180,0.1776865375521518,0.0578381974938857,1682718815_000137
1682718815,1682718815_000609,16,crop_bgr,180,0.1849792173728293,0.05052092627633936,1682718815_000341
1682718815,1682718815_000613,16,crop_bgr,180,0.09827697062201556,-0.0060464960473422995,1682718815_000161
1682718815,1682718815_000617,16,crop_bgr,180,0.22002656132969367,-0.015251573886064013,1682718815_000773
1682718815,1682718815_000621,16,crop_bgr,180,0.13290059666979734,0.13779469860308421,1682718815_000469
1682718815,1682718815_000625,16,crop_bgr,180,0.1693881436722425,-0.037783031770857546,1682718815_000245
1682718815,1682718815_000629,16,crop_bgr,180,0.19249528245538272,0.016488085650368463,1682718815_000625
1682718815,1682718815_000633,16,crop_bgr,180,0.14521340543902164,0.04240587336082685,1682718815_000689
1682718815,1682718815_000637,16,crop_bgr,180,0.054948356645163544,-0.01198279579226598,1682718815_000197
1682718815,1682718815_000641,16,crop_bgr,180,0.11455672999849215,-0.013372025734751566,1682718815_000073
1682718815,1682718815_000645,16,crop_bgr,180,0.07027648630850113,-0.031248897283149734,1682718815_000321
1682718815,1682718815_000649,16,crop_bgr,180,0.1127589816078833,1.831877376701439e-05,1682718815_000033
1682718815,1682718815_000653,16,crop_bgr,180,0.1572287619604227,-0.02779766256679013,1682718815_000525
1682718815,1682718815_000657,16,crop_bgr,180,0.17721032894944078,0.03600898670425616,1682718815_000181
1682718815,1682718815_000661,16,crop_bgr,180,0.13971192655139208,-0.05328072720703053,1682718815_000737
1682718815,1682718815_000665,16,crop_bgr,180,0.19771025705816422,-0.014020329286649542,1682718815_000753
1682718815,1682718815_000669,16,crop_bgr,180,0.14468419674757318,0.039339007030622035,1682718815_000037
1682718815,1682718815_000673,16,crop_bgr,180,0.2158545175312936,0.08023405561393182,1682718815_000685
1682718815,1682718815_000677,16,crop_bgr,180,0.192408787819663,0.07086519391763581,1682718815_000565
1682718815,1682718815_000681,16,crop_bgr,180,0.27035664327252173,0.07618342670013277,1682718815_000457
1682718815,1682718815_000685,16,crop_bgr,180,0.13307975698160127,0.0719164958551993,1682718815_000157
1682718815,1682718815_000689,16,crop_bgr,180,0.15550978679902602,-0.014305653726452464,1682718815_000465
1682718815,1682718815_000693,16,crop_bgr,180,0.1489160198485382,0.026649144295136765,1682718815_000529
1682718815,1682718815_000697,16,crop_bgr,180,0.21680412106153976,0.018958294797358704,1682718815_000709
1682718815,1682718815_000701,16,crop_bgr,180,0.15355403845008686,-0.024209716600679266,1682718815_000257
1682718815,1682718815_000705,16,crop_bgr,180,0.14341169682090077,-0.038362265694313884,1682718815_000333
1682718815,1682718815_000709,16,crop_bgr,180,0.1267996212255623,-0.027549433622093337,1682718815_000265
1682718815,1682718815_000713,16,crop_bgr,180,0.23937819126264048,0.007311105333356678,1682718815_000205
1682718815,1682718815_000717,16,crop_bgr,180,0.2299786811472014,0.059421715840353585,1682718815_000269
1682718815,1682718815_000721,16,crop_bgr,180,0.17824619832642397,0.03479477697384852,1682718815_000177
1682718815,1682718815_000725,16,crop_bgr,180,0.17631377621663458,0.08245181089183394,1682718815_000573
1682718815,1682718815_000729,16,crop_bgr,180,0.1834392417301464,-0.0904353759319998,1682718815_000081
1682718815,1682718815_000733,16,crop_bgr,180,0.1889688687127037,0.02468824042666143,1682718815_000085
1682718815,1682718815_000737,16,crop_bgr,180,0.2112954859085507,0.0015847217386952411,1682718815_000597
1682718815,1682718815_000741,16,crop_bgr,180,0.0990163046151991,-0.03575900356549946,1682718815_000353
1682718815,1682718815_000745,16,crop_bgr,180,0.1774862110551699,-0.014346509787538833,1682718815_000185
1682718815,1682718815_000749,16,crop_bgr,180,0.061096473896745364,-0.03354769463751062,1682718815_000397
1682718815,1682718815_000753,16,crop_bgr,180,0.0445519801078472,-0.03353277784065867,1682718815_000645
1682718815,1682718815_000757,16,crop_bgr,180,0.0033687194573325994,0.008528472392986763,1682718815_000713
1682718815,1682718815_000761,16,crop_bgr,180,0.1250342567590373,0.017610014667572272,1682718815_000705
1682718815,1682718815_000765,16,crop_bgr,180,0.1746960856195603,-0.006122703278782102,1682718815_000569
1682718815,1682718815_000769,16,crop_bgr,180,0.1369327412101065,-0.021707753835774946,1682718815_000045
1682718815,1682718815_000773,16,crop_bgr,180,0.1790094869796436,-0.05471324766335498,1682718815_000533
1682718815,1682718815_000777,16,crop_bgr,180,0.14646630688782766,0.02729072411589022,1682718815_000745
1680410249,1680410249_000000,32,full,180,0.01886429046321013,-0.032171882101431945,1680410249_000001
1680410249,1680410249_000001,32,full,180,-0.02021073732855642,-0.0696142569755536,1680410249_000007
1680410249,1680410249_000002,32,full,180,0.012650537439203876,-0.0002143904713452031,1680410249_000005
1680410249,1680410249_000003,32,full,180,-0.00034405672609928196,-0.016591245661686436,1680410249_000009
1680410249,1680410249_000004,32,full,180,-0.00784182548610571,-0.04416337754205222,1680410249_000008
1680410249,1680410249_000005,32,full,180,0.11389316402265583,0.07428432195243705,1680410249_000008
1680410249,1680410249_000006,32,full,180,0.11000516665835643,0.07870950249779572,1680410249_000003
1680410249,1680410249_000007,32,full,180,0.07146243630453782,0.06344834875997009,1680410249_000000
1680410249,1680410249_000008,32,full,180,0.026482901674203526,0.0041515017463639526,1680410249_000006
1680410249,1680410249_000009,32,full,180,0.12870666501145558,0.09144904082974276,1680410249_000002
1680410569,1680410569_000000,32,full,180,0.08417248802633737,0.04008771182642051,1680410569_000006
1680410569,1680410569_000001,32,full,180,0.09348497706414723,0.03655334605844405,1680410569_000009
1680410569,1680410569_000002,32,full,180,0.03483413752821129,0.008123081496136223,1680410569_000008
1680410569,1680410569_000003,32,full,180,-0.025904426958768625,-0.040647708995845425,1680410569_000001
1680410569,1680410569_000004,32,full,180,0.06406455418179778,0.004060926525459113,1680410569_000000
1680410569,1680410569_000005,32,full,180,-0.026493647738153468,-0.00573782025233244,1680410569_000007
1680410569,1680410569_000006,32,full,180,0.07675076587844262,0.021876472985497598,1680410569_000004
1680410569,1680410569_000007,32,full,180,-0.04388994365236129,-0.040533529137722825,1680410569_000003
1680410569,1680410569_000008,32,full,180,0.03553677111446595,0.01042041435413175,1680410569_000005
1680410569,1680410569_000009,32,full,180,0.022305728878820482,0.0012262320373054383,1680410569_000002
1680412337,1680412337_000000,32,full,180,0.09063072622857442,0.042714804411152794,1680412337_000542
1680412337,1680412337_000012,32,full,180,-0.015920427295525442,0.027497905136703946,1680412337_000517
1680412337,1680412337_000025,32,full,180,0.0005965039194098914,-0.04241401674812275,1680412337_000320
1680412337,1680412337_000037,32,full,180,-0.02336666449628289,-0.04781419484630033,1680412337_000493
1680412337,1680412337_000049,32,full,180,0.01979536888319851,-0.0049602253080353155,1680412337_000357
1680412337,1680412337_000062,32,full,180,0.0335232534029509,-0.020215093447597678,1680412337_000086
1680412337,1680412337_000074,32,full,180,0.012972602940392685,-0.021152067267649722,1680412337_000135
1680412337,1680412337_000086,32,full,180,0.041641195725767084,0.029620235630144456,1680412337_000443
1680412337,1680412337_000099,32,full,180,-0.04864976003260147,-0.062260819577177884,1680412337_000591
1680412337,1680412337_000111,32,full,180,0.10873641044714043,0.03225589709133817,1680412337_000222
1680412337,1680412337_000123,32,full,180,-0.007307654834151106,-0.07192260024595011,1680412337_000530
1680412337,1680412337_000135,32,full,180,0.0964185678205511,0.03539446896752322,1680412337_000099
1680412337,1680412337_000148,32,full,180,0.0240650587493336,-0.03205302239978975,1680412337_000604
1680412337,1680412337_000160,32,full,180,-0.008273418114566273,0.00561965179587474,1680412337_000394
1680412337,1680412337_000172,32,full,180,0.047788144295939194,0.033769617802107486,1680412337_000616
1680412337,1680412337_000185,32,full,180,0.03409038612344602,-0.05183648293859298,1680412337_000382
1680412337,1680412337_000197,32,full,180,-0.012992768452149741,-0.076028856505349,1680412337_000653
1680412337,1680412337_000209,32,full,180,0.15426919950768875,0.026011280336813047,1680412337_000123
1680412337,1680412337_000222,32,full,180,0.09057882292840021,0.012391940972517378,1680412337_000259
1680412337,1680412337_000234,32,full,180,0.019686569719550236,-0.01725227307224866,1680412337_000062
1680412337,1680412337_000246,32,full,180,0.07037072279163382,0.023892029822387834,1680412337_000739
1680412337,1680412337_000259,32,full,180,0.057376001620219386,0.01840531900930126,1680412337_000234
1680412337,1680412337_000271,32,full,180,0.01305023472365946,-0.012759385024135995,1680412337_000690
1680412337,1680412337_000283,32,full,180,0.04043756521930625,-0.00015612824079312923,1680412337_000271
1680412337,1680412337_000296,32,full,180,0.03453937453933565,-0.03334747635441746,1680412337_000567
1680412337,1680412337_000308,32,full,180,0.1388524382622463,0.05970363385704799,1680412337_000345
1680412337,1680412337_000320,32,full,180,-0.02255470783617562,-0.02731145938366822,1680412337_000776
1680412337,1680412337_000333,32,full,180,0.12912945819417437,0.04260120068626468,1680412337_000554
1680412337,1680412337_000345,32,full,180,0.024112409159295828,-0.043270900588055966,1680412337_000160
1680412337,1680412337_000357,32,full,180,0.02892035254052035,0.013647478336924057,1680412337_000751
1680412337,1680412337_000370,32,full,180,-0.007925414758226104,-0.01271138587108197,1680412337_000000
1680412337,1680412337_000382,32,full,180,0.07226764151792814,0.04782574565360579,1680412337_000431
1680412337,1680412337_000394,32,full,180,0.04301731991610902,0.06166573723266547,1680412337_000111
1680412337,1680412337_000406,32,full,180,0.0826902696228215,0.03444816162392963,1680412337_000037
1680412337,1680412337_000419,32,full,180,-0.0022072957229747592,-0.043616260197623234,1680412337_000074
1680412337,1680412337_000431,32,full,180,0.034039579505381265,0.004868499397597971,1680412337_000628
1680412337,1680412337_000443,32,full,180,0.008122267324995299,-0.059853630494699085,1680412337_000246
1680412337,1680412337_000456,32,full,180,0.08071662941926795,0.0082615404626911,1680412337_000025
1680412337,1680412337_000468,32,full,180,0.04050876820493599,0.032278816682316004,1680412337_000579
1680412337,1680412337_000480,32,full,180,0.027279070095377948,-0.025739756115221762,1680412337_000665
1680412337,1680412337_000493,32,full,180,-0.03068221490007116,-0.030672223624523945,1680412337_000641
1680412337,1680412337_000505,32,full,180,0.011584623530155455,0.060371376754321554,1680412337_000480
1680412337,1680412337_000517,32,full,180,0.06442635391928156,0.0001998258855255841,1680412337_000468
1680412337,1680412337_000530,32,full,180,0.0448071245142788,0.013964178330782798,1680412337_000012
1680412337,1680412337_000542,32,full,180,-0.02944227902910745,-0.06215354636629141,1680412337_000419
1680412337,1680412337_000554,32,full,180,0.013099790698522734,-0.04634959730614374,1680412337_000283
1680412337,1680412337_000567,32,full,180,0.04228382510918453,-0.05513875372424366,1680412337_000406
1680412337,1680412337_000579,32,full,180,0.06502887044338244,0.08140682133664646,1680412337_000209
1680412337,1680412337_000591,32,full,180,0.04980003845684794,0.0036731193274078533,1680412337_000197
1680412337,1680412337_000604,32,full,180,-0.005994794927733899,0.04555174484230449,1680412337_000049
1680412337,1680412337_000616,32,full,180,-0.011892704551160135,-0.009346816227132066,1680412337_000456
1680412337,1680412337_000628,32,full,180,-0.023494461638488562,-0.018214259647239092,1680412337_000677
1680412337,1680412337_000641,32,full,180,-0.02496749779349829,-0.05495797811850195,1680412337_000714
1680412337,1680412337_000653,32,full,180,0.06284870458035048,0.04712417817577549,1680412337_000505
1680412337,1680412337_000665,32,full,180,0.08667590752640975,0.08567105154246339,1680412337_000727
1680412337,1680412337_000677,32,full,180,0.003515264507414776,0.024197260400286535,1680412337_000308
1680412337,1680412337_000690,32,full,180,-0.04522629220932548,-0.03638495415546345,1680412337_000172
1680412337,1680412337_000702,32,full,180,0.04427292868860719,0.004375989471939512,1680412337_000296
1680412337,1680412337_000714,32,full,180,0.0690813675619489,0.07474211233533071,1680412337_000370
1680412337,1680412337_000727,32,full,180,-0.008477318065049644,-0.03170309824860745,1680412337_000185
1680412337,1680412337_000739,32,full,180,0.056439964502751794,-0.03275566699603641,1680412337_000764
1680412337,1680412337_000751,32,full,180,0.03368230779821275,-0.005698520445097231,1680412337_000702
1680412337,1680412337_000764,32,full,180,0.03311719269393708,-0.03457990479960627,1680412337_000333
1680412337,1680412337_000776,32,full,180,-0.007231634345814538,-0.03260047571163779,1680412337_000148
1681945334,1681945334_000000,32,full,180,-0.0459788456298795,-0.04934128602260426,1681945334_000259
1681945334,1681945334_000012,32,full,180,-0.05034127227247056,-0.06781501428588765,1681945334_000345
1681945334,1681945334_000025,32,full,180,0.06065877925559549,0.005307431214433643,1681945334_000739
1681945334,1681945334_000037,32,full,180,0.005536777772605893,-0.04195516833078122,1681945334_000579
1681945334,1681945334_000049,32,full,180,0.03332194098179691,0.01388882304108026,1681945334_000579
1681945334,1681945334_000062,32,full,180,0.01773260775922429,-0.020626500044735707,1681945334_000702
1681945334,1681945334_000074,32,full,180,0.07683579065208089,0.09664376951084709,1681945334_000172
1681945334,1681945334_000086,32,full,180,0.09085926543392546,0.023036792771897324,1681945334_000628
1681945334,1681945334_000099,32,full,180,0.06792876137881688,-0.01145244591628211,1681945334_000419
1681945334,1681945334_000111,32,full,180,0.06440721587098362,0.017048477595967736,1681945334_000641
1681945334,1681945334_000123,32,full,180,0.09029643231045999,0.031175741345543854,1681945334_000234
1681945334,1681945334_000135,32,full,180,0.05448429144260131,-0.011223325997543712,1681945334_000591
1681945334,1681945334_000148,32,full,180,0.07199131449429348,0.06694846660968447,1681945334_000468
1681945334,1681945334_000160,32,full,180,0.10677408749679825,0.06455608890486969,1681945334_000468
1681945334,1681945334_000172,32,full,180,0.07706415238941423,0.0211731011347803,1681945334_000677
1681945334,1681945334_000185,32,full,180,-0.009995821907068351,-0.08454662573902938,1681945334_000505
1681945334,1681945334_000197,32,full,180,0.07772305628758315,0.03645857569112653,1681945334_000111
1681945334,1681945334_000209,32,full,180,0.04266278362479242,0.03307540863722821,1681945334_000135
1681945334,1681945334_000222,32,full,180,0.12390415470466946,0.025890792349269498,1681945334_000185
1681945334,1681945334_000234,32,full,180,0.05214668018607302,0.0641721137303395,1681945334_000665
1681945334,1681945334_000246,32,full,180,-0.045425480018486175,-0.04615312985584288,1681945334_000197
1681945334,1681945334_000259,32,full,180,0.039637535140137854,0.0069223375599672815,1681945334_000000
1681945334,1681945334_000271,32,full,180,0.06603728931971851,0.020029108907885767,1681945334_000517
1681945334,1681945334_000283,32,full,180,-0.011470833007437916,-0.04018453439842307,1681945334_000616
1681945334,1681945334_000296,32,full,180,0.10392689567632167,0.06474262188179315,1681945334_000074
1681945334,1681945334_000308,32,full,180,0.018296106471569474,-0.037641618128285946,1681945334_000382
1681945334,1681945334_000320,32,full,180,0.05193587061576027,-0.010427439448025412,1681945334_000062
1681945334,1681945334_000333,32,full,180,0.008785527119107758,-0.055237936942827325,1681945334_000394
1681945334,1681945334_000345,32,full,180,0.0018399837134313566,-0.06978269716294806,1681945334_000370
1681945334,1681945334_000357,32,full,180,-0.1108099896598509,-0.11793693152299445,1681945334_000283
1681945334,1681945334_000370,32,full,180,0.0113283764973442,-0.04281030357137238,1681945334_000604
1681945334,1681945334_000382,32,full,180,0.07964707576517938,0.021460764214874944,1681945334_000751
1681945334,1681945334_000394,32,full,180,0.12555221589442822,0.04678717287569878,1681945334_000406
1681945334,1681945334_000406,32,full,180,0.025304654981572416,0.03416103226414771,1681945334_000049
1681945334,1681945334_000419,32,full,180,0.06617884716952381,0.00791241158912353,1681945334_000357
1681945334,1681945334_000431,32,full,180,0.07570966246269256,0.03581315455989522,1681945334_000308
1681945334,1681945334_000443,32,full,180,0.08400822311720436,-0.0006797374866952145,1681945334_000653
1681945334,1681945334_000456,32,full,180,-0.013873323077337808,-0.04846279837487757,1681945334_000653
1681945334,1681945334_000468,32,full,180,0.09243911788084254,0.03936609484946174,1681945334_000012
1681945334,1681945334_000480,32,full,180,-0.0009877735051764165,-0.0692304436237877,1681945334_000123
1681945334,1681945334_000493,32,full,180,0.04214184293015986,-0.0461745917514115,1681945334_000554
1681945334,1681945334_000505,32,full,180,0.018322365132047908,0.015176063042871182,1681945334_000480
1681945334,1681945334_000517,32,full,180,0.09507319061890551,0.022601317715942686,1681945334_000086
1681945334,1681945334_000530,32,full,180,-0.004765110336614957,-0.06345242310472311,1681945334_000542
1681945334,1681945334_000542,32,full,180,0.08970901314646151,-0.020379983565031453,1681945334_000099
1681945334,1681945334_000554,32,full,180,-0.02866540378555915,-0.07478283882121416,1681945334_000776
1681945334,1681945334_000567,32,full,180,0.03738281641446981,0.00016315453568124574,1681945334_000160
1681945334,1681945334_000579,32,full,180,0.04500217558238934,-0.043558612742704124,1681945334_000764
1681945334,1681945334_000591,32,full,180,0.016610034535285218,-0.0023045168811723937,1681945334_000714
1681945334,1681945334_000604,32,full,180,0.03770854664691222,0.0023107565593991305,1681945334_000209
1681945334,1681945334_000616,32,full,180,0.12610333871475188,0.0330367717005117,1681945334_000320
1681945334,1681945334_000628,32,full,180,0.03463098412049507,-0.09234533838383902,1681945334_000530
1681945334,1681945334_000641,32,full,180,0.11893908938578725,0.13294766222101825,1681945334_000690
1681945334,1681945334_000653,32,full,180,0.08051922751735947,-0.009643024147578649,1681945334_000333
1681945334,1681945334_000665,32,full,180,0.06396883648839294,0.013569734414975032,1681945334_000431
1681945334,1681945334_000677,32,full,180,0.03487990180442503,0.008600147453615212,1681945334_000727
1681945334,1681945334_000690,32,full,180,0.03482109592586735,-0.045437517872553214,1681945334_000025
1681945334,1681945334_000702,32,full,180,0.06907815019452096,-0.03726719575845815,1681945334_000493
1681945334,1681945334_000714,32,full,180,-0.028435423588911907,-0.056157519720625805,1681945334_000296
1681945334,1681945334_000727,32,full,180,0.03774052897658387,0.0201738370420132,1681945334_000222
1681945334,1681945334_000739,32,full,180,0.08829571620747213,0.020358578092676275,1681945334_000246
1681945334,1681945334_000751,32,full,180,0.0317561120046733,0.010825876772035975,1681945334_000456
1681945334,1681945334_000764,32,full,180,0.013594448429290591,-0.02109852902680646,1681945334_000567
1681945334,1681945334_000776,32,full,180,-0.005355658906954581,0.007792025964981078,1681945334_000271
1682013847,1682013847_000000,32,full,180,0.0065547993456275796,-0.034261009161256906,1682013847_000010
1682013847,1682013847_000002,32,full,180,-0.02584815425281058,-0.08048571078783395,1682013847_000040
1682013847,1682013847_000005,32,full,180,0.013985362257203246,-0.027342018652937294,1682013847_000120
1682013847,1682013847_000007,32,full,180,0.06263448385349074,0.023148851980898635,1682013847_000147
1682013847,1682013847_000010,32,full,180,0.06543234131980853,0.02560555872262332,1682013847_000062
1682013847,1682013847_000012,32,full,180,-0.05029884347871633,-0.06378687343152857,1682013847_000115
1682013847,1682013847_000015,32,full,180,0.04705977972304929,0.03264106871239295,1682013847_000105
1682013847,1682013847_000017,32,full,180,0.10013052655720346,-0.009307641627701415,1682013847_000142
1682013847,1682013847_000020,32,full,180,0.057253235655103894,0.011036648737457489,1682013847_000110
1682013847,1682013847_000022,32,full,180,0.03689248558497733,0.04866980006831643,1682013847_000137
1682013847,1682013847_000025,32,full,180,0.05487211779138885,0.02351065228642127,1682013847_000002
1682013847,1682013847_000027,32,full,180,0.1257372945174155,0.056998848456475265,1682013847_000030
1682013847,1682013847_000030,32,full,180,0.09791678628657147,-0.004852557616032353,1682013847_000087
1682013847,1682013847_000032,32,full,180,0.053149236786917416,-0.01531130914948362,1682013847_000077
1682013847,1682013847_000035,32,full,180,0.1015107492587211,0.006039455036314845,1682013847_000050
1682013847,1682013847_000037,32,full,180,0.08844209146104083,0.02714053980970259,1682013847_000090
1682013847,1682013847_000040,32,full,180,0.10771740970433745,0.05581827212950042,1682013847_000125
1682013847,1682013847_000042,32,full,180,-0.03458402506995259,-0.05027634240680729,1682013847_000020
1682013847,1682013847_000045,32,full,180,0.17693635007013195,0.13167536935813218,1682013847_000067
1682013847,1682013847_000047,32,full,180,-0.06378824574554633,-0.03183247105060682,1682013847_000067
1682013847,1682013847_000050,32,full,180,0.10203122913872693,0.036730398539305154,1682013847_000035
1682013847,1682013847_000052,32,full,180,0.043576879414729854,0.057545483686897235,1682013847_000072
1682013847,1682013847_000055,32,full,180,0.12218594612484561,0.05688910150514504,1682013847_000072
1682013847,1682013847_000057,32,full,180,0.05004783821527243,0.0033844233674166038,1682013847_000085
1682013847,1682013847_000060,32,full,180,0.05141803477078547,0.007878994481128915,1682013847_000037
1682013847,1682013847_000062,32,full,180,0.07376767920571009,0.024956455581361326,1682013847_000057
1682013847,1682013847_000065,32,full,180,-0.03301394574805864,-0.01619423325309556,1682013847_000132
1682013847,1682013847_000067,32,full,180,0.024580196804585435,-0.030462286053167992,1682013847_000027
1682013847,1682013847_000070,32,full,180,-0.05621141179097818,-0.05626429639361195,1682013847_000007
1682013847,1682013847_000072,32,full,180,0.07786833797061374,0.013198174637012514,1682013847_000007
1682013847,1682013847_000075,32,full,180,0.029604738262828844,-0.014229153378845942,1682013847_000117
1682013847,1682013847_000077,32,full,180,-0.0021203391149980286,-0.02950189242583461,1682013847_000005
1682013847,1682013847_000080,32,full,180,0.036934372341190146,-0.056329882773836555,1682013847_000012
1682013847,1682013847_000082,32,full,180,0.10905471053300786,0.04350888580614839,1682013847_000152
1682013847,1682013847_000085,32,full,180,0.06124551226804733,0.026583180268820936,1682013847_000025
1682013847,1682013847_000087,32,full,180,0.06537998558739781,0.03625773291508025,1682013847_000042
1682013847,1682013847_000090,32,full,180,0.016489876204689616,-0.007100660831991401,1682013847_000017
1682013847,1682013847_000092,32,full,180,0.027568560497466216,0.05814871823661057,1682013847_000155
1682013847,1682013847_000095,32,full,180,0.010003044018248034,-0.05872521648038842,1682013847_000097
1682013847,1682013847_000097,32,full,180,0.043407834692675624,-0.012005519536808304,1682013847_000112
1682013847,1682013847_000100,32,full,180,0.06767647041349706,0.028585933192249908,1682013847_000032
1682013847,1682013847_000102,32,full,180,0.1263943600518313,0.05965040147861397,1682013847_000127
1682013847,1682013847_000105,32,full,180,0.05745265345346306,-0.044356367059338674,1682013847_000127
1682013847,1682013847_000107,32,full,180,-0.028749862936461132,-0.07561837759263787,1682013847_000082
1682013847,1682013847_000110,32,full,180,0.11994008508831462,0.08464036900390375,1682013847_000100
1682013847,1682013847_000112,32,full,180,0.0931442355657066,0.010912684290522499,1682013847_000095
1682013847,1682013847_000115,32,full,180,0.025231280540754287,-0.01152901960533594,1682013847_000092
1682013847,1682013847_000117,32,full,180,0.026248863916453324,-0.010423376262636503,1682013847_000000
1682013847,1682013847_000120,32,full,180,0.003287510251269704,-0.021199987066357968,1682013847_000122
1682013847,1682013847_000122,32,full,180,0.0007564060035681429,-0.001197022035488754,1682013847_000022
1682013847,1682013847_000125,32,full,180,0.0303932484605425,-0.02451499036250468,1682013847_000107
1682013847,1682013847_000127,32,full,180,0.08019484977781137,0.0401948560500423,1682013847_000015
1682013847,1682013847_000130,32,full,180,0.014148353091447699,-0.05934374414024895,1682013847_000135
1682013847,1682013847_000132,32,full,180,0.020076745351909547,-0.03902681844056928,1682013847_000135
1682013847,1682013847_000135,32,full,180,-0.12962409549105416,-0.16479593016804195,1682013847_000065
1682013847,1682013847_000137,32,full,180,0.11105594159616383,0.0427054472920984,1682013847_000047
1682013847,1682013847_000140,32,full,180,0.10667019694451563,0.0668947628675458,1682013847_000080
1682013847,1682013847_000142,32,full,180,0.11139260600962297,0.004396895218652333,1682013847_000157
1682013847,1682013847_000145,32,full,180,-0.01802810924744903,-0.05961341531175074,1682013847_000150
1682013847,1682013847_000147,32,full,180,0.07560684005108238,0.04827002840891384,1682013847_000055
1682013847,1682013847_000150,32,full,180,0.020213697350519127,-0.08377557481294216,1682013847_000060
1682013847,1682013847_000152,32,full,180,0.05741594576361413,-0.006161917297363424,1682013847_000145
1682013847,1682013847_000155,32,full,180,-0.017790266810974346,-0.0038014113642057534,1682013847_000140
1682013847,1682013847_000157,32,full,180,0.07082310890020393,0.02594132580788172,1682013847_000075
1682014432,1682014432_000000,32,full,180,0.04278839080826613,-0.007357507607637222,1682014432_000001
1682014432,1682014432_000001,32,full,180,0.012800235691632878,-0.0024896675691808137,1682014432_000039
1682014432,1682014432_000002,32,full,180,0.0941104422895071,0.04735629463873305,1682014432_000019
1682014432,1682014432_000003,32,full,180,0.04106282080701233,0.016206427480856257,1682014432_000028
1682014432,1682014432_000004,32,full,180,-0.05717305281034244,-0.07252411983190533,1682014432_000032
1682014432,1682014432_000005,32,full,180,0.05664488663726434,0.01628415014776675,1682014432_000044
1682014432,1682014432_000006,32,full,180,0.06888984880858502,0.007800794014687744,1682014432_000111
1682014432,1682014432_000007,32,full,180,0.1077983538518522,0.06685324125015182,1682014432_000057
1682014432,1682014432_000008,32,full,180,-0.014904072910114807,-0.038388671870580295,1682014432_000104
1682014432,1682014432_000009,32,full,180,0.01515183338806216,-0.03166445773160815,1682014432_000004
1682014432,1682014432_000010,32,full,180,0.04747849936705053,0.03261954088987083,1682014432_000063
1682014432,1682014432_000011,32,full,180,-0.01144046525318166,-0.08358324392720894,1682014432_000074
1682014432,1682014432_000012,32,full,180,0.04285975648388495,0.01787654923441925,1682014432_000047
1682014432,1682014432_000013,32,full,180,0.01973365958697291,-0.030084544591554963,1682014432_000105
1682014432,1682014432_000014,32,full,180,0.020895562931056284,-0.06388535161527141,1682014432_000102
1682014432,1682014432_000015,32,full,180,-0.0011125688462188203,-0.03886610824645034,1682014432_000024
1682014432,1682014432_000016,32,full,180,0.08560018993390443,0.00522375118919174,1682014432_000027
1682014432,1682014432_000017,32,full,180,0.12021452103405889,0.01644157279915088,1682014432_000110
1682014432,1682014432_000018,32,full,180,0.0913590400531153,0.021469731708663464,1682014432_000059
1682014432,1682014432_000019,32,full,180,0.0031429624740938037,-0.014753280329276286,1682014432_000077
1682014432,1682014432_000020,32,full,180,-0.0197261788748404,-0.062396547099396155,1682014432_000036
1682014432,1682014432_000021,32,full,180,0.021551356584081388,-0.0004781568583145009,1682014432_000045
1682014432,1682014432_000022,32,full,180,0.042261087435392995,0.003664934369793473,1682014432_000010
1682014432,1682014432_000023,32,full,180,0.11441270320912678,0.051617360899129584,1682014432_000016
1682014432,1682014432_000024,32,full,180,-0.004620135534388709,-0.0396003466350282,1682014432_000065
1682014432,1682014432_000025,32,full,180,0.0391085360174157,0.024818624976875273,1682014432_000085
1682014432,1682014432_000026,32,full,180,0.07044582226591353,0.03329668726402124,1682014432_000086
1682014432,1682014432_000027,32,full,180,0.038409949588561594,-0.012462275914021633,1682014432_000080
1682014432,1682014432_000028,32,full,180,0.06668059420894608,0.037717655392622916,1682014432_000067
1682014432,1682014432_000029,32,full,180,0.03346076037924736,0.0020656706354914636,1682014432_000071
1682014432,1682014432_000030,32,full,180,0.03715586026855817,0.02145070538216921,1682014432_000026
1682014432,1682014432_000031,32,full,180,0.1253847079390977,0.06926875642943311,1682014432_000041
1682014432,1682014432_000032,32,full,180,0.0921617949948818,0.04060006553203074,1682014432_000084
1682014432,1682014432_000033,32,full,180,0.11977621652149169,0.07071893548494729,1682014432_000015
1682014432,1682014432_000034,32,full,180,0.05083855511164934,-0.021064831596891802,1682014432_000096
1682014432,1682014432_000035,32,full,180,0.0328987940550994,0.02118421209477255,1682014432_000040
1682014432,1682014432_000036,32,full,180,0.060068771887794414,0.007503781987714393,1682014432_000103
1682014432,1682014432_000037,32,full,180,0.008374274871029968,-0.0456210499711438,1682014432_000022
1682014432,1682014432_000038,32,full,180,0.02632134100638581,-0.025705574093074692,1682014432_000043
1682014432,1682014432_000039,32,full,180,0.08687881597683274,0.009622281977263303,1682014432_000030
1682014432,1682014432_000040,32,full,180,0.01342376518269009,-0.018949412643590083,1682014432_000055
1682014432,1682014432_000041,32,full,180,0.02877172465369386,-0.01830332913653039,1682014432_000031
1682014432,1682014432_000042,32,full,180,0.10620563443280158,0.031869912897112225,1682014432_000073
1682014432,1682014432_000043,32,full,180,0.11613442709202215,0.06667312401666924,1682014432_000099
1682014432,1682014432_000044,32,full,180,0.09396219539119655,0.03519667586124329,1682014432_000025
1682014432,1682014432_000045,32,full,180,-0.015624850085514954,-0.03781332846009088,1682014432_000107
1682014432,1682014432_000046,32,full,180,0.10807188907391924,0.024696052230945575,1682014432_000000
1682014432,1682014432_000047,32,full,180,0.07658846736479771,0.02072052051670189,1682014432_000012
1682014432,1682014432_000048,32,full,180,-0.0044535925568716375,-0.015417158742538137,1682014432_000035
1682014432,1682014432_000049,32,full,180,0.008028994115572204,-0.05415490036630283,1682014432_000037
1682014432,1682014432_000050,32,full,180,0.01844935032314853,-0.038523327152678276,1682014432_000054
1682014432,1682014432_000051,32,full,180,0.02601491833135075,-0.027566461360061602,1682014432_000053
1682014432,1682014432_000052,32,full,180,-0.012483200812412934,-0.055357420551062624,1682014432_000003
1682014432,1682014432_000053,32,full,180,0.12294523697506725,0.05987862104374119,1682014432_000094
1682014432,1682014432_000054,32,full,180,-0.021727407270451433,-0.06036992286762736,1682014432_000076
1682014432,1682014432_000055,32,full,180,0.015931311509689326,-0.03460894321193454,1682014432_000100
1682014432,1682014432_000056,32,full,180,0.062235766759696574,0.044136554540422625,1682014432_000095
1682014432,1682014432_000057,32,full,180,-0.00797572863818244,-0.06675806059386864,1682014432_000078
1682014432,1682014432_000058,32,full,180,0.06725039087008426,0.030191779094951215,1682014432_000009
1682014432,1682014432_000059,32,full,180,0.012903228769152045,-0.03612573468147897,1682014432_000101
1682014432,1682014432_000060,32,full,180,-0.07265563476660444,-0.08329770264920744,1682014432_000007
1682014432,1682014432_000061,32,full,180,-0.007357456030847693,-0.025008328149276227,1682014432_000066
1682014432,1682014432_000062,32,full,180,-0.040395675253036945,-0.08414189680301991,1682014432_000014
1682014432,1682014432_000063,32,full,180,0.03458797787991386,0.05309563782196253,1682014432_000068
1682014432,1682014432_000064,32,full,180,0.0268281182973209,-0.020166354502461358,1682014432_000088
1682014432,1682014432_000065,32,full,180,0.09253451934756816,0.03667871864840536,1682014432_000098
1682014432,1682014432_000066,32,full,180,-0.05926888162495161,-0.09124971374460089,1682014432_000052
1682014432,1682014432_000067,32,full,180,0.03678977239132496,-0.03391392532428233,1682014432_000081
1682014432,1682014432_000068,32,full,180,0.07817215372002305,0.03281920192039422,1682014432_000089
1682014432,1682014432_000069,32,full,180,0.09741210358303291,0.024237970878309808,1682014432_000083
1682014432,1682014432_000070,32,full,180,-0.05333530204710433,-0.09300300845990371,1682014432_000008
1682014432,1682014432_000071,32,full,180,-0.005088225631481334,-0.01686214210543734,1682014432_000091
1682014432,1682014432_000072,32,full,180,-0.012000292928073092,-0.03883427888174148,1682014432_000018
1682014432,1682014432_000073,32,full,180,-0.023518017811725966,-0.02029795333509584,1682014432_000038
1682014432,1682014432_000074,32,full,180,-0.03862908417691,-0.07411716008325252,1682014432_000020
1682014432,1682014432_000075,32,full,180,0.08485625360172407,0.012908088191094654,1682014432_000046
1682014432,1682014432_000076,32,full,180,-0.010189617193296982,-0.05559123758635006,1682014432_000069
1682014432,1682014432_000077,32,full,180,-0.011513214609684052,-0.015690170144766587,1682014432_000093
1682014432,1682014432_000078,32,full,180,-0.021777292615306115,-0.07205487754767954,1682014432_000023
1682014432,1682014432_000079,32,full,180,0.062088362554031475,0.015219036432034141,1682014432_000108
1682014432,1682014432_000080,32,full,180,0.09331218208562252,0.010917504470411385,1682014432_000060
1682014432,1682014432_000081,32,full,180,0.0951454033128216,0.09007747495267528,1682014432_000050
1682014432,1682014432_000082,32,full,180,0.031172652528611552,0.00020067194888789266,1682014432_000097
1682014432,1682014432_000083,32,full,180,0.06564881310978699,0.009520110758754804,1682014432_000070
1682014432,1682014432_000084,32,full,180,0.08770668130639368,0.044021354942833345,1682014432_000062
1682014432,1682014432_000085,32,full,180,0.09513738407157664,0.0765630540124514,1682014432_000092
1682014432,1682014432_000086,32,full,180,0.08004602944190718,0.045708544767384555,1682014432_000034
1682014432,1682014432_000087,32,full,180,0.032032505933315185,-0.02048268174805062,1682014432_000013
1682014432,1682014432_000088,32,full,180,0.001377714465999963,-0.03804818738133411,1682014432_000079
1682014432,1682014432_000089,32,full,180,0.04945116215970611,-0.0018699842784011915,1682014432_000061
1682014432,1682014432_000090,32,full,180,0.11190025747389269,0.0642276199658323,1682014432_000005
1682014432,1682014432_000091,32,full,180,0.02584960107191848,0.02439033133101215,1682014432_000058
1682014432,1682014432_000092,32,full,180,0.0382655017259968,-0.03457617924206279,1682014432_000064
1682014432,1682014432_000093,32,full,180,0.07610420765049496,0.03660210210443169,1682014432_000029
1682014432,1682014432_000094,32,full,180,-0.011383089347273077,-0.016184158474434607,1682014432_000042
1682014432,1682014432_000095,32,full,180,0.07345180020971638,0.05929274380267437,1682014432_000109
1682014432,1682014432_000096,32,full,180,-0.032675251459830086,-0.056044342744314544,1682014432_000106
1682014432,1682014432_000097,32,full,180,0.1241465978617615,0.04076339433615163,1682014432_000082
1682014432,1682014432_000098,32,full,180,0.04278089016818836,-0.014460548502299187,1682014432_000011
1682014432,1682014432_000099,32,full,180,0.03229142329936945,0.015813285172480946,1682014432_000048
1682014432,1682014432_000100,32,full,180,0.09355471175640839,0.07197761998320301,1682014432_000006
1682014432,1682014432_000101,32,full,180,0.10142785821023297,0.0572841479720734,1682014432_000072
1682014432,1682014432_000102,32,full,180,0.06267020341797185,0.01593794877799372,1682014432_000112
1682014432,1682014432_000103,32,full,180,0.06510496095451902,0.06363056156080783,1682014432_000021
1682014432,1682014432_000104,32,full,180,0.12288136234029012,0.08984111915683761,1682014432_000049
1682014432,1682014432_000105,32,full,180,0.038166168241078165,0.030607369094603116,1682014432_000017
1682014432,1682014432_000106,32,full,180,0.07051810850612279,0.037744525643458406,1682014432_000075
1682014432,1682014432_000107,32,full,180,0.1055901296962738,0.030400554863143314,1682014432_000002
1682014432,1682014432_000108,32,full,180,0.004610070633847403,-0.004803150954901238,1682014432_000033
1682014432,1682014432_000109,32,full,180,-0.005282695722162961,-0.07946678238898937,1682014432_000051
1682014432,1682014432_000110,32,full,180,-0.02431224124990034,-0.07347945476857946,1682014432_000087
1682014432,1682014432_000111,32,full,180,0.022405058764956475,-0.01392827220606263,1682014432_000090
1682014432,1682014432_000112,32,full,180,0.007559612640485401,-0.011467056877334228,1682014432_000056
1682712156,1682712156_000001,32,full,180,0.06621134288706852,0.022749061365704603,1682712156_000481
1682712156,1682712156_000013,32,full,180,-0.03223751433524358,-0.07594190709697325,1682712156_000247
1682712156,1682712156_000026,32,full,180,0.013263694948049807,-0.04972779128244901,1682712156_000050
1682712156,1682712156_000038,32,full,180,0.05924143770360627,0.015294792747524898,1682712156_000691
1682712156,1682712156_000050,32,full,180,0.11182290907020974,0.04535864736680398,1682712156_000026
1682712156,1682712156_000063,32,full,180,0.07782825568088046,0.010514733622538316,1682712156_000161
1682712156,1682712156_000075,32,full,180,0.08705165743056413,0.01548723067131366,1682712156_000617
1682712156,1682712156_000087,32,full,180,0.0332856214278305,-0.04319575301278313,1682712156_000100
1682712156,1682712156_000100,32,full,180,0.1022318910279378,-0.007081167370105741,1682712156_000592
1682712156,1682712156_000112,32,full,180,0.018615495821477476,-0.03956735859725286,1682712156_000457
1682712156,1682712156_000124,32,full,180,0.16527222266172822,0.04669438825525035,1682712156_000038
1682712156,1682712156_000136,32,full,180,0.020314435211424932,-0.02049038261268568,1682712156_000580
1682712156,1682712156_000149,32,full,180,0.08956171508415418,0.007915571216493873,1682712156_000063
1682712156,1682712156_000161,32,full,180,0.07832650060066354,0.04040382558598285,1682712156_000629
1682712156,1682712156_000173,32,full,180,0.036334556559007795,-0.012264531503305481,1682712156_000013
1682712156,1682712156_000186,32,full,180,0.037579137928963016,-0.014465017773095216,1682712156_000001
1682712156,1682712156_000198,32,full,180,0.050676289587865686,0.007206331222669153,1682712156_000666
1682712156,1682712156_000210,32,full,180,0.012066976292549414,-0.06093514435421915,1682712156_000124
1682712156,1682712156_000223,32,full,180,0.01009108957625908,-0.10260438826945416,1682712156_000432
1682712156,1682712156_000235,32,full,180,0.04208106079530005,-0.02094858770315845,1682712156_000469
1682712156,1682712156_000247,32,full,180,0.049334997552667494,-0.013729501614441161,1682712156_000654
1682712156,1682712156_000260,32,full,180,0.07471203794815562,0.018044942460203727,1682712156_000358
1682712156,1682712156_000272,32,full,180,0.07678860130044966,0.003196204047110268,1682712156_000149
1682712156,1682712156_000284,32,full,180,-0.010721423015752846,-0.04981809737826079,1682712156_000444
1682712156,1682712156_000297,32,full,180,0.0411513403739359,-0.017531068660459104,1682712156_000407
1682712156,1682712156_000309,32,full,180,-0.019135561830597825,-0.07773709003060898,1682712156_000235
1682712156,1682712156_000321,32,full,180,0.038629658258000264,-0.004939079994232573,1682712156_000531
1682712156,1682712156_000334,32,full,180,-0.012888409194679604,-0.03755920727987985,1682712156_000531
1682712156,1682712156_000346,32,full,180,0.003915534258030306,-0.033138291662075846,1682712156_000543
1682712156,1682712156_000358,32,full,180,-0.0020542612697240733,-0.11207893196387649,1682712156_000198
1682712156,1682712156_000371,32,full,180,-0.06783731999203184,-0.10736420785232732,1682712156_000420
1682712156,1682712156_000383,32,full,180,-0.03265062768819451,-0.03281709190191876,1682712156_000740
1682712156,1682712156_000395,32,full,180,0.043152035239925994,0.014984515780519911,1682712156_000297
1682712156,1682712156_000407,32,full,180,0.05054903778494942,-0.011722949661127266,1682712156_000518
1682712156,1682712156_000420,32,full,180,0.010249875940220273,-0.03691264655408764,1682712156_000703
1682712156,1682712156_000432,32,full,180,0.0475186793667041,-0.004555288566083812,1682712156_000383
1682712156,1682712156_000444,32,full,180,0.08324140677603346,0.04273538611801317,1682712156_000260
1682712156,1682712156_000457,32,full,180,0.1069602688758813,0.08683207292379531,1682712156_000136
1682712156,1682712156_000469,32,full,180,-0.03127786860123935,-0.07282570602830518,1682712156_000777
1682712156,1682712156_000481,32,full,180,0.048525018938601616,-0.02597424733098777,1682712156_000605
1682712156,1682712156_000494,32,full,180,0.12978807774256743,0.08752052117795328,1682712156_000112
1682712156,1682712156_000506,32,full,180,0.06439691419342676,-0.0014484398947263138,1682712156_000346
1682712156,1682712156_000518,32,full,180,0.08003236918648159,0.005948359773907906,1682712156_000087
1682712156,1682712156_000531,32,full,180,0.1104054588130281,0.04840848697723547,1682712156_000568
1682712156,1682712156_000543,32,full,180,0.08512424916627627,0.06414850763686666,1682712156_000715
1682712156,1682712156_000555,32,full,180,-0.0929429140306219,-0.11292844869959633,1682712156_000075
1682712156,1682712156_000568,32,full,180,-0.005385233089148174,-0.06145169099982073,1682712156_000223
1682712156,1682712156_000580,32,full,180,-0.005208216070112273,-0.045354347076117206,1682712156_000728
1682712156,1682712156_000592,32,full,180,0.020457394714114546,-0.025774282384430997,1682712156_000765
1682712156,1682712156_000605,32,full,180,0.01966265197403295,0.01045743483244004,1682712156_000642
1682712156,1682712156_000617,32,full,180,0.016927098130174414,-0.0231942350795508,1682712156_000210
1682712156,1682712156_000629,32,full,180,0.11178206943003756,0.04669258560909854,1682712156_000334
1682712156,1682712156_000642,32,full,180,-0.003639973327461956,-0.05433881576526076,1682712156_000752
1682712156,1682712156_000654,32,full,180,0.0865475926357858,-0.008339912094250718,1682712156_000494
1682712156,1682712156_000666,32,full,180,0.04714607469413392,-0.011066253899041626,1682712156_000284
1682712156,1682712156_000678,32,full,180,0.11800016480200692,0.07558097384939162,1682712156_000555
1682712156,1682712156_000691,32,full,180,0.09292526452320322,0.04671118926888763,1682712156_000506
1682712156,1682712156_000703,32,full,180,0.018742722084065588,-0.013863391626542591,1682712156_000173
1682712156,1682712156_000715,32,full,180,0.01395975839808957,-0.048968490854542156,1682712156_000371
1682712156,1682712156_000728,32,full,180,0.036325908729391475,0.03259093689083965,1682712156_000678
1682712156,1682712156_000740,32,full,180,0.11353887860450523,0.05363444910824992,1682712156_000395
1682712156,1682712156_000752,32,full,180,0.18786961829768986,0.12391109375321359,1682712156_000272
1682712156,1682712156_000765,32,full,180,0.1182181966099934,0.054423605638908856,1682712156_000309
1682712156,1682712156_000777,32,full,180,0.008291301779553348,-0.032695324703714515,1682712156_000186
1682718815,1682718815_000001,32,full,180,0.06386453950325635,0.04061715697805095,1682718815_000285
1682718815,1682718815_000005,32,full,180,0.06911908167283037,-0.016613023393379462,1682718815_000221
1682718815,1682718815_000009,32,full,180,0.05389369474607276,0.0298962596501174,1682718815_000337
1682718815,1682718815_000013,32,full,180,0.0426220553621266,-0.013377404721741851,1682718815_000141
1682718815,1682718815_000017,32,full,180,0.08318422781574318,0.01703088676352287,1682718815_000189
1682718815,1682718815_000021,32,full,180,0.017130059507598865,-0.02603701355761756,1682718815_000033
1682718815,1682718815_000025,32,full,180,0.07665200026748747,0.05261014603802963,1682718815_000601
1682718815,1682718815_000029,32,full,180,-0.004471995001796641,-0.016661794467266434,1682718815_000573
1682718815,1682718815_000033,32,full,180,0.16958338725986077,0.09959597202715892,1682718815_000365
1682718815,1682718815_000037,32,full,180,0.13325440917063694,0.05682802517414031,1682718815_000361
1682718815,1682718815_000041,32,full,180,-0.012578186561649123,-0.05011818045893029,1682718815_000609
1682718815,1682718815_000045,32,full,180,0.033010734673330155,-0.011838523199627318,1682718815_000761
1682718815,1682718815_000049,32,full,180,0.055038280787149986,-0.03278714238972128,1682718815_000021
1682718815,1682718815_000053,32,full,180,0.05878805365459438,-0.028966555730385757,1682718815_000473
1682718815,1682718815_000057,32,full,180,-0.021921777358103772,-0.12015093097059641,1682718815_000505
1682718815,1682718815_000061,32,full,180,0.15389536169954804,0.07599628463010934,1682718815_000165
1682718815,1682718815_000065,32,full,180,0.10691521005310332,-0.015298651586197217,1682718815_000381
1682718815,1682718815_000069,32,full,180,0.0623938051053041,-0.006447301002222528,1682718815_000489
1682718815,1682718815_000073,32,full,180,0.03224921957765416,-0.0616984740270472,1682718815_000409
1682718815,1682718815_000077,32,full,180,0.016945394193557534,0.009553415109779547,1682718815_000357
1682718815,1682718815_000081,32,full,180,0.008619065545936798,-0.023352772118511514,1682718815_000297
1682718815,1682718815_000085,32,full,180,-0.0511749618987233,-0.07615434730301741,1682718815_000393
1682718815,1682718815_000089,32,full,180,0.12972228224830626,0.06273957499842248,1682718815_000057
1682718815,1682718815_000093,32,full,180,-0.0008220052479133618,-0.043361518690932264,1682718815_000301
1682718815,1682718815_000097,32,full,180,-0.04242893911878801,-0.11996304100307031,1682718815_000469
1682718815,1682718815_000101,32,full,180,-0.04675305171520897,-0.08585962738506242,1682718815_000577
1682718815,1682718815_000105,32,full,180,0.026740690819813565,-0.017023433917180288,1682718815_000733
1682718815,1682718815_000109,32,full,180,0.055666221703530055,-0.0402067212204289,1682718815_000405
1682718815,1682718815_000113,32,full,180,0.023949868084962102,-0.03774520019335804,1682718815_000569
1682718815,1682718815_000117,32,full,180,0.041806451363889996,0.027654285170698123,1682718815_000589
1682718815,1682718815_000121,32,full,180,0.05859700210111482,-0.015688714088325794,1682718815_000681
1682718815,1682718815_000125,32,full,180,0.03292911524252548,0.01321485574774213,1682718815_000449
1682718815,1682718815_000129,32,full,180,0.07430342990267337,-0.01085215364260817,1682718815_000433
1682718815,1682718815_000133,32,full,180,0.08614815050885,0.021129409589779564,1682718815_000341
1682718815,1682718815_000137,32,full,180,0.12498895247463644,0.04974536323350507,1682718815_000745
1682718815,1682718815_000141,32,full,180,0.07177113481108369,0.0067198138309919496,1682718815_000385
1682718815,1682718815_000145,32,full,180,0.015437659239393983,-0.06977178365279,1682718815_000053
1682718815,1682718815_000149,32,full,180,0.046874258564311565,0.0054076493014116635,1682718815_000349
1682718815,1682718815_000153,32,full,180,-0.056647317350103636,-0.06341325982592151,1682718815_000437
1682718815,1682718815_000157,32,full,180,-0.050088614379637374,-0.07478367229421384,1682718815_000161
1682718815,1682718815_000161,32,full,180,0.019950528426838254,-0.05846302590915937,1682718815_000037
1682718815,1682718815_000165,32,full,180,0.03337041002979844,-0.032421745052514016,1682718815_000037
1682718815,1682718815_000169,32,full,180,0.08376685780401272,0.02595216231632863,1682718815_000525
1682718815,1682718815_000173,32,full,180,0.06520299637872003,0.012547706146141669,1682718815_000149
1682718815,1682718815_000177,32,full,180,0.09731964356355981,0.06581760178931269,1682718815_000313
1682718815,1682718815_000181,32,full,180,0.05358420233635667,-0.03969665682670582,1682718815_000673
1682718815,1682718815_000185,32,full,180,0.11955768902955005,0.0400490361810322,1682718815_000561
1682718815,1682718815_000189,32,full,180,0.12492656843670415,0.06101627485546,1682718815_000309
1682718815,1682718815_000193,32,full,180,0.06356887527460785,0.059803099540820526,1682718815_000321
1682718815,1682718815_000197,32,full,180,0.1343917902938462,0.10033085043288598,1682718815_000401
1682718815,1682718815_000201,32,full,180,0.027421176091656414,-0.04502616708107124,1682718815_000605
1682718815,1682718815_000205,32,full,180,0.04833822969723502,0.004134426660671121,1682718815_000049
1682718815,1682718815_000209,32,full,180,0.05829907533549189,-0.017874680328520704,1682718815_000729
1682718815,1682718815_000213,32,full,180,0.050895198290369426,0.021080279867527984,1682718815_000537
1682718815,1682718815_000217,32,full,180,0.05778042354725568,0.05739201210353003,1682718815_000293
1682718815,1682718815_000221,32,full,180,0.0890604042756906,-0.0031599331458572397,1682718815_000705
1682718815,1682718815_000225,32,full,180,-0.03438596935506527,-0.03855374984935724,1682718815_000613
1682718815,1682718815_000229,32,full,180,0.07509989378973357,-0.04332339872867035,1682718815_000261
1682718815,1682718815_000233,32,full,180,0.01525508566323252,-0.001302936727821909,1682718815_000625
1682718815,1682718815_000237,32,full,180,0.12588192202915918,0.06447838781506807,1682718815_000661
1682718815,1682718815_000241,32,full,180,0.033366093495597327,-0.06758620865527347,1682718815_000701
1682718815,1682718815_000245,32,full,180,0.10767836650689289,0.04257330211646242,1682718815_000693
1682718815,1682718815_000249,32,full,180,0.038245700299531595,-0.014523122048094165,1682718815_000101
1682718815,1682718815_000253,32,full,180,-0.05056830456718955,-0.12016393467232016,1682718815_000085
1682718815,1682718815_000257,32,full,180,-0.04469020776724725,-0.0465743691550492,1682718815_000269
1682718815,1682718815_000261,32,full,180,-0.015487790779190201,0.002584586944937562,1682718815_000253
1682718815,1682718815_000265,32,full,180,0.0479198163556119,-0.01658038291445142,1682718815_000453
1682718815,1682718815_000269,32,full,180,0.04103309592067641,0.025916912763510925,1682718815_000317
1682718815,1682718815_000273,32,full,180,0.04204444258697213,-0.0055295190666320064,1682718815_000197
1682718815,1682718815_000277,32,full,180,-0.04645058037761939,-0.11781439159895418,1682718815_000669
1682718815,1682718815_000281,32,full,180,0.08507930852475566,0.0621485615233813,1682718815_000709
1682718815,1682718815_000285,32,full,180,-0.01686828165038941,-0.024356719900354706,1682718815_000461
1682718815,1682718815_000289,32,full,180,0.0696475042314079,0.021992025490650394,1682718815_000017
1682718815,1682718815_000293,32,full,180,0.03487217268375223,0.04637932766027905,1682718815_000493
1682718815,1682718815_000297,32,full,180,0.06985663711900776,0.038114697645350935,1682718815_000329
1682718815,1682718815_000301,32,full,180,0.1302406192721488,0.06883703966106634,1682718815_000717
1682718815,1682718815_000305,32,full,180,0.10064543776404966,0.02889285176654423,1682718815_000061
1682718815,1682718815_000309,32,full,180,0.022589322790866687,-0.0159560129817963,1682718815_000677
1682718815,1682718815_000313,32,full,180,0.12580880454852353,0.05616768661964333,1682718815_000153
1682718815,1682718815_000317,32,full,180,0.043440658636978546,0.022454651602391396,1682718815_000097
1682718815,1682718815_000321,32,full,180,0.048411917803783046,0.020696508839022548,1682718815_000749
1682718815,1682718815_000325,32,full,180,0.011677627550031551,-0.015569758445474887,1682718815_000265
1682718815,1682718815_000329,32,full,180,0.11501342488405546,0.09339252816672398,1682718815_000077
1682718815,1682718815_000333,32,full,180,0.03287057525522951,-0.001752749674366084,1682718815_000305
1682718815,1682718815_000337,32,full,180,0.031223395870916378,0.004170537699561286,1682718815_000249
1682718815,1682718815_000341,32,full,180,0.07045627774564493,0.04984998836846794,1682718815_000333
1682718815,1682718815_000345,32,full,180,-0.0072848066777817105,0.006459513734083432,1682718815_000769
1682718815,1682718815_000349,32,full,180,0.0778467362457796,0.029733272763942793,1682718815_000565
1682718815,1682718815_000353,32,full,180,0.043301116658813664,0.04817197523428513,1682718815_000225
1682718815,1682718815_000357,32,full,180,0.017177557410332996,-0.0072458938918184,1682718815_000645
1682718815,1682718815_000361,32,full,180,0.08520588082129821,0.028043462908279748,1682718815_000073
1682718815,1682718815_000365,32,full,180,-0.006564712665978488,-0.08697923726369539,1682718815_000241
1682718815,1682718815_000369,32,full,180,0.06122206966322034,0.03507946801266645,1682718815_000541
1682718815,1682718815_000373,32,full,180,0.060402877946341055,0.021748114984534897,1682718815_000509
1682718815,1682718815_000377,32,full,180,0.07587711489839898,0.02670671110585568,1682718815_000593
1682718815,1682718815_000381,32,full,180,0.04439936236457962,0.03325768735008396,1682718815_000217
1682718815,1682718815_000385,32,full,180,-0.012894589846061828,0.04412895496394415,1682718815_000773
1682718815,1682718815_000389,32,full,180,0.08776588778474548,0.038673536383660195,1682718815_000413
1682718815,1682718815_000393,32,full,180,0.022311865691175974,-0.0413177744748188,1682718815_000557
1682718815,1682718815_000397,32,full,180,0.031275766430237384,-0.015836871401186406,1682718815_000737
1682718815,1682718815_000401,32,full,180,0.04158937143067587,-0.028085486286058736,1682718815_000497
1682718815,1682718815_000405,32,full,180,0.0706184984413665,-0.014344419282666512,1682718815_000649
1682718815,1682718815_000409,32,full,180,0.029356133571329657,-0.06404020848585089,1682718815_000369
1682718815,1682718815_000413,32,full,180,0.0007810718694301657,-0.021622938498308736,1682718815_000229
1682718815,1682718815_000417,32,full,180,0.023591198428256147,0.04908827125182658,1682718815_000013
1682718815,1682718815_000421,32,full,180,0.15079544499779654,0.1170355705086565,1682718815_000209
1682718815,1682718815_000425,32,full,180,0.038129187398671334,0.03440872069119403,1682718815_000397
1682718815,1682718815_000429,32,full,180,0.053230285949548345,0.017125252293076237,1682718815_000245
1682718815,1682718815_000433,32,full,180,0.0574851799825015,-0.03785810554737462,1682718815_000177
1682718815,1682718815_000437,32,full,180,0.032641945355766096,-0.031612976678869247,1682718815_000517
1682718815,1682718815_000441,32,full,180,0.04955261734210345,0.021960151127732877,1682718815_000501
1682718815,1682718815_000445,32,full,180,0.010619391009242122,-0.02393333861304682,1682718815_000725
1682718815,1682718815_000449,32,full,180,0.025746413477711658,-0.04231524668363637,1682718815_000441
1682718815,1682718815_000453,32,full,180,0.014987253755839388,-0.04305564287360642,1682718815_000421
1682718815,1682718815_000457,32,full,180,0.08890807578259184,0.061934320847766546,1682718815_000417
1682718815,1682718815_000461,32,full,180,0.09521776752128203,0.024799262737557528,1682718815_000169
1682718815,1682718815_000465,32,full,180,-0.024223051877761154,-0.12225299752938769,1682718815_000585
1682718815,1682718815_000469,32,full,180,0.12500413011269573,0.10753962816677665,1682718815_000289
1682718815,1682718815_000473,32,full,180,0.030461083490660023,-0.016661387600290126,1682718815_000633
1682718815,1682718815_000477,32,full,180,0.07789654435709822,0.05658959901364239,1682718815_000193
1682718815,1682718815_000481,32,full,180,-0.001193132548934771,-0.018787672570890816,1682718815_000129
1682718815,1682718815_000485,32,full,180,0.052395510870602846,0.018947481456702078,1682718815_000553
1682718815,1682718815_000489,32,full,180,0.015368710853647619,-0.04505150016914961,1682718815_000065
1682718815,1682718815_000493,32,full,180,0.02445230207950114,0.013573945099791852,1682718815_000173
1682718815,1682718815_000497,32,full,180,0.094022751233219,0.030067558780067425,1682718815_000281
1682718815,1682718815_000501,32,full,180,0.013919445742702983,-0.016557477218353968,1682718815_000665
1682718815,1682718815_000505,32,full,180,0.050653740678363125,-0.004457594561247888,1682718815_000089
1682718815,1682718815_000509,32,full,180,0.009592430299230237,-0.03953455237332325,1682718815_000481
1682718815,1682718815_000513,32,full,180,0.0903876836290014,-0.0014693458712359924,1682718815_000457
1682718815,1682718815_000517,32,full,180,0.013851987300058747,0.011614040561753072,1682718815_000125
1682718815,1682718815_000521,32,full,180,0.07207194126181632,0.034395258432661065,1682718815_000653
1682718815,1682718815_000525,32,full,180,0.013748110179360151,0.018124926171273283,1682718815_000109
1682718815,1682718815_000529,32,full,180,0.049125828684277485,0.009808027838610645,1682718815_000121
1682718815,1682718815_000533,32,full,180,0.08135743043428025,0.03246428048544667,1682718815_000513
1682718815,1682718815_000537,32,full,180,0.10013831807192812,-0.004132945260881852,1682718815_000521
1682718815,1682718815_000541,32,full,180,0.007075728685396877,-0.0711282710757198,1682718815_000429
1682718815,1682718815_000545,32,full,180,0.022177511849346212,-0.0415586168045585,1682718815_000765
1682718815,1682718815_000549,32,full,180,0.11324889916586167,0.07689670271866839,1682718815_000325
1682718815,1682718815_000553,32,full,180,-0.020545757159278814,-0.003083012162977905,1682718815_000641
1682718815,1682718815_000557,32,full,180,0.03338818831030529,-0.027610544845722663,1682718815_000689
1682718815,1682718815_000561,32,full,180,0.03634879582149755,0.008035062868375705,1682718815_000721
1682718815,1682718815_000565,32,full,180,-0.009400869862595728,-0.0184429036151408,1682718815_000145
1682718815,1682718815_000569,32,full,180,0.09905074448272616,0.032850879873183546,1682718815_000025
1682718815,1682718815_000573,32,full,180,0.008132658657580283,-0.011239079429519924,1682718815_000277
1682718815,1682718815_000577,32,full,180,0.10515139744604042,0.042706623041287674,1682718815_000581
1682718815,1682718815_000581,32,full,180,0.05070496315473902,-0.04923965355857398,1682718815_000105
1682718815,1682718815_000585,32,full,180,0.12070106197124421,0.06389133674443213,1682718815_000257
1682718815,1682718815_000589,32,full,180,0.10294932047046956,0.08871435444447422,1682718815_000093
1682718815,1682718815_000593,32,full,180,0.09469263981963255,0.0664903003895429,1682718815_000529
1682718815,1682718815_000597,32,full,180,0.09105302167012991,0.05820926532671814,1682718815_000137
1682718815,1682718815_000601,32,full,180,0.058808822678700134,0.008108768073640497,1682718815_000465
1682718815,1682718815_000605,32,full,180,0.10660019892706601,0.07205264549395704,1682718815_000345
1682718815,1682718815_000609,32,full,180,0.07286663292906448,0.050256984364102274,1682718815_000377
1682718815,1682718815_000613,32,full,180,0.06011515298463296,0.0010391890762307353,1682718815_000353
1682718815,1682718815_000617,32,full,180,0.07186235333629037,-0.018216332015305054,1682718815_000597
1682718815,1682718815_000621,32,full,180,0.0844052733299483,0.05248592408639319,1682718815_000757
1682718815,1682718815_000625,32,full,180,0.010555992281199722,-0.006167302046441461,1682718815_000273
1682718815,1682718815_000629,32,full,180,0.14233191689010563,0.10112119195329139,1682718815_000041
1682718815,1682718815_000633,32,full,180,0.04606579185826678,-0.001584367905089858,1682718815_000041
1682718815,1682718815_000637,32,full,180,-0.004962718450119216,-0.02114852992886272,1682718815_000657
1682718815,1682718815_000641,32,full,180,0.10860083525938653,0.016464889444782985,1682718815_000213
1682718815,1682718815_000645,32,full,180,0.0023220661818971894,-0.0655419161085349,1682718815_000445
1682718815,1682718815_000649,32,full,180,0.08665858020977413,0.029040244979219754,1682718815_000697
1682718815,1682718815_000653,32,full,180,0.10291350701531042,0.06553939630491155,1682718815_000485
1682718815,1682718815_000657,32,full,180,0.12179525187452615,0.023361105696077276,1682718815_000741
1682718815,1682718815_000661,32,full,180,0.022693865717072187,-0.041095937670839244,1682718815_000685
1682718815,1682718815_000665,32,full,180,0.08830578706616966,0.05911416436603578,1682718815_000233
1682718815,1682718815_000669,32,full,180,0.0924794298396055,0.03201878728670444,1682718815_000753
1682718815,1682718815_000673,32,full,180,0.024723642683997477,-0.00012033796016076848,1682718815_000777
1682718815,1682718815_000677,32,full,180,0.057319640370480186,0.01831730063858208,1682718815_000549
1682718815,1682718815_000681,32,full,180,0.1150654584188598,0.03244950182100684,1682718815_000069
1682718815,1682718815_000685,32,full,180,0.07434855859722499,-0.02391683404126709,1682718815_000425
1682718815,1682718815_000689,32,full,180,0.08200770441958068,0.0026293015427184597,1682718815_000637
1682718815,1682718815_000693,32,full,180,0.07240644141207224,0.025215164988468017,1682718815_000533
1682718815,1682718815_000697,32,full,180,0.10363081171187982,0.034736807618646344,1682718815_000001
1682718815,1682718815_000701,32,full,180,0.0893632107251689,0.07998897570155579,1682718815_000201
1682718815,1682718815_000705,32,full,180,0.06694805859515157,0.053087349213476964,1682718815_000477
1682718815,1682718815_000709,32,full,180,0.042954895291959755,-0.020780750698454076,1682718815_000081
1682718815,1682718815_000713,32,full,180,0.0686549645918045,0.013220056764697652,1682718815_000205
1682718815,1682718815_000717,32,full,180,0.09814137244694081,0.0937904841562886,1682718815_000621
1682718815,1682718815_000721,32,full,180,0.1344143360429442,0.03737331002738329,1682718815_000617
1682718815,1682718815_000725,32,full,180,0.09697582703029682,0.04580828914699711,1682718815_000117
1682718815,1682718815_000729,32,full,180,0.03902450649869688,-0.035676235271417465,1682718815_000133
1682718815,1682718815_000733,32,full,180,0.05660909769447873,0.004572476709582708,1682718815_000005
1682718815,1682718815_000737,32,full,180,0.08559339839545259,-0.031984964218344424,1682718815_000545
1682718815,1682718815_000741,32,full,180,0.011238749592385992,-0.026836968654038205,1682718815_000389
1682718815,1682718815_000745,32,full,180,0.005262267408192883,-0.04127909876764474,1682718815_000009
1682718815,1682718815_000749,32,full,180,0.09626340386880683,0.0025399798962139827,1682718815_000045
1682718815,1682718815_000753,32,full,180,-0.03843652679778673,-0.04039925787446991,1682718815_000237
1682718815,1682718815_000757,32,full,180,0.08835255904584578,0.06998628531763768,1682718815_000029
1682718815,1682718815_000761,32,full,180,0.07543956876831347,0.05365828998539956,1682718815_000373
1682718815,1682718815_000765,32,full,180,0.06929027690777201,-0.004812521438664949,1682718815_000713
1682718815,1682718815_000769,32,full,180,0.061790175670109165,0.010882577964979693,1682718815_000185
1682718815,1682718815_000773,32,full,180,-0.01201340025287318,0.02047805826893379,1682718815_000113
1682718815,1682718815_000777,32,full,180,0.07562452108296504,0.012218088737078525,1682718815_000181
1680410249,1680410249_000000,32,crop,180,0.43618933009604294,0.002718251100979447,1680410249_000001
1680410249,1680410249_000001,32,crop,180,0.40215495348474745,-0.061409293404628466,1680410249_000007
1680410249,1680410249_000002,32,crop,180,0.43311172133874476,-0.0485354701664957,1680410249_000005
1680410249,1680410249_000003,32,crop,180,0.4283709461897236,-0.00033689272425641476,1680410249_000009
1680410249,1680410249_000004,32,crop,180,0.4089039369806073,-0.0208165803202404,1680410249_000008
1680410249,1680410249_000005,32,crop,180,0.4143670377524731,-0.06593840860519191,1680410249_000008
1680410249,1680410249_000006,32,crop,180,0.44119240406703936,0.09650461025284483,1680410249_000003
1680410249,1680410249_000007,32,crop,180,0.5009951288873281,0.09326198669744235,1680410249_000000
1680410249,1680410249_000008,32,crop,180,0.38700077585252557,-0.025041506555845267,1680410249_000006
1680410249,1680410249_000009,32,crop,180,0.4502571523207175,0.06854379916814674,1680410249_000002
1680410569,1680410569_000000,32,crop,180,0.43146334105205275,0.014682502827347774,1680410569_000006
1680410569,1680410569_000001,32,crop,180,0.4308573717752367,-0.012658063980415251,1680410569_000009
1680410569,1680410569_000002,32,crop,180,0.42454678017749287,0.002577815567203943,1680410569_000008
1680410569,1680410569_000003,32,crop,180,0.3852083083567182,-0.08017845084424287,1680410569_000001
1680410569,1680410569_000004,32,crop,180,0.4123353064183671,-0.026007353913970632,1680410569_000000
1680410569,1680410569_000005,32,crop,180,0.4063110251810918,0.00633562076677057,1680410569_000007
1680410569,1680410569_000006,32,crop,180,0.42270040395399344,0.05784048539791669,1680410569_000004
1680410569,1680410569_000007,32,crop,180,0.3766835071982551,-0.03308290592345713,1680410569_000003
1680410569,1680410569_000008,32,crop,180,0.41264159530445205,0.021123179086340715,1680410569_000005
1680410569,1680410569_000009,32,crop,180,0.3732415428901361,-0.11560186546295337,1680410569_000002
1680412337,1680412337_000000,32,crop,180,0.4680482365832044,-0.024768652025767206,1680412337_000542
1680412337,1680412337_000012,32,crop,180,0.4778961992238118,-0.0037336679284414656,1680412337_000517
1680412337,1680412337_000025,32,crop,180,0.4853599412416405,0.011960902168864349,1680412337_000320
1680412337,1680412337_000037,32,crop,180,0.4949450556894155,0.053072670811623236,1680412337_000493
1680412337,1680412337_000049,32,crop,180,0.4728783238521647,-0.0032428469486240966,1680412337_000357
1680412337,1680412337_000062,32,crop,180,0.48641961957709356,0.048147245470988476,1680412337_000086
1680412337,1680412337_000074,32,crop,180,0.46539611141192044,-0.03140053150914277,1680412337_000135
1680412337,1680412337_000086,32,crop,180,0.4571238012906555,-0.009181362018274594,1680412337_000443
1680412337,1680412337_000099,32,crop,180,0.4706344464080083,0.005554709855840584,1680412337_000591
1680412337,1680412337_000111,32,crop,180,0.4791457872996714,-0.0478954994718846,1680412337_000222
1680412337,1680412337_000123,32,crop,180,0.4473322186169466,-0.0005385956859137222,1680412337_000530
1680412337,1680412337_000135,32,crop,180,0.5233237344910872,0.03481124949243431,1680412337_000099
1680412337,1680412337_000148,32,crop,180,0.46848591414112656,0.01866503578478095,1680412337_000604
1680412337,1680412337_000160,32,crop,180,0.4372740915999673,0.008840588833628276,1680412337_000394
1680412337,1680412337_000172,32,crop,180,0.44827913572654626,-0.012962255364118094,1680412337_000616
1680412337,1680412337_000185,32,crop,180,0.5064040164541256,-0.04314500044728129,1680412337_000382
1680412337,1680412337_000197,32,crop,180,0.44560270801322255,-0.0860011485358642,1680412337_000653
1680412337,1680412337_000209,32,crop,180,0.5393836393718258,-0.014986236329290395,1680412337_000123
1680412337,1680412337_000222,32,crop,180,0.4584022775716227,0.04826628928626985,1680412337_000259
1680412337,1680412337_000234,32,crop,180,0.4865898704628176,0.012732490236301094,1680412337_000062
1680412337,1680412337_000246,32,crop,180,0.4763771787051121,-0.0372440968239614,1680412337_000739
1680412337,1680412337_000259,32,crop,180,0.4901716524011654,0.08149983383024328,1680412337_000234
1680412337,1680412337_000271,32,crop,180,0.47212441436056496,0.051065317715129864,1680412337_000690
1680412337,1680412337_000283,32,crop,180,0.5109804811205788,0.08727245592335488,1680412337_000271
1680412337,1680412337_000296,32,crop,180,0.453936798968422,0.012051429216666375,1680412337_000567
1680412337,1680412337_000308,32,crop,180,0.47641691657794927,-0.010613155210685293,1680412337_000345
1680412337,1680412337_000320,32,crop,180,0.44287539372315726,0.01003646119440687,1680412337_000776
1680412337,1680412337_000333,32,crop,180,0.4818199907099987,-0.03254401821797454,1680412337_000554
1680412337,1680412337_000345,32,crop,180,0.47254903907544854,-0.01863027713964659,1680412337_000160
1680412337,1680412337_000357,32,crop,180,0.46117714687887507,-0.0325997799662861,1680412337_000751
1680412337,1680412337_000370,32,crop,180,0.3995887821425832,-0.04104629943513571,1680412337_000000
1680412337,1680412337_000382,32,crop,180,0.47070100505153034,0.007041701237741241,1680412337_000431
1680412337,1680412337_000394,32,crop,180,0.5023542039731809,-0.07143026308257591,1680412337_000111
1680412337,1680412337_000406,32,crop,180,0.5228750215321113,0.04903363742532758,1680412337_000037
1680412337,1680412337_000419,32,crop,180,0.41419856380435355,-0.04374401627259389,1680412337_000074
1680412337,1680412337_000431,32,crop,180,0.4696077774974455,0.03414007624222767,1680412337_000628
1680412337,1680412337_000443,32,crop,180,0.48263061337645974,-0.04073218021413375,1680412337_000246
1680412337,1680412337_000456,32,crop,180,0.48869203629592356,0.0051629685357327355,1680412337_000025
1680412337,1680412337_000468,32,crop,180,0.45917320369932985,-0.08649171579915904,1680412337_000579
1680412337,1680412337_000480,32,crop,180,0.4130801929636687,-0.013642929325269773,1680412337_000665
1680412337,1680412337_000493,32,crop,180,0.43373574955771305,-0.04732732120807787,1680412337_000641
1680412337,1680412337_000505,32,crop,180,0.46714691993858953,0.04514609924492644,1680412337_000480
1680412337,1680412337_000517,32,crop,180,0.4463103455575323,0.027274275754812876,1680412337_000468
1680412337,1680412337_000530,32,crop,180,0.4900836415634217,0.0196780715613164,1680412337_000012
1680412337,1680412337_000542,32,crop,180,0.4695623367053608,-0.015778154589207994,1680412337_000419
1680412337,1680412337_000554,32,crop,180,0.4466694246272129,-0.025565022403484527,1680412337_000283
1680412337,1680412337_000567,32,crop,180,0.4896817797281341,0.014621369830384168,1680412337_000406
1680412337,1680412337_000579,32,crop,180,0.41321158466465496,0.020762088988313332,1680412337_000209
1680412337,1680412337_000591,32,crop,180,0.48757630741818697,-0.04489488802232697,1680412337_000197
1680412337,1680412337_000604,32,crop,180,0.47681721568968055,0.052291656624938426,1680412337_000049
1680412337,1680412337_000616,32,crop,180,0.44424405681193496,0.010380364661330771,1680412337_000456
1680412337,1680412337_000628,32,crop,180,0.3688698717194036,-0.026750692392557632,1680412337_000677
1680412337,1680412337_000641,32,crop,180,0.4575214207852207,-0.05213512918075363,1680412337_000714
1680412337,1680412337_000653,32,crop,180,0.46080587870727335,-0.02868459822936452,1680412337_000505
1680412337,1680412337_000665,32,crop,180,0.4065824114190419,-0.07323696027635351,1680412337_000727
1680412337,1680412337_000677,32,crop,180,0.4574196186455363,0.005203601785182077,1680412337_000308
1680412337,1680412337_000690,32,crop,180,0.4220792532703265,-0.04093845284028465,1680412337_000172
1680412337,1680412337_000702,32,crop,180,0.4324766379387703,-0.07524818558237105,1680412337_000296
1680412337,1680412337_000714,32,crop,180,0.4403481576876298,0.06334568794150364,1680412337_000370
1680412337,1680412337_000727,32,crop,180,0.47957569972650255,0.024469981016890036,1680412337_000185
1680412337,1680412337_000739,32,crop,180,0.4439995409697075,-0.06403186148785832,1680412337_000764
1680412337,1680412337_000751,32,crop,180,0.45796262031396173,0.06533242457718387,1680412337_000702
1680412337,1680412337_000764,32,crop,180,0.4818934609831829,0.030682524518699742,1680412337_000333
1680412337,1680412337_000776,32,crop,180,0.443283014640772,0.014987588891288267,1680412337_000148
1681945334,1681945334_000000,32,crop,180,0.4289502769644482,-0.05386606121791393,1681945334_000259
1681945334,1681945334_000012,32,crop,180,0.48570751673838214,0.04584291887760206,1681945334_000345
1681945334,1681945334_000025,32,crop,180,0.5047529692788223,-0.001680399589904231,1681945334_000739
1681945334,1681945334_000037,32,crop,180,0.49869779902270944,0.013201853818098583,1681945334_000579
1681945334,1681945334_000049,32,crop,180,0.4884173537362764,0.03392000395442595,1681945334_000579
1681945334,1681945334_000062,32,crop,180,0.47902883618534986,-0.029288039812127294,1681945334_000702
1681945334,1681945334_000074,32,crop,180,0.5243182695398297,0.07939189869652825,1681945334_000172
1681945334,1681945334_000086,32,crop,180,0.514614845450382,0.05947180420301573,1681945334_000628
1681945334,1681945334_000099,32,crop,180,0.49062097700264334,0.0020917076935803255,1681945334_000419
1681945334,1681945334_000111,32,crop,180,0.5183526304611217,0.023076228519741348,1681945334_000641
1681945334,1681945334_000123,32,crop,180,0.4810205157778642,0.04441681996677351,1681945334_000234
1681945334,1681945334_000135,32,crop,180,0.47919446873759824,-0.04777037334360598,1681945334_000591
1681945334,1681945334_000148,32,crop,180,0.47686599488578324,-0.010644019703532348,1681945334_000468
1681945334,1681945334_000160,32,crop,180,0.5123545622204242,0.01768128839853354,1681945334_000468
1681945334,1681945334_000172,32,crop,180,0.5272836931193645,0.05815054926660438,1681945334_000677
1681945334,1681945334_000185,32,crop,180,0.4478863190787337,-0.08468494504970343,1681945334_000505
1681945334,1681945334_000197,32,crop,180,0.48453874025073834,-0.035860704639370605,1681945334_000111
1681945334,1681945334_000209,32,crop,180,0.47392787151008914,0.007564527782257195,1681945334_000135
1681945334,1681945334_000222,32,crop,180,0.5246497897647067,-0.012921950934204741,1681945334_000185
1681945334,1681945334_000234,32,crop,180,0.5100570303675922,0.07631646417584928,1681945334_000665
1681945334,1681945334_000246,32,crop,180,0.4910781654310672,-0.005244219499996709,1681945334_000197
1681945334,1681945334_000259,32,crop,180,0.5000325462054397,0.013142562328402557,1681945334_000000
1681945334,1681945334_000271,32,crop,180,0.527303767904724,0.05587141324327367,1681945334_000517
1681945334,1681945334_000283,32,crop,180,0.46551719918371753,0.011353787114340314,1681945334_000616
1681945334,1681945334_000296,32,crop,180,0.5197213432293691,0.04466317644077483,1681945334_000074
1681945334,1681945334_000308,32,crop,180,0.5088474227490126,-0.07256356776980506,1681945334_000382
1681945334,1681945334_000320,32,crop,180,0.49467428104371397,0.008540995607580691,1681945334_000062
1681945334,1681945334_000333,32,crop,180,0.5119683753936034,0.03249182073011324,1681945334_000394
1681945334,1681945334_000345,32,crop,180,0.533208333705582,0.019814699631903594,1681945334_000370
1681945334,1681945334_000357,32,crop,180,0.49570918034930433,-0.03834473249907161,1681945334_000283
1681945334,1681945334_000370,32,crop,180,0.47829077588981256,-0.007127196249719414,1681945334_000604
1681945334,1681945334_000382,32,crop,180,0.49419632458459845,-0.053513586037641614,1681945334_000751
1681945334,1681945334_000394,32,crop,180,0.5497759316465974,0.042884755353585796,1681945334_000406
1681945334,1681945334_000406,32,crop,180,0.45330060392037175,0.001449022081234319,1681945334_000049
1681945334,1681945334_000419,32,crop,180,0.4960473422966892,0.018519040639621977,1681945334_000357
1681945334,1681945334_000431,32,crop,180,0.53263219170527,0.026163541817184815,1681945334_000308
1681945334,1681945334_000443,32,crop,180,0.47287304935207436,-0.06580488625191169,1681945334_000653
1681945334,1681945334_000456,32,crop,180,0.43907432233514826,-0.1006647714586047,1681945334_000653
1681945334,1681945334_000468,32,crop,180,0.5356090947128104,0.037686102085528424,1681945334_000012
1681945334,1681945334_000480,32,crop,180,0.47469811807888934,0.007931402074760783,1681945334_000123
1681945334,1681945334_000493,32,crop,180,0.5082337463801516,-0.04081156615784328,1681945334_000554
1681945334,1681945334_000505,32,crop,180,0.4774689100748121,-0.03574505509207587,1681945334_000480
1681945334,1681945334_000517,32,crop,180,0.500164329291517,-0.013030691712607317,1681945334_000086
1681945334,1681945334_000530,32,crop,180,0.4630760170991124,-0.0563256208533369,1681945334_000542
1681945334,1681945334_000542,32,crop,180,0.5017608284627576,0.023065440944213086,1681945334_000099
1681945334,1681945334_000554,32,crop,180,0.4861021949104882,0.015753090183178397,1681945334_000776
1681945334,1681945334_000567,32,crop,180,0.47616804219468584,-0.02147939545261858,1681945334_000160
1681945334,1681945334_000579,32,crop,180,0.48451571970152885,-0.010538165924630014,1681945334_000764
1681945334,1681945334_000591,32,crop,180,0.5514121666877024,0.04023258575676452,1681945334_000714
1681945334,1681945334_000604,32,crop,180,0.4967066390393877,0.0057270090885649496,1681945334_000209
1681945334,1681945334_000616,32,crop,180,0.5165523996302347,0.0033095672006490085,1681945334_000320
1681945334,1681945334_000628,32,crop,180,0.42871482800799426,-0.1016375109911009,1681945334_000530
1681945334,1681945334_000641,32,crop,180,0.5104533487163571,0.047472425538535,1681945334_000690
1681945334,1681945334_000653,32,crop,180,0.5117067747212594,-0.04594597282816255,1681945334_000333
1681945334,1681945334_000665,32,crop,180,0.49835415685556667,-0.013870583114543061,1681945334_000431
1681945334,1681945334_000677,32,crop,180,0.5055073335399891,0.012882400467831257,1681945334_000727
1681945334,1681945334_000690,32,crop,180,0.5046542581097794,0.03582882133484195,1681945334_000025
1681945334,1681945334_000702,32,crop,180,0.4798967085135903,-0.04217812758034593,1681945334_000493
1681945334,1681945334_000714,32,crop,180,0.4382966047278551,-0.05253298573721393,1681945334_000296
1681945334,1681945334_000727,32,crop,180,0.4603705633081183,0.06564149391826742,1681945334_000222
1681945334,1681945334_000739,32,crop,180,0.5436246333905285,-0.005546730052272251,1681945334_000246
1681945334,1681945334_000751,32,crop,180,0.46827687600130635,0.049103388725468294,1681945334_000456
1681945334,1681945334_000764,32,crop,180,0.4899782962471393,-0.04139471671375198,1681945334_000567
1681945334,1681945334_000776,32,crop,180,0.47334151939470637,0.01973253998599461,1681945334_000271
1682013847,1682013847_000000,32,crop,180,0.4819993161127121,-0.006385119029852082,1682013847_000010
1682013847,1682013847_000002,32,crop,180,0.5047948425739769,-0.06840101137781228,1682013847_000040
1682013847,1682013847_000005,32,crop,180,0.536989769846842,-0.02548063975672955,1682013847_000120
1682013847,1682013847_000007,32,crop,180,0.524627151140911,-0.014658340844377414,1682013847_000147
1682013847,1682013847_000010,32,crop,180,0.4930898991129284,0.003261518570834477,1682013847_000062
1682013847,1682013847_000012,32,crop,180,0.4617794956347209,-0.02744635301594588,1682013847_000115
1682013847,1682013847_000015,32,crop,180,0.5190709035621907,0.0167791179760854,1682013847_000105
1682013847,1682013847_000017,32,crop,180,0.4963490835237708,-0.03608284029065519,1682013847_000142
1682013847,1682013847_000020,32,crop,180,0.4765751295149497,-0.07757488560560796,1682013847_000110
1682013847,1682013847_000022,32,crop,180,0.48837689643647825,-0.03126354995704717,1682013847_000137
1682013847,1682013847_000025,32,crop,180,0.5464074460104361,0.10494708273307733,1682013847_000002
1682013847,1682013847_000027,32,crop,180,0.5063406508461489,-0.045208810233325826,1682013847_000030
1682013847,1682013847_000030,32,crop,180,0.4892261542516361,0.062436944332381,1682013847_000087
1682013847,1682013847_000032,32,crop,180,0.47629241091335434,-0.001736280784263906,1682013847_000077
1682013847,1682013847_000035,32,crop,180,0.5138204041381055,0.05019666192616553,1682013847_000050
1682013847,1682013847_000037,32,crop,180,0.5167964483269045,0.041130746485738945,1682013847_000090
1682013847,1682013847_000040,32,crop,180,0.47484333505799725,-0.02390014657889038,1682013847_000125
1682013847,1682013847_000042,32,crop,180,0.4718720430045049,-0.06213271272723492,1682013847_000020
1682013847,1682013847_000045,32,crop,180,0.5203808609730899,0.03727397613596032,1682013847_000067
1682013847,1682013847_000047,32,crop,180,0.49344944527607154,0.01790787742994113,1682013847_000067
1682013847,1682013847_000050,32,crop,180,0.5317386664653525,-0.006654046359867605,1682013847_000035
1682013847,1682013847_000052,32,crop,180,0.5168256474840854,-0.003074434921593832,1682013847_000072
1682013847,1682013847_000055,32,crop,180,0.5189305573388608,0.011600680325823868,1682013847_000072
1682013847,1682013847_000057,32,crop,180,0.4672790899548987,-0.04254630151544688,1682013847_000085
1682013847,1682013847_000060,32,crop,180,0.5028395187569417,0.02846456864304538,1682013847_000037
1682013847,1682013847_000062,32,crop,180,0.5147161529776865,0.0089421320217791,1682013847_000057
1682013847,1682013847_000065,32,crop,180,0.4782375028142387,0.03914039843860617,1682013847_000132
1682013847,1682013847_000067,32,crop,180,0.4923546602710606,-0.036686359368373674,1682013847_000027
1682013847,1682013847_000070,32,crop,180,0.46048616790395774,0.006601439709061587,1682013847_000007
1682013847,1682013847_000072,32,crop,180,0.5346684635524865,0.02218750008799475,1682013847_000007
1682013847,1682013847_000075,32,crop,180,0.5026193916866414,-0.022777468349440267,1682013847_000117
1682013847,1682013847_000077,32,crop,180,0.45968673840224206,-0.014591930908857312,1682013847_000005
1682013847,1682013847_000080,32,crop,180,0.47739798036350406,0.020263717119331715,1682013847_000012
1682013847,1682013847_000082,32,crop,180,0.5136530383384168,0.0011952655860099106,1682013847_000152
1682013847,1682013847_000085,32,crop,180,0.5107014766961082,-0.006461685035378306,1682013847_000025
1682013847,1682013847_000087,32,crop,180,0.4991702706652191,-0.0033301932456660708,1682013847_000042
1682013847,1682013847_000090,32,crop,180,0.5025234579264518,-0.0033116677008714263,1682013847_000017
1682013847,1682013847_000092,32,crop,180,0.48468190385223364,-0.02123248436709386,1682013847_000155
1682013847,1682013847_000095,32,crop,180,0.5121623125806984,0.025762167009973806,1682013847_000097
1682013847,1682013847_000097,32,crop,180,0.46316977528360836,-0.0815283539233204,1682013847_000112
1682013847,1682013847_000100,32,crop,180,0.4983865826645694,0.0006477126621857732,1682013847_000032
1682013847,1682013847_000102,32,crop,180,0.5070766564567889,0.033871955965773255,1682013847_000127
1682013847,1682013847_000105,32,crop,180,0.5151292030262914,-0.05291818928560157,1682013847_000127
1682013847,1682013847_000107,32,crop,180,0.469958277014536,-0.08816189576388521,1682013847_000082
1682013847,1682013847_000110,32,crop,180,0.5353986768732669,0.03919704061207674,1682013847_000100
1682013847,1682013847_000112,32,crop,180,0.5083051379894297,-0.026335368296606324,1682013847_000095
1682013847,1682013847_000115,32,crop,180,0.4643122879828116,-0.06439438832886459,1682013847_000092
1682013847,1682013847_000117,32,crop,180,0.5003123132894159,-0.001254081280475352,1682013847_000000
1682013847,1682013847_000120,32,crop,180,0.5237855749113743,0.06904283718181864,1682013847_000122
1682013847,1682013847_000122,32,crop,180,0.4963098553020571,-0.039075333322930346,1682013847_000022
1682013847,1682013847_000125,32,crop,180,0.5155868978872798,-0.007644960804527913,1682013847_000107
1682013847,1682013847_000127,32,crop,180,0.526918350894228,-0.016169284133695574,1682013847_000015
1682013847,1682013847_000130,32,crop,180,0.48016504220625694,-0.042610638323464615,1682013847_000135
1682013847,1682013847_000132,32,crop,180,0.5082385741474301,0.010266631379855652,1682013847_000135
1682013847,1682013847_000135,32,crop,180,0.5125758371549756,-0.04923931246212596,1682013847_000065
1682013847,1682013847_000137,32,crop,180,0.5543396172878277,0.06313582950633695,1682013847_000047
1682013847,1682013847_000140,32,crop,180,0.5274655139959962,0.004926898062124781,1682013847_000080
1682013847,1682013847_000142,32,crop,180,0.5537211230164899,-0.027771978334561003,1682013847_000157
1682013847,1682013847_000145,32,crop,180,0.4962220613396131,-0.04892963405410409,1682013847_000150
1682013847,1682013847_000147,32,crop,180,0.4800953803634951,-0.027397745271713608,1682013847_000055
1682013847,1682013847_000150,32,crop,180,0.3467905011525622,-0.06537106709841813,1682013847_000060
1682013847,1682013847_000152,32,crop,180,0.19670488601781524,-0.035420272273547805,1682013847_000145
1682013847,1682013847_000155,32,crop,180,0.20393618809700062,0.052582328821910516,1682013847_000140
1682013847,1682013847_000157,32,crop,180,0.28503611294499737,-0.021443084377545784,1682013847_000075
1682014432,1682014432_000000,32,crop,180,0.5037827475913481,0.02023183461859541,1682014432_000001
1682014432,1682014432_000001,32,crop,180,0.477517374011948,0.02391619962312906,1682014432_000039
1682014432,1682014432_000002,32,crop,180,0.47483673328437276,-0.025410693131090494,1682014432_000019
1682014432,1682014432_000003,32,crop,180,0.5288890857699385,0.07163765938454615,1682014432_000028
1682014432,1682014432_000004,32,crop,180,0.4761268846584487,-0.060802427809212335,1682014432_000032
1682014432,1682014432_000005,32,crop,180,0.5052089352932246,-0.06557816006145865,1682014432_000044
1682014432,1682014432_000006,32,crop,180,0.533963180127745,0.05550041376632873,1682014432_000111
1682014432,1682014432_000007,32,crop,180,0.5680405422078039,0.07420257002994311,1682014432_000057
1682014432,1682014432_000008,32,crop,180,0.5237214634742672,0.07694089787420584,1682014432_000104
1682014432,1682014432_000009,32,crop,180,0.48838811342143834,-0.026271734486581266,1682014432_000004
1682014432,1682014432_000010,32,crop,180,0.5157541450342991,0.04776348429456836,1682014432_000063
1682014432,1682014432_000011,32,crop,180,0.4729762008448713,-0.04598223436928439,1682014432_000074
1682014432,1682014432_000012,32,crop,180,0.5147721157089583,0.02367352251229388,1682014432_000047
1682014432,1682014432_000013,32,crop,180,0.48523845596813503,-0.052734067322372534,1682014432_000105
1682014432,1682014432_000014,32,crop,180,0.48613571726854854,-0.014534730224452416,1682014432_000102
1682014432,1682014432_000015,32,crop,180,0.46172411384373246,-0.05490713547877626,1682014432_000024
1682014432,1682014432_000016,32,crop,180,0.5097549073927063,-0.0459249572783361,1682014432_000027
1682014432,1682014432_000017,32,crop,180,0.5531772138109768,-0.00029261321570661636,1682014432_000110
1682014432,1682014432_000018,32,crop,180,0.5455477594143375,0.009123521524305253,1682014432_000059
1682014432,1682014432_000019,32,crop,180,0.45134528851897104,0.039511438176556675,1682014432_000077
1682014432,1682014432_000020,32,crop,180,0.5132802940836411,-0.030949612356301476,1682014432_000036
1682014432,1682014432_000021,32,crop,180,0.5141458725224911,-0.06413385670582708,1682014432_000045
1682014432,1682014432_000022,32,crop,180,0.5520104798558124,0.056076989693462025,1682014432_000010
1682014432,1682014432_000023,32,crop,180,0.530831128028244,0.020859725654698996,1682014432_000016
1682014432,1682014432_000024,32,crop,180,0.5063959534777451,-0.03519686221258857,1682014432_000065
1682014432,1682014432_000025,32,crop,180,0.4994048598936061,0.06475399822947271,1682014432_000085
1682014432,1682014432_000026,32,crop,180,0.5037231598520825,0.04412637836849581,1682014432_000086
1682014432,1682014432_000027,32,crop,180,0.5049554039237883,0.048082044384641205,1682014432_000080
1682014432,1682014432_000028,32,crop,180,0.5098451175754328,0.0478068104815082,1682014432_000067
1682014432,1682014432_000029,32,crop,180,0.49499233474778936,-0.012280591874140823,1682014432_000071
1682014432,1682014432_000030,32,crop,180,0.5016495784964597,-0.019846637303441907,1682014432_000026
1682014432,1682014432_000031,32,crop,180,0.5489873831651907,0.0794410735288228,1682014432_000041
1682014432,1682014432_000032,32,crop,180,0.5379029852482686,0.10013709618939425,1682014432_000084
1682014432,1682014432_000033,32,crop,180,0.5289927145935865,0.03443984500105072,1682014432_000015
1682014432,1682014432_000034,32,crop,180,0.5532450708916512,0.033123502229157796,1682014432_000096
1682014432,1682014432_000035,32,crop,180,0.4734176288884013,-0.02622691066375962,1682014432_000040
1682014432,1682014432_000036,32,crop,180,0.5287159252911101,-0.03742898390653147,1682014432_000103
1682014432,1682014432_000037,32,crop,180,0.49452184943875727,-0.010158955889406,1682014432_000022
1682014432,1682014432_000038,32,crop,180,0.5271930423644157,0.026332805231510797,1682014432_000043
1682014432,1682014432_000039,32,crop,180,0.4782006516197124,-0.01434820953673028,1682014432_000030
1682014432,1682014432_000040,32,crop,180,0.5197929906098813,0.042206631050992004,1682014432_000055
1682014432,1682014432_000041,32,crop,180,0.5143937532294159,-0.0169889414061352,1682014432_000031
1682014432,1682014432_000042,32,crop,180,0.547871961320907,0.036549668758642705,1682014432_000073
1682014432,1682014432_000043,32,crop,180,0.5094122110516045,0.02103377249540719,1682014432_000099
1682014432,1682014432_000044,32,crop,180,0.4944622427068192,0.010875387787595198,1682014432_000025
1682014432,1682014432_000045,32,crop,180,0.5003000551314783,-0.03381036118024936,1682014432_000107
1682014432,1682014432_000046,32,crop,180,0.510288571283234,-0.016860469754198637,1682014432_000000
1682014432,1682014432_000047,32,crop,180,0.5057663014576878,0.03321647574225267,1682014432_000012
1682014432,1682014432_000048,32,crop,180,0.4983781016742559,0.013707556776937446,1682014432_000035
1682014432,1682014432_000049,32,crop,180,0.48953159818531494,-0.04989968458031541,1682014432_000037
1682014432,1682014432_000050,32,crop,180,0.48462271220885045,-0.015350935574455762,1682014432_000054
1682014432,1682014432_000051,32,crop,180,0.5039559301686868,-0.012162526687781805,1682014432_000053
1682014432,1682014432_000052,32,crop,180,0.447727166312096,-0.06956421598716776,1682014432_000003
1682014432,1682014432_000053,32,crop,180,0.5075436841466343,-0.03789625184331012,1682014432_000094
1682014432,1682014432_000054,32,crop,180,0.4813731613836132,-0.06603093862271907,1682014432_000076
1682014432,1682014432_000055,32,crop,180,0.4753198683869431,-0.034549788799046445,1682014432_000100
1682014432,1682014432_000056,32,crop,180,0.560518224563972,0.05395397783887416,1682014432_000095
1682014432,1682014432_000057,32,crop,180,0.4844455103286432,0.04406618903971482,1682014432_000078
1682014432,1682014432_000058,32,crop,180,0.4783722389962068,-0.009646909100091023,1682014432_000009
1682014432,1682014432_000059,32,crop,180,0.5155563422239963,0.015839723313200372,1682014432_000101
1682014432,1682014432_000060,32,crop,180,0.45284683938240505,-0.04745676668273056,1682014432_000007
1682014432,1682014432_000061,32,crop,180,0.5022320063356805,0.024300640318219862,1682014432_000066
1682014432,1682014432_000062,32,crop,180,0.46965457926632737,0.002168246802471683,1682014432_000014
1682014432,1682014432_000063,32,crop,180,0.5274486306393381,0.06469040661650753,1682014432_000068
1682014432,1682014432_000064,32,crop,180,0.497122580167346,0.023781679045057486,1682014432_000088
1682014432,1682014432_000065,32,crop,180,0.45593574338500714,-0.010355782082884563,1682014432_000098
1682014432,1682014432_000066,32,crop,180,0.4861500368122587,-0.06702354582604166,1682014432_000052
1682014432,1682014432_000067,32,crop,180,0.5050024470753905,0.03485134491841305,1682014432_000081
1682014432,1682014432_000068,32,crop,180,0.5153303258079908,0.0291627497595932,1682014432_000089
1682014432,1682014432_000069,32,crop,180,0.5195662612659201,0.0758981433276312,1682014432_000083
1682014432,1682014432_000070,32,crop,180,0.5085624014079825,-0.012639367107145283,1682014432_000008
1682014432,1682014432_000071,32,crop,180,0.5448049905756033,0.000511604964274622,1682014432_000091
1682014432,1682014432_000072,32,crop,180,0.4689521927830426,-0.006662280290163895,1682014432_000018
1682014432,1682014432_000073,32,crop,180,0.5220253293313203,0.08065597385134107,1682014432_000038
1682014432,1682014432_000074,32,crop,180,0.47103099400990356,-0.07355343274675973,1682014432_000020
1682014432,1682014432_000075,32,crop,180,0.5000939233250408,-0.036362693096924366,1682014432_000046
1682014432,1682014432_000076,32,crop,180,0.47475592309570214,-0.06726996457267767,1682014432_000069
1682014432,1682014432_000077,32,crop,180,0.47097894893935427,-0.008542629213492922,1682014432_000093
1682014432,1682014432_000078,32,crop,180,0.47044482964951934,-0.05516382218575872,1682014432_000023
1682014432,1682014432_000079,32,crop,180,0.5092616455572094,0.06921796635452827,1682014432_000108
1682014432,1682014432_000080,32,crop,180,0.5235567345784538,-0.07981258593639644,1682014432_000060
1682014432,1682014432_000081,32,crop,180,0.4989868329189566,0.08083049072906767,1682014432_000050
1682014432,1682014432_000082,32,crop,180,0.49038154660757033,-0.017874421392987384,1682014432_000097
1682014432,1682014432_000083,32,crop,180,0.47167411175831964,-0.04585370236277248,1682014432_000070
1682014432,1682014432_000084,32,crop,180,0.5573547052601341,0.12328466151976414,1682014432_000062
1682014432,1682014432_000085,32,crop,180,0.4923427330150825,0.028301091802432704,1682014432_000092
1682014432,1682014432_000086,32,crop,180,0.5343089967183762,0.08541745221948671,1682014432_000034
1682014432,1682014432_000087,32,crop,180,0.53226901382659,-0.022096257685822535,1682014432_000013
1682014432,1682014432_000088,32,crop,180,0.48937814093935733,0.012262197939914773,1682014432_000079
1682014432,1682014432_000089,32,crop,180,0.4945130769075832,-0.009244296570582247,1682014432_000061
1682014432,1682014432_000090,32,crop,180,0.49787264225689465,-0.007188445421847413,1682014432_000005
1682014432,1682014432_000091,32,crop,180,0.4847346177249259,-0.016812070862500517,1682014432_000058
1682014432,1682014432_000092,32,crop,180,0.4915459734687501,-0.06142490636995798,1682014432_000064
1682014432,1682014432_000093,32,crop,180,0.5396935071895596,0.05052826629883831,1682014432_000029
1682014432,1682014432_000094,32,crop,180,0.3979331207998756,-0.02070285156566876,1682014432_000042
1682014432,1682014432_000095,32,crop,180,0.3829547708448957,0.018585211244025988,1682014432_000109
1682014432,1682014432_000096,32,crop,180,0.3669114463485729,-0.04130084609972469,1682014432_000106
1682014432,1682014432_000097,32,crop,180,0.43357754015151695,0.04329679707569126,1682014432_000082
1682014432,1682014432_000098,32,crop,180,0.4491252288991762,0.017411538757170344,1682014432_000011
1682014432,1682014432_000099,32,crop,180,0.47239801765374256,-0.06971492471307096,1682014432_000048
1682014432,1682014432_000100,32,crop,180,0.5135403291722862,0.011191749660822837,1682014432_000006
1682014432,1682014432_000101,32,crop,180,0.5565315120024638,0.09432046549016236,1682014432_000072
1682014432,1682014432_000102,32,crop,180,0.5324158313504944,0.03917737418629196,1682014432_000112
1682014432,1682014432_000103,32,crop,180,0.5387309886752488,0.04647495296266438,1682014432_000021
1682014432,1682014432_000104,32,crop,180,0.5374705727781612,0.0167848023842575,1682014432_000049
1682014432,1682014432_000105,32,crop,180,0.5080417077015079,-0.00648626664546872,1682014432_000017
1682014432,1682014432_000106,32,crop,180,0.5046389585791423,0.05774760522308831,1682014432_000075
1682014432,1682014432_000107,32,crop,180,0.4810733237108534,-0.003426052556396821,1682014432_000002
1682014432,1682014432_000108,32,crop,180,0.37300532760031135,0.000818510922088667,1682014432_000033
1682014432,1682014432_000109,32,crop,180,0.3760953129127527,0.030237938782420773,1682014432_000051
1682014432,1682014432_000110,32,crop,180,0.40182047193943254,-0.01640757472163259,1682014432_000087
1682014432,1682014432_000111,32,crop,180,0.39719073477106187,0.004854541514604665,1682014432_000090
1682014432,1682014432_000112,32,crop,180,0.43301610086399606,0.07072358547964647,1682014432_000056
1682712156,1682712156_000001,32,crop,180,0.5496955887298481,-0.018815747720659304,1682712156_000481
1682712156,1682712156_000013,32,crop,180,0.4805014433699329,-0.00762052682506843,1682712156_000247
1682712156,1682712156_000026,32,crop,180,0.49779923205062565,-0.047556481073389036,1682712156_000050
1682712156,1682712156_000038,32,crop,180,0.46482690110881997,-0.0038650746081558066,1682712156_000691
1682712156,1682712156_000050,32,crop,180,0.4929963068585052,-0.03318069051372032,1682712156_000026
1682712156,1682712156_000063,32,crop,180,0.5167737435734886,-0.0023382696018643353,1682712156_000161
1682712156,1682712156_000075,32,crop,180,0.5089495861809871,-0.009527584638871552,1682712156_000617
1682712156,1682712156_000087,32,crop,180,0.5266304990081644,0.08300051825446421,1682712156_000100
1682712156,1682712156_000100,32,crop,180,0.5274333993952002,0.023722170643225723,1682712156_000592
1682712156,1682712156_000112,32,crop,180,0.4189268695932413,-0.0038383957357876405,1682712156_000457
1682712156,1682712156_000124,32,crop,180,0.5516139749083327,-0.028075764676104866,1682712156_000038
1682712156,1682712156_000136,32,crop,180,0.44365732584844997,-0.01304253289066055,1682712156_000580
1682712156,1682712156_000149,32,crop,180,0.5095493238792043,0.032342354031424256,1682712156_000063
1682712156,1682712156_000161,32,crop,180,0.5057801647444472,0.03938816708561761,1682712156_000629
1682712156,1682712156_000173,32,crop,180,0.5243342607342668,0.06999808048458316,1682712156_000013
1682712156,1682712156_000186,32,crop,180,0.47210106777480504,-0.09485996480044366,1682712156_000001
1682712156,1682712156_000198,32,crop,180,0.4769801356660075,-0.011413595584078387,1682712156_000666
1682712156,1682712156_000210,32,crop,180,0.4854321331093341,-0.08284367943623022,1682712156_000124
1682712156,1682712156_000223,32,crop,180,0.5036141456957145,-0.06525257931011737,1682712156_000432
1682712156,1682712156_000235,32,crop,180,0.4878664878340276,-0.020170046155995783,1682712156_000469
1682712156,1682712156_000247,32,crop,180,0.5178850880503852,-0.03148537868302513,1682712156_000654
1682712156,1682712156_000260,32,crop,180,0.507503890155173,0.022004830435735725,1682712156_000358
1682712156,1682712156_000272,32,crop,180,0.5178865353046531,-0.01624984096823892,1682712156_000149
1682712156,1682712156_000284,32,crop,180,0.48890308242747244,-0.006736164095661468,1682712156_000444
1682712156,1682712156_000297,32,crop,180,0.4959173003743489,-0.06540789330468798,1682712156_000407
1682712156,1682712156_000309,32,crop,180,0.4925187500479535,-0.03692838093987382,1682712156_000235
1682712156,1682712156_000321,32,crop,180,0.4616090431902311,-0.026013095309601688,1682712156_000531
1682712156,1682712156_000334,32,crop,180,0.470841592272045,-0.04428616658372849,1682712156_000531
1682712156,1682712156_000346,32,crop,180,0.5116092266589168,0.03164847674467464,1682712156_000543
1682712156,1682712156_000358,32,crop,180,0.5019826279991535,-0.13716028199223554,1682712156_000198
1682712156,1682712156_000371,32,crop,180,0.4642386135659269,-0.019188785200888864,1682712156_000420
1682712156,1682712156_000383,32,crop,180,0.42369448493406264,-0.07672173774955682,1682712156_000740
1682712156,1682712156_000395,32,crop,180,0.4720451654452987,0.004647640190550713,1682712156_000297
1682712156,1682712156_000407,32,crop,180,0.5087156179783899,-0.07476513646948309,1682712156_000518
1682712156,1682712156_000420,32,crop,180,0.5052885592791024,-0.04887490312381185,1682712156_000703
1682712156,1682712156_000432,32,crop,180,0.4826090365984615,-0.014365064734009577,1682712156_000383
1682712156,1682712156_000444,32,crop,180,0.497304823878288,-0.0193571464940686,1682712156_000260
1682712156,1682712156_000457,32,crop,180,0.5059465925642987,0.04273062442517463,1682712156_000136
1682712156,1682712156_000469,32,crop,180,0.43403135056521136,-0.14749106657192143,1682712156_000777
1682712156,1682712156_000481,32,crop,180,0.5050285078875101,-0.035041878323810664,1682712156_000605
1682712156,1682712156_000494,32,crop,180,0.5113916149366474,0.005987360646523671,1682712156_000112
1682712156,1682712156_000506,32,crop,180,0.546607098635239,0.03956660869960967,1682712156_000346
1682712156,1682712156_000518,32,crop,180,0.5082957283714645,-0.048696999814566065,1682712156_000087
1682712156,1682712156_000531,32,crop,180,0.5361125791145627,0.03328341143070394,1682712156_000568
1682712156,1682712156_000543,32,crop,180,0.46528488423213527,0.05274651539923788,1682712156_000715
1682712156,1682712156_000555,32,crop,180,0.42898666832027005,-0.08213627854727608,1682712156_000075
1682712156,1682712156_000568,32,crop,180,0.5005800545558042,0.042136654769765976,1682712156_000223
1682712156,1682712156_000580,32,crop,180,0.4801343715088097,-0.0013027224745118388,1682712156_000728
1682712156,1682712156_000592,32,crop,180,0.4498536491325966,-0.06374818029162808,1682712156_000765
1682712156,1682712156_000605,32,crop,180,0.41700057676444197,-0.07953591837711625,1682712156_000642
1682712156,1682712156_000617,32,crop,180,0.4860869577185791,-0.0019304795224935705,1682712156_000210
1682712156,1682712156_000629,32,crop,180,0.48285763811273336,-0.07065673075599134,1682712156_000334
1682712156,1682712156_000642,32,crop,180,0.4698931093091407,-0.03975266170467361,1682712156_000752
1682712156,1682712156_000654,32,crop,180,0.45938468500448243,0.009143121859238946,1682712156_000494
1682712156,1682712156_000666,32,crop,180,0.46929313464740274,-0.02858104910432067,1682712156_000284
1682712156,1682712156_000678,32,crop,180,0.4986533255995367,-0.003096478644909519,1682712156_000555
1682712156,1682712156_000691,32,crop,180,0.4663515146440898,-0.04831761412412242,1682712156_000506
1682712156,1682712156_000703,32,crop,180,0.5255118949898089,0.0017575082634307797,1682712156_000173
1682712156,1682712156_000715,32,crop,180,0.4665338991913153,-0.03893396828338505,1682712156_000371
1682712156,1682712156_000728,32,crop,180,0.46536375561434123,-0.015888010424500127,1682712156_000678
1682712156,1682712156_000740,32,crop,180,0.4785983485515451,0.0011400558065710286,1682712156_000395
1682712156,1682712156_000752,32,crop,180,0.5500634219259576,0.0548672229852877,1682712156_000272
1682712156,1682712156_000765,32,crop,180,0.5009309141639631,0.031006968533074317,1682712156_000309
1682712156,1682712156_000777,32,crop,180,0.4663884020385322,-0.03582851464247034,1682712156_000186
1682718815,1682718815_000001,32,crop,180,0.5137403202156303,-0.009424224215168087,1682718815_000285
1682718815,1682718815_000005,32,crop,180,0.48761780570900687,0.0024526239019703002,1682718815_000221
1682718815,1682718815_000009,32,crop,180,0.5103016632688017,0.02046739652039352,1682718815_000337
1682718815,1682718815_000013,32,crop,180,0.5248648282816365,0.017495302777506144,1682718815_000141
1682718815,1682718815_000017,32,crop,180,0.518703219210481,0.0493570879616641,1682718815_000189
1682718815,1682718815_000021,32,crop,180,0.4659981988903616,-0.08250289912106222,1682718815_000033
1682718815,1682718815_000025,32,crop,180,0.5011505999464593,0.004873518689053395,1682718815_000601
1682718815,1682718815_000029,32,crop,180,0.4196462393014846,-0.06937347179286645,1682718815_000573
1682718815,1682718815_000033,32,crop,180,0.5129096111386602,0.013672682073455983,1682718815_000365
1682718815,1682718815_000037,32,crop,180,0.49841970696039456,0.0399598635718501,1682718815_000361
1682718815,1682718815_000041,32,crop,180,0.4733782426994888,-0.023447913914453267,1682718815_000609
1682718815,1682718815_000045,32,crop,180,0.4773557355266242,0.047776592318338564,1682718815_000761
1682718815,1682718815_000049,32,crop,180,0.4938873306995277,-0.03005082557993924,1682718815_000021
1682718815,1682718815_000053,32,crop,180,0.47504460500892837,-0.05897402547537619,1682718815_000473
1682718815,1682718815_000057,32,crop,180,0.4879725038948337,-0.06026766328782135,1682718815_000505
1682718815,1682718815_000061,32,crop,180,0.4967224287219953,0.009721083813937964,1682718815_000165
1682718815,1682718815_000065,32,crop,180,0.49873465059200345,-0.06505061785261472,1682718815_000381
1682718815,1682718815_000069,32,crop,180,0.49381314834873563,-0.027317618919105002,1682718815_000489
1682718815,1682718815_000073,32,crop,180,0.40186073514422854,-0.06670704496559202,1682718815_000409
1682718815,1682718815_000077,32,crop,180,0.47798501616933003,-0.030964393721118363,1682718815_000357
1682718815,1682718815_000081,32,crop,180,0.5010157956331484,-0.005466288335444782,1682718815_000297
1682718815,1682718815_000085,32,crop,180,0.44769837308199795,-0.027166416985654838,1682718815_000393
1682718815,1682718815_000089,32,crop,180,0.49945577214732023,0.053217426615863095,1682718815_000057
1682718815,1682718815_000093,32,crop,180,0.476099520996585,-0.08739715031470514,1682718815_000301
1682718815,1682718815_000097,32,crop,180,0.4743390036776025,-0.030506090157046153,1682718815_000469
1682718815,1682718815_000101,32,crop,180,0.5328404018320132,0.02065495687215527,1682718815_000577
1682718815,1682718815_000105,32,crop,180,0.4689643793155602,-0.05343977275621898,1682718815_000733
1682718815,1682718815_000109,32,crop,180,0.4713581080365307,-0.021496415351820813,1682718815_000405
1682718815,1682718815_000113,32,crop,180,0.5059459364221405,-0.03983364260966309,1682718815_000569
1682718815,1682718815_000117,32,crop,180,0.5260000462143117,0.06315883485428443,1682718815_000589
1682718815,1682718815_000121,32,crop,180,0.5253041777141224,0.02965692507328806,1682718815_000681
1682718815,1682718815_000125,32,crop,180,0.47211178481168165,0.016597150403537615,1682718815_000449
1682718815,1682718815_000129,32,crop,180,0.5274669694995183,0.06551764344803916,1682718815_000433
1682718815,1682718815_000133,32,crop,180,0.5183158366648306,0.0032371315556360947,1682718815_000341
1682718815,1682718815_000137,32,crop,180,0.5070854524229168,0.015800694586128514,1682718815_000745
1682718815,1682718815_000141,32,crop,180,0.5069455155374134,-0.00779300475398054,1682718815_000385
1682718815,1682718815_000145,32,crop,180,0.4999674408796116,-0.005532867387470327,1682718815_000053
1682718815,1682718815_000149,32,crop,180,0.47988146913462915,0.04596523831869349,1682718815_000349
1682718815,1682718815_000153,32,crop,180,0.4611015009710742,-0.04048293907237759,1682718815_000437
1682718815,1682718815_000157,32,crop,180,0.4576851148758046,0.015321291953137363,1682718815_000161
1682718815,1682718815_000161,32,crop,180,0.4523950009877351,-0.053011952112497464,1682718815_000037
1682718815,1682718815_000165,32,crop,180,0.4740457970498406,-0.06332046029608192,1682718815_000037
1682718815,1682718815_000169,32,crop,180,0.4892878401828802,-0.010512661009234968,1682718815_000525
1682718815,1682718815_000173,32,crop,180,0.481948683491854,0.028037326737813745,1682718815_000149
1682718815,1682718815_000177,32,crop,180,0.510964863044583,-0.020844479472442237,1682718815_000313
1682718815,1682718815_000181,32,crop,180,0.4637311219445049,-0.08750192326489613,1682718815_000673
1682718815,1682718815_000185,32,crop,180,0.5624328116076742,0.037609915377498394,1682718815_000561
1682718815,1682718815_000189,32,crop,180,0.533073324357016,0.0088329946968832,1682718815_000309
1682718815,1682718815_000193,32,crop,180,0.4793306431216047,-0.015349067504469118,1682718815_000321
1682718815,1682718815_000197,32,crop,180,0.49830968593075964,-0.029567271053093386,1682718815_000401
1682718815,1682718815_000201,32,crop,180,0.4849293397227621,-0.0035481355540766396,1682718815_000605
1682718815,1682718815_000205,32,crop,180,0.4925935971452824,0.028202873835119106,1682718815_000049
1682718815,1682718815_000209,32,crop,180,0.4667274410981368,-0.06577904473850892,1682718815_000729
1682718815,1682718815_000213,32,crop,180,0.4846412768572219,-0.011179889449096753,1682718815_000537
1682718815,1682718815_000217,32,crop,180,0.4865734285987697,0.0408222296195688,1682718815_000293
1682718815,1682718815_000221,32,crop,180,0.4752846080742154,-0.02212037627770462,1682718815_000705
1682718815,1682718815_000225,32,crop,180,0.46591026757086373,-0.0007195313705054505,1682718815_000613
1682718815,1682718815_000229,32,crop,180,0.48218565147187104,0.010963810303019877,1682718815_000261
1682718815,1682718815_000233,32,crop,180,0.4559355610495938,-0.008517262466287645,1682718815_000625
1682718815,1682718815_000237,32,crop,180,0.5093837558114919,0.02999596747639809,1682718815_000661
1682718815,1682718815_000241,32,crop,180,0.4779420118055562,-0.03152666223941777,1682718815_000701
1682718815,1682718815_000245,32,crop,180,0.5574220155334463,0.14274132618923754,1682718815_000693
1682718815,1682718815_000249,32,crop,180,0.4945710702483443,0.06309642376853446,1682718815_000101
1682718815,1682718815_000253,32,crop,180,0.41087393409083717,-0.13433579833416134,1682718815_000085
1682718815,1682718815_000257,32,crop,180,0.49387889064468055,0.037256794545662185,1682718815_000269
1682718815,1682718815_000261,32,crop,180,0.48756135900910375,-0.00863234414045245,1682718815_000253
1682718815,1682718815_000265,32,crop,180,0.45911617480084144,-0.02947531017769556,1682718815_000453
1682718815,1682718815_000269,32,crop,180,0.46411260995183196,-0.0018218484097611402,1682718815_000317
1682718815,1682718815_000273,32,crop,180,0.49906315829442544,0.01993481670173503,1682718815_000197
1682718815,1682718815_000277,32,crop,180,0.4652518716195126,-0.09132375716586795,1682718815_000669
1682718815,1682718815_000281,32,crop,180,0.4580139520326733,-0.0284698977833889,1682718815_000709
1682718815,1682718815_000285,32,crop,180,0.4750269378448575,-0.03181745230441412,1682718815_000461
1682718815,1682718815_000289,32,crop,180,0.4983511323879373,0.04984422225500199,1682718815_000017
1682718815,1682718815_000293,32,crop,180,0.48846378056742995,0.04390873179187762,1682718815_000493
1682718815,1682718815_000297,32,crop,180,0.48294553065086854,0.04112425483155218,1682718815_000329
1682718815,1682718815_000301,32,crop,180,0.5710696746836854,0.11407410591031446,1682718815_000717
1682718815,1682718815_000305,32,crop,180,0.5039610207029789,-0.002510555523002537,1682718815_000061
1682718815,1682718815_000309,32,crop,180,0.46322733929387266,0.012779497549839506,1682718815_000677
1682718815,1682718815_000313,32,crop,180,0.49235476048511195,0.04561361528434473,1682718815_000153
1682718815,1682718815_000317,32,crop,180,0.4980601903754736,0.05463810442327791,1682718815_000097
1682718815,1682718815_000321,32,crop,180,0.49270108868841483,0.01789647497390072,1682718815_000749
1682718815,1682718815_000325,32,crop,180,0.491051709278052,-0.017588656876359802,1682718815_000265
1682718815,1682718815_000329,32,crop,180,0.5411657635718531,0.02596043782938544,1682718815_000077
1682718815,1682718815_000333,32,crop,180,0.5247324887937733,-0.01058030336919826,1682718815_000305
1682718815,1682718815_000337,32,crop,180,0.5190256834266461,0.024379310134554206,1682718815_000249
1682718815,1682718815_000341,32,crop,180,0.4824814370332535,0.005728908083934917,1682718815_000333
1682718815,1682718815_000345,32,crop,180,0.47887715493124894,0.08097611179509286,1682718815_000769
1682718815,1682718815_000349,32,crop,180,0.5067961985459692,-0.00838061271746635,1682718815_000565
1682718815,1682718815_000353,32,crop,180,0.49415196978545567,-0.008649931292416766,1682718815_000225
1682718815,1682718815_000357,32,crop,180,0.49025905609900505,0.02277011338357544,1682718815_000645
1682718815,1682718815_000361,32,crop,180,0.5168286875544665,0.04514680025568286,1682718815_000073
1682718815,1682718815_000365,32,crop,180,0.4642227045359321,-0.046295260584580784,1682718815_000241
1682718815,1682718815_000369,32,crop,180,0.5147859152948054,0.042174855947622956,1682718815_000541
1682718815,1682718815_000373,32,crop,180,0.4062959686258784,-0.024365489526121234,1682718815_000509
1682718815,1682718815_000377,32,crop,180,0.45014063246640285,-0.014394874084619508,1682718815_000593
1682718815,1682718815_000381,32,crop,180,0.4923583918151337,-0.07737789562743598,1682718815_000217
1682718815,1682718815_000385,32,crop,180,0.5098645300097862,-0.02323492973579014,1682718815_000773
1682718815,1682718815_000389,32,crop,180,0.49432486926203456,0.05528834035264644,1682718815_000413
1682718815,1682718815_000393,32,crop,180,0.49865369611592464,-0.022967050452087457,1682718815_000557
1682718815,1682718815_000397,32,crop,180,0.44688104264421274,-0.04835417242883472,1682718815_000737
1682718815,1682718815_000401,32,crop,180,0.504514163627615,-0.009953913760327586,1682718815_000497
1682718815,1682718815_000405,32,crop,180,0.5186537844651499,-0.03297026660533344,1682718815_000649
1682718815,1682718815_000409,32,crop,180,0.5058135515432233,-0.0269536598454171,1682718815_000369
1682718815,1682718815_000413,32,crop,180,0.48804395970602954,-0.024155469374396787,1682718815_000229
1682718815,1682718815_000417,32,crop,180,0.551488409935167,0.07139742593518958,1682718815_000013
1682718815,1682718815_000421,32,crop,180,0.5304343691161767,0.014113573357820972,1682718815_000209
1682718815,1682718815_000425,32,crop,180,0.44872851231561434,-0.05585368047785668,1682718815_000397
1682718815,1682718815_000429,32,crop,180,0.5222131615768616,0.05801284119635617,1682718815_000245
1682718815,1682718815_000433,32,crop,180,0.5131452123809579,-0.0013952968099835105,1682718815_000177
1682718815,1682718815_000437,32,crop,180,0.4814777418566542,-0.10181127214787129,1682718815_000517
1682718815,1682718815_000441,32,crop,180,0.49636972177591865,9.302148665445385e-05,1682718815_000501
1682718815,1682718815_000445,32,crop,180,0.47829972146463096,0.017872959996495828,1682718815_000725
1682718815,1682718815_000449,32,crop,180,0.4520987022428767,-0.08520591692924821,1682718815_000441
1682718815,1682718815_000453,32,crop,180,0.46366133240830926,-0.007193118102358925,1682718815_000421
1682718815,1682718815_000457,32,crop,180,0.49391923802995313,0.07445372118202331,1682718815_000417
1682718815,1682718815_000461,32,crop,180,0.47615782396694617,-0.026201886365377524,1682718815_000169
1682718815,1682718815_000465,32,crop,180,0.4792156031398542,-0.044939893658601106,1682718815_000585
1682718815,1682718815_000469,32,crop,180,0.5392563816329216,0.06449601177658715,1682718815_000289
1682718815,1682718815_000473,32,crop,180,0.4983108986424812,0.048773924235135824,1682718815_000633
1682718815,1682718815_000477,32,crop,180,0.5113860666523437,0.015477734242872215,1682718815_000193
1682718815,1682718815_000481,32,crop,180,0.4930141040518543,-0.02038821244077014,1682718815_000129
1682718815,1682718815_000485,32,crop,180,0.5142149998362492,0.055441545945596575,1682718815_000553
1682718815,1682718815_000489,32,crop,180,0.48863482060495506,-0.001188933921045197,1682718815_000065
1682718815,1682718815_000493,32,crop,180,0.5095858994753013,-0.033270305645066174,1682718815_000173
1682718815,1682718815_000497,32,crop,180,0.4817676125659356,-0.006884757326203107,1682718815_000281
1682718815,1682718815_000501,32,crop,180,0.4689630902981466,0.00016956347979348607,1682718815_000665
1682718815,1682718815_000505,32,crop,180,0.4925323521567251,-0.013015461477760393,1682718815_000089
1682718815,1682718815_000509,32,crop,180,0.4754352700101952,-0.08087357768441258,1682718815_000481
1682718815,1682718815_000513,32,crop,180,0.4944737605618266,-0.003036002848177168,1682718815_000457
1682718815,1682718815_000517,32,crop,180,0.5119481607146504,0.0015097164305110933,1682718815_000125
1682718815,1682718815_000521,32,crop,180,0.5609781307353712,-0.02257813920338111,1682718815_000653
1682718815,1682718815_000525,32,crop,180,0.5301816350786578,0.08136517400279641,1682718815_000109
1682718815,1682718815_000529,32,crop,180,0.5384918386344848,-0.0030324598908508804,1682718815_000121
1682718815,1682718815_000533,32,crop,180,0.46163307084619226,0.009695990044372247,1682718815_000513
1682718815,1682718815_000537,32,crop,180,0.48590197782219297,-0.029095996783888804,1682718815_000521
1682718815,1682718815_000541,32,crop,180,0.5111287758083412,-0.005956959393754148,1682718815_000429
1682718815,1682718815_000545,32,crop,180,0.5192735190502544,-0.0012389458581516875,1682718815_000765
1682718815,1682718815_000549,32,crop,180,0.5129115139753071,0.03617520658964257,1682718815_000325
1682718815,1682718815_000553,32,crop,180,0.5040162029923955,0.03259968293298288,1682718815_000641
1682718815,1682718815_000557,32,crop,180,0.4917442078051211,-0.06738863983217029,1682718815_000689
1682718815,1682718815_000561,32,crop,180,0.49331074794677066,-0.018933253518798786,1682718815_000721
1682718815,1682718815_000565,32,crop,180,0.43511505729195415,-0.02046257587413163,1682718815_000145
1682718815,1682718815_000569,32,crop,180,0.5220979511819533,0.04588059571040734,1682718815_000025
1682718815,1682718815_000573,32,crop,180,0.46463299854161905,-0.03845826096227476,1682718815_000277
1682718815,1682718815_000577,32,crop,180,0.5036097336153084,0.012874383395127123,1682718815_000581
1682718815,1682718815_000581,32,crop,180,0.4945817701976389,-0.049362528389819416,1682718815_000105
1682718815,1682718815_000585,32,crop,180,0.5366951155379951,0.026801162600757943,1682718815_000257
1682718815,1682718815_000589,32,crop,180,0.5189725138475424,0.0950614235719097,1682718815_000093
1682718815,1682718815_000593,32,crop,180,0.4889498486796686,-0.03860086663263638,1682718815_000529
1682718815,1682718815_000597,32,crop,180,0.5246999789793679,0.05465130597878556,1682718815_000137
1682718815,1682718815_000601,32,crop,180,0.5207156867438442,0.007821276743269214,1682718815_000465
1682718815,1682718815_000605,32,crop,180,0.5143737905914716,0.06672038129629498,1682718815_000345
1682718815,1682718815_000609,32,crop,180,0.5097973705664548,0.03620225120911918,1682718815_000377
1682718815,1682718815_000613,32,crop,180,0.4878687835604126,-0.021973063619321543,1682718815_000353
1682718815,1682718815_000617,32,crop,180,0.48954922821964314,-0.0532812562459739,1682718815_000597
1682718815,1682718815_000621,32,crop,180,0.4600179544748997,-0.004140858892586631,1682718815_000757
1682718815,1682718815_000625,32,crop,180,0.49017601213777057,0.03912489135402323,1682718815_000273
1682718815,1682718815_000629,32,crop,180,0.48918628223634375,0.027699115677808205,1682718815_000041
1682718815,1682718815_000633,32,crop,180,0.5105672056074577,0.031902164653559335,1682718815_000041
1682718815,1682718815_000637,32,crop,180,0.4515070109918946,-0.00994840585456644,1682718815_000657
1682718815,1682718815_000641,32,crop,180,0.4960440595914193,-0.006252691106265776,1682718815_000213
1682718815,1682718815_000645,32,crop,180,0.48246859368965594,-0.04294164521417417,1682718815_000445
1682718815,1682718815_000649,32,crop,180,0.46886115173591375,-0.018041663336090138,1682718815_000697
1682718815,1682718815_000653,32,crop,180,0.4853049468015607,0.001473784938865054,1682718815_000485
1682718815,1682718815_000657,32,crop,180,0.5300113052154378,0.035674910051413565,1682718815_000741
1682718815,1682718815_000661,32,crop,180,0.501539332614502,-0.09306236734063372,1682718815_000685
1682718815,1682718815_000665,32,crop,180,0.5158082840605864,0.05950908552610165,1682718815_000233
1682718815,1682718815_000669,32,crop,180,0.5306465065075024,-0.027982718110676538,1682718815_000753
1682718815,1682718815_000673,32,crop,180,0.5490272787322708,0.011609911077415358,1682718815_000777
1682718815,1682718815_000677,32,crop,180,0.49437351747314917,0.011441677247680535,1682718815_000549
1682718815,1682718815_000681,32,crop,180,0.5493612587193689,0.10021134346331628,1682718815_000069
1682718815,1682718815_000685,32,crop,180,0.5317314351266215,0.009241574266258634,1682718815_000425
1682718815,1682718815_000689,32,crop,180,0.49370360102189054,0.041038797957438866,1682718815_000637
1682718815,1682718815_000693,32,crop,180,0.5149073814746271,0.01634416693754192,1682718815_000533
1682718815,1682718815_000697,32,crop,180,0.5049767473618759,0.03133138702821366,1682718815_000001
1682718815,1682718815_000701,32,crop,180,0.4929914501663548,0.032963105147952636,1682718815_000201
1682718815,1682718815_000705,32,crop,180,0.45652650848173765,0.008360835528125096,1682718815_000477
1682718815,1682718815_000709,32,crop,180,0.5249275488463613,0.0535809174483115,1682718815_000081
1682718815,1682718815_000713,32,crop,180,0.5385960830084766,0.034693591044715165,1682718815_000205
1682718815,1682718815_000717,32,crop,180,0.5330469251345629,0.051370391321678706,1682718815_000621
1682718815,1682718815_000721,32,crop,180,0.5452384691229085,0.020621880736750798,1682718815_000617
1682718815,1682718815_000725,32,crop,180,0.4973589943344117,-0.009370476822952853,1682718815_000117
1682718815,1682718815_000729,32,crop,180,0.4863478616555634,-0.0276312789162546,1682718815_000133
1682718815,1682718815_000733,32,crop,180,0.5392355410274572,0.01035800328064739,1682718815_000005
1682718815,1682718815_000737,32,crop,180,0.5327158564890079,-0.01501865215143354,1682718815_000545
1682718815,1682718815_000741,32,crop,180,0.4897882471503174,-0.058622895541779074,1682718815_000389
1682718815,1682718815_000745,32,crop,180,0.47326562984504666,-0.010449951468273861,1682718815_000009
1682718815,1682718815_000749,32,crop,180,0.4610546726286002,5.41077296993935e-05,1682718815_000045
1682718815,1682718815_000753,32,crop,180,0.37640236241801633,0.00889319542406559,1682718815_000237
1682718815,1682718815_000757,32,crop,180,0.44557051519789814,-0.04031617999200823,1682718815_000029
1682718815,1682718815_000761,32,crop,180,0.48063861765612304,-0.005847027429954406,1682718815_000373
1682718815,1682718815_000765,32,crop,180,0.49448065006696024,0.06370402167044432,1682718815_000713
1682718815,1682718815_000769,32,crop,180,0.4925187023906181,0.06961927831523403,1682718815_000185
1682718815,1682718815_000773,32,crop,180,0.5031802922554066,0.01436534673566015,1682718815_000113
1682718815,1682718815_000777,32,crop,180,0.4895537320906911,0.031351804983176426,1682718815_000181
1680410249,1680410249_000000,32,crop_bgr,180,0.13481638459946432,-0.031374285327386696,1680410249_000001
1680410249,1680410249_000001,32,crop_bgr,180,0.09191215189564017,-0.030922257832119566,1680410249_000007
1680410249,1680410249_000002,32,crop_bgr,180,0.08115774007313761,-0.02287243483086564,1680410249_000005
1680410249,1680410249_000003,32,crop_bgr,180,0.13799128998630006,0.0068936995443409895,1680410249_000009
1680410249,1680410249_000004,32,crop_bgr,180,0.1238083340553016,-0.02335022535622105,1680410249_000008
1680410249,1680410249_000005,32,crop_bgr,180,0.10569555385626217,-0.04217534662330702,1680410249_000008
1680410249,1680410249_000006,32,crop_bgr,180,0.23755231741925284,0.10751124328892725,1680410249_000003
1680410249,1680410249_000007,32,crop_bgr,180,0.1926705139475929,0.10135543164361616,1680410249_000000
1680410249,1680410249_000008,32,crop_bgr,180,0.08440061796190983,-0.022120049918015156,1680410249_000006
1680410249,1680410249_000009,32,crop_bgr,180,0.12182284294218863,0.029552622746423358,1680410249_000002
1680410569,1680410569_000000,32,crop_bgr,180,0.19483876195303695,0.03228314391894592,1680410569_000006
1680410569,1680410569_000001,32,crop_bgr,180,0.1821275131834129,0.04386365677305179,1680410569_000009
1680410569,1680410569_000002,32,crop_bgr,180,0.08637959753570508,-0.002315367768965366,1680410569_000008
1680410569,1680410569_000003,32,crop_bgr,180,0.05699586457047522,-0.03920385278167703,1680410569_000001
1680410569,1680410569_000004,32,crop_bgr,180,0.1645802438468353,0.013701318559336026,1680410569_000000
1680410569,1680410569_000005,32,crop_bgr,180,0.13800865880325805,0.04754762359025328,1680410569_000007
1680410569,1680410569_000006,32,crop_bgr,180,0.09926591494034824,0.023345557113385273,1680410569_000004
1680410569,1680410569_000007,32,crop_bgr,180,0.08212099799166576,-0.023788330806928465,1680410569_000003
1680410569,1680410569_000008,32,crop_bgr,180,0.07488796578871525,-0.012650469978287221,1680410569_000005
1680410569,1680410569_000009,32,crop_bgr,180,0.07237232282058381,-0.05223436867678988,1680410569_000002
1680412337,1680412337_000000,32,crop_bgr,180,0.1062036788549483,0.0008284837851836608,1680412337_000542
1680412337,1680412337_000012,32,crop_bgr,180,0.185144027857323,0.0046383678424508565,1680412337_000517
1680412337,1680412337_000025,32,crop_bgr,180,0.19146319106444318,0.04147504654894785,1680412337_000320
1680412337,1680412337_000037,32,crop_bgr,180,0.10392292121325121,0.038412772493884736,1680412337_000493
1680412337,1680412337_000049,32,crop_bgr,180,0.16168874247608697,-0.01808169342437491,1680412337_000357
1680412337,1680412337_000062,32,crop_bgr,180,0.18353813727710622,0.009827319963258594,1680412337_000086
1680412337,1680412337_000074,32,crop_bgr,180,0.1492542393215002,0.029954462448011875,1680412337_000135
1680412337,1680412337_000086,32,crop_bgr,180,0.1323649079202023,-0.014363695088518516,1680412337_000443
1680412337,1680412337_000099,32,crop_bgr,180,0.18871523018747313,-0.05100467645407584,1680412337_000591
1680412337,1680412337_000111,32,crop_bgr,180,0.17228596072839442,0.002527390588481689,1680412337_000222
1680412337,1680412337_000123,32,crop_bgr,180,0.0906158186721117,-0.006958455019410212,1680412337_000530
1680412337,1680412337_000135,32,crop_bgr,180,0.2189963845242928,0.03686470390401276,1680412337_000099
1680412337,1680412337_000148,32,crop_bgr,180,0.08102232577558506,0.04653491517484224,1680412337_000604
1680412337,1680412337_000160,32,crop_bgr,180,0.10304751117647394,-0.027836987892301313,1680412337_000394
1680412337,1680412337_000172,32,crop_bgr,180,0.14335130552846234,-0.014111626531102149,1680412337_000616
1680412337,1680412337_000185,32,crop_bgr,180,0.1963483419208263,-0.034982086954631446,1680412337_000382
1680412337,1680412337_000197,32,crop_bgr,180,0.11297846967525145,-0.05026605904934895,1680412337_000653
1680412337,1680412337_000209,32,crop_bgr,180,0.1351155743480569,0.033750347696239004,1680412337_000123
1680412337,1680412337_000222,32,crop_bgr,180,0.11002481274606572,0.01706186271187879,1680412337_000259
1680412337,1680412337_000234,32,crop_bgr,180,0.11574002846782001,0.002665077328586477,1680412337_000062
1680412337,1680412337_000246,32,crop_bgr,180,0.07677739662348518,-0.04967118857992161,1680412337_000739
1680412337,1680412337_000259,32,crop_bgr,180,0.18705289518233856,0.08809349222630848,1680412337_000234
1680412337,1680412337_000271,32,crop_bgr,180,0.12252078604832588,0.06616649197688444,1680412337_000690
1680412337,1680412337_000283,32,crop_bgr,180,0.24055028000576664,0.06845359231959468,1680412337_000271
1680412337,1680412337_000296,32,crop_bgr,180,0.03099337663271709,0.01744004967576027,1680412337_000567
1680412337,1680412337_000308,32,crop_bgr,180,0.1972111811924532,-0.06481235317622272,1680412337_000345
1680412337,1680412337_000320,32,crop_bgr,180,0.149466528836607,-0.05650435427981129,1680412337_000776
1680412337,1680412337_000333,32,crop_bgr,180,0.17521544404920752,-0.042665433057717556,1680412337_000554
1680412337,1680412337_000345,32,crop_bgr,180,0.12216605211615182,-0.008529321630925192,1680412337_000160
1680412337,1680412337_000357,32,crop_bgr,180,0.06507071383881753,-0.054130297204054996,1680412337_000751
1680412337,1680412337_000370,32,crop_bgr,180,0.0958684031217228,-0.03630386022619896,1680412337_000000
1680412337,1680412337_000382,32,crop_bgr,180,0.15346035860782148,-0.06582223753960753,1680412337_000431
1680412337,1680412337_000394,32,crop_bgr,180,0.15111236990394064,-0.07493294972386327,1680412337_000111
1680412337,1680412337_000406,32,crop_bgr,180,0.19205714615341526,0.01951611967171634,1680412337_000037
1680412337,1680412337_000419,32,crop_bgr,180,0.09677235042066705,-0.03469183226464347,1680412337_000074
1680412337,1680412337_000431,32,crop_bgr,180,0.09064241982493297,0.032586830652519626,1680412337_000628
1680412337,1680412337_000443,32,crop_bgr,180,0.16634230451401663,-0.054065045551452286,1680412337_000246
1680412337,1680412337_000456,32,crop_bgr,180,0.15302751110165744,0.010815222963170954,1680412337_000025
1680412337,1680412337_000468,32,crop_bgr,180,0.08394814782762994,-0.05470774245912869,1680412337_000579
1680412337,1680412337_000480,32,crop_bgr,180,0.08052369871936667,-0.009152736884435679,1680412337_000665
1680412337,1680412337_000493,32,crop_bgr,180,0.12432576928242502,0.038961697944254664,1680412337_000641
1680412337,1680412337_000505,32,crop_bgr,180,0.17763600566460006,0.019452211653726605,1680412337_000480
1680412337,1680412337_000517,32,crop_bgr,180,0.15394380533529803,0.017565039203552124,1680412337_000468
1680412337,1680412337_000530,32,crop_bgr,180,0.15004038704918796,-0.03816670000336775,1680412337_000012
1680412337,1680412337_000542,32,crop_bgr,180,0.0767037607280482,-0.0011633015812204546,1680412337_000419
1680412337,1680412337_000554,32,crop_bgr,180,0.0772904777241487,-0.01862919493689603,1680412337_000283
1680412337,1680412337_000567,32,crop_bgr,180,0.19711811013235317,0.016529412637758412,1680412337_000406
1680412337,1680412337_000579,32,crop_bgr,180,0.055445488797518705,0.06506029528055292,1680412337_000209
1680412337,1680412337_000591,32,crop_bgr,180,0.13724461182354844,0.04085286289538413,1680412337_000197
1680412337,1680412337_000604,32,crop_bgr,180,0.21561640270036475,0.08073921374142913,1680412337_000049
1680412337,1680412337_000616,32,crop_bgr,180,0.20819490500484808,-0.05111263374770674,1680412337_000456
1680412337,1680412337_000628,32,crop_bgr,180,0.03735519463936592,-0.0072734013404330495,1680412337_000677
1680412337,1680412337_000641,32,crop_bgr,180,0.08555587314432096,-0.030818218596336044,1680412337_000714
1680412337,1680412337_000653,32,crop_bgr,180,0.14355293800797087,0.009375747020455122,1680412337_000505
1680412337,1680412337_000665,32,crop_bgr,180,0.14323597147858994,-0.061815094202405406,1680412337_000727
1680412337,1680412337_000677,32,crop_bgr,180,0.19483252293608455,-0.0045042071228553636,1680412337_000308
1680412337,1680412337_000690,32,crop_bgr,180,0.10975845215551867,-0.08820471529086153,1680412337_000172
1680412337,1680412337_000702,32,crop_bgr,180,0.08423049319137603,-0.03578362265897219,1680412337_000296
1680412337,1680412337_000714,32,crop_bgr,180,0.0831539768414783,0.015819724807201462,1680412337_000370
1680412337,1680412337_000727,32,crop_bgr,180,0.11409991857253626,0.030017710687481696,1680412337_000185
1680412337,1680412337_000739,32,crop_bgr,180,0.17671340346912498,-0.09733859739534732,1680412337_000764
1680412337,1680412337_000751,32,crop_bgr,180,0.1277687065017362,0.06803854033570163,1680412337_000702
1680412337,1680412337_000764,32,crop_bgr,180,0.17982658357014722,-0.011757361925701463,1680412337_000333
1680412337,1680412337_000776,32,crop_bgr,180,0.06560814155144346,-0.041417365360767726,1680412337_000148
1681945334,1681945334_000000,32,crop_bgr,180,0.07974519637322541,-0.0674455014998417,1681945334_000259
1681945334,1681945334_000012,32,crop_bgr,180,0.1821115489506532,0.07495184207394918,1681945334_000345
1681945334,1681945334_000025,32,crop_bgr,180,0.20778373829550964,0.04584281568640425,1681945334_000739
1681945334,1681945334_000037,32,crop_bgr,180,0.17026395795447427,-0.04094253777911681,1681945334_000579
1681945334,1681945334_000049,32,crop_bgr,180,0.12629445965507327,-0.0221091427771906,1681945334_000579
1681945334,1681945334_000062,32,crop_bgr,180,0.13832997484744078,-0.06517362810893532,1681945334_000702
1681945334,1681945334_000074,32,crop_bgr,180,0.17283586295028064,0.062215393673254175,1681945334_000172
1681945334,1681945334_000086,32,crop_bgr,180,0.19962276904343054,0.03505517273550298,1681945334_000628
1681945334,1681945334_000099,32,crop_bgr,180,0.07989834081121859,0.03183909495484969,1681945334_000419
1681945334,1681945334_000111,32,crop_bgr,180,0.12543499552656034,0.014421070812568978,1681945334_000641
1681945334,1681945334_000123,32,crop_bgr,180,0.11361806724197739,0.0036403587680246714,1681945334_000234
1681945334,1681945334_000135,32,crop_bgr,180,0.12081319959169186,-0.04324138574799619,1681945334_000591
1681945334,1681945334_000148,32,crop_bgr,180,0.1584978208302674,0.011535638202443334,1681945334_000468
1681945334,1681945334_000160,32,crop_bgr,180,0.13253937551114062,0.02319312716883747,1681945334_000468
1681945334,1681945334_000172,32,crop_bgr,180,0.1685846140503915,-0.03604742024534449,1681945334_000677
1681945334,1681945334_000185,32,crop_bgr,180,0.050973687964682955,-0.039494096240010754,1681945334_000505
1681945334,1681945334_000197,32,crop_bgr,180,0.10448933748617102,-0.011710484575807674,1681945334_000111
1681945334,1681945334_000209,32,crop_bgr,180,0.09083438225262237,-0.015552132334160725,1681945334_000135
1681945334,1681945334_000222,32,crop_bgr,180,0.19483538978004875,0.013098144648068993,1681945334_000185
1681945334,1681945334_000234,32,crop_bgr,180,0.13423885573420008,0.014238092221221044,1681945334_000665
1681945334,1681945334_000246,32,crop_bgr,180,0.11540709874963816,-0.034422013116378054,1681945334_000197
1681945334,1681945334_000259,32,crop_bgr,180,0.1648969060166051,0.022444449098323282,1681945334_000000
1681945334,1681945334_000271,32,crop_bgr,180,0.2132809927986846,0.032232540689616694,1681945334_000517
1681945334,1681945334_000283,32,crop_bgr,180,0.1728664922104951,0.02271222364563001,1681945334_000616
1681945334,1681945334_000296,32,crop_bgr,180,0.1561019328630238,0.039066237044927905,1681945334_000074
1681945334,1681945334_000308,32,crop_bgr,180,0.13391436286600128,-0.05080036786127789,1681945334_000382
1681945334,1681945334_000320,32,crop_bgr,180,0.15502181459684508,0.029329893151545827,1681945334_000062
1681945334,1681945334_000333,32,crop_bgr,180,0.18730109118030924,-0.027841045384872424,1681945334_000394
1681945334,1681945334_000345,32,crop_bgr,180,0.17941834357193365,-0.018395354469755938,1681945334_000370
1681945334,1681945334_000357,32,crop_bgr,180,0.11763232946433944,-0.05868949238434503,1681945334_000283
1681945334,1681945334_000370,32,crop_bgr,180,0.13533037495871827,-0.0668902688394134,1681945334_000604
1681945334,1681945334_000382,32,crop_bgr,180,0.062480141232686776,-0.02202611318770047,1681945334_000751
1681945334,1681945334_000394,32,crop_bgr,180,0.18660472842898088,0.0446784355424169,1681945334_000406
1681945334,1681945334_000406,32,crop_bgr,180,0.09904813584035155,0.06000877296388767,1681945334_000049
1681945334,1681945334_000419,32,crop_bgr,180,0.16315123518517957,-0.013975354059022593,1681945334_000357
1681945334,1681945334_000431,32,crop_bgr,180,0.17415341560287492,0.03204398795409472,1681945334_000308
1681945334,1681945334_000443,32,crop_bgr,180,0.05761693328814035,-0.07427193615417792,1681945334_000653
1681945334,1681945334_000456,32,crop_bgr,180,0.017248792158220876,-0.07997252162980062,1681945334_000653
1681945334,1681945334_000468,32,crop_bgr,180,0.25847516378830837,0.05136903455547504,1681945334_000012
1681945334,1681945334_000480,32,crop_bgr,180,0.08695115615858133,-0.007767248792240667,1681945334_000123
1681945334,1681945334_000493,32,crop_bgr,180,0.1713190622502395,-0.0122230703460959,1681945334_000554
1681945334,1681945334_000505,32,crop_bgr,180,0.12520371170469546,-0.018615225224444986,1681945334_000480
1681945334,1681945334_000517,32,crop_bgr,180,0.16033403483434983,-0.009271272447378182,1681945334_000086
1681945334,1681945334_000530,32,crop_bgr,180,0.028895997390314943,-0.06401495326001287,1681945334_000542
1681945334,1681945334_000542,32,crop_bgr,180,0.13411082869331903,0.012739064839882491,1681945334_000099
1681945334,1681945334_000554,32,crop_bgr,180,0.1381553003312624,-0.02469837050121791,1681945334_000776
1681945334,1681945334_000567,32,crop_bgr,180,0.1358973199345802,-0.01948626483749644,1681945334_000160
1681945334,1681945334_000579,32,crop_bgr,180,0.14698781696230448,0.03281205497716579,1681945334_000764
1681945334,1681945334_000591,32,crop_bgr,180,0.2166624216960095,0.06406237839350855,1681945334_000714
1681945334,1681945334_000604,32,crop_bgr,180,0.1005911484735637,0.03042711310632891,1681945334_000209
1681945334,1681945334_000616,32,crop_bgr,180,0.13186696455694644,-0.00046013325682338634,1681945334_000320
1681945334,1681945334_000628,32,crop_bgr,180,0.08439693268901062,-0.07059436377563881,1681945334_000530
1681945334,1681945334_000641,32,crop_bgr,180,0.19648411054005954,0.058420550850464804,1681945334_000690
1681945334,1681945334_000653,32,crop_bgr,180,0.1131014439962977,0.04827944371313056,1681945334_000333
1681945334,1681945334_000665,32,crop_bgr,180,0.13643671679796038,-0.02104471387922731,1681945334_000431
1681945334,1681945334_000677,32,crop_bgr,180,0.15861343999592148,0.02812936726734455,1681945334_000727
1681945334,1681945334_000690,32,crop_bgr,180,0.15118676190477645,0.04048006142553278,1681945334_000025
1681945334,1681945334_000702,32,crop_bgr,180,0.14691676545881485,-0.049546877175123426,1681945334_000493
1681945334,1681945334_000714,32,crop_bgr,180,0.12112809264262414,-0.014161720367924348,1681945334_000296
1681945334,1681945334_000727,32,crop_bgr,180,0.11564139968654326,0.08297566328669902,1681945334_000222
1681945334,1681945334_000739,32,crop_bgr,180,0.19384091858366417,0.0039009795208883175,1681945334_000246
1681945334,1681945334_000751,32,crop_bgr,180,0.1370220180870598,0.012932662630310648,1681945334_000456
1681945334,1681945334_000764,32,crop_bgr,180,0.10067467220772759,-0.0008703233661629209,1681945334_000567
1681945334,1681945334_000776,32,crop_bgr,180,0.12205882174924902,0.06561638028780133,1681945334_000271
1682013847,1682013847_000000,32,crop_bgr,180,0.18769598454587363,-0.010246967298107043,1682013847_000010
1682013847,1682013847_000002,32,crop_bgr,180,0.09054042930400452,-0.02999831870340756,1682013847_000040
1682013847,1682013847_000005,32,crop_bgr,180,0.10108257639582115,-0.057272949825655804,1682013847_000120
1682013847,1682013847_000007,32,crop_bgr,180,0.14038153611047885,-0.016550365825268396,1682013847_000147
1682013847,1682013847_000010,32,crop_bgr,180,0.11158406195050163,0.008949889219738534,1682013847_000062
1682013847,1682013847_000012,32,crop_bgr,180,0.06300236094844326,-0.04425360732643142,1682013847_000115
1682013847,1682013847_000015,32,crop_bgr,180,0.2183064792882181,0.023371660420040977,1682013847_000105
1682013847,1682013847_000017,32,crop_bgr,180,0.1560141177177077,-0.06254057796928816,1682013847_000142
1682013847,1682013847_000020,32,crop_bgr,180,0.11330438770613971,-0.07560016197454368,1682013847_000110
1682013847,1682013847_000022,32,crop_bgr,180,0.13775597734742753,-0.00014045517275459532,1682013847_000137
1682013847,1682013847_000025,32,crop_bgr,180,0.17501277045318706,0.09613325123901993,1682013847_000002
1682013847,1682013847_000027,32,crop_bgr,180,0.1503243545360114,-0.006276934602494614,1682013847_000030
1682013847,1682013847_000030,32,crop_bgr,180,0.09505116225856743,0.0285796773933443,1682013847_000087
1682013847,1682013847_000032,32,crop_bgr,180,0.09580883971566512,0.001158369710075463,1682013847_000077
1682013847,1682013847_000035,32,crop_bgr,180,0.1441363433347254,0.06874389509816363,1682013847_000050
1682013847,1682013847_000037,32,crop_bgr,180,0.22424666099687574,0.042374563614251605,1682013847_000090
1682013847,1682013847_000040,32,crop_bgr,180,0.14582684526807732,-0.012585601703522529,1682013847_000125
1682013847,1682013847_000042,32,crop_bgr,180,0.1398729149177324,-0.009623812849600824,1682013847_000020
1682013847,1682013847_000045,32,crop_bgr,180,0.190342174247077,0.045636290733502366,1682013847_000067
1682013847,1682013847_000047,32,crop_bgr,180,0.19122376769088315,0.03631426017683991,1682013847_000067
1682013847,1682013847_000050,32,crop_bgr,180,0.15218657228602492,0.033608651592304924,1682013847_000035
1682013847,1682013847_000052,32,crop_bgr,180,0.14562161401965215,0.0783611773502161,1682013847_000072
1682013847,1682013847_000055,32,crop_bgr,180,0.12020807882403799,0.00567539576691781,1682013847_000072
1682013847,1682013847_000057,32,crop_bgr,180,0.07985174528972884,-0.09314428471775509,1682013847_000085
1682013847,1682013847_000060,32,crop_bgr,180,0.1249166700973845,0.008263599081713452,1682013847_000037
1682013847,1682013847_000062,32,crop_bgr,180,0.18544883408260196,-0.018630613158543623,1682013847_000057
1682013847,1682013847_000065,32,crop_bgr,180,0.10330237935161524,-0.02186828866734966,1682013847_000132
1682013847,1682013847_000067,32,crop_bgr,180,0.18956037571633497,0.0019514581524638023,1682013847_000027
1682013847,1682013847_000070,32,crop_bgr,180,0.15908238598899752,-0.04002496684660133,1682013847_000007
1682013847,1682013847_000072,32,crop_bgr,180,0.20517006951955954,0.007693329490690129,1682013847_000007
1682013847,1682013847_000075,32,crop_bgr,180,0.17534381259460707,-0.020240285559159056,1682013847_000117
1682013847,1682013847_000077,32,crop_bgr,180,0.1400101835757107,-0.012990587106281306,1682013847_000005
1682013847,1682013847_000080,32,crop_bgr,180,0.1446853763964274,-0.031694049082469915,1682013847_000012
1682013847,1682013847_000082,32,crop_bgr,180,0.20415965037352035,0.04311721999661496,1682013847_000152
1682013847,1682013847_000085,32,crop_bgr,180,0.10827718057035401,-0.01091411147836148,1682013847_000025
1682013847,1682013847_000087,32,crop_bgr,180,0.06882739068838047,-0.038484597482158094,1682013847_000042
1682013847,1682013847_000090,32,crop_bgr,180,0.14569705018932863,0.032020156143231615,1682013847_000017
1682013847,1682013847_000092,32,crop_bgr,180,0.13027072131632036,-0.0064701109461935994,1682013847_000155
1682013847,1682013847_000095,32,crop_bgr,180,0.15316749993999404,0.022498070440395593,1682013847_000097
1682013847,1682013847_000097,32,crop_bgr,180,0.15199708606723197,-0.06785659692420085,1682013847_000112
1682013847,1682013847_000100,32,crop_bgr,180,0.18579125291909696,0.003121657432034237,1682013847_000032
1682013847,1682013847_000102,32,crop_bgr,180,0.09732459644600804,0.03286447665299089,1682013847_000127
1682013847,1682013847_000105,32,crop_bgr,180,0.19920886375291424,-0.04635359225112462,1682013847_000127
1682013847,1682013847_000107,32,crop_bgr,180,0.05833267921111418,-0.0716598333052615,1682013847_000082
1682013847,1682013847_000110,32,crop_bgr,180,0.22297996734567768,0.03350996683283732,1682013847_000100
1682013847,1682013847_000112,32,crop_bgr,180,0.19462518980493923,-0.025900616772834475,1682013847_000095
1682013847,1682013847_000115,32,crop_bgr,180,0.10925353310183877,-0.04588620339212579,1682013847_000092
1682013847,1682013847_000117,32,crop_bgr,180,0.1293240635026086,-0.011982773756928333,1682013847_000000
1682013847,1682013847_000120,32,crop_bgr,180,0.09723608083004472,0.011800066979578638,1682013847_000122
1682013847,1682013847_000122,32,crop_bgr,180,0.18966835443149602,0.006279156020409665,1682013847_000022
1682013847,1682013847_000125,32,crop_bgr,180,0.13212010975204944,0.01694378220520561,1682013847_000107
1682013847,1682013847_000127,32,crop_bgr,180,0.13840236836765094,-0.018649054044950365,1682013847_000015
1682013847,1682013847_000130,32,crop_bgr,180,0.10245433532327396,-0.06880182852618981,1682013847_000135
1682013847,1682013847_000132,32,crop_bgr,180,0.14684842872459938,0.00800360457857476,1682013847_000135
1682013847,1682013847_000135,32,crop_bgr,180,0.12250539423831726,-0.0546203311108488,1682013847_000065
1682013847,1682013847_000137,32,crop_bgr,180,0.13717642609373173,0.0805953607321253,1682013847_000047
1682013847,1682013847_000140,32,crop_bgr,180,0.1798034161165384,0.010265581679317742,1682013847_000080
1682013847,1682013847_000142,32,crop_bgr,180,0.16861350714453482,-0.022782838473545678,1682013847_000157
1682013847,1682013847_000145,32,crop_bgr,180,0.21477288431365912,-0.09230226533755549,1682013847_000150
1682013847,1682013847_000147,32,crop_bgr,180,0.17437453500966102,0.005269317830631924,1682013847_000055
1682013847,1682013847_000150,32,crop_bgr,180,0.12985418698438173,-0.07880728512700035,1682013847_000060
1682013847,1682013847_000152,32,crop_bgr,180,0.00031421584534683616,-0.03093225467337063,1682013847_000145
1682013847,1682013847_000155,32,crop_bgr,180,0.056077568650407326,0.034602239459241256,1682013847_000140
1682013847,1682013847_000157,32,crop_bgr,180,0.14783322186598963,-0.001566530218130453,1682013847_000075
1682014432,1682014432_000000,32,crop_bgr,180,0.17146202589667559,0.03560188004176392,1682014432_000001
1682014432,1682014432_000001,32,crop_bgr,180,0.12035646362318075,0.030116933924377875,1682014432_000039
1682014432,1682014432_000002,32,crop_bgr,180,0.12559298302001687,-0.04316099601581567,1682014432_000019
1682014432,1682014432_000003,32,crop_bgr,180,0.16205036282382926,0.07439287191244807,1682014432_000028
1682014432,1682014432_000004,32,crop_bgr,180,0.08968245718067858,-0.018621720077863932,1682014432_000032
1682014432,1682014432_000005,32,crop_bgr,180,0.10935701033962504,0.010950333620596877,1682014432_000044
1682014432,1682014432_000006,32,crop_bgr,180,0.12061813002026128,0.00046884005764117237,1682014432_000111
1682014432,1682014432_000007,32,crop_bgr,180,0.19908691782083707,0.025312925327646122,1682014432_000057
1682014432,1682014432_000008,32,crop_bgr,180,0.2076878079640647,0.08784705792834215,1682014432_000104
1682014432,1682014432_000009,32,crop_bgr,180,0.1711215700725834,-0.07223708282509854,1682014432_000004
1682014432,1682014432_000010,32,crop_bgr,180,0.2079191472192565,0.048913084186702205,1682014432_000063
1682014432,1682014432_000011,32,crop_bgr,180,0.09724481502731319,-0.031097343868348535,1682014432_000074
1682014432,1682014432_000012,32,crop_bgr,180,0.19174474897792507,0.017140120050271386,1682014432_000047
1682014432,1682014432_000013,32,crop_bgr,180,0.12068862798900411,-0.031482767103953785,1682014432_000105
1682014432,1682014432_000014,32,crop_bgr,180,0.13616234199192612,-0.032610980574090655,1682014432_000102
1682014432,1682014432_000015,32,crop_bgr,180,0.1683869048003049,-0.03141278694882894,1682014432_000024
1682014432,1682014432_000016,32,crop_bgr,180,0.08127090954651049,-0.07881218977236178,1682014432_000027
1682014432,1682014432_000017,32,crop_bgr,180,0.18249407186464192,0.043767135622899724,1682014432_000110
1682014432,1682014432_000018,32,crop_bgr,180,0.2009526370997016,0.06998654478898296,1682014432_000059
1682014432,1682014432_000019,32,crop_bgr,180,0.114672662823186,-0.035429756245926404,1682014432_000077
1682014432,1682014432_000020,32,crop_bgr,180,0.16331495885514544,0.031678706481076284,1682014432_000036
1682014432,1682014432_000021,32,crop_bgr,180,0.18288641850781376,-0.022067781030719654,1682014432_000045
1682014432,1682014432_000022,32,crop_bgr,180,0.1777222784409815,0.02806759480944641,1682014432_000010
1682014432,1682014432_000023,32,crop_bgr,180,0.1977504608342304,-0.01718878661128107,1682014432_000016
1682014432,1682014432_000024,32,crop_bgr,180,0.1461193294052284,0.010250215861176443,1682014432_000065
1682014432,1682014432_000025,32,crop_bgr,180,0.2088585253226188,0.03114951405845417,1682014432_000085
1682014432,1682014432_000026,32,crop_bgr,180,0.2163543397148907,0.02959443839271798,1682014432_000086
1682014432,1682014432_000027,32,crop_bgr,180,0.12896863203428707,0.07364691745692488,1682014432_000080
1682014432,1682014432_000028,32,crop_bgr,180,0.16942124071163747,-0.0009958086761199618,1682014432_000067
1682014432,1682014432_000029,32,crop_bgr,180,0.14272914294569905,0.03032989753953617,1682014432_000071
1682014432,1682014432_000030,32,crop_bgr,180,0.12958763075785407,0.004910703427042743,1682014432_000026
1682014432,1682014432_000031,32,crop_bgr,180,0.24496998485631916,0.047691960475511434,1682014432_000041
1682014432,1682014432_000032,32,crop_bgr,180,0.19642767384158652,0.08099738316273426,1682014432_000084
1682014432,1682014432_000033,32,crop_bgr,180,0.16190151553950768,-0.016182977559587423,1682014432_000015
1682014432,1682014432_000034,32,crop_bgr,180,0.2117378862208854,0.058993959618786236,1682014432_000096
1682014432,1682014432_000035,32,crop_bgr,180,0.056714631538362696,-0.018930249536470132,1682014432_000040
1682014432,1682014432_000036,32,crop_bgr,180,0.18802796633052443,0.026881123873622834,1682014432_000103
1682014432,1682014432_000037,32,crop_bgr,180,0.17078379186617199,0.028740115429039415,1682014432_000022
1682014432,1682014432_000038,32,crop_bgr,180,0.17479783103116653,0.04417527631963647,1682014432_000043
1682014432,1682014432_000039,32,crop_bgr,180,0.12277930453157344,0.07741782123654478,1682014432_000030
1682014432,1682014432_000040,32,crop_bgr,180,0.15172555605129134,0.047693973076808956,1682014432_000055
1682014432,1682014432_000041,32,crop_bgr,180,0.15986106269874215,-0.048282396376388224,1682014432_000031
1682014432,1682014432_000042,32,crop_bgr,180,0.1635234365080039,0.06029187696669577,1682014432_000073
1682014432,1682014432_000043,32,crop_bgr,180,0.1413337794457011,0.011395536565924305,1682014432_000099
1682014432,1682014432_000044,32,crop_bgr,180,0.14474283536691757,-0.024847114867917797,1682014432_000025
1682014432,1682014432_000045,32,crop_bgr,180,0.10130589664220224,0.009996268867799363,1682014432_000107
1682014432,1682014432_000046,32,crop_bgr,180,0.16229607153574352,-0.000546102522521727,1682014432_000000
1682014432,1682014432_000047,32,crop_bgr,180,0.13673024603456593,-0.006116169055134441,1682014432_000012
1682014432,1682014432_000048,32,crop_bgr,180,0.07079249695437977,0.002715148450837835,1682014432_000035
1682014432,1682014432_000049,32,crop_bgr,180,0.14450851689219604,-0.06234013710383799,1682014432_000037
1682014432,1682014432_000050,32,crop_bgr,180,0.07970385120047078,0.004862039750992882,1682014432_000054
1682014432,1682014432_000051,32,crop_bgr,180,0.15766703286954084,-0.07278308072610494,1682014432_000053
1682014432,1682014432_000052,32,crop_bgr,180,0.16776135395049493,-0.026486863184899307,1682014432_000003
1682014432,1682014432_000053,32,crop_bgr,180,0.1313108530103393,-0.011256037357743285,1682014432_000094
1682014432,1682014432_000054,32,crop_bgr,180,0.15730292257389086,0.0517688524612882,1682014432_000076
1682014432,1682014432_000055,32,crop_bgr,180,0.10719430559223408,-0.03835058193093618,1682014432_000100
1682014432,1682014432_000056,32,crop_bgr,180,0.14705035510136,0.07169989849920345,1682014432_000095
1682014432,1682014432_000057,32,crop_bgr,180,0.17024861420649587,0.02517920038822101,1682014432_000078
1682014432,1682014432_000058,32,crop_bgr,180,0.12456846045329095,-0.024602063104185584,1682014432_000009
1682014432,1682014432_000059,32,crop_bgr,180,0.07800369350965425,0.013770898244116663,1682014432_000101
1682014432,1682014432_000060,32,crop_bgr,180,0.06488736878277056,-0.03125259554112366,1682014432_000007
1682014432,1682014432_000061,32,crop_bgr,180,0.17180260293472863,-0.013721034261013516,1682014432_000066
1682014432,1682014432_000062,32,crop_bgr,180,0.07280964208682854,-0.0018155576092742168,1682014432_000014
1682014432,1682014432_000063,32,crop_bgr,180,0.20034046304185807,0.10464536644893763,1682014432_000068
1682014432,1682014432_000064,32,crop_bgr,180,0.14139488318750623,0.032805965793641166,1682014432_000088
1682014432,1682014432_000065,32,crop_bgr,180,0.06339614657402069,-0.031064027213945678,1682014432_000098
1682014432,1682014432_000066,32,crop_bgr,180,0.1429769047256733,-0.03393394323844998,1682014432_000052
1682014432,1682014432_000067,32,crop_bgr,180,0.1284982052764365,0.013569344259143837,1682014432_000081
1682014432,1682014432_000068,32,crop_bgr,180,0.10449537482467143,0.0069663373427902575,1682014432_000089
1682014432,1682014432_000069,32,crop_bgr,180,0.20154563840850867,0.06792067220554128,1682014432_000083
1682014432,1682014432_000070,32,crop_bgr,180,0.1426189078519094,0.0307360639387597,1682014432_000008
1682014432,1682014432_000071,32,crop_bgr,180,0.15251230176984734,-0.027661504980986903,1682014432_000091
1682014432,1682014432_000072,32,crop_bgr,180,0.11291097851129751,-0.02697726258017528,1682014432_000018
1682014432,1682014432_000073,32,crop_bgr,180,0.15589677129048546,0.04531267539339959,1682014432_000038
1682014432,1682014432_000074,32,crop_bgr,180,0.12474954507762494,-0.01507281709351511,1682014432_000020
1682014432,1682014432_000075,32,crop_bgr,180,0.13787381535445406,-0.020986423040384977,1682014432_000046
1682014432,1682014432_000076,32,crop_bgr,180,0.08764303487406688,-0.04213071957562555,1682014432_000069
1682014432,1682014432_000077,32,crop_bgr,180,0.10383621246338277,-0.003319776053918729,1682014432_000093
1682014432,1682014432_000078,32,crop_bgr,180,0.13426027232366275,-0.017762524359099998,1682014432_000023
1682014432,1682014432_000079,32,crop_bgr,180,0.12230850028586493,0.07495993611129341,1682014432_000108
1682014432,1682014432_000080,32,crop_bgr,180,0.13214842417495617,-0.04717221373069364,1682014432_000060
1682014432,1682014432_000081,32,crop_bgr,180,0.1762581263147737,-0.010305605070500387,1682014432_000050
1682014432,1682014432_000082,32,crop_bgr,180,0.12039687668813974,0.015033294539387709,1682014432_000097
1682014432,1682014432_000083,32,crop_bgr,180,0.08995024266490186,-0.07401460740438873,1682014432_000070
1682014432,1682014432_000084,32,crop_bgr,180,0.23206888811271073,0.13656641684331106,1682014432_000062
1682014432,1682014432_000085,32,crop_bgr,180,0.13485250737836454,0.004461085689104063,1682014432_000092
1682014432,1682014432_000086,32,crop_bgr,180,0.21154559196219128,0.056884831367013826,1682014432_000034
1682014432,1682014432_000087,32,crop_bgr,180,0.1585137839352195,-0.012270704340544406,1682014432_000013
1682014432,1682014432_000088,32,crop_bgr,180,0.15509552746955463,-0.015085114125143332,1682014432_000079
1682014432,1682014432_000089,32,crop_bgr,180,0.1384041452877606,-0.024943956704489945,1682014432_000061
1682014432,1682014432_000090,32,crop_bgr,180,0.11099299675898182,0.006428371303432647,1682014432_000005
1682014432,1682014432_000091,32,crop_bgr,180,0.16456075409785662,0.010588344790736634,1682014432_000058
1682014432,1682014432_000092,32,crop_bgr,180,0.10378005563123627,-0.09772862523487251,1682014432_000064
1682014432,1682014432_000093,32,crop_bgr,180,0.16581838815468622,0.037811658419709133,1682014432_000029
1682014432,1682014432_000094,32,crop_bgr,180,0.0981771798982733,-0.02839809545907313,1682014432_000042
1682014432,1682014432_000095,32,crop_bgr,180,0.17293939062984842,0.03114130073470375,1682014432_000109
1682014432,1682014432_000096,32,crop_bgr,180,0.08774883173676391,-0.002226567780709718,1682014432_000106
1682014432,1682014432_000097,32,crop_bgr,180,0.1331336125904654,0.06648079588645724,1682014432_000082
1682014432,1682014432_000098,32,crop_bgr,180,0.1386527938323656,-0.009971096163147624,1682014432_000011
1682014432,1682014432_000099,32,crop_bgr,180,0.1496047246591867,-0.008948894860673882,1682014432_000048
1682014432,1682014432_000100,32,crop_bgr,180,0.1591942251533712,0.04774094608205165,1682014432_000006
1682014432,1682014432_000101,32,crop_bgr,180,0.20311197059804154,0.06506810620578499,1682014432_000072
1682014432,1682014432_000102,32,crop_bgr,180,0.2509865709599209,0.013868852189925925,1682014432_000112
1682014432,1682014432_000103,32,crop_bgr,180,0.11628479948326874,0.0513618542309792,1682014432_000021
1682014432,1682014432_000104,32,crop_bgr,180,0.1976046990450405,0.039745486784675814,1682014432_000049
1682014432,1682014432_000105,32,crop_bgr,180,0.15252070402012394,0.0032943770677656505,1682014432_000017
1682014432,1682014432_000106,32,crop_bgr,180,0.18296334513434231,0.03927955688046517,1682014432_000075
1682014432,1682014432_000107,32,crop_bgr,180,0.18222113839121692,-0.04675665126788026,1682014432_000002
1682014432,1682014432_000108,32,crop_bgr,180,0.07289807200056087,-0.0540713354704739,1682014432_000033
1682014432,1682014432_000109,32,crop_bgr,180,0.14161294293336088,0.04627512092706337,1682014432_000051
1682014432,1682014432_000110,32,crop_bgr,180,0.1389369575603351,-0.0200280298323276,1682014432_000087
1682014432,1682014432_000111,32,crop_bgr,180,0.14521522625531222,-0.0417025558952451,1682014432_000090
1682014432,1682014432_000112,32,crop_bgr,180,0.1985568430029142,0.07538612421630966,1682014432_000056
1682712156,1682712156_000001,32,crop_bgr,180,0.17179658562866787,0.02903260635386271,1682712156_000481
1682712156,1682712156_000013,32,crop_bgr,180,0.1014734245422751,-0.034059914624780356,1682712156_000247
1682712156,1682712156_000026,32,crop_bgr,180,0.16501637824727072,0.03422341003671927,1682712156_000050
1682712156,1682712156_000038,32,crop_bgr,180,0.11240208640093512,-0.04125081196871059,1682712156_000691
1682712156,1682712156_000050,32,crop_bgr,180,0.14424698405585537,0.027188120707851968,1682712156_000026
1682712156,1682712156_000063,32,crop_bgr,180,0.15205959592867732,0.0452043387541397,1682712156_000161
1682712156,1682712156_000075,32,crop_bgr,180,0.14511158274264288,-0.01889550539566485,1682712156_000617
1682712156,1682712156_000087,32,crop_bgr,180,0.2319299237767758,-0.0016133676922854949,1682712156_000100
1682712156,1682712156_000100,32,crop_bgr,180,0.1234292561162796,-0.001024019958855622,1682712156_000592
1682712156,1682712156_000112,32,crop_bgr,180,0.07011363739129756,-0.026583636030409183,1682712156_000457
1682712156,1682712156_000124,32,crop_bgr,180,0.19319179383212817,-0.061405365484686364,1682712156_000038
1682712156,1682712156_000136,32,crop_bgr,180,0.14923754435389805,0.006249018558862775,1682712156_000580
1682712156,1682712156_000149,32,crop_bgr,180,0.15386384686054302,0.061245426309898134,1682712156_000063
1682712156,1682712156_000161,32,crop_bgr,180,0.1585374202249676,-0.026899797019919795,1682712156_000629
1682712156,1682712156_000173,32,crop_bgr,180,0.08339214860339568,0.024447656987948863,1682712156_000013
1682712156,1682712156_000186,32,crop_bgr,180,0.1289252422593863,-0.026872902977434384,1682712156_000001
1682712156,1682712156_000198,32,crop_bgr,180,0.08890611900207879,-0.0008356227126473104,1682712156_000666
1682712156,1682712156_000210,32,crop_bgr,180,0.06965522357493585,-0.10206284278366769,1682712156_000124
1682712156,1682712156_000223,32,crop_bgr,180,0.11512414213943149,-0.041504495833459824,1682712156_000432
1682712156,1682712156_000235,32,crop_bgr,180,0.09871748029660861,0.014490632087594496,1682712156_000469
1682712156,1682712156_000247,32,crop_bgr,180,0.14828160136791046,0.008755924096037848,1682712156_000654
1682712156,1682712156_000260,32,crop_bgr,180,0.1074953476476473,0.058660664358335245,1682712156_000358
1682712156,1682712156_000272,32,crop_bgr,180,0.15654272333915906,-0.0366266444721615,1682712156_000149
1682712156,1682712156_000284,32,crop_bgr,180,0.19078984633312324,-0.06741850643874495,1682712156_000444
1682712156,1682712156_000297,32,crop_bgr,180,0.1927633114440173,-0.08438668896216374,1682712156_000407
1682712156,1682712156_000309,32,crop_bgr,180,0.0754797544198877,-0.0018629420956987406,1682712156_000235
1682712156,1682712156_000321,32,crop_bgr,180,0.05648574292248432,-0.034765358476945736,1682712156_000531
1682712156,1682712156_000334,32,crop_bgr,180,0.12596650872596202,-0.031110899341804627,1682712156_000531
1682712156,1682712156_000346,32,crop_bgr,180,0.12827125329029224,0.010269488560715108,1682712156_000543
1682712156,1682712156_000358,32,crop_bgr,180,0.14211006526667547,-0.06447737851968173,1682712156_000198
1682712156,1682712156_000371,32,crop_bgr,180,0.1187048694492548,0.006357726022237009,1682712156_000420
1682712156,1682712156_000383,32,crop_bgr,180,0.06569370938627835,-0.08268494530568687,1682712156_000740
1682712156,1682712156_000395,32,crop_bgr,180,0.1334372099842702,0.007807839438801413,1682712156_000297
1682712156,1682712156_000407,32,crop_bgr,180,0.14106532821425302,-0.06133025048904537,1682712156_000518
1682712156,1682712156_000420,32,crop_bgr,180,0.11911220528662715,-0.022504824229731584,1682712156_000703
1682712156,1682712156_000432,32,crop_bgr,180,0.12920006353646424,0.019052648865263068,1682712156_000383
1682712156,1682712156_000444,32,crop_bgr,180,0.07388463303533159,0.002397893237923887,1682712156_000260
1682712156,1682712156_000457,32,crop_bgr,180,0.13399248349766604,0.02414116037709832,1682712156_000136
1682712156,1682712156_000469,32,crop_bgr,180,0.04138843292402764,-0.08367273607885933,1682712156_000777
1682712156,1682712156_000481,32,crop_bgr,180,0.06273450269990473,-0.045333409129112844,1682712156_000605
1682712156,1682712156_000494,32,crop_bgr,180,0.14509918597382343,0.02307027570373636,1682712156_000112
1682712156,1682712156_000506,32,crop_bgr,180,0.17762041573571988,0.04887458628729682,1682712156_000346
1682712156,1682712156_000518,32,crop_bgr,180,0.16947568630831475,-0.015815727062986198,1682712156_000087
1682712156,1682712156_000531,32,crop_bgr,180,0.2173797865464551,0.03779289893289532,1682712156_000568
1682712156,1682712156_000543,32,crop_bgr,180,0.10423272664742367,0.002899950675937244,1682712156_000715
1682712156,1682712156_000555,32,crop_bgr,180,0.09005154225613793,-0.02965411978382941,1682712156_000075
1682712156,1682712156_000568,32,crop_bgr,180,0.19490345958708943,0.027533639542177663,1682712156_000223
1682712156,1682712156_000580,32,crop_bgr,180,0.07813827645876069,0.003196104567299407,1682712156_000728
1682712156,1682712156_000592,32,crop_bgr,180,0.13082706861869223,-0.05083539292786069,1682712156_000765
1682712156,1682712156_000605,32,crop_bgr,180,0.03721284307066988,-0.07351786161125516,1682712156_000642
1682712156,1682712156_000617,32,crop_bgr,180,0.11540516893736456,-0.05315578886296513,1682712156_000210
1682712156,1682712156_000629,32,crop_bgr,180,0.07886202537955825,-0.04276853058068658,1682712156_000334
1682712156,1682712156_000642,32,crop_bgr,180,0.11103201411983872,-0.0429263839600382,1682712156_000752
1682712156,1682712156_000654,32,crop_bgr,180,0.17002328962494986,0.020930712659440808,1682712156_000494
1682712156,1682712156_000666,32,crop_bgr,180,0.17084725146446922,-0.09673935687166098,1682712156_000284
1682712156,1682712156_000678,32,crop_bgr,180,0.13382790330874708,-0.03354377197920515,1682712156_000555
1682712156,1682712156_000691,32,crop_bgr,180,0.13835303916594477,-0.020754574012700897,1682712156_000506
1682712156,1682712156_000703,32,crop_bgr,180,0.14659354600851057,0.08473458613197775,1682712156_000173
1682712156,1682712156_000715,32,crop_bgr,180,0.10899231597548233,-0.08491522467961056,1682712156_000371
1682712156,1682712156_000728,32,crop_bgr,180,0.07987966972194006,-0.026407434749180777,1682712156_000678
1682712156,1682712156_000740,32,crop_bgr,180,0.119290425471416,0.01870976229232689,1682712156_000395
1682712156,1682712156_000752,32,crop_bgr,180,0.24383064315133926,0.028017939941872055,1682712156_000272
1682712156,1682712156_000765,32,crop_bgr,180,0.11785476687570055,-0.004207824535723082,1682712156_000309
1682712156,1682712156_000777,32,crop_bgr,180,0.0539299914923198,-0.008314132987112496,1682712156_000186
1682718815,1682718815_000001,32,crop_bgr,180,0.21721424743473214,-0.029810756150401085,1682718815_000285
1682718815,1682718815_000005,32,crop_bgr,180,0.12963611759388433,-0.028740782551292532,1682718815_000221
1682718815,1682718815_000009,32,crop_bgr,180,0.169144740281269,0.02053068467556586,1682718815_000337
1682718815,1682718815_000013,32,crop_bgr,180,0.1840694855295448,-0.03531126167846156,1682718815_000141
1682718815,1682718815_000017,32,crop_bgr,180,0.15504069533957246,-0.01887102824918089,1682718815_000189
1682718815,1682718815_000021,32,crop_bgr,180,0.12928140318187545,-0.04331315174645701,1682718815_000033
1682718815,1682718815_000025,32,crop_bgr,180,0.14457468500061485,0.04638776693457198,1682718815_000601
1682718815,1682718815_000029,32,crop_bgr,180,0.09882250155931356,-0.055190473752989015,1682718815_000573
1682718815,1682718815_000033,32,crop_bgr,180,0.23734973691506492,0.0507205736533679,1682718815_000365
1682718815,1682718815_000037,32,crop_bgr,180,0.25501283897815413,0.05097109966755675,1682718815_000361
1682718815,1682718815_000041,32,crop_bgr,180,0.08598106755325441,-0.022127197479482788,1682718815_000609
1682718815,1682718815_000045,32,crop_bgr,180,0.07578510773488689,0.010432135452854216,1682718815_000761
1682718815,1682718815_000049,32,crop_bgr,180,0.1506852024892104,0.021670913825389344,1682718815_000021
1682718815,1682718815_000053,32,crop_bgr,180,0.18785318900721967,-0.008522946548754561,1682718815_000473
1682718815,1682718815_000057,32,crop_bgr,180,0.06206742607495605,-0.1163285815247855,1682718815_000505
1682718815,1682718815_000061,32,crop_bgr,180,0.14716607370329063,-0.030021088855570307,1682718815_000165
1682718815,1682718815_000065,32,crop_bgr,180,0.1081239663479064,-0.0006694594088979567,1682718815_000381
1682718815,1682718815_000069,32,crop_bgr,180,0.15288581723339523,-0.030361782394972114,1682718815_000489
1682718815,1682718815_000073,32,crop_bgr,180,0.08526510574574671,-0.07242309027791366,1682718815_000409
1682718815,1682718815_000077,32,crop_bgr,180,0.11422299621300143,0.018699500618693656,1682718815_000357
1682718815,1682718815_000081,32,crop_bgr,180,0.1602566939942445,0.002651115735664814,1682718815_000297
1682718815,1682718815_000085,32,crop_bgr,180,0.0218131223024553,-0.060496259241722715,1682718815_000393
1682718815,1682718815_000089,32,crop_bgr,180,0.19102379483710452,0.03199836248738621,1682718815_000057
1682718815,1682718815_000093,32,crop_bgr,180,0.12570854547844862,-0.06125872807730189,1682718815_000301
1682718815,1682718815_000097,32,crop_bgr,180,0.18240038081323307,-0.03069908257513532,1682718815_000469
1682718815,1682718815_000101,32,crop_bgr,180,0.13323105789817163,0.029025451258436474,1682718815_000577
1682718815,1682718815_000105,32,crop_bgr,180,0.07907148288384185,-0.041912086843403105,1682718815_000733
1682718815,1682718815_000109,32,crop_bgr,180,0.14167333032977542,-0.010601982566864182,1682718815_000405
1682718815,1682718815_000113,32,crop_bgr,180,0.12884264071740328,-0.025393608663002668,1682718815_000569
1682718815,1682718815_000117,32,crop_bgr,180,0.21677935680551796,0.06002352030934883,1682718815_000589
1682718815,1682718815_000121,32,crop_bgr,180,0.2373121631088484,0.015052944558676494,1682718815_000681
1682718815,1682718815_000125,32,crop_bgr,180,0.1437179673626279,0.02573896315500934,1682718815_000449
1682718815,1682718815_000129,32,crop_bgr,180,0.19045207567576147,0.03213876683598446,1682718815_000433
1682718815,1682718815_000133,32,crop_bgr,180,0.17799675310438745,0.03848198896635211,1682718815_000341
1682718815,1682718815_000137,32,crop_bgr,180,0.19117952022738682,0.010114653286021572,1682718815_000745
1682718815,1682718815_000141,32,crop_bgr,180,0.1457862600028495,-0.041922161480890584,1682718815_000385
1682718815,1682718815_000145,32,crop_bgr,180,0.17810376607080738,-0.038951915873247596,1682718815_000053
1682718815,1682718815_000149,32,crop_bgr,180,0.15311300693776378,-0.0016128219978615254,1682718815_000349
1682718815,1682718815_000153,32,crop_bgr,180,0.07941581084624962,0.018328978473180508,1682718815_000437
1682718815,1682718815_000157,32,crop_bgr,180,0.12306819618496527,-0.0314509384528406,1682718815_000161
1682718815,1682718815_000161,32,crop_bgr,180,0.06756063368148361,-0.07247798173116872,1682718815_000037
1682718815,1682718815_000165,32,crop_bgr,180,0.04719253998042281,-0.12452318487959613,1682718815_000037
1682718815,1682718815_000169,32,crop_bgr,180,0.11466678111117867,-0.01879577176723282,1682718815_000525
1682718815,1682718815_000173,32,crop_bgr,180,0.15263332099903862,0.015240933336771236,1682718815_000149
1682718815,1682718815_000177,32,crop_bgr,180,0.08485154421851042,0.018405545845149848,1682718815_000313
1682718815,1682718815_000181,32,crop_bgr,180,0.1632662818300658,-0.08144130734476515,1682718815_000673
1682718815,1682718815_000185,32,crop_bgr,180,0.21772748304094625,0.03154057256082957,1682718815_000561
1682718815,1682718815_000189,32,crop_bgr,180,0.17406215980455786,0.014188693849336418,1682718815_000309
1682718815,1682718815_000193,32,crop_bgr,180,0.13606611961018156,-0.03373808074813609,1682718815_000321
1682718815,1682718815_000197,32,crop_bgr,180,0.150207274151655,0.0007701661179059816,1682718815_000401
1682718815,1682718815_000201,32,crop_bgr,180,0.12953830349265552,0.05077983648710813,1682718815_000605
1682718815,1682718815_000205,32,crop_bgr,180,0.1500386254015192,0.020572052980919284,1682718815_000049
1682718815,1682718815_000209,32,crop_bgr,180,0.10385821445170863,-0.02755043356953645,1682718815_000729
1682718815,1682718815_000213,32,crop_bgr,180,0.14827329566646222,-0.03555712754516447,1682718815_000537
1682718815,1682718815_000217,32,crop_bgr,180,0.2213200129323496,0.05485413039814225,1682718815_000293
1682718815,1682718815_000221,32,crop_bgr,180,0.1698177446117628,0.01172164185676261,1682718815_000705
1682718815,1682718815_000225,32,crop_bgr,180,0.14666154529061032,-0.026344994328265547,1682718815_000613
1682718815,1682718815_000229,32,crop_bgr,180,0.13442672595518226,0.024423197945659326,1682718815_000261
1682718815,1682718815_000233,32,crop_bgr,180,0.08930339000333605,-0.049668065839719076,1682718815_000625
1682718815,1682718815_000237,32,crop_bgr,180,0.1322402612155794,-0.004878565695188214,1682718815_000661
1682718815,1682718815_000241,32,crop_bgr,180,0.05783725713665618,-0.03706156752608033,1682718815_000701
1682718815,1682718815_000245,32,crop_bgr,180,0.18056867523413653,0.07015275177423123,1682718815_000693
1682718815,1682718815_000249,32,crop_bgr,180,0.18057712134951195,0.05984616727704591,1682718815_000101
1682718815,1682718815_000253,32,crop_bgr,180,0.11469020442020383,-0.05970813909709508,1682718815_000085
1682718815,1682718815_000257,32,crop_bgr,180,0.18250940191703066,0.022861120061978494,1682718815_000269
1682718815,1682718815_000261,32,crop_bgr,180,0.1746613268551566,0.042089971407070964,1682718815_000253
1682718815,1682718815_000265,32,crop_bgr,180,0.10700534073327565,-0.07316469668988436,1682718815_000453
1682718815,1682718815_000269,32,crop_bgr,180,0.09671025435942922,0.021294913157796996,1682718815_000317
1682718815,1682718815_000273,32,crop_bgr,180,0.15556921813139865,0.0070752238811557745,1682718815_000197
1682718815,1682718815_000277,32,crop_bgr,180,0.14955872894233474,-0.08237001634950432,1682718815_000669
1682718815,1682718815_000281,32,crop_bgr,180,0.13725425218721235,0.04017123195174715,1682718815_000709
1682718815,1682718815_000285,32,crop_bgr,180,0.1389939729990035,-0.032527028840985364,1682718815_000461
1682718815,1682718815_000289,32,crop_bgr,180,0.15539750674275601,0.028507716796658273,1682718815_000017
1682718815,1682718815_000293,32,crop_bgr,180,0.18419747034657072,0.04556009793311342,1682718815_000493
1682718815,1682718815_000297,32,crop_bgr,180,0.1443959595453829,0.010763670067491451,1682718815_000329
1682718815,1682718815_000301,32,crop_bgr,180,0.18164160938314777,0.06590047240939184,1682718815_000717
1682718815,1682718815_000305,32,crop_bgr,180,0.19219915588738737,0.00017590439263289367,1682718815_000061
1682718815,1682718815_000309,32,crop_bgr,180,0.1723037239991451,0.024607647484342826,1682718815_000677
1682718815,1682718815_000313,32,crop_bgr,180,0.13686051415076034,0.10529536488338796,1682718815_000153
1682718815,1682718815_000317,32,crop_bgr,180,0.2576185457767592,0.05481329379438124,1682718815_000097
1682718815,1682718815_000321,32,crop_bgr,180,0.0727633025872965,-0.08462612340638802,1682718815_000749
1682718815,1682718815_000325,32,crop_bgr,180,0.13889116751632338,-0.010377413378637441,1682718815_000265
1682718815,1682718815_000329,32,crop_bgr,180,0.2088021189312659,0.05777092716054688,1682718815_000077
1682718815,1682718815_000333,32,crop_bgr,180,0.20662026398608171,0.004849003698116051,1682718815_000305
1682718815,1682718815_000337,32,crop_bgr,180,0.2321436442467204,0.0192329976639228,1682718815_000249
1682718815,1682718815_000341,32,crop_bgr,180,0.1536749809402663,-0.04338579277915743,1682718815_000333
1682718815,1682718815_000345,32,crop_bgr,180,0.09918319006538412,0.030259088143365948,1682718815_000769
1682718815,1682718815_000349,32,crop_bgr,180,0.15332804505028783,0.025282310327976783,1682718815_000565
1682718815,1682718815_000353,32,crop_bgr,180,0.11208934668938166,-0.01817120991790853,1682718815_000225
1682718815,1682718815_000357,32,crop_bgr,180,0.11577549672897573,0.06918136183017502,1682718815_000645
1682718815,1682718815_000361,32,crop_bgr,180,0.18696786039348123,0.03191866460036926,1682718815_000073
1682718815,1682718815_000365,32,crop_bgr,180,0.06136602548379743,-0.03419335252370248,1682718815_000241
1682718815,1682718815_000369,32,crop_bgr,180,0.174705240257658,0.06802838244910264,1682718815_000541
1682718815,1682718815_000373,32,crop_bgr,180,0.15426795896384649,-0.07136860778553529,1682718815_000509
1682718815,1682718815_000377,32,crop_bgr,180,0.06055053965968201,0.015344798195137626,1682718815_000593
1682718815,1682718815_000381,32,crop_bgr,180,0.09167771876808649,-0.017066390369082356,1682718815_000217
1682718815,1682718815_000385,32,crop_bgr,180,0.1639753389734576,-0.009450029813663573,1682718815_000773
1682718815,1682718815_000389,32,crop_bgr,180,0.13006039615173481,-0.00672781035798788,1682718815_000413
1682718815,1682718815_000393,32,crop_bgr,180,0.10416120173477084,-0.03639344921231788,1682718815_000557
1682718815,1682718815_000397,32,crop_bgr,180,0.057995162277423094,-0.07316422745687877,1682718815_000737
1682718815,1682718815_000401,32,crop_bgr,180,0.13582357109212576,-0.00010112875541645287,1682718815_000497
1682718815,1682718815_000405,32,crop_bgr,180,0.2140553188141668,-0.011559306624777383,1682718815_000649
1682718815,1682718815_000409,32,crop_bgr,180,0.14394783250289434,-0.023893253125514713,1682718815_000369
1682718815,1682718815_000413,32,crop_bgr,180,0.12760856694551995,-0.02904037105155205,1682718815_000229
1682718815,1682718815_000417,32,crop_bgr,180,0.16079674679726463,0.06521100535309067,1682718815_000013
1682718815,1682718815_000421,32,crop_bgr,180,0.2052025834600071,0.017094608867822145,1682718815_000209
1682718815,1682718815_000425,32,crop_bgr,180,0.14511443762346696,-0.0012864310328020295,1682718815_000397
1682718815,1682718815_000429,32,crop_bgr,180,0.1594711499059603,0.07268609484729803,1682718815_000245
1682718815,1682718815_000433,32,crop_bgr,180,0.09093036922022511,0.029872561189757212,1682718815_000177
1682718815,1682718815_000437,32,crop_bgr,180,0.03726963937092501,-0.10812429516968992,1682718815_000517
1682718815,1682718815_000441,32,crop_bgr,180,0.19270779252046813,0.02742790928550172,1682718815_000501
1682718815,1682718815_000445,32,crop_bgr,180,0.18912995291683288,-0.009267014029289766,1682718815_000725
1682718815,1682718815_000449,32,crop_bgr,180,0.05165339401937028,-0.1763415748929358,1682718815_000441
1682718815,1682718815_000453,32,crop_bgr,180,0.05873985686240013,-0.0350288271214196,1682718815_000421
1682718815,1682718815_000457,32,crop_bgr,180,0.1406580462856912,0.03657009407993254,1682718815_000417
1682718815,1682718815_000461,32,crop_bgr,180,0.17495872803468115,0.01971221505886185,1682718815_000169
1682718815,1682718815_000465,32,crop_bgr,180,0.10781857158359605,-0.06516441870974071,1682718815_000585
1682718815,1682718815_000469,32,crop_bgr,180,0.21225434884761663,0.05467243819742032,1682718815_000289
1682718815,1682718815_000473,32,crop_bgr,180,0.13384683161364838,0.028093683628932654,1682718815_000633
1682718815,1682718815_000477,32,crop_bgr,180,0.1831898631567996,0.05886238771015539,1682718815_000193
1682718815,1682718815_000481,32,crop_bgr,180,0.12463711958984629,-0.018565401100794788,1682718815_000129
1682718815,1682718815_000485,32,crop_bgr,180,0.13286522450899815,0.0016397282457046348,1682718815_000553
1682718815,1682718815_000489,32,crop_bgr,180,0.15085885175501562,0.009958583282667837,1682718815_000065
1682718815,1682718815_000493,32,crop_bgr,180,0.15732592590746555,-0.013800946977945783,1682718815_000173
1682718815,1682718815_000497,32,crop_bgr,180,0.11017421256846811,-0.008371314919646803,1682718815_000281
1682718815,1682718815_000501,32,crop_bgr,180,0.08769716280764783,0.033199857342344964,1682718815_000665
1682718815,1682718815_000505,32,crop_bgr,180,0.16187267240150152,-0.036860972800546,1682718815_000089
1682718815,1682718815_000509,32,crop_bgr,180,0.14434113249049235,-0.04608741202957083,1682718815_000481
1682718815,1682718815_000513,32,crop_bgr,180,0.14169781996913414,-0.0392071621307008,1682718815_000457
1682718815,1682718815_000517,32,crop_bgr,180,0.1806457285560581,0.012360719318499117,1682718815_000125
1682718815,1682718815_000521,32,crop_bgr,180,0.18491349101067564,-0.003913512207660531,1682718815_000653
1682718815,1682718815_000525,32,crop_bgr,180,0.18078106166978034,0.06664389319723173,1682718815_000109
1682718815,1682718815_000529,32,crop_bgr,180,0.1181499786276015,-0.0068909303704499355,1682718815_000121
1682718815,1682718815_000533,32,crop_bgr,180,0.12153609502631742,-0.0014453299619078496,1682718815_000513
1682718815,1682718815_000537,32,crop_bgr,180,0.12560652402672626,0.010904613279158199,1682718815_000521
1682718815,1682718815_000541,32,crop_bgr,180,0.08624465334024813,-0.0949682480476108,1682718815_000429
1682718815,1682718815_000545,32,crop_bgr,180,0.2393336815077498,0.05849499281597386,1682718815_000765
1682718815,1682718815_000549,32,crop_bgr,180,0.1756029093274586,0.0322475729567357,1682718815_000325
1682718815,1682718815_000553,32,crop_bgr,180,0.12796367517505794,0.0032318426739084798,1682718815_000641
1682718815,1682718815_000557,32,crop_bgr,180,0.14871801840035506,-0.04279487011300809,1682718815_000689
1682718815,1682718815_000561,32,crop_bgr,180,0.1060268460904797,-0.055755631000787766,1682718815_000721
1682718815,1682718815_000565,32,crop_bgr,180,0.07259252835339272,-0.019720936951953327,1682718815_000145
1682718815,1682718815_000569,32,crop_bgr,180,0.1497137818429268,0.046223876840848145,1682718815_000025
1682718815,1682718815_000573,32,crop_bgr,180,0.11373697928251503,-0.055685728984805116,1682718815_000277
1682718815,1682718815_000577,32,crop_bgr,180,0.11447143232901551,-0.004903805282796363,1682718815_000581
1682718815,1682718815_000581,32,crop_bgr,180,0.17501473214409022,0.04378872426779102,1682718815_000105
1682718815,1682718815_000585,32,crop_bgr,180,0.21218834182524282,0.06385567848688671,1682718815_000257
1682718815,1682718815_000589,32,crop_bgr,180,0.18873707298919803,0.05418077250498638,1682718815_000093
1682718815,1682718815_000593,32,crop_bgr,180,0.16563440243658037,-0.02065593442007231,1682718815_000529
1682718815,1682718815_000597,32,crop_bgr,180,0.17229704548705807,0.07352163753801637,1682718815_000137
1682718815,1682718815_000601,32,crop_bgr,180,0.1767361403300193,-0.03577011167559467,1682718815_000465
1682718815,1682718815_000605,32,crop_bgr,180,0.16552504477854912,0.020118307140982585,1682718815_000345
1682718815,1682718815_000609,32,crop_bgr,180,0.18553772844826077,0.023569597214706455,1682718815_000377
1682718815,1682718815_000613,32,crop_bgr,180,0.09205748514255352,-0.02069800799741496,1682718815_000353
1682718815,1682718815_000617,32,crop_bgr,180,0.21444843318288123,0.00534518041109566,1682718815_000597
1682718815,1682718815_000621,32,crop_bgr,180,0.12665833807225937,0.005250866855397646,1682718815_000757
1682718815,1682718815_000625,32,crop_bgr,180,0.1638515809106419,0.04737040592769485,1682718815_000273
1682718815,1682718815_000629,32,crop_bgr,180,0.1835840501493651,0.020130724964919213,1682718815_000041
1682718815,1682718815_000633,32,crop_bgr,180,0.14117760190119166,0.0067467646968067995,1682718815_000041
1682718815,1682718815_000637,32,crop_bgr,180,0.053408828711536925,0.024604695088258705,1682718815_000657
1682718815,1682718815_000641,32,crop_bgr,180,0.11662101245743055,-0.04383230827234925,1682718815_000213
1682718815,1682718815_000645,32,crop_bgr,180,0.07716735132252893,0.021989701970292038,1682718815_000445
1682718815,1682718815_000649,32,crop_bgr,180,0.10440789969769415,-0.04881901377135759,1682718815_000697
1682718815,1682718815_000653,32,crop_bgr,180,0.15772730541572635,0.011358715154974337,1682718815_000485
1682718815,1682718815_000657,32,crop_bgr,180,0.17769584289304605,0.04031221013371177,1682718815_000741
1682718815,1682718815_000661,32,crop_bgr,180,0.13900154379749008,-0.0694148530392346,1682718815_000685
1682718815,1682718815_000665,32,crop_bgr,180,0.18282334555789728,0.06606374830023716,1682718815_000233
1682718815,1682718815_000669,32,crop_bgr,180,0.14088190629905153,-0.01407461659010413,1682718815_000753
1682718815,1682718815_000673,32,crop_bgr,180,0.2093308448410821,0.11645776805743768,1682718815_000777
1682718815,1682718815_000677,32,crop_bgr,180,0.18509378676148547,0.04544259177933733,1682718815_000549
1682718815,1682718815_000681,32,crop_bgr,180,0.2523926258888629,0.10090613931709362,1682718815_000069
1682718815,1682718815_000685,32,crop_bgr,180,0.13712046775919506,-0.014871837689733715,1682718815_000425
1682718815,1682718815_000689,32,crop_bgr,180,0.1572391428006514,0.00896037497999534,1682718815_000637
1682718815,1682718815_000693,32,crop_bgr,180,0.14887003522256886,-0.0034176903744421497,1682718815_000533
1682718815,1682718815_000697,32,crop_bgr,180,0.1992961068097371,0.03351079000525508,1682718815_000001
1682718815,1682718815_000701,32,crop_bgr,180,0.14394842968669883,0.008093876995335536,1682718815_000201
1682718815,1682718815_000705,32,crop_bgr,180,0.1446690589705447,-0.0067589309395295685,1682718815_000477
1682718815,1682718815_000709,32,crop_bgr,180,0.12333259248398915,0.03438393744027865,1682718815_000081
1682718815,1682718815_000713,32,crop_bgr,180,0.23278898957514696,0.0014645611854282408,1682718815_000205
1682718815,1682718815_000717,32,crop_bgr,180,0.22736586065748943,0.05446392264688727,1682718815_000621
1682718815,1682718815_000721,32,crop_bgr,180,0.17539033678393298,-0.03740674339605748,1682718815_000617
1682718815,1682718815_000725,32,crop_bgr,180,0.16873553426399468,-0.02816808610091255,1682718815_000117
1682718815,1682718815_000729,32,crop_bgr,180,0.1773263729983413,-0.03820333206815012,1682718815_000133
1682718815,1682718815_000733,32,crop_bgr,180,0.18225750552845252,0.04961191915243938,1682718815_000005
1682718815,1682718815_000737,32,crop_bgr,180,0.2006815657423885,0.0064920922998159825,1682718815_000545
1682718815,1682718815_000741,32,crop_bgr,180,0.10061617399817795,-0.08194157646002254,1682718815_000389
1682718815,1682718815_000745,32,crop_bgr,180,0.17593660471669828,-0.0060114486487641006,1682718815_000009
1682718815,1682718815_000749,32,crop_bgr,180,0.06367499738683427,-0.04377412124873558,1682718815_000045
1682718815,1682718815_000753,32,crop_bgr,180,0.04065249019646202,-0.07253473504796235,1682718815_000237
1682718815,1682718815_000757,32,crop_bgr,180,0.007481034185207726,-0.06049438861502191,1682718815_000029
1682718815,1682718815_000761,32,crop_bgr,180,0.11609872791331012,0.001650011715034631,1682718815_000373
1682718815,1682718815_000765,32,crop_bgr,180,0.1725298752853439,-0.0038744897215320213,1682718815_000713
1682718815,1682718815_000769,32,crop_bgr,180,0.13134247927659345,0.04186712096777967,1682718815_000185
1682718815,1682718815_000773,32,crop_bgr,180,0.17718425761262147,0.07061155603920712,1682718815_000113
1682718815,1682718815_000777,32,crop_bgr,180,0.14837234319027806,-0.032187475742881576,1682718815_000181
1680410249,1680410249_000000,64,full,180,0.018457588103470535,-0.034090990817092326,1680410249_000009
1680410249,1680410249_000001,64,full,180,-0.019408672088300563,-0.04597729179925689,1680410249_000005
1680410249,1680410249_000002,64,full,180,0.012239332404254002,0.011808155041894391,1680410249_000004
1680410249,1680410249_000003,64,full,180,-0.0008481171513500391,-0.012823711485084224,1680410249_000006
1680410249,1680410249_000004,64,full,180,-0.006414617323471024,-0.04093118799504828,1680410249_000006
1680410249,1680410249_000005,64,full,180,0.10216363459340205,0.04031658123195631,1680410249_000000
1680410249,1680410249_000006,64,full,180,0.10205395342690791,0.05309701301948782,1680410249_000008
1680410249,1680410249_000007,64,full,180,0.06533271876733508,0.05652062238197195,1680410249_000002
1680410249,1680410249_000008,64,full,180,0.025810604039262164,0.03858217605392576,1680410249_000001
1680410249,1680410249_000009,64,full,180,0.11823420021543846,0.09910815168436253,1680410249_000007
1680410569,1680410569_000000,64,full,180,0.07633652581685411,0.06065033233268047,1680410569_000004
1680410569,1680410569_000001,64,full,180,0.08383944904389624,0.03018901867008693,1680410569_000009
1680410569,1680410569_000002,64,full,180,0.03211031454866581,-0.0003797710759893801,1680410569_000006
1680410569,1680410569_000003,64,full,180,-0.02326814315636565,-0.040242793479238675,1680410569_000006
1680410569,1680410569_000004,64,full,180,0.0590475932699226,0.006860265564670222,1680410569_000007
1680410569,1680410569_000005,64,full,180,-0.02338067632481869,-0.03535180699565985,1680410569_000001
1680410569,1680410569_000006,64,full,180,0.07176454506172651,0.015995750547918287,1680410569_000003
1680410569,1680410569_000007,64,full,180,-0.03946604652914495,-0.018702226940681178,1680410569_000008
1680410569,1680410569_000008,64,full,180,0.03171189950229327,0.008294516832621786,1680410569_000000
1680410569,1680410569_000009,64,full,180,0.020689934602163423,-0.04634979094055717,1680410569_000005
1680412337,1680412337_000000,64,full,180,0.08119949284192303,0.055982781638684344,1680412337_000714
1680412337,1680412337_000012,64,full,180,-0.016728061754257607,0.0005455073627935574,1680412337_000135
1680412337,1680412337_000025,64,full,180,0.002637234638922468,-0.012381363969201356,1680412337_000604
1680412337,1680412337_000037,64,full,180,-0.018905986113851518,-0.009379584371840138,1680412337_000591
1680412337,1680412337_000049,64,full,180,0.018928442711706787,0.042665703708938706,1680412337_000074
1680412337,1680412337_000062,64,full,180,0.029559928246165462,-0.0013643168775503468,1680412337_000209
1680412337,1680412337_000074,64,full,180,0.010616655237738809,-0.008806900744943386,1680412337_000037
1680412337,1680412337_000086,64,full,180,0.03560295000519423,0.039869028087889495,1680412337_000554
1680412337,1680412337_000099,64,full,180,-0.04509237199053415,-0.032121755795735944,1680412337_000702
1680412337,1680412337_000111,64,full,180,0.09677679151242768,0.05778808444631387,1680412337_000271
1680412337,1680412337_000123,64,full,180,-0.007680526250132924,-0.04738847937065569,1680412337_000246
1680412337,1680412337_000135,64,full,180,0.0851630090895279,0.022875656514784997,1680412337_000665
1680412337,1680412337_000148,64,full,180,0.023348638741880184,-0.0164399185614051,1680412337_000641
1680412337,1680412337_000160,64,full,180,-0.009229112167973433,-0.01859405996805845,1680412337_000259
1680412337,1680412337_000172,64,full,180,0.04410070008105679,0.046566912623739,1680412337_000764
1680412337,1680412337_000185,64,full,180,0.031037332190682446,-0.044898667238323614,1680412337_000628
1680412337,1680412337_000197,64,full,180,-0.008628995732116609,-0.0755141814138203,1680412337_000456
1680412337,1680412337_000209,64,full,180,0.1400983152745198,0.06457275495830404,1680412337_000025
1680412337,1680412337_000222,64,full,180,0.08366490553760021,0.06487542756472381,1680412337_000345
1680412337,1680412337_000234,64,full,180,0.016432380295442982,-0.0045829282650947,1680412337_000370
1680412337,1680412337_000246,64,full,180,0.06329137030992127,0.037238957142978986,1680412337_000333
1680412337,1680412337_000259,64,full,180,0.05214008725855426,0.02690217437251613,1680412337_000123
1680412337,1680412337_000271,64,full,180,0.012033149301376158,-0.019389451514126195,1680412337_000443
1680412337,1680412337_000283,64,full,180,0.0343752810131401,-0.02539245861783207,1680412337_000431
1680412337,1680412337_000296,64,full,180,0.033356032328013895,-0.03561676781032671,1680412337_000308
1680412337,1680412337_000308,64,full,180,0.12947043736158562,0.0835915399495157,1680412337_000148
1680412337,1680412337_000320,64,full,180,-0.01977411208324179,-0.04211381951488643,1680412337_000579
1680412337,1680412337_000333,64,full,180,0.11615759152917209,0.0192596262572096,1680412337_000542
1680412337,1680412337_000345,64,full,180,0.022763276559436534,-0.06945332812128881,1680412337_000727
1680412337,1680412337_000357,64,full,180,0.028166111368932798,0.010977355744251132,1680412337_000172
1680412337,1680412337_000370,64,full,180,-0.006371992297742361,-0.014031116377470149,1680412337_000222
1680412337,1680412337_000382,64,full,180,0.06573356857077706,0.04738462163858694,1680412337_000086
1680412337,1680412337_000394,64,full,180,0.03923220280921976,-0.009821462543984692,1680412337_000197
1680412337,1680412337_000406,64,full,180,0.0784983748956447,0.0011093177042955486,1680412337_000357
1680412337,1680412337_000419,64,full,180,-0.001816099363476156,0.021970504521318605,1680412337_000111
1680412337,1680412337_000431,64,full,180,0.029504088104994403,-0.002744045026074176,1680412337_000739
1680412337,1680412337_000443,64,full,180,0.006656283391551378,-0.004101795013866156,1680412337_000394
1680412337,1680412337_000456,64,full,180,0.07524967159379961,-0.02228224513650796,1680412337_000530
1680412337,1680412337_000468,64,full,180,0.034492293748161006,0.05052398009237516,1680412337_000185
1680412337,1680412337_000480,64,full,180,0.028185867566667664,-0.017594079912131386,1680412337_000012
1680412337,1680412337_000493,64,full,180,-0.03160580466827762,-0.024282799814636522,1680412337_000616
1680412337,1680412337_000505,64,full,180,0.00838237275592021,0.024549740196472464,1680412337_000677
1680412337,1680412337_000517,64,full,180,0.061625160072488146,-0.00901770639994616,1680412337_000283
1680412337,1680412337_000530,64,full,180,0.03782019940380289,0.03314502573912763,1680412337_000480
1680412337,1680412337_000542,64,full,180,-0.02636660850938698,-0.06581136577165438,1680412337_000776
1680412337,1680412337_000554,64,full,180,0.010578946064745168,-0.07903102145155984,1680412337_000160
1680412337,1680412337_000567,64,full,180,0.03946306099904906,-0.02879353228586118,1680412337_000751
1680412337,1680412337_000579,64,full,180,0.05904850186305271,0.0872699359443786,1680412337_000690
1680412337,1680412337_000591,64,full,180,0.043660515473809995,0.04184514308171092,1680412337_000567
1680412337,1680412337_000604,64,full,180,-0.006103634893454199,-0.005687987707801281,1680412337_000468
1680412337,1680412337_000616,64,full,180,-0.012006322982433431,0.008298441386914964,1680412337_000062
1680412337,1680412337_000628,64,full,180,-0.020303147449855796,-0.021041855842672666,1680412337_000049
1680412337,1680412337_000641,64,full,180,-0.02277280350402056,-0.022391868412152932,1680412337_000653
1680412337,1680412337_000653,64,full,180,0.05751074241726858,0.059410544593429426,1680412337_000419
1680412337,1680412337_000665,64,full,180,0.07829592601847948,0.07742555006591449,1680412337_000296
1680412337,1680412337_000677,64,full,180,0.0007167285439687183,0.01303667764783273,1680412337_000234
1680412337,1680412337_000690,64,full,180,-0.042110352976302605,-0.03924546544928081,1680412337_000382
1680412337,1680412337_000702,64,full,180,0.0416603241042028,-0.0036202886079772663,1680412337_000505
1680412337,1680412337_000714,64,full,180,0.06165104861920325,0.06644107852653683,1680412337_000406
1680412337,1680412337_000727,64,full,180,-0.011949725881231185,-0.02596218995893566,1680412337_000099
1680412337,1680412337_000739,64,full,180,0.054755413932186386,0.02607296580693591,1680412337_000517
1680412337,1680412337_000751,64,full,180,0.030059374253510348,-0.005373680802073843,1680412337_000000
1680412337,1680412337_000764,64,full,180,0.028384020754695375,0.019206203998190955,1680412337_000493
1680412337,1680412337_000776,64,full,180,-0.005911238751421427,-0.04395914802945829,1680412337_000320
1681945334,1681945334_000000,64,full,180,-0.04297716386774115,-0.03142409477270601,1681945334_000505
1681945334,1681945334_000012,64,full,180,-0.04642785323917881,-0.07255390235149035,1681945334_000320
1681945334,1681945334_000025,64,full,180,0.05591410488131607,0.04326683301844853,1681945334_000443
1681945334,1681945334_000037,64,full,180,0.0044449292002720795,-0.0481387978589938,1681945334_000604
1681945334,1681945334_000049,64,full,180,0.029561959537417585,-0.020508612129517094,1681945334_000074
1681945334,1681945334_000062,64,full,180,0.01509594271944797,-0.018717331197908235,1681945334_000456
1681945334,1681945334_000074,64,full,180,0.06551306245791214,0.07738790630717597,1681945334_000751
1681945334,1681945334_000086,64,full,180,0.08055949978004251,0.029091885925019934,1681945334_000357
1681945334,1681945334_000099,64,full,180,0.0646054895444675,0.015522018058877434,1681945334_000172
1681945334,1681945334_000111,64,full,180,0.05761486036547959,0.0076518319362785525,1681945334_000739
1681945334,1681945334_000123,64,full,180,0.08534820550961188,0.07643837489140362,1681945334_000062
1681945334,1681945334_000135,64,full,180,0.05050529267648867,0.028812482195000422,1681945334_000246
1681945334,1681945334_000148,64,full,180,0.06422875791548682,0.08710008136211966,1681945334_000530
1681945334,1681945334_000160,64,full,180,0.0980875331788017,0.09056086373740317,1681945334_000308
1681945334,1681945334_000172,64,full,180,0.07218926204179724,0.028219146737658667,1681945334_000764
1681945334,1681945334_000185,64,full,180,-0.009386299596428834,-0.06311469366194594,1681945334_000406
1681945334,1681945334_000197,64,full,180,0.07110461851201495,0.06768769257398748,1681945334_000677
1681945334,1681945334_000209,64,full,180,0.040250241958319076,-0.0022753611958446773,1681945334_000370
1681945334,1681945334_000222,64,full,180,0.1162196403375005,0.03936949115557875,1681945334_000567
1681945334,1681945334_000234,64,full,180,0.04810682551871907,0.0597897592121771,1681945334_000468
1681945334,1681945334_000246,64,full,180,-0.042265873670260405,-0.04768916598607243,1681945334_000345
1681945334,1681945334_000259,64,full,180,0.03557026162899849,0.0060092339986127395,1681945334_000579
1681945334,1681945334_000271,64,full,180,0.06288917000691806,-0.004106643873177729,1681945334_000099
1681945334,1681945334_000283,64,full,180,-0.011817085953584744,-0.004595297534173124,1681945334_000665
1681945334,1681945334_000296,64,full,180,0.09682038578291065,0.04006112180889798,1681945334_000616
1681945334,1681945334_000308,64,full,180,0.018439347873975973,-0.03390960446590297,1681945334_000160
1681945334,1681945334_000320,64,full,180,0.0494473446108031,0.026221992277285524,1681945334_000641
1681945334,1681945334_000333,64,full,180,0.009084450673993695,-0.021802892985822834,1681945334_000234
1681945334,1681945334_000345,64,full,180,0.0024808918902033106,-0.03962518403727895,1681945334_000542
1681945334,1681945334_000357,64,full,180,-0.10476270361228172,-0.06724992713384498,1681945334_000135
1681945334,1681945334_000370,64,full,180,0.010568600892838615,-0.032004785694303484,1681945334_000049
1681945334,1681945334_000382,64,full,180,0.07474434299918153,0.02148460366024096,1681945334_000702
1681945334,1681945334_000394,64,full,180,0.11565608078801382,0.06203701042015237,1681945334_000628
1681945334,1681945334_000406,64,full,180,0.023939076564436158,0.0028151859996797,1681945334_000727
1681945334,1681945334_000419,64,full,180,0.05854632892890895,0.0294605022404411,1681945334_000382
1681945334,1681945334_000431,64,full,180,0.06940677788346308,0.09136733620286563,1681945334_000123
1681945334,1681945334_000443,64,full,180,0.07805852822012813,0.0410000005574438,1681945334_000000
1681945334,1681945334_000456,64,full,180,-0.012322282150265597,-0.03319141668648074,1681945334_000431
1681945334,1681945334_000468,64,full,180,0.08590480376390229,0.026703775168995674,1681945334_000394
1681945334,1681945334_000480,64,full,180,-0.0004623520367296509,-0.059583846782455326,1681945334_000259
1681945334,1681945334_000493,64,full,180,0.04044316278133906,0.00012153333316565947,1681945334_000037
1681945334,1681945334_000505,64,full,180,0.0154045637833942,-0.014774631033454617,1681945334_000517
1681945334,1681945334_000517,64,full,180,0.08874645942338695,0.01606360507504354,1681945334_000419
1681945334,1681945334_000530,64,full,180,-0.00477228948372881,-0.05889504909903586,1681945334_000148
1681945334,1681945334_000542,64,full,180,0.08176293234163824,0.007709411422512057,1681945334_000653
1681945334,1681945334_000554,64,full,180,-0.02465245847939158,-0.0893846039727104,1681945334_000480
1681945334,1681945334_000567,64,full,180,0.035230181123355415,0.04454256243150196,1681945334_000283
1681945334,1681945334_000579,64,full,180,0.044317443356314636,-0.03465045478303652,1681945334_000222
1681945334,1681945334_000591,64,full,180,0.014726580424839514,-0.013328733382479254,1681945334_000271
1681945334,1681945334_000604,64,full,180,0.03436546178929331,-0.013754638869041083,1681945334_000714
1681945334,1681945334_000616,64,full,180,0.11763093088584849,0.026230656426749432,1681945334_000296
1681945334,1681945334_000628,64,full,180,0.03203321434427404,-0.040469046338880925,1681945334_000197
1681945334,1681945334_000641,64,full,180,0.10745332798703094,0.09536725777021261,1681945334_000776
1681945334,1681945334_000653,64,full,180,0.07592500743526588,0.04961668000629684,1681945334_000493
1681945334,1681945334_000665,64,full,180,0.05702334800251568,0.024481190266065756,1681945334_000025
1681945334,1681945334_000677,64,full,180,0.03292456156994487,-0.018175852281388457,1681945334_000185
1681945334,1681945334_000690,64,full,180,0.03499540862673893,-0.01928264928766125,1681945334_000333
1681945334,1681945334_000702,64,full,180,0.0666366956254363,0.007525544968983264,1681945334_000554
1681945334,1681945334_000714,64,full,180,-0.02509589669018501,-0.06212683420525821,1681945334_000086
1681945334,1681945334_000727,64,full,180,0.034612350732021784,0.02071767015127555,1681945334_000012
1681945334,1681945334_000739,64,full,180,0.07807996039787841,0.061865302171016746,1681945334_000690
1681945334,1681945334_000751,64,full,180,0.030589421053922372,0.03827437852559758,1681945334_000111
1681945334,1681945334_000764,64,full,180,0.012383710731776118,-0.03821325571947215,1681945334_000591
1681945334,1681945334_000776,64,full,180,-0.004006452708663586,-0.04873993916914295,1681945334_000209
1682013847,1682013847_000000,64,full,180,0.0057608163882352,0.004828689702099552,1682013847_000062
1682013847,1682013847_000002,64,full,180,-0.02054363983919351,-0.056738804171168555,1682013847_000065
1682013847,1682013847_000005,64,full,180,0.013286433338913634,-0.03425396228769196,1682013847_000057
1682013847,1682013847_000007,64,full,180,0.05628781971245216,0.03310318830628713,1682013847_000127
1682013847,1682013847_000010,64,full,180,0.05738207395097383,0.009052667532010134,1682013847_000077
1682013847,1682013847_000012,64,full,180,-0.04628543811571615,-0.04658924075494689,1682013847_000052
1682013847,1682013847_000015,64,full,180,0.043836818261149685,0.025785662581543595,1682013847_000002
1682013847,1682013847_000017,64,full,180,0.0928262886269859,0.00852654588358476,1682013847_000002
1682013847,1682013847_000020,64,full,180,0.052237367784147316,0.03755854423417273,1682013847_000082
1682013847,1682013847_000022,64,full,180,0.03149914792361418,0.00804555372932418,1682013847_000112
1682013847,1682013847_000025,64,full,180,0.0508697267875042,0.0038954746497852424,1682013847_000037
1682013847,1682013847_000027,64,full,180,0.1187505016764515,0.046768988447538296,1682013847_000095
1682013847,1682013847_000030,64,full,180,0.090683861406066,0.028948752892157942,1682013847_000010
1682013847,1682013847_000032,64,full,180,0.051147074172331004,-0.03192829112896305,1682013847_000027
1682013847,1682013847_000035,64,full,180,0.09424231083344631,0.04503229033015213,1682013847_000107
1682013847,1682013847_000037,64,full,180,0.08243190048504186,0.007033275409871708,1682013847_000060
1682013847,1682013847_000040,64,full,180,0.0999884434512582,0.0297151593012089,1682013847_000090
1682013847,1682013847_000042,64,full,180,-0.03129818124318853,-0.011503077128493293,1682013847_000022
1682013847,1682013847_000045,64,full,180,0.16261604250278255,0.13055111338527492,1682013847_000100
1682013847,1682013847_000047,64,full,180,-0.05788471875412271,-0.045470022516221655,1682013847_000122
1682013847,1682013847_000050,64,full,180,0.09491145371210874,0.06546384295071479,1682013847_000132
1682013847,1682013847_000052,64,full,180,0.041578532365252587,0.02451995726852389,1682013847_000092
1682013847,1682013847_000055,64,full,180,0.11197066483280314,0.03225142514728422,1682013847_000070
1682013847,1682013847_000057,64,full,180,0.04437044029531584,0.008245336967987618,1682013847_000007
1682013847,1682013847_000060,64,full,180,0.04663412561218986,0.014820771639147958,1682013847_000075
1682013847,1682013847_000062,64,full,180,0.06663233365136566,0.04586814675517934,1682013847_000085
1682013847,1682013847_000065,64,full,180,-0.03135854072653251,-0.08237254863928077,1682013847_000040
1682013847,1682013847_000067,64,full,180,0.023489244339052463,-0.04253236184710992,1682013847_000140
1682013847,1682013847_000070,64,full,180,-0.05180995224184718,-0.07679653537230481,1682013847_000102
1682013847,1682013847_000072,64,full,180,0.0752222873032138,0.004208180687685894,1682013847_000035
1682013847,1682013847_000075,64,full,180,0.02574080671495956,-0.02036135672942551,1682013847_000067
1682013847,1682013847_000077,64,full,180,-0.002709221334737777,0.01188848416296902,1682013847_000145
1682013847,1682013847_000080,64,full,180,0.036345949192174015,-0.018468703651011328,1682013847_000137
1682013847,1682013847_000082,64,full,180,0.10140153479834525,0.03524137816014101,1682013847_000137
1682013847,1682013847_000085,64,full,180,0.055909145864201405,0.014097064744416077,1682013847_000125
1682013847,1682013847_000087,64,full,180,0.05942742989698648,0.031183915897980422,1682013847_000155
1682013847,1682013847_000090,64,full,180,0.015940957830407384,-0.005709464435019229,1682013847_000017
1682013847,1682013847_000092,64,full,180,0.02419197083495606,0.0038801427106305124,1682013847_000045
1682013847,1682013847_000095,64,full,180,0.012189672895167716,-0.07991418603603563,1682013847_000117
1682013847,1682013847_000097,64,full,180,0.04258155122677932,-0.03463535071213394,1682013847_000150
1682013847,1682013847_000100,64,full,180,0.06262191552013006,0.031122807447184667,1682013847_000150
1682013847,1682013847_000102,64,full,180,0.11295069860845393,0.053410923625567576,1682013847_000005
1682013847,1682013847_000105,64,full,180,0.05156621417919935,-0.02892436171264566,1682013847_000157
1682013847,1682013847_000107,64,full,180,-0.024744536615743423,-0.044366975442700046,1682013847_000047
1682013847,1682013847_000110,64,full,180,0.10971457545897732,0.09564895969918709,1682013847_000130
1682013847,1682013847_000112,64,full,180,0.08705007514275855,0.014851304073370401,1682013847_000120
1682013847,1682013847_000115,64,full,180,0.02460316407990723,-0.004646115187307231,1682013847_000012
1682013847,1682013847_000117,64,full,180,0.023533822262530243,-0.011227148509825318,1682013847_000000
1682013847,1682013847_000120,64,full,180,0.0004562775084082013,-0.06090561243828652,1682013847_000105
1682013847,1682013847_000122,64,full,180,0.0003639803092268565,-0.034658131164218495,1682013847_000147
1682013847,1682013847_000125,64,full,180,0.02664514829748976,0.0003003730664769714,1682013847_000152
1682013847,1682013847_000127,64,full,180,0.0720658296064795,0.028181030430349682,1682013847_000020
1682013847,1682013847_000130,64,full,180,0.014325292999127376,-0.020869108287791205,1682013847_000050
1682013847,1682013847_000132,64,full,180,0.01921835260001906,-0.009790028863061073,1682013847_000072
1682013847,1682013847_000135,64,full,180,-0.11755769620771374,-0.1599494214710178,1682013847_000032
1682013847,1682013847_000137,64,full,180,0.10323193958673278,0.037847048859681896,1682013847_000030
1682013847,1682013847_000140,64,full,180,0.09428777588627735,0.026039470582029323,1682013847_000135
1682013847,1682013847_000142,64,full,180,0.09949825303168382,0.07418064292413598,1682013847_000087
1682013847,1682013847_000145,64,full,180,-0.015410452403717833,-0.045321128316523025,1682013847_000055
1682013847,1682013847_000147,64,full,180,0.06750251006645505,0.0408369988181685,1682013847_000142
1682013847,1682013847_000150,64,full,180,0.020665566825477103,-0.024839185317993496,1682013847_000115
1682013847,1682013847_000152,64,full,180,0.054074121074767674,-0.031451204814605976,1682013847_000042
1682013847,1682013847_000155,64,full,180,-0.017578808157679208,-0.04794860681845719,1682013847_000025
1682013847,1682013847_000157,64,full,180,0.06691952190016566,-0.004762803626181265,1682013847_000110
1682014432,1682014432_000000,64,full,180,0.04016799516527165,-0.028293139694337166,1682014432_000041
1682014432,1682014432_000001,64,full,180,0.010815861564676158,-0.014062838137191927,1682014432_000004
1682014432,1682014432_000002,64,full,180,0.08865574890174867,0.03535760063862051,1682014432_000087
1682014432,1682014432_000003,64,full,180,0.03883540862357556,-0.022791967485297177,1682014432_000024
1682014432,1682014432_000004,64,full,180,-0.054586996977470985,-0.012154872225187565,1682014432_000095
1682014432,1682014432_000005,64,full,180,0.05156210604739892,0.03690320464670261,1682014432_000102
1682014432,1682014432_000006,64,full,180,0.06191720459656833,0.030655895496059942,1682014432_000060
1682014432,1682014432_000007,64,full,180,0.09646112438015671,0.042135096737990256,1682014432_000058
1682014432,1682014432_000008,64,full,180,-0.01383185298057787,-0.059966283381798054,1682014432_000043
1682014432,1682014432_000009,64,full,180,0.011136400604811076,-0.0005801664963908058,1682014432_000018
1682014432,1682014432_000010,64,full,180,0.04366392928999325,0.03460123816292745,1682014432_000000
1682014432,1682014432_000011,64,full,180,-0.007785770012170919,-0.06129616941105789,1682014432_000064
1682014432,1682014432_000012,64,full,180,0.03886812972888012,0.031139772445030498,1682014432_000083
1682014432,1682014432_000013,64,full,180,0.020395939942025702,-0.01217316685890039,1682014432_000002
1682014432,1682014432_000014,64,full,180,0.02005488300914508,-0.011105197135977218,1682014432_000096
1682014432,1682014432_000015,64,full,180,0.0007169587253497964,-0.019581571283098148,1682014432_000055
1682014432,1682014432_000016,64,full,180,0.08282959754679914,0.015741822992294457,1682014432_000086
1682014432,1682014432_000017,64,full,180,0.10938641243901047,0.06560890859532491,1682014432_000105
1682014432,1682014432_000018,64,full,180,0.08602795060894103,0.053686098284894256,1682014432_000020
1682014432,1682014432_000019,64,full,180,0.004106534498930223,-0.013501072917052104,1682014432_000077
1682014432,1682014432_000020,64,full,180,-0.020843222622963897,-0.08226839189904163,1682014432_000099
1682014432,1682014432_000021,64,full,180,0.01761507021782059,0.015623472705683398,1682014432_000059
1682014432,1682014432_000022,64,full,180,0.03755070345616964,0.06434585734875421,1682014432_000069
1682014432,1682014432_000023,64,full,180,0.10384112957797442,0.08693572297387048,1682014432_000005
1682014432,1682014432_000024,64,full,180,-0.005899839850236461,-0.024394028096031597,1682014432_000013
1682014432,1682014432_000025,64,full,180,0.03630537808293188,0.020828022707237034,1682014432_000085
1682014432,1682014432_000026,64,full,180,0.060861077156491555,0.0273060654483147,1682014432_000084
1682014432,1682014432_000027,64,full,180,0.034072906786500386,-0.004638845981195437,1682014432_000082
1682014432,1682014432_000028,64,full,180,0.05989050770502477,0.044172052942183786,1682014432_000092
1682014432,1682014432_000029,64,full,180,0.031186190238559047,-0.017056212201524912,1682014432_000094
1682014432,1682014432_000030,64,full,180,0.036762520273120984,0.02120450982464599,1682014432_000075
1682014432,1682014432_000031,64,full,180,0.1130573036637766,0.06312144648610572,1682014432_000042
1682014432,1682014432_000032,64,full,180,0.08500851185205092,0.026068882397952214,1682014432_000048
1682014432,1682014432_000033,64,full,180,0.1100153390846547,0.05253707955478734,1682014432_000037
1682014432,1682014432_000034,64,full,180,0.04474539995659047,-0.019280996183307367,1682014432_000038
1682014432,1682014432_000035,64,full,180,0.030032484530244246,-0.00940063279312042,1682014432_000008
1682014432,1682014432_000036,64,full,180,0.05257884363309253,0.016392237866733245,1682014432_000073
1682014432,1682014432_000037,64,full,180,0.01046054222217447,-0.02243906068068662,1682014432_000051
1682014432,1682014432_000038,64,full,180,0.023125401521616785,-0.013296873897711572,1682014432_000091
1682014432,1682014432_000039,64,full,180,0.0829804808702369,-0.008477777628548353,1682014432_000026
1682014432,1682014432_000040,64,full,180,0.015423321754736418,-0.016585197838301115,1682014432_000081
1682014432,1682014432_000041,64,full,180,0.024926868293543392,0.006186929049470033,1682014432_000071
1682014432,1682014432_000042,64,full,180,0.09415852678513091,0.03423843927769651,1682014432_000072
1682014432,1682014432_000043,64,full,180,0.10466797138728783,0.06643306368951075,1682014432_000065
1682014432,1682014432_000044,64,full,180,0.08497430250209964,0.013765956273890392,1682014432_000097
1682014432,1682014432_000045,64,full,180,-0.013014671950220632,-0.03283015656727526,1682014432_000098
1682014432,1682014432_000046,64,full,180,0.0989044129196077,0.01611821112816209,1682014432_000011
1682014432,1682014432_000047,64,full,180,0.0682827481148303,0.04207889450588184,1682014432_000050
1682014432,1682014432_000048,64,full,180,-0.0017111492090484098,-0.01072648591173509,1682014432_000019
1682014432,1682014432_000049,64,full,180,0.005178449652135003,-0.0317778839653352,1682014432_000014
1682014432,1682014432_000050,64,full,180,0.016442859508218673,0.002173463885629156,1682014432_000009
1682014432,1682014432_000051,64,full,180,0.02785408510561585,-0.057701574816294975,1682014432_000093
1682014432,1682014432_000052,64,full,180,-0.011054487321999257,-0.017351547911469763,1682014432_000103
1682014432,1682014432_000053,64,full,180,0.11368532504156385,0.057081433322955566,1682014432_000022
1682014432,1682014432_000054,64,full,180,-0.01941342983511664,-0.014428171607879852,1682014432_000104
1682014432,1682014432_000055,64,full,180,0.015683709766015057,-0.018360221892877938,1682014432_000107
1682014432,1682014432_000056,64,full,180,0.05466761616791024,0.0016877831630399988,1682014432_000045
1682014432,1682014432_000057,64,full,180,-0.006516300396384918,-0.06138226861684818,1682014432_000078
1682014432,1682014432_000058,64,full,180,0.06247618221563563,0.03627135636220954,1682014432_000080
1682014432,1682014432_000059,64,full,180,0.010826610313812735,0.0077959849274266,1682014432_000044
1682014432,1682014432_000060,64,full,180,-0.064971208321282,-0.08191467656332219,1682014432_000079
1682014432,1682014432_000061,64,full,180,-0.009713578121513994,0.012743435296953426,1682014432_000027
1682014432,1682014432_000062,64,full,180,-0.03585507739564948,-0.0641634303302158,1682014432_000025
1682014432,1682014432_000063,64,full,180,0.0324266653574227,0.03270132412014371,1682014432_000034
1682014432,1682014432_000064,64,full,180,0.02363237664422073,-0.00566039420317373,1682014432_000036
1682014432,1682014432_000065,64,full,180,0.08379782018456582,0.028200165087693366,1682014432_000063
1682014432,1682014432_000066,64,full,180,-0.05302104332041341,-0.046477076973503506,1682014432_000109
1682014432,1682014432_000067,64,full,180,0.032484937250932516,0.009458266154442911,1682014432_000070
1682014432,1682014432_000068,64,full,180,0.07225213364050975,0.030577731221554886,1682014432_000089
1682014432,1682014432_000069,64,full,180,0.09234694198379051,0.03483005821913581,1682014432_000052
1682014432,1682014432_000070,64,full,180,-0.046150800849973056,-0.05731173527565791,1682014432_000067
1682014432,1682014432_000071,64,full,180,-0.005228783002707086,-0.022060440540339454,1682014432_000046
1682014432,1682014432_000072,64,full,180,-0.00975647928646577,-0.01161533369731903,1682014432_000001
1682014432,1682014432_000073,64,full,180,-0.025748723509486426,-0.00773383691130235,1682014432_000056
1682014432,1682014432_000074,64,full,180,-0.035583149270210196,-0.05206088390844978,1682014432_000016
1682014432,1682014432_000075,64,full,180,0.07701090454467073,0.022058034696803338,1682014432_000023
1682014432,1682014432_000076,64,full,180,-0.008326631464543568,-0.07106657211316218,1682014432_000012
1682014432,1682014432_000077,64,full,180,-0.009287011584176228,-0.027600948342391574,1682014432_000039
1682014432,1682014432_000078,64,full,180,-0.0208340649201466,-0.04449242682723631,1682014432_000010
1682014432,1682014432_000079,64,full,180,0.054831136737449736,0.014679941779840172,1682014432_000030
1682014432,1682014432_000080,64,full,180,0.08939642162921596,0.0033200636519578005,1682014432_000003
1682014432,1682014432_000081,64,full,180,0.08676148391254856,0.06563863054496624,1682014432_000101
1682014432,1682014432_000082,64,full,180,0.02730071359863411,0.04829136652000743,1682014432_000061
1682014432,1682014432_000083,64,full,180,0.05807351750754053,0.004992380086551969,1682014432_000029
1682014432,1682014432_000084,64,full,180,0.07754167491789558,0.04784468798489245,1682014432_000112
1682014432,1682014432_000085,64,full,180,0.08696027120764784,0.0728535311692984,1682014432_000106
1682014432,1682014432_000086,64,full,180,0.07305434361388094,0.03929133095521958,1682014432_000021
1682014432,1682014432_000087,64,full,180,0.0319990675496848,-0.006976975775177793,1682014432_000047
1682014432,1682014432_000088,64,full,180,0.0017813892843501905,-0.040623741564741675,1682014432_000054
1682014432,1682014432_000089,64,full,180,0.04476072796638772,-0.027501009764659662,1682014432_000015
1682014432,1682014432_000090,64,full,180,0.10192151969092407,0.04533205858149315,1682014432_000110
1682014432,1682014432_000091,64,full,180,0.0226479531993197,0.020921949519638886,1682014432_000057
1682014432,1682014432_000092,64,full,180,0.03599034949561434,-0.05273794401806043,1682014432_000062
1682014432,1682014432_000093,64,full,180,0.06933129660626978,0.026507562590479327,1682014432_000068
1682014432,1682014432_000094,64,full,180,-0.010778323368776148,-0.016472545825398106,1682014432_000040
1682014432,1682014432_000095,64,full,180,0.06603495443420611,0.0222407918527824,1682014432_000032
1682014432,1682014432_000096,64,full,180,-0.03168900991101111,-0.02871062831967409,1682014432_000028
1682014432,1682014432_000097,64,full,180,0.11411984677991495,0.022703235134625646,1682014432_000074
1682014432,1682014432_000098,64,full,180,0.038315298164703124,-0.0282586159280724,1682014432_000035
1682014432,1682014432_000099,64,full,180,0.028305430037480688,0.006386210193411237,1682014432_000053
1682014432,1682014432_000100,64,full,180,0.08420827711077432,0.0739510398634959,1682014432_000049
1682014432,1682014432_000101,64,full,180,0.09224362160513715,0.05791202554186036,1682014432_000111
1682014432,1682014432_000102,64,full,180,0.05559058076397313,0.036791234372574345,1682014432_000007
1682014432,1682014432_000103,64,full,180,0.05836261840678494,-0.0003811575774616896,1682014432_000076
1682014432,1682014432_000104,64,full,180,0.11326119520520135,0.088952121099436,1682014432_000033
1682014432,1682014432_000105,64,full,180,0.033690168075544695,0.028284235575566308,1682014432_000017
1682014432,1682014432_000106,64,full,180,0.061553945077720086,-0.01926431914782912,1682014432_000066
1682014432,1682014432_000107,64,full,180,0.09681132455067286,0.02902068467018108,1682014432_000088
1682014432,1682014432_000108,64,full,180,0.005336767830849613,-0.04609864208441441,1682014432_000031
1682014432,1682014432_000109,64,full,180,-0.0027409426716482866,-0.038193751089335155,1682014432_000031
1682014432,1682014432_000110,64,full,180,-0.0200469137597328,-0.04999219646016378,1682014432_000090
1682014432,1682014432_000111,64,full,180,0.02046516707493252,0.0008586533288887666,1682014432_000100
1682014432,1682014432_000112,64,full,180,0.005740893404592863,-0.042786228948102696,1682014432_000006
1682712156,1682712156_000001,64,full,180,0.05919182412797019,0.04409813499935845,1682712156_000642
1682712156,1682712156_000013,64,full,180,-0.027764553753525503,-0.03436924541163985,1682712156_000358
1682712156,1682712156_000026,64,full,180,0.013671210933344549,-0.016257361271579677,1682712156_000777
1682712156,1682712156_000038,64,full,180,0.05350262395627523,-0.002205846080410939,1682712156_000531
1682712156,1682712156_000050,64,full,180,0.10219871244462429,0.04584706661034745,1682712156_000013
1682712156,1682712156_000063,64,full,180,0.06909922744130532,0.023681076803737502,1682712156_000087
1682712156,1682712156_000075,64,full,180,0.08250379002705467,0.0711473009165216,1682712156_000297
1682712156,1682712156_000087,64,full,180,0.03166731869788518,-0.042818406187214414,1682712156_000506
1682712156,1682712156_000100,64,full,180,0.09784208111055674,0.032738190777789535,1682712156_000136
1682712156,1682712156_000112,64,full,180,0.018849256055880743,-0.020219697013436125,1682712156_000321
1682712156,1682712156_000124,64,full,180,0.1529953400770181,0.07928890981858613,1682712156_000334
1682712156,1682712156_000136,64,full,180,0.017275451493211733,-0.031878850525734824,1682712156_000383
1682712156,1682712156_000149,64,full,180,0.084121335025535,0.09995692085477474,1682712156_000210
1682712156,1682712156_000161,64,full,180,0.07134529662327589,0.018397192442158965,1682712156_000654
1682712156,1682712156_000173,64,full,180,0.03545222355345951,-0.04575242895731132,1682712156_000063
1682712156,1682712156_000186,64,full,180,0.0363056022955295,-0.0320089273320662,1682712156_000420
1682712156,1682712156_000198,64,full,180,0.04689455020343922,0.021035844106983965,1682712156_000247
1682712156,1682712156_000210,64,full,180,0.011326656764627107,-0.04328859021693082,1682712156_000260
1682712156,1682712156_000223,64,full,180,0.010256488450038908,-0.034339989973564355,1682712156_000371
1682712156,1682712156_000235,64,full,180,0.04003985124485424,-0.011152117252351225,1682712156_000173
1682712156,1682712156_000247,64,full,180,0.046953900225228544,-0.03881852296200545,1682712156_000444
1682712156,1682712156_000260,64,full,180,0.07075866752966917,0.0021139027645646533,1682712156_000666
1682712156,1682712156_000272,64,full,180,0.07321192871487614,0.002435909556527824,1682712156_000728
1682712156,1682712156_000284,64,full,180,-0.010557132723965417,-0.03588832052836737,1682712156_000149
1682712156,1682712156_000297,64,full,180,0.038279971973152534,0.012365426952563466,1682712156_000481
1682712156,1682712156_000309,64,full,180,-0.01930651497372699,-0.05331466565497145,1682712156_000075
1682712156,1682712156_000321,64,full,180,0.03333741259031546,0.03850100660337668,1682712156_000407
1682712156,1682712156_000334,64,full,180,-0.009293247496760798,-0.046748971458988244,1682712156_000309
1682712156,1682712156_000346,64,full,180,-0.0003352291283912183,-0.04127672675931154,1682712156_000555
1682712156,1682712156_000358,64,full,180,-0.00017058192970258643,-0.09370121617471432,1682712156_000691
1682712156,1682712156_000371,64,full,180,-0.06287970508488656,-0.04683260541261258,1682712156_000629
1682712156,1682712156_000383,64,full,180,-0.03083950870726707,-0.06817582384861354,1682712156_000765
1682712156,1682712156_000395,64,full,180,0.039494344955860745,-0.02074276097003804,1682712156_000235
1682712156,1682712156_000407,64,full,180,0.046554537702603295,0.02061810716722772,1682712156_000284
1682712156,1682712156_000420,64,full,180,0.009181099340954041,-0.015104578572435141,1682712156_000432
1682712156,1682712156_000432,64,full,180,0.044657196236471235,-0.003425572019494226,1682712156_000272
1682712156,1682712156_000444,64,full,180,0.07593679541572342,0.059666355527210724,1682712156_000112
1682712156,1682712156_000457,64,full,180,0.10052350805346331,0.06599828400920155,1682712156_000001
1682712156,1682712156_000469,64,full,180,-0.027511509720981625,-0.07954723136338844,1682712156_000223
1682712156,1682712156_000481,64,full,180,0.04532027799672636,-0.025059102148967293,1682712156_000605
1682712156,1682712156_000494,64,full,180,0.12003452487553483,0.09161513639247747,1682712156_000469
1682712156,1682712156_000506,64,full,180,0.06056752511301866,-0.009808542144681569,1682712156_000469
1682712156,1682712156_000518,64,full,180,0.07339049904688355,0.006066621031449349,1682712156_000100
1682712156,1682712156_000531,64,full,180,0.10393478361513046,0.05766386320863942,1682712156_000518
1682712156,1682712156_000543,64,full,180,0.07934088463203061,0.04422979328081774,1682712156_000752
1682712156,1682712156_000555,64,full,180,-0.08363431969522826,-0.11429054443159181,1682712156_000678
1682712156,1682712156_000568,64,full,180,-0.006361923921965701,-0.05457156462389246,1682712156_000346
1682712156,1682712156_000580,64,full,180,-0.0042062369671132215,-0.05015695174113307,1682712156_000543
1682712156,1682712156_000592,64,full,180,0.017618873581468113,-0.027531032923368653,1682712156_000740
1682712156,1682712156_000605,64,full,180,0.01913995783139584,-0.008276919731411222,1682712156_000395
1682712156,1682712156_000617,64,full,180,0.01406343497226531,-0.009522934549801479,1682712156_000038
1682712156,1682712156_000629,64,full,180,0.10409393111649107,0.046349748436006775,1682712156_000715
1682712156,1682712156_000642,64,full,180,-0.002193062243602143,-0.05145665694775355,1682712156_000026
1682712156,1682712156_000654,64,full,180,0.08081032843907947,0.016943191892690435,1682712156_000161
1682712156,1682712156_000666,64,full,180,0.04464088007716632,-0.018978436356679732,1682712156_000580
1682712156,1682712156_000678,64,full,180,0.11140449931404968,0.044191502586486055,1682712156_000186
1682712156,1682712156_000691,64,full,180,0.08472779826512049,0.041971501713461805,1682712156_000457
1682712156,1682712156_000703,64,full,180,0.01734040069299708,-0.0017347198300812748,1682712156_000124
1682712156,1682712156_000715,64,full,180,0.014265329896858884,-0.018097206468816806,1682712156_000592
1682712156,1682712156_000728,64,full,180,0.03217822172349042,-0.012322204693186949,1682712156_000703
1682712156,1682712156_000740,64,full,180,0.10368551261133839,0.04506561192497105,1682712156_000050
1682712156,1682712156_000752,64,full,180,0.17551152617301471,0.1279563368775688,1682712156_000568
1682712156,1682712156_000765,64,full,180,0.11003827282821427,0.04897989775080769,1682712156_000198
1682712156,1682712156_000777,64,full,180,0.00727541807500702,-0.012559875085199077,1682712156_000617
1682718815,1682718815_000001,64,full,180,0.05544129304794523,0.029109286243940134,1682718815_000777
1682718815,1682718815_000005,64,full,180,0.06507195441245821,0.0028099840307470483,1682718815_000113
1682718815,1682718815_000009,64,full,180,0.049503468305036775,0.012222895213047,1682718815_000289
1682718815,1682718815_000013,64,full,180,0.03833819177512226,0.024416484850821058,1682718815_000409
1682718815,1682718815_000017,64,full,180,0.0748995536105062,0.02819599430323465,1682718815_000405
1682718815,1682718815_000021,64,full,180,0.015767351723606188,-0.004796317665034325,1682718815_000445
1682718815,1682718815_000025,64,full,180,0.06864638458176787,0.028557085824087242,1682718815_000437
1682718815,1682718815_000029,64,full,180,-0.004372443764725141,-0.04524088871834325,1682718815_000497
1682718815,1682718815_000033,64,full,180,0.15761093316932495,0.09957579072988816,1682718815_000129
1682718815,1682718815_000037,64,full,180,0.12370355666937029,0.10398941328936451,1682718815_000045
1682718815,1682718815_000041,64,full,180,-0.010138447646871543,-0.06000383645068521,1682718815_000449
1682718815,1682718815_000045,64,full,180,0.03282850134910465,0.03814031500476225,1682718815_000717
1682718815,1682718815_000049,64,full,180,0.05256871783734914,-0.037456859042104614,1682718815_000589
1682718815,1682718815_000053,64,full,180,0.05785289850217538,-0.05097586903833207,1682718815_000125
1682718815,1682718815_000057,64,full,180,-0.017474426109057913,-0.08412829110653752,1682718815_000501
1682718815,1682718815_000061,64,full,180,0.1411947720123932,0.07143001840496765,1682718815_000145
1682718815,1682718815_000065,64,full,180,0.09880189338632235,-0.00015942021115765483,1682718815_000729
1682718815,1682718815_000069,64,full,180,0.05810161846704217,0.0346123815955218,1682718815_000061
1682718815,1682718815_000073,64,full,180,0.03337807741052088,-0.011511493891584018,1682718815_000085
1682718815,1682718815_000077,64,full,180,0.015619605640687715,-0.021465941613008188,1682718815_000653
1682718815,1682718815_000081,64,full,180,0.010600029176275975,-0.03155596932642556,1682718815_000193
1682718815,1682718815_000085,64,full,180,-0.04727293201063091,-0.10832861650082322,1682718815_000073
1682718815,1682718815_000089,64,full,180,0.11861175158776217,0.04969712426231903,1682718815_000505
1682718815,1682718815_000093,64,full,180,-0.002340968649192555,-0.06755484950680678,1682718815_000345
1682718815,1682718815_000097,64,full,180,-0.03797527605293798,-0.04905630745102738,1682718815_000581
1682718815,1682718815_000101,64,full,180,-0.040957992319549476,-0.07333101296273592,1682718815_000109
1682718815,1682718815_000105,64,full,180,0.02653707981568494,-0.0049219572731117,1682718815_000489
1682718815,1682718815_000109,64,full,180,0.05049836005494535,-0.004836163853744119,1682718815_000765
1682718815,1682718815_000113,64,full,180,0.022618088947035955,-0.010979439831311685,1682718815_000585
1682718815,1682718815_000117,64,full,180,0.0336031690042739,0.008524262980585456,1682718815_000281
1682718815,1682718815_000121,64,full,180,0.055625030385047715,-0.0052559552116850415,1682718815_000301
1682718815,1682718815_000125,64,full,180,0.029521714611449968,0.0360040383031559,1682718815_000397
1682718815,1682718815_000129,64,full,180,0.06914375148817602,-0.002641433133446842,1682718815_000709
1682718815,1682718815_000133,64,full,180,0.0820093627184191,0.010504512439935993,1682718815_000733
1682718815,1682718815_000137,64,full,180,0.1149725247920358,0.09908243660078804,1682718815_000077
1682718815,1682718815_000141,64,full,180,0.06702834804070147,0.002647899088719069,1682718815_000561
1682718815,1682718815_000145,64,full,180,0.015198858861102402,-0.06872258363406039,1682718815_000677
1682718815,1682718815_000149,64,full,180,0.04053990959812053,0.022505766105593784,1682718815_000185
1682718815,1682718815_000153,64,full,180,-0.0486430173470534,-0.1050376335421101,1682718815_000385
1682718815,1682718815_000157,64,full,180,-0.04706195775218503,-0.1014866034795164,1682718815_000209
1682718815,1682718815_000161,64,full,180,0.019057834399376132,-0.01564514135406685,1682718815_000597
1682718815,1682718815_000165,64,full,180,0.02955130426582081,-0.015730643395600857,1682718815_000557
1682718815,1682718815_000169,64,full,180,0.07777015429624873,0.022788861472674556,1682718815_000569
1682718815,1682718815_000173,64,full,180,0.06235468739245523,0.004027292665944278,1682718815_000637
1682718815,1682718815_000177,64,full,180,0.09246817668174052,0.01181247606283773,1682718815_000293
1682718815,1682718815_000181,64,full,180,0.052113866773691536,-0.020139971318232763,1682718815_000165
1682718815,1682718815_000185,64,full,180,0.1132566858572338,0.033849049273287864,1682718815_000101
1682718815,1682718815_000189,64,full,180,0.11606047897828208,0.02954995846295504,1682718815_000573
1682718815,1682718815_000193,64,full,180,0.05755667030271716,0.0556522067946714,1682718815_000253
1682718815,1682718815_000197,64,full,180,0.12348390471484627,0.08077202523044277,1682718815_000237
1682718815,1682718815_000201,64,full,180,0.02645435411164734,-0.010389076005758542,1682718815_000413
1682718815,1682718815_000205,64,full,180,0.04772120814606692,-0.017855356603420275,1682718815_000377
1682718815,1682718815_000209,64,full,180,0.05550022848454741,-0.010983106520609631,1682718815_000693
1682718815,1682718815_000213,64,full,180,0.048394731807810724,0.012055997328020087,1682718815_000121
1682718815,1682718815_000217,64,full,180,0.04964124436894951,0.00865023871905393,1682718815_000565
1682718815,1682718815_000221,64,full,180,0.08373065375004902,0.015268950604017008,1682718815_000433
1682718815,1682718815_000225,64,full,180,-0.03055491369332337,-0.05473042835557821,1682718815_000673
1682718815,1682718815_000229,64,full,180,0.07011135474924042,-0.015566138298103133,1682718815_000425
1682718815,1682718815_000233,64,full,180,0.014156993830550413,-0.005640526596064094,1682718815_000225
1682718815,1682718815_000237,64,full,180,0.11752417872359115,0.02515812345698255,1682718815_000033
1682718815,1682718815_000241,64,full,180,0.03501201049691712,-0.06391568370471017,1682718815_000701
1682718815,1682718815_000245,64,full,180,0.10259015616373841,-0.010926135896088299,1682718815_000753
1682718815,1682718815_000249,64,full,180,0.036520493382927934,0.0318700978556881,1682718815_000773
1682718815,1682718815_000253,64,full,180,-0.04895161587538171,-0.033449377345440505,1682718815_000641
1682718815,1682718815_000257,64,full,180,-0.03990552548148489,-0.07827149628680206,1682718815_000005
1682718815,1682718815_000261,64,full,180,-0.013977403662381942,-0.04347966342807186,1682718815_000373
1682718815,1682718815_000265,64,full,180,0.04513150672738813,-0.03836054638650954,1682718815_000357
1682718815,1682718815_000269,64,full,180,0.0359970770215784,0.008156785410542022,1682718815_000533
1682718815,1682718815_000273,64,full,180,0.03913168154466531,-0.0009314513930380833,1682718815_000305
1682718815,1682718815_000277,64,full,180,-0.04400126742577226,-0.09843292426568034,1682718815_000605
1682718815,1682718815_000281,64,full,180,0.07599743447631829,0.0685574701114267,1682718815_000353
1682718815,1682718815_000285,64,full,180,-0.015317445664619728,-0.022713524744574016,1682718815_000217
1682718815,1682718815_000289,64,full,180,0.06445165170231543,0.03809149178808941,1682718815_000049
1682718815,1682718815_000293,64,full,180,0.028351195604216024,0.013605201089995545,1682718815_000149
1682718815,1682718815_000297,64,full,180,0.06477138977227863,0.04750260422890179,1682718815_000549
1682718815,1682718815_000301,64,full,180,0.11728691720233426,0.04109584581776044,1682718815_000093
1682718815,1682718815_000305,64,full,180,0.0950934516192171,0.08649093509033028,1682718815_000313
1682718815,1682718815_000309,64,full,180,0.021152165298894438,0.0012685125628795943,1682718815_000297
1682718815,1682718815_000313,64,full,180,0.11848264965126014,0.06884827898142287,1682718815_000057
1682718815,1682718815_000317,64,full,180,0.04368742878011923,0.027309582337854344,1682718815_000065
1682718815,1682718815_000321,64,full,180,0.04305789062033292,-0.0009226896087616102,1682718815_000333
1682718815,1682718815_000325,64,full,180,0.010136203443144204,-0.026847795053885754,1682718815_000341
1682718815,1682718815_000329,64,full,180,0.1050980543962402,0.05612553738905587,1682718815_000429
1682718815,1682718815_000333,64,full,180,0.02906613417989462,-0.034617697570734775,1682718815_000461
1682718815,1682718815_000337,64,full,180,0.028036280218932185,-0.003647032847746532,1682718815_000229
1682718815,1682718815_000341,64,full,180,0.06657358039462724,0.017334241069351452,1682718815_000389
1682718815,1682718815_000345,64,full,180,-0.007668924466943676,-0.006721778133158385,1682718815_000681
1682718815,1682718815_000349,64,full,180,0.06980892566850265,0.042890884942055264,1682718815_000285
1682718815,1682718815_000353,64,full,180,0.039647352113171386,0.026910931072777273,1682718815_000133
1682718815,1682718815_000357,64,full,180,0.012845549228178375,-0.017392939444604388,1682718815_000669
1682718815,1682718815_000361,64,full,180,0.07883111841033598,-0.018633811147767184,1682718815_000705
1682718815,1682718815_000365,64,full,180,-0.007059014471888389,-0.07636341560576064,1682718815_000081
1682718815,1682718815_000369,64,full,180,0.053496881692311295,-0.022681672233098485,1682718815_000513
1682718815,1682718815_000373,64,full,180,0.05583978470535375,0.015627224874028955,1682718815_000037
1682718815,1682718815_000377,64,full,180,0.07100910243374735,0.011019581826865287,1682718815_000477
1682718815,1682718815_000381,64,full,180,0.039879007148024274,0.019228100537444396,1682718815_000137
1682718815,1682718815_000385,64,full,180,-0.012405176613531216,-0.060141656765253404,1682718815_000453
1682718815,1682718815_000389,64,full,180,0.0818358535589684,0.03992626858838829,1682718815_000493
1682718815,1682718815_000393,64,full,180,0.020355003650002465,-0.03683167075268745,1682718815_000245
1682718815,1682718815_000397,64,full,180,0.03178395245558462,-0.0034814124581167955,1682718815_000249
1682718815,1682718815_000401,64,full,180,0.03823453921623499,-0.05951277988512726,1682718815_000761
1682718815,1682718815_000405,64,full,180,0.06505636078235742,0.007912981482690267,1682718815_000381
1682718815,1682718815_000409,64,full,180,0.02878574313533369,-0.05937714800064,1682718815_000337
1682718815,1682718815_000413,64,full,180,0.0012519964910345446,0.004829631768759714,1682718815_000161
1682718815,1682718815_000417,64,full,180,0.01991702460665937,0.01341011057425108,1682718815_000473
1682718815,1682718815_000421,64,full,180,0.13843618758076828,0.04681785360840431,1682718815_000173
1682718815,1682718815_000425,64,full,180,0.03314839093376846,0.016174659564519214,1682718815_000029
1682718815,1682718815_000429,64,full,180,0.04832621587918562,-0.0034154753258100307,1682718815_000365
1682718815,1682718815_000433,64,full,180,0.053518792437266594,-0.010053517343361315,1682718815_000097
1682718815,1682718815_000437,64,full,180,0.03284507799329791,-0.012962820771919884,1682718815_000613
1682718815,1682718815_000441,64,full,180,0.045271200203272216,0.06470840411140127,1682718815_000421
1682718815,1682718815_000445,64,full,180,0.00822878220712397,-0.023962759955985697,1682718815_000321
1682718815,1682718815_000449,64,full,180,0.02531593050522149,-0.012608813460831113,1682718815_000541
1682718815,1682718815_000453,64,full,180,0.014826019597402268,-0.05415185046149242,1682718815_000617
1682718815,1682718815_000457,64,full,180,0.08400181875380436,0.04074413195505502,1682718815_000157
1682718815,1682718815_000461,64,full,180,0.09020092401651351,0.05907882490211954,1682718815_000553
1682718815,1682718815_000465,64,full,180,-0.0224913716654489,-0.12141374062632605,1682718815_000041
1682718815,1682718815_000469,64,full,180,0.1164887537562469,0.08633819816498743,1682718815_000257
1682718815,1682718815_000473,64,full,180,0.028376297198322964,-0.031257265055339,1682718815_000689
1682718815,1682718815_000477,64,full,180,0.06815559300188566,0.053961535739074896,1682718815_000481
1682718815,1682718815_000481,64,full,180,-0.0034775352052427277,-0.006435959673468934,1682718815_000737
1682718815,1682718815_000485,64,full,180,0.04820618525657927,-0.002682670043329638,1682718815_000329
1682718815,1682718815_000489,64,full,180,0.02018425293710378,-0.05496666989292825,1682718815_000629
1682718815,1682718815_000493,64,full,180,0.02153538031321429,0.01741189029652724,1682718815_000721
1682718815,1682718815_000497,64,full,180,0.08894194658948858,0.019212918893694364,1682718815_000457
1682718815,1682718815_000501,64,full,180,0.014208045442178513,-0.06804391649673247,1682718815_000741
1682718815,1682718815_000505,64,full,180,0.04298089288762697,0.002659270295158604,1682718815_000577
1682718815,1682718815_000509,64,full,180,0.011257713275529574,-0.04886829861556991,1682718815_000713
1682718815,1682718815_000513,64,full,180,0.08560545357277337,0.04244175115122345,1682718815_000233
1682718815,1682718815_000517,64,full,180,0.010275384471912471,0.004240067255217421,1682718815_000417
1682718815,1682718815_000521,64,full,180,0.06462579291380155,0.04343598791696197,1682718815_000745
1682718815,1682718815_000525,64,full,180,0.009857425190158265,0.03880956577041117,1682718815_000153
1682718815,1682718815_000529,64,full,180,0.046893620030326016,-0.035141116579646,1682718815_000601
1682718815,1682718815_000533,64,full,180,0.07978482090738097,0.06129864052294087,1682718815_000181
1682718815,1682718815_000537,64,full,180,0.09134969717460036,0.04609782414236938,1682718815_000657
1682718815,1682718815_000541,64,full,180,0.008071644376851497,-0.09100088060020568,1682718815_000325
1682718815,1682718815_000545,64,full,180,0.02181700769788307,-0.041532155813910066,1682718815_000201
1682718815,1682718815_000549,64,full,180,0.10178358432660851,0.09331006575230522,1682718815_000393
1682718815,1682718815_000553,64,full,180,-0.020501548626691162,-0.015477221884795321,1682718815_000213
1682718815,1682718815_000557,64,full,180,0.032760150159050656,0.0036297365599212983,1682718815_000593
1682718815,1682718815_000561,64,full,180,0.03574580154195999,0.02797177437035314,1682718815_000277
1682718815,1682718815_000565,64,full,180,-0.007903291795458858,-0.030632337183579505,1682718815_000749
1682718815,1682718815_000569,64,full,180,0.08921014533403782,-0.01252475712464699,1682718815_000013
1682718815,1682718815_000573,64,full,180,0.0077731481701094575,-0.00962383655540848,1682718815_000649
1682718815,1682718815_000577,64,full,180,0.09771979095015075,0.031064557095535378,1682718815_000025
1682718815,1682718815_000581,64,full,180,0.047253347863981034,-0.023958340148606816,1682718815_000117
1682718815,1682718815_000585,64,full,180,0.11060211828427702,0.06610707190243016,1682718815_000725
1682718815,1682718815_000589,64,full,180,0.09490997500335563,0.05091534710239304,1682718815_000089
1682718815,1682718815_000593,64,full,180,0.08625213559338134,0.07557499339688109,1682718815_000361
1682718815,1682718815_000597,64,full,180,0.08182318957473342,0.048671007744161165,1682718815_000645
1682718815,1682718815_000601,64,full,180,0.05485340147353476,0.014201379759082464,1682718815_000509
1682718815,1682718815_000605,64,full,180,0.09778077041860417,0.04388978198748614,1682718815_000401
1682718815,1682718815_000609,64,full,180,0.06994663344888856,0.04755772296235342,1682718815_000241
1682718815,1682718815_000613,64,full,180,0.05622090469412338,0.025901970383605904,1682718815_000317
1682718815,1682718815_000617,64,full,180,0.06766071561848411,0.026094348850387455,1682718815_000769
1682718815,1682718815_000621,64,full,180,0.07655074917059941,0.044386656417432495,1682718815_000021
1682718815,1682718815_000625,64,full,180,0.010713022883573097,-0.02501450101208398,1682718815_000021
1682718815,1682718815_000629,64,full,180,0.130674331363886,0.07172076207645638,1682718815_000685
1682718815,1682718815_000633,64,full,180,0.04170282829592784,0.010324013481732173,1682718815_000009
1682718815,1682718815_000637,64,full,180,-0.0070230712561176354,-0.05180222389919037,1682718815_000273
1682718815,1682718815_000641,64,full,180,0.10219900610520134,0.03844659680425245,1682718815_000625
1682718815,1682718815_000645,64,full,180,0.0036417881494377607,-0.07852641065275219,1682718815_000369
1682718815,1682718815_000649,64,full,180,0.0804123786338662,0.026910916883689278,1682718815_000177
1682718815,1682718815_000653,64,full,180,0.0937417134369352,0.02704987268211942,1682718815_000633
1682718815,1682718815_000657,64,full,180,0.11468076133405308,0.06759755543339768,1682718815_000189
1682718815,1682718815_000661,64,full,180,0.02124203061662028,-0.018086532507527273,1682718815_000221
1682718815,1682718815_000665,64,full,180,0.07845367680359643,0.0350364231961889,1682718815_000001
1682718815,1682718815_000669,64,full,180,0.08534365272524809,-0.0018090275225439469,1682718815_000697
1682718815,1682718815_000673,64,full,180,0.0247013441091533,-0.012883893921550711,1682718815_000105
1682718815,1682718815_000677,64,full,180,0.050373958376092126,-0.00025899022605281596,1682718815_000757
1682718815,1682718815_000681,64,full,180,0.1041889788736351,0.06052235665049854,1682718815_000205
1682718815,1682718815_000685,64,full,180,0.06726695746862305,0.013562381601077212,1682718815_000017
1682718815,1682718815_000689,64,full,180,0.077861114634839,0.005325960588503932,1682718815_000069
1682718815,1682718815_000693,64,full,180,0.06597233427082287,0.015395044117848956,1682718815_000469
1682718815,1682718815_000697,64,full,180,0.0991710575154136,0.06278335801425938,1682718815_000261
1682718815,1682718815_000701,64,full,180,0.08533494431052328,0.06258143619365462,1682718815_000197
1682718815,1682718815_000705,64,full,180,0.06452631513229386,0.01465627747151252,1682718815_000053
1682718815,1682718815_000709,64,full,180,0.042599881047512604,-0.020616695274214173,1682718815_000537
1682718815,1682718815_000713,64,full,180,0.05905917353941004,0.0369991243872761,1682718815_000665
1682718815,1682718815_000717,64,full,180,0.08951154518757574,0.039799061973867705,1682718815_000465
1682718815,1682718815_000721,64,full,180,0.1257132039469424,0.0366945880937098,1682718815_000309
1682718815,1682718815_000725,64,full,180,0.08654352457598087,0.06614478738911879,1682718815_000441
1682718815,1682718815_000729,64,full,180,0.0344446524029287,-0.01780498360540675,1682718815_000265
1682718815,1682718815_000733,64,full,180,0.05159238505665282,-0.008529645689629745,1682718815_000349
1682718815,1682718815_000737,64,full,180,0.07995500895102976,0.01573885096805033,1682718815_000485
1682718815,1682718815_000741,64,full,180,0.011024436809903476,-0.033616522753111375,1682718815_000661
1682718815,1682718815_000745,64,full,180,0.0034554269213424443,-0.0319991821281751,1682718815_000517
1682718815,1682718815_000749,64,full,180,0.08802612902415287,0.009333088982188889,1682718815_000545
1682718815,1682718815_000753,64,full,180,-0.03464116557431379,-0.064268938934744,1682718815_000529
1682718815,1682718815_000757,64,full,180,0.08264799200088191,0.03849415510436204,1682718815_000609
1682718815,1682718815_000761,64,full,180,0.07207577937188459,0.029423270177793753,1682718815_000141
1682718815,1682718815_000765,64,full,180,0.06497144090302585,-0.013975725070892266,1682718815_000521
1682718815,1682718815_000769,64,full,180,0.05586878125341264,-0.01629836382342083,1682718815_000169
1682718815,1682718815_000773,64,full,180,-0.011862182113179102,-0.002733372170512357,1682718815_000525
1682718815,1682718815_000777,64,full,180,0.07185927252447386,0.04341731583638218,1682718815_000269
1680410249,1680410249_000000,64,crop,180,0.4297905583292714,-0.017316966152222387,1680410249_000009
1680410249,1680410249_000001,64,crop,180,0.4098527403961689,-0.038455067035389236,1680410249_000005
1680410249,1680410249_000002,64,crop,180,0.42852423551213775,0.013585470987659701,1680410249_000004
1680410249,1680410249_000003,64,crop,180,0.41517324221291324,0.004557953369707497,1680410249_000006
1680410249,1680410249_000004,64,crop,180,0.411356062152141,-0.0018666517897607362,1680410249_000006
1680410249,1680410249_000005,64,crop,180,0.4004666037747587,-0.0810273822525537,1680410249_000000
1680410249,1680410249_000006,64,crop,180,0.4405973859807389,0.06400485995657322,1680410249_000008
1680410249,1680410249_000007,64,crop,180,0.4969101164412828,0.09196802482146099,1680410249_000002
1680410249,1680410249_000008,64,crop,180,0.38257601746894504,0.020956149482866407,1680410249_000001
1680410249,1680410249_000009,64,crop,180,0.4312338742651902,0.04427976345614864,1680410249_000007
1680410569,1680410569_000000,64,crop,180,0.4161080125891048,0.03754144438231145,1680410569_000004
1680410569,1680410569_000001,64,crop,180,0.41294392969303795,0.003594530301463219,1680410569_000009
1680410569,1680410569_000002,64,crop,180,0.41379797245071154,0.014103829942828432,1680410569_000006
1680410569,1680410569_000003,64,crop,180,0.3718165794115715,-0.03374220108894194,1680410569_000006
1680410569,1680410569_000004,64,crop,180,0.4135358658899145,0.0011722541784936376,1680410569_000007
1680410569,1680410569_000005,64,crop,180,0.40123115863339404,0.0366362625982027,1680410569_000001
1680410569,1680410569_000006,64,crop,180,0.4167362371467542,0.02154145903011226,1680410569_000003
1680410569,1680410569_000007,64,crop,180,0.3622884056236519,-0.04622981061575716,1680410569_000008
1680410569,1680410569_000008,64,crop,180,0.4104173246021053,0.008963736745058673,1680410569_000000
1680410569,1680410569_000009,64,crop,180,0.36727966680986784,-0.08229547824229932,1680410569_000005
1680412337,1680412337_000000,64,crop,180,0.44446397214563566,-0.08104271855504795,1680412337_000714
1680412337,1680412337_000012,64,crop,180,0.4758358420917011,-0.03823566238553761,1680412337_000135
1680412337,1680412337_000025,64,crop,180,0.4602893458053168,-0.010826816156912911,1680412337_000604
1680412337,1680412337_000037,64,crop,180,0.4717223443815672,-0.009118985604271697,1680412337_000591
1680412337,1680412337_000049,64,crop,180,0.4611148300960543,-0.005934595606964064,1680412337_000074
1680412337,1680412337_000062,64,crop,180,0.46462003721174455,-0.005159701165288068,1680412337_000209
1680412337,1680412337_000074,64,crop,180,0.4456710555189763,0.08804680356535914,1680412337_000037
1680412337,1680412337_000086,64,crop,180,0.44914798222604196,0.02522099580248416,1680412337_000554
1680412337,1680412337_000099,64,crop,180,0.4567762026192465,-0.0009448717301635302,1680412337_000702
1680412337,1680412337_000111,64,crop,180,0.4675741779517642,0.005170974758315477,1680412337_000271
1680412337,1680412337_000123,64,crop,180,0.4257147932141496,-0.06445953795985702,1680412337_000246
1680412337,1680412337_000135,64,crop,180,0.4996350190651859,0.05586277771877466,1680412337_000665
1680412337,1680412337_000148,64,crop,180,0.45172177176230544,0.0335718519092595,1680412337_000641
1680412337,1680412337_000160,64,crop,180,0.4227950843951061,-0.0174524759365528,1680412337_000259
1680412337,1680412337_000172,64,crop,180,0.4373818764867887,-0.04709694257897615,1680412337_000764
1680412337,1680412337_000185,64,crop,180,0.4934081405491146,-0.025431016246638835,1680412337_000628
1680412337,1680412337_000197,64,crop,180,0.4250012841079622,-0.043335249271854025,1680412337_000456
1680412337,1680412337_000209,64,crop,180,0.5256946207115849,0.05281791295222541,1680412337_000025
1680412337,1680412337_000222,64,crop,180,0.44839474092950554,0.04247021108192636,1680412337_000345
1680412337,1680412337_000234,64,crop,180,0.4755234686587128,0.056158919569296833,1680412337_000370
1680412337,1680412337_000246,64,crop,180,0.44534443423536924,-0.01690554735298612,1680412337_000333
1680412337,1680412337_000259,64,crop,180,0.46786390075973133,0.07612472581068006,1680412337_000123
1680412337,1680412337_000271,64,crop,180,0.45369018682838247,0.01850516219478911,1680412337_000443
1680412337,1680412337_000283,64,crop,180,0.479523966440029,0.014751041726197215,1680412337_000431
1680412337,1680412337_000296,64,crop,180,0.4439830600075956,-0.05261198568562204,1680412337_000308
1680412337,1680412337_000308,64,crop,180,0.45784629113202263,0.016718528784287052,1680412337_000148
1680412337,1680412337_000320,64,crop,180,0.43706320331971465,-0.043322940643327444,1680412337_000579
1680412337,1680412337_000333,64,crop,180,0.46601262414512173,-0.08511373494110386,1680412337_000542
1680412337,1680412337_000345,64,crop,180,0.4648552185545712,0.051514074091190694,1680412337_000727
1680412337,1680412337_000357,64,crop,180,0.4437715412477643,-0.011941202115382162,1680412337_000172
1680412337,1680412337_000370,64,crop,180,0.38277442616894913,-0.015043446579398342,1680412337_000222
1680412337,1680412337_000382,64,crop,180,0.456803258886795,0.04418263006154238,1680412337_000086
1680412337,1680412337_000394,64,crop,180,0.45940563010537133,-0.010611649933346423,1680412337_000197
1680412337,1680412337_000406,64,crop,180,0.5020336287026805,0.040943594456544004,1680412337_000357
1680412337,1680412337_000419,64,crop,180,0.41000605551423314,0.05871116196094,1680412337_000111
1680412337,1680412337_000431,64,crop,180,0.46076199185831435,0.04968466162216959,1680412337_000739
1680412337,1680412337_000443,64,crop,180,0.46462951971576927,0.04166112881277532,1680412337_000394
1680412337,1680412337_000456,64,crop,180,0.470290105613504,0.021205249830481245,1680412337_000530
1680412337,1680412337_000468,64,crop,180,0.44256894872439045,-0.032981124719850145,1680412337_000185
1680412337,1680412337_000480,64,crop,180,0.4063321828955193,-0.06744194706743716,1680412337_000012
1680412337,1680412337_000493,64,crop,180,0.4311537615919805,-0.0019418389233704012,1680412337_000616
1680412337,1680412337_000505,64,crop,180,0.43379255103793346,0.055797325012103736,1680412337_000677
1680412337,1680412337_000517,64,crop,180,0.43205485638732366,0.0018864538914438664,1680412337_000283
1680412337,1680412337_000530,64,crop,180,0.4696292836682892,0.05474655198040429,1680412337_000480
1680412337,1680412337_000542,64,crop,180,0.44507169402750196,-0.02556601605377058,1680412337_000776
1680412337,1680412337_000554,64,crop,180,0.4199277669243077,-0.005612705569048452,1680412337_000160
1680412337,1680412337_000567,64,crop,180,0.4672984661578832,0.08654346277905589,1680412337_000751
1680412337,1680412337_000579,64,crop,180,0.39180415432037813,0.03363896898822117,1680412337_000690
1680412337,1680412337_000591,64,crop,180,0.4588097645020097,-0.007076033046008109,1680412337_000567
1680412337,1680412337_000604,64,crop,180,0.4553046536696086,0.061385747453539474,1680412337_000468
1680412337,1680412337_000616,64,crop,180,0.4082991907397023,0.023147100140132982,1680412337_000062
1680412337,1680412337_000628,64,crop,180,0.3646903987789026,-0.004015616988612637,1680412337_000049
1680412337,1680412337_000641,64,crop,180,0.4298266227440961,-0.04917270148291272,1680412337_000653
1680412337,1680412337_000653,64,crop,180,0.4340161966547955,-0.07331856614474129,1680412337_000419
1680412337,1680412337_000665,64,crop,180,0.3777924653611619,-0.0022077039477160962,1680412337_000296
1680412337,1680412337_000677,64,crop,180,0.4360919534679735,0.008135411409634813,1680412337_000234
1680412337,1680412337_000690,64,crop,180,0.41585694713436877,-0.09578195747581734,1680412337_000382
1680412337,1680412337_000702,64,crop,180,0.42554077233008886,-0.04166264712512139,1680412337_000505
1680412337,1680412337_000714,64,crop,180,0.4151499802276037,0.011755438623921194,1680412337_000406
1680412337,1680412337_000727,64,crop,180,0.46592255367527596,0.02208843458111234,1680412337_000099
1680412337,1680412337_000739,64,crop,180,0.4253326827476856,-0.017527093928799847,1680412337_000517
1680412337,1680412337_000751,64,crop,180,0.4482764029378538,0.03969936766107517,1680412337_000000
1680412337,1680412337_000764,64,crop,180,0.4562508126630263,0.03549385710617745,1680412337_000493
1680412337,1680412337_000776,64,crop,180,0.42326849243056586,0.0007790203972793767,1680412337_000320
1681945334,1681945334_000000,64,crop,180,0.42398196794645865,-0.08915620540715592,1681945334_000505
1681945334,1681945334_000012,64,crop,180,0.43851709368875974,0.052485756061093264,1681945334_000320
1681945334,1681945334_000025,64,crop,180,0.47878249213721663,0.0219090310376862,1681945334_000443
1681945334,1681945334_000037,64,crop,180,0.4719924799528612,-0.05773822008456947,1681945334_000604
1681945334,1681945334_000049,64,crop,180,0.47611680337902323,0.04773868039126323,1681945334_000074
1681945334,1681945334_000062,64,crop,180,0.4486134541221467,0.019456629110900618,1681945334_000456
1681945334,1681945334_000074,64,crop,180,0.4902590619704426,0.06223669138132972,1681945334_000751
1681945334,1681945334_000086,64,crop,180,0.46754694795326496,0.029913905301183288,1681945334_000357
1681945334,1681945334_000099,64,crop,180,0.46822884586723723,-0.009309391262994024,1681945334_000172
1681945334,1681945334_000111,64,crop,180,0.49085763379914904,-0.019958448861284228,1681945334_000739
1681945334,1681945334_000123,64,crop,180,0.44916242407158524,-0.0033056450446936232,1681945334_000062
1681945334,1681945334_000135,64,crop,180,0.45299961723891946,-0.03741352344716944,1681945334_000246
1681945334,1681945334_000148,64,crop,180,0.45164862727307126,0.0535289240186534,1681945334_000530
1681945334,1681945334_000160,64,crop,180,0.4819063061651403,0.07497836282396383,1681945334_000308
1681945334,1681945334_000172,64,crop,180,0.5137111816121858,0.002100124654868113,1681945334_000764
1681945334,1681945334_000185,64,crop,180,0.42668014108132457,-0.049646348749767456,1681945334_000406
1681945334,1681945334_000197,64,crop,180,0.4451411391344893,-0.0418029972328632,1681945334_000677
1681945334,1681945334_000209,64,crop,180,0.45400728831202736,0.030434919092148727,1681945334_000370
1681945334,1681945334_000222,64,crop,180,0.4886096759736647,0.06017430487147893,1681945334_000567
1681945334,1681945334_000234,64,crop,180,0.48665135770028384,0.07119819737188327,1681945334_000468
1681945334,1681945334_000246,64,crop,180,0.46877984190019806,0.005714316440703031,1681945334_000345
1681945334,1681945334_000259,64,crop,180,0.48012917199304406,0.01945329232459606,1681945334_000579
1681945334,1681945334_000271,64,crop,180,0.5062276015081651,0.011018087473353805,1681945334_000099
1681945334,1681945334_000283,64,crop,180,0.44413731352871877,-0.026893563637893702,1681945334_000665
1681945334,1681945334_000296,64,crop,180,0.49350455400061,0.047350285864630255,1681945334_000616
1681945334,1681945334_000308,64,crop,180,0.47679185194855117,-0.021404936545797504,1681945334_000160
1681945334,1681945334_000320,64,crop,180,0.4714040490559564,0.042540634108307655,1681945334_000641
1681945334,1681945334_000333,64,crop,180,0.49159197296366997,0.0032836261088107417,1681945334_000234
1681945334,1681945334_000345,64,crop,180,0.49242005472473976,0.011937654861868775,1681945334_000542
1681945334,1681945334_000357,64,crop,180,0.4722407869513758,-0.013845800894257484,1681945334_000135
1681945334,1681945334_000370,64,crop,180,0.458768736111703,-0.008949722595031039,1681945334_000049
1681945334,1681945334_000382,64,crop,180,0.477808689708944,0.011436184474062196,1681945334_000702
1681945334,1681945334_000394,64,crop,180,0.5140062796271414,0.05868411759554371,1681945334_000628
1681945334,1681945334_000406,64,crop,180,0.4366737160108198,-0.07225525567541559,1681945334_000727
1681945334,1681945334_000419,64,crop,180,0.4696494430363179,0.009131747307855225,1681945334_000382
1681945334,1681945334_000431,64,crop,180,0.5147713742861949,0.03884061041409936,1681945334_000123
1681945334,1681945334_000443,64,crop,180,0.46026717383384824,-0.056774482747708015,1681945334_000000
1681945334,1681945334_000456,64,crop,180,0.41226511976064506,-0.04753471741968468,1681945334_000431
1681945334,1681945334_000468,64,crop,180,0.5060490183531519,-0.003231132531842386,1681945334_000394
1681945334,1681945334_000480,64,crop,180,0.4476968525992326,-0.03223805182056874,1681945334_000259
1681945334,1681945334_000493,64,crop,180,0.4796829811293506,0.029117644002031387,1681945334_000037
1681945334,1681945334_000505,64,crop,180,0.43966725326992084,0.022419381425179047,1681945334_000517
1681945334,1681945334_000517,64,crop,180,0.46250892944004823,0.006424314267945249,1681945334_000419
1681945334,1681945334_000530,64,crop,180,0.4278787216055255,-0.024377867942209416,1681945334_000148
1681945334,1681945334_000542,64,crop,180,0.47398631624157295,-0.002834520779846486,1681945334_000653
1681945334,1681945334_000554,64,crop,180,0.4497858683718802,-0.016248633090408075,1681945334_000480
1681945334,1681945334_000567,64,crop,180,0.4434212952627045,-0.0271694250209687,1681945334_000283
1681945334,1681945334_000579,64,crop,180,0.4551965137215051,-0.00944457443772218,1681945334_000222
1681945334,1681945334_000591,64,crop,180,0.5068592611410633,-0.0013106488949235079,1681945334_000271
1681945334,1681945334_000604,64,crop,180,0.46436329797704534,-0.007106400980093362,1681945334_000714
1681945334,1681945334_000616,64,crop,180,0.48447421253544004,0.035618562156984696,1681945334_000296
1681945334,1681945334_000628,64,crop,180,0.40594235575415577,-0.08709302032942275,1681945334_000197
1681945334,1681945334_000641,64,crop,180,0.4668237713444529,0.05465179010576569,1681945334_000776
1681945334,1681945334_000653,64,crop,180,0.48248301338386756,-0.003030374037797337,1681945334_000493
1681945334,1681945334_000665,64,crop,180,0.4781764794273385,0.027311751890745816,1681945334_000025
1681945334,1681945334_000677,64,crop,180,0.4741072601010496,0.017199403118527353,1681945334_000185
1681945334,1681945334_000690,64,crop,180,0.4601528459466268,9.754516474375201e-05,1681945334_000333
1681945334,1681945334_000702,64,crop,180,0.45563197074715633,-0.03520067924894014,1681945334_000554
1681945334,1681945334_000714,64,crop,180,0.420580950271143,-0.014032413771402415,1681945334_000086
1681945334,1681945334_000727,64,crop,180,0.43888284967712443,0.04233585084625947,1681945334_000012
1681945334,1681945334_000739,64,crop,180,0.514357298349122,0.03637556162343555,1681945334_000690
1681945334,1681945334_000751,64,crop,180,0.4511958849854824,-0.07255123711007844,1681945334_000111
1681945334,1681945334_000764,64,crop,180,0.47068201987129865,-0.03280939339731349,1681945334_000591
1681945334,1681945334_000776,64,crop,180,0.45435529161010674,-0.02049133907887694,1681945334_000209
1682013847,1682013847_000000,64,crop,180,0.45450020429791343,-0.0430956207536374,1682013847_000062
1682013847,1682013847_000002,64,crop,180,0.48077243480438653,-0.054378481098767396,1682013847_000065
1682013847,1682013847_000005,64,crop,180,0.49345415166899764,0.03834394128599399,1682013847_000057
1682013847,1682013847_000007,64,crop,180,0.4976024426052215,-0.008282109016047992,1682013847_000127
1682013847,1682013847_000010,64,crop,180,0.46981735666661734,0.004023793832549073,1682013847_000077
1682013847,1682013847_000012,64,crop,180,0.447465333075606,0.025253862270050057,1682013847_000052
1682013847,1682013847_000015,64,crop,180,0.4961313602861712,0.025109114345596584,1682013847_000002
1682013847,1682013847_000017,64,crop,180,0.46748670530674613,-0.03738472187125295,1682013847_000002
1682013847,1682013847_000020,64,crop,180,0.4489386540486741,-0.04763978173386634,1682013847_000082
1682013847,1682013847_000022,64,crop,180,0.4658801656168616,-0.061600460735405094,1682013847_000112
1682013847,1682013847_000025,64,crop,180,0.5245557084348843,0.09059480769522259,1682013847_000037
1682013847,1682013847_000027,64,crop,180,0.4710096881590861,-0.06513384220186688,1682013847_000095
1682013847,1682013847_000030,64,crop,180,0.4674066735814222,0.02116571755934396,1682013847_000010
1682013847,1682013847_000032,64,crop,180,0.4511641492320191,0.00427604809644493,1682013847_000027
1682013847,1682013847_000035,64,crop,180,0.47448738440220734,0.08874163857794809,1682013847_000107
1682013847,1682013847_000037,64,crop,180,0.47143032349635644,0.05335157792191341,1682013847_000060
1682013847,1682013847_000040,64,crop,180,0.43774569833282695,-0.021316496350146846,1682013847_000090
1682013847,1682013847_000042,64,crop,180,0.4553111378703886,-0.0049955103352683035,1682013847_000022
1682013847,1682013847_000045,64,crop,180,0.48763703260313457,0.02657406282955684,1682013847_000100
1682013847,1682013847_000047,64,crop,180,0.46516239937827564,-0.042276563074750306,1682013847_000122
1682013847,1682013847_000050,64,crop,180,0.5046607471481664,0.01277498338399134,1682013847_000132
1682013847,1682013847_000052,64,crop,180,0.4942297113453191,0.03515403540242532,1682013847_000092
1682013847,1682013847_000055,64,crop,180,0.4940081472456286,0.029968852400235182,1682013847_000070
1682013847,1682013847_000057,64,crop,180,0.43368023697313,-0.01118151392601055,1682013847_000007
1682013847,1682013847_000060,64,crop,180,0.4619784050986388,-0.011205239531423264,1682013847_000075
1682013847,1682013847_000062,64,crop,180,0.46985996852029105,-0.01920423435496991,1682013847_000085
1682013847,1682013847_000065,64,crop,180,0.4498189252390763,-0.02383780835628657,1682013847_000040
1682013847,1682013847_000067,64,crop,180,0.46080586597148493,-0.05257283046273478,1682013847_000140
1682013847,1682013847_000070,64,crop,180,0.42212882336180396,-0.01316760196668,1682013847_000102
1682013847,1682013847_000072,64,crop,180,0.48191659924866426,-0.0018650871292115317,1682013847_000035
1682013847,1682013847_000075,64,crop,180,0.4578558458262254,0.037418800670681825,1682013847_000067
1682013847,1682013847_000077,64,crop,180,0.41937098903403597,0.008395424745897538,1682013847_000145
1682013847,1682013847_000080,64,crop,180,0.42293049872812677,0.004369221900224057,1682013847_000137
1682013847,1682013847_000082,64,crop,180,0.4799022040999863,0.003178612509224676,1682013847_000137
1682013847,1682013847_000085,64,crop,180,0.4691653658976838,-0.030884393250044342,1682013847_000125
1682013847,1682013847_000087,64,crop,180,0.48127742180843297,0.008475806954915571,1682013847_000155
1682013847,1682013847_000090,64,crop,180,0.46790407102617415,0.009755022732341906,1682013847_000017
1682013847,1682013847_000092,64,crop,180,0.4545800980937185,-0.036991323408541214,1682013847_000045
1682013847,1682013847_000095,64,crop,180,0.48542178134546643,-0.021613645342234363,1682013847_000117
1682013847,1682013847_000097,64,crop,180,0.43561867637744944,-0.08135497834166253,1682013847_000150
1682013847,1682013847_000100,64,crop,180,0.46837104705896304,0.015010091451086874,1682013847_000150
1682013847,1682013847_000102,64,crop,180,0.4720198569852161,0.002533038848628899,1682013847_000005
1682013847,1682013847_000105,64,crop,180,0.4769430990408597,0.018911305726052027,1682013847_000157
1682013847,1682013847_000107,64,crop,180,0.4496703761837943,-0.06743273094801742,1682013847_000047
1682013847,1682013847_000110,64,crop,180,0.5001126716144109,0.06908024851713342,1682013847_000130
1682013847,1682013847_000112,64,crop,180,0.47295710494405147,-0.024044539161864786,1682013847_000120
1682013847,1682013847_000115,64,crop,180,0.4304233389286418,-0.0005571002841463409,1682013847_000012
1682013847,1682013847_000117,64,crop,180,0.47234612755993655,-0.01424698650399067,1682013847_000000
1682013847,1682013847_000120,64,crop,180,0.48259797871041904,-0.011474200424157312,1682013847_000105
1682013847,1682013847_000122,64,crop,180,0.4767787776501273,-0.005828901727490672,1682013847_000147
1682013847,1682013847_000125,64,crop,180,0.48938790021248524,0.048571915670088193,1682013847_000152
1682013847,1682013847_000127,64,crop,180,0.4914539813768457,0.0001597116476108965,1682013847_000020
1682013847,1682013847_000130,64,crop,180,0.4537548369001156,-0.04675922797856891,1682013847_000050
1682013847,1682013847_000132,64,crop,180,0.48936894225916777,0.0463530159904856,1682013847_000072
1682013847,1682013847_000135,64,crop,180,0.4917347231921369,-0.019926933886438385,1682013847_000032
1682013847,1682013847_000137,64,crop,180,0.5184477384989102,0.05526448783548631,1682013847_000030
1682013847,1682013847_000140,64,crop,180,0.4808747745902397,-0.021329391954762907,1682013847_000135
1682013847,1682013847_000142,64,crop,180,0.5314460674889201,-0.013698528507917737,1682013847_000087
1682013847,1682013847_000145,64,crop,180,0.4594939270963099,0.047468575514743615,1682013847_000055
1682013847,1682013847_000147,64,crop,180,0.43844071417932334,0.049671711555815144,1682013847_000142
1682013847,1682013847_000150,64,crop,180,0.31216232192688803,-0.07166823835257709,1682013847_000115
1682013847,1682013847_000152,64,crop,180,0.1921426733139484,-0.04336002980646245,1682013847_000042
1682013847,1682013847_000155,64,crop,180,0.18182218325220453,-0.012910948465331225,1682013847_000025
1682013847,1682013847_000157,64,crop,180,0.26923824817876246,-0.028459722335792702,1682013847_000110
1682014432,1682014432_000000,64,crop,180,0.49384765490566035,-0.002040964582630197,1682014432_000041
1682014432,1682014432_000001,64,crop,180,0.466669641376982,0.02494601775677519,1682014432_000004
1682014432,1682014432_000002,64,crop,180,0.4685730064523845,-0.021425250688507758,1682014432_000087
1682014432,1682014432_000003,64,crop,180,0.5133563691497952,0.018521251808161745,1682014432_000024
1682014432,1682014432_000004,64,crop,180,0.47963196452435053,0.02609557806612156,1682014432_000095
1682014432,1682014432_000005,64,crop,180,0.4907278134939607,-0.024716560937519366,1682014432_000102
1682014432,1682014432_000006,64,crop,180,0.5111540289836045,-0.017193171349367643,1682014432_000060
1682014432,1682014432_000007,64,crop,180,0.5465530779653033,0.06687524248669384,1682014432_000058
1682014432,1682014432_000008,64,crop,180,0.5193541299943064,0.029729524937468697,1682014432_000043
1682014432,1682014432_000009,64,crop,180,0.481037035401149,0.002025073636901522,1682014432_000018
1682014432,1682014432_000010,64,crop,180,0.5060142560065763,0.047609374451836876,1682014432_000000
1682014432,1682014432_000011,64,crop,180,0.4603978874357845,0.007838539524608326,1682014432_000064
1682014432,1682014432_000012,64,crop,180,0.4921382902684657,0.017841063984813818,1682014432_000083
1682014432,1682014432_000013,64,crop,180,0.4836375321324333,-0.02942284766393512,1682014432_000002
1682014432,1682014432_000014,64,crop,180,0.47191534193290013,0.026927319304444673,1682014432_000096
1682014432,1682014432_000015,64,crop,180,0.45641553393840645,-0.004332594448015495,1682014432_000055
1682014432,1682014432_000016,64,crop,180,0.4960743138894251,-0.04752062354505631,1682014432_000086
1682014432,1682014432_000017,64,crop,180,0.5380005075906866,0.029066411157830003,1682014432_000105
1682014432,1682014432_000018,64,crop,180,0.5356588171697393,0.08208873284801249,1682014432_000020
1682014432,1682014432_000019,64,crop,180,0.4502206182888293,0.036338190835308155,1682014432_000077
1682014432,1682014432_000020,64,crop,180,0.4992875988789698,-0.019741904103759957,1682014432_000099
1682014432,1682014432_000021,64,crop,180,0.5105857205511122,-0.03072424465094427,1682014432_000059
1682014432,1682014432_000022,64,crop,180,0.5367000034266312,0.046076050345475385,1682014432_000069
1682014432,1682014432_000023,64,crop,180,0.5246895282077234,0.04076259366515747,1682014432_000005
1682014432,1682014432_000024,64,crop,180,0.49552315884736386,-0.02130074834443246,1682014432_000013
1682014432,1682014432_000025,64,crop,180,0.5049433069643564,0.05850817669001196,1682014432_000085
1682014432,1682014432_000026,64,crop,180,0.48848105084127313,0.019902406509131432,1682014432_000084
1682014432,1682014432_000027,64,crop,180,0.4899985055465958,0.03467088281842235,1682014432_000082
1682014432,1682014432_000028,64,crop,180,0.5120758799347055,0.025312231688811134,1682014432_000092
1682014432,1682014432_000029,64,crop,180,0.48791394377903435,0.0007039624962577951,1682014432_000094
1682014432,1682014432_000030,64,crop,180,0.485351460687876,-0.03474507848092194,1682014432_000075
1682014432,1682014432_000031,64,crop,180,0.5517401960282342,0.0775224981227024,1682014432_000042
1682014432,1682014432_000032,64,crop,180,0.5244642910515747,0.057609970601414595,1682014432_000048
1682014432,1682014432_000033,64,crop,180,0.5037161703036553,0.024155183590704576,1682014432_000037
1682014432,1682014432_000034,64,crop,180,0.5218455333099218,0.035803981333149625,1682014432_000038
1682014432,1682014432_000035,64,crop,180,0.46728460229593055,-0.02025915629766997,1682014432_000008
1682014432,1682014432_000036,64,crop,180,0.5137871953128573,0.039488921913321234,1682014432_000073
1682014432,1682014432_000037,64,crop,180,0.4928364494862441,0.04194581332265665,1682014432_000051
1682014432,1682014432_000038,64,crop,180,0.5211759051996152,0.058548833051239486,1682014432_000091
1682014432,1682014432_000039,64,crop,180,0.46300325650238894,0.028271887017827287,1682014432_000026
1682014432,1682014432_000040,64,crop,180,0.4951864555722998,0.0010091556748361152,1682014432_000081
1682014432,1682014432_000041,64,crop,180,0.509577895078519,-0.0444800842257455,1682014432_000071
1682014432,1682014432_000042,64,crop,180,0.5262756184328848,0.011069390121442603,1682014432_000072
1682014432,1682014432_000043,64,crop,180,0.49557280391808445,0.026571879646820052,1682014432_000065
1682014432,1682014432_000044,64,crop,180,0.47578226378138616,-0.04730223181742268,1682014432_000097
1682014432,1682014432_000045,64,crop,180,0.4985390333385369,-0.0022448474186671785,1682014432_000098
1682014432,1682014432_000046,64,crop,180,0.49990030330401347,0.0066190211350508595,1682014432_000011
1682014432,1682014432_000047,64,crop,180,0.4830579951996774,0.06922438511361236,1682014432_000050
1682014432,1682014432_000048,64,crop,180,0.49204906605288373,0.03327294723564308,1682014432_000019
1682014432,1682014432_000049,64,crop,180,0.48235661848339834,-0.05557003865323814,1682014432_000014
1682014432,1682014432_000050,64,crop,180,0.4768876581708916,0.0585048371405557,1682014432_000009
1682014432,1682014432_000051,64,crop,180,0.48301578327971617,-0.08048632688660882,1682014432_000093
1682014432,1682014432_000052,64,crop,180,0.44814873697891305,-0.026947980102203506,1682014432_000103
1682014432,1682014432_000053,64,crop,180,0.4933157642457669,0.007134805382558885,1682014432_000022
1682014432,1682014432_000054,64,crop,180,0.46996688741985215,0.005033899312132931,1682014432_000104
1682014432,1682014432_000055,64,crop,180,0.47918013319983316,-0.025020544142764698,1682014432_000107
1682014432,1682014432_000056,64,crop,180,0.5387470417864776,0.041671602988217094,1682014432_000045
1682014432,1682014432_000057,64,crop,180,0.47806259758786646,0.04123519490529893,1682014432_000078
1682014432,1682014432_000058,64,crop,180,0.480530748490291,-0.0033180508335599406,1682014432_000080
1682014432,1682014432_000059,64,crop,180,0.5044603110131346,-0.0053334658317799296,1682014432_000044
1682014432,1682014432_000060,64,crop,180,0.4469615812149376,-0.05899773172630179,1682014432_000079
1682014432,1682014432_000061,64,crop,180,0.4926711633475473,-0.03898436777413641,1682014432_000027
1682014432,1682014432_000062,64,crop,180,0.47217574983778077,0.03784514178562074,1682014432_000025
1682014432,1682014432_000063,64,crop,180,0.5121153779974631,0.05605216380219799,1682014432_000034
1682014432,1682014432_000064,64,crop,180,0.48987147803729014,-0.03934184260465468,1682014432_000036
1682014432,1682014432_000065,64,crop,180,0.44719377387616016,-0.06544880681720222,1682014432_000063
1682014432,1682014432_000066,64,crop,180,0.4711463093268555,-0.005090399743465511,1682014432_000109
1682014432,1682014432_000067,64,crop,180,0.49109876061280827,0.06750850220664002,1682014432_000070
1682014432,1682014432_000068,64,crop,180,0.4949150391208588,0.023005415398677065,1682014432_000089
1682014432,1682014432_000069,64,crop,180,0.5103311918605947,0.015314494428011005,1682014432_000052
1682014432,1682014432_000070,64,crop,180,0.4904513551753726,0.044638974942684546,1682014432_000067
1682014432,1682014432_000071,64,crop,180,0.5279888599419024,0.05759717366233449,1682014432_000046
1682014432,1682014432_000072,64,crop,180,0.4559634730614272,-0.03282419725129509,1682014432_000001
1682014432,1682014432_000073,64,crop,180,0.5183879433700077,0.013767243491317784,1682014432_000056
1682014432,1682014432_000074,64,crop,180,0.47027185420736367,-0.05438703736334551,1682014432_000016
1682014432,1682014432_000075,64,crop,180,0.4964941055116729,0.0046810074206315305,1682014432_000023
1682014432,1682014432_000076,64,crop,180,0.46584676787760726,-0.05359569589119725,1682014432_000012
1682014432,1682014432_000077,64,crop,180,0.4573578881784779,-0.016144676622991655,1682014432_000039
1682014432,1682014432_000078,64,crop,180,0.4658878862937861,0.02566919608091694,1682014432_000010
1682014432,1682014432_000079,64,crop,180,0.5024708900842706,-0.0022491781726254453,1682014432_000030
1682014432,1682014432_000080,64,crop,180,0.5035911112333292,-0.0320057199547212,1682014432_000003
1682014432,1682014432_000081,64,crop,180,0.48260722425309216,0.022005587514217866,1682014432_000101
1682014432,1682014432_000082,64,crop,180,0.4675402579682677,-0.02497390950917444,1682014432_000061
1682014432,1682014432_000083,64,crop,180,0.46396106337972626,0.006169536312637174,1682014432_000029
1682014432,1682014432_000084,64,crop,180,0.5515637890981833,0.11620445450474239,1682014432_000112
1682014432,1682014432_000085,64,crop,180,0.4960488812974761,0.07828948539212942,1682014432_000106
1682014432,1682014432_000086,64,crop,180,0.5240862968616752,0.05680085157845007,1682014432_000021
1682014432,1682014432_000087,64,crop,180,0.5184972933692055,0.030512519082462584,1682014432_000047
1682014432,1682014432_000088,64,crop,180,0.47695448513591066,-0.04396062718579131,1682014432_000054
1682014432,1682014432_000089,64,crop,180,0.49222327417751366,0.006212229852525247,1682014432_000015
1682014432,1682014432_000090,64,crop,180,0.49403862145166705,-0.04022156768749858,1682014432_000110
1682014432,1682014432_000091,64,crop,180,0.47446561865322323,-0.04007417316762498,1682014432_000057
1682014432,1682014432_000092,64,crop,180,0.4745365803572071,-0.052128180010876296,1682014432_000062
1682014432,1682014432_000093,64,crop,180,0.5298649074516351,0.02718155728700816,1682014432_000068
1682014432,1682014432_000094,64,crop,180,0.3789618331262575,-0.012378782312801748,1682014432_000040
1682014432,1682014432_000095,64,crop,180,0.35457594220145516,0.03806862384353311,1682014432_000032
1682014432,1682014432_000096,64,crop,180,0.33597798426948916,0.022442168707703564,1682014432_000028
1682014432,1682014432_000097,64,crop,180,0.4168318139298172,-0.012499929505982386,1682014432_000074
1682014432,1682014432_000098,64,crop,180,0.43360730874229714,0.05028640945229503,1682014432_000035
1682014432,1682014432_000099,64,crop,180,0.45507246978747967,0.021969236515841515,1682014432_000053
1682014432,1682014432_000100,64,crop,180,0.4822036910066418,0.024162675971848815,1682014432_000049
1682014432,1682014432_000101,64,crop,180,0.5431576838730426,0.07564519492634256,1682014432_000111
1682014432,1682014432_000102,64,crop,180,0.5251075524151759,0.007704493332090318,1682014432_000007
1682014432,1682014432_000103,64,crop,180,0.5245960212215891,-0.01912567154376832,1682014432_000076
1682014432,1682014432_000104,64,crop,180,0.5232661405915358,0.04570979658288123,1682014432_000033
1682014432,1682014432_000105,64,crop,180,0.494990466507492,-0.012737930217756288,1682014432_000017
1682014432,1682014432_000106,64,crop,180,0.4928532851763458,0.005228032331101533,1682014432_000066
1682014432,1682014432_000107,64,crop,180,0.4591826245241597,0.023736959238185338,1682014432_000088
1682014432,1682014432_000108,64,crop,180,0.3536338092735372,-0.00011777979930579473,1682014432_000031
1682014432,1682014432_000109,64,crop,180,0.3580452909630971,0.033408981922646,1682014432_000031
1682014432,1682014432_000110,64,crop,180,0.37596991152900877,-0.03442781716067739,1682014432_000090
1682014432,1682014432_000111,64,crop,180,0.3856361943660993,-0.008931280072503652,1682014432_000100
1682014432,1682014432_000112,64,crop,180,0.4120430945451276,6.15685228373015e-05,1682014432_000006
1682712156,1682712156_000001,64,crop,180,0.519259257221543,0.025962717302529765,1682712156_000642
1682712156,1682712156_000013,64,crop,180,0.4615525881482081,-0.002808799191887102,1682712156_000358
1682712156,1682712156_000026,64,crop,180,0.4742676802323061,0.005919579072222123,1682712156_000777
1682712156,1682712156_000038,64,crop,180,0.44321759690719587,-0.03456239002420473,1682712156_000531
1682712156,1682712156_000050,64,crop,180,0.4700877903830119,0.004419997834310074,1682712156_000013
1682712156,1682712156_000063,64,crop,180,0.48561108756939425,0.008164780128875714,1682712156_000087
1682712156,1682712156_000075,64,crop,180,0.4885325107569209,-0.02167394033612587,1682712156_000297
1682712156,1682712156_000087,64,crop,180,0.49955346769497083,0.03200482162872217,1682712156_000506
1682712156,1682712156_000100,64,crop,180,0.4931668695826576,0.0066400076325489575,1682712156_000136
1682712156,1682712156_000112,64,crop,180,0.40151776127468825,-0.04402290716474039,1682712156_000321
1682712156,1682712156_000124,64,crop,180,0.5231913517695829,0.027198402177612935,1682712156_000334
1682712156,1682712156_000136,64,crop,180,0.429581774561474,0.01174082618361337,1682712156_000383
1682712156,1682712156_000149,64,crop,180,0.4789148282357229,0.009644246383000493,1682712156_000210
1682712156,1682712156_000161,64,crop,180,0.48541917848954474,0.04315621209113058,1682712156_000654
1682712156,1682712156_000173,64,crop,180,0.5019620082502813,-0.010657494255448324,1682712156_000063
1682712156,1682712156_000186,64,crop,180,0.45258090438266835,-0.04868956922820928,1682712156_000420
1682712156,1682712156_000198,64,crop,180,0.45492537023850615,-0.0031431844516145954,1682712156_000247
1682712156,1682712156_000210,64,crop,180,0.4552905279058124,-0.0022459720283764906,1682712156_000260
1682712156,1682712156_000223,64,crop,180,0.4802704534296412,0.02960733808402273,1682712156_000371
1682712156,1682712156_000235,64,crop,180,0.46201672385274345,-0.020001889945268917,1682712156_000173
1682712156,1682712156_000247,64,crop,180,0.49790024027784524,-0.026441449731438905,1682712156_000444
1682712156,1682712156_000260,64,crop,180,0.483348681479691,0.02070213965162848,1682712156_000666
1682712156,1682712156_000272,64,crop,180,0.49434063509414594,-0.01510936463550963,1682712156_000728
1682712156,1682712156_000284,64,crop,180,0.48555546488902107,0.04936994189027202,1682712156_000149
1682712156,1682712156_000297,64,crop,180,0.492795812745932,0.04711114327045098,1682712156_000481
1682712156,1682712156_000309,64,crop,180,0.49021545133050853,0.0013632895137532196,1682712156_000075
1682712156,1682712156_000321,64,crop,180,0.45983114696173244,-0.07304098720614023,1682712156_000407
1682712156,1682712156_000334,64,crop,180,0.47076881281464167,0.013803019672606822,1682712156_000309
1682712156,1682712156_000346,64,crop,180,0.49715109329161883,0.06932133705541267,1682712156_000555
1682712156,1682712156_000358,64,crop,180,0.49312701855597063,-0.07673151814204944,1682712156_000691
1682712156,1682712156_000371,64,crop,180,0.45965533578174195,-0.01787353834643626,1682712156_000629
1682712156,1682712156_000383,64,crop,180,0.41894471773812003,-0.07052589253569355,1682712156_000765
1682712156,1682712156_000395,64,crop,180,0.473996087788002,-0.04617490134044028,1682712156_000235
1682712156,1682712156_000407,64,crop,180,0.5018403373519756,-0.04241886712242985,1682712156_000284
1682712156,1682712156_000420,64,crop,180,0.4908334870132702,-0.064190614395191,1682712156_000432
1682712156,1682712156_000432,64,crop,180,0.4835397500408536,0.008977870993250788,1682712156_000272
1682712156,1682712156_000444,64,crop,180,0.48975079139883854,-0.05461347375979594,1682712156_000112
1682712156,1682712156_000457,64,crop,180,0.4860387121815772,0.057706043810944053,1682712156_000001
1682712156,1682712156_000469,64,crop,180,0.40540590441394525,-0.050900130629674634,1682712156_000223
1682712156,1682712156_000481,64,crop,180,0.48387247396408034,-0.03458817069760066,1682712156_000605
1682712156,1682712156_000494,64,crop,180,0.4875844153222408,0.015689994330641378,1682712156_000469
1682712156,1682712156_000506,64,crop,180,0.5223613213197292,0.030128957488988223,1682712156_000469
1682712156,1682712156_000518,64,crop,180,0.4728971582271946,-0.04128032179097531,1682712156_000100
1682712156,1682712156_000531,64,crop,180,0.5094208927006195,0.010874101509113693,1682712156_000518
1682712156,1682712156_000543,64,crop,180,0.44218605790072996,0.01693525285130794,1682712156_000752
1682712156,1682712156_000555,64,crop,180,0.4028211721189865,-0.09891259591338458,1682712156_000678
1682712156,1682712156_000568,64,crop,180,0.4744030080480411,-0.053219556602691113,1682712156_000346
1682712156,1682712156_000580,64,crop,180,0.44115075693782946,-0.01733369306857307,1682712156_000543
1682712156,1682712156_000592,64,crop,180,0.4288361041887909,0.004925233719256882,1682712156_000740
1682712156,1682712156_000605,64,crop,180,0.38053282721273884,-0.02271356695888284,1682712156_000395
1682712156,1682712156_000617,64,crop,180,0.4626055546159755,0.013137651644853782,1682712156_000038
1682712156,1682712156_000629,64,crop,180,0.45739657055622546,0.016943750679110244,1682712156_000715
1682712156,1682712156_000642,64,crop,180,0.44200711977580687,-0.028397537908639043,1682712156_000026
1682712156,1682712156_000654,64,crop,180,0.42829956382079265,0.04172447158515774,1682712156_000161
1682712156,1682712156_000666,64,crop,180,0.43989574783998914,-0.021464087819192807,1682712156_000580
1682712156,1682712156_000678,64,crop,180,0.4687316751780606,-0.0006179110502519866,1682712156_000186
1682712156,1682712156_000691,64,crop,180,0.43579350570656517,-0.04597739635914309,1682712156_000457
1682712156,1682712156_000703,64,crop,180,0.4965217854017174,0.005697319161865472,1682712156_000124
1682712156,1682712156_000715,64,crop,180,0.4418584391815387,-0.06648804364253463,1682712156_000592
1682712156,1682712156_000728,64,crop,180,0.43515164150588737,-0.03905857493726652,1682712156_000703
1682712156,1682712156_000740,64,crop,180,0.45114356698059527,0.016865592991559923,1682712156_000050
1682712156,1682712156_000752,64,crop,180,0.5298247762235424,0.05487491035959089,1682712156_000568
1682712156,1682712156_000765,64,crop,180,0.4767102037584856,0.008429456253686895,1682712156_000198
1682712156,1682712156_000777,64,crop,180,0.44684059831065315,-0.010883727666902147,1682712156_000617
1682718815,1682718815_000001,64,crop,180,0.4592175512466165,0.012551889844012657,1682718815_000777
1682718815,1682718815_000005,64,crop,180,0.44441678076706714,-0.05267911559085481,1682718815_000113
1682718815,1682718815_000009,64,crop,180,0.4753304495607406,-0.0008165907331950823,1682718815_000289
1682718815,1682718815_000013,64,crop,180,0.500578800174325,0.08253394700829995,1682718815_000409
1682718815,1682718815_000017,64,crop,180,0.46749198582671597,0.005740469282430206,1682718815_000405
1682718815,1682718815_000021,64,crop,180,0.42832015062177614,-0.033184053610353495,1682718815_000445
1682718815,1682718815_000025,64,crop,180,0.46002113673776285,-0.0036023608142731825,1682718815_000437
1682718815,1682718815_000029,64,crop,180,0.3830185967996884,0.00035771188722589126,1682718815_000497
1682718815,1682718815_000033,64,crop,180,0.47007394562565225,0.047551669134994624,1682718815_000129
1682718815,1682718815_000037,64,crop,180,0.4475746106887361,0.09958815323513093,1682718815_000045
1682718815,1682718815_000041,64,crop,180,0.4256298770408688,-0.07643720882377744,1682718815_000449
1682718815,1682718815_000045,64,crop,180,0.43700551056862347,0.034249693203597296,1682718815_000717
1682718815,1682718815_000049,64,crop,180,0.43197214741260365,-0.04435446789665007,1682718815_000589
1682718815,1682718815_000053,64,crop,180,0.4445500630207448,-0.04013056529384403,1682718815_000125
1682718815,1682718815_000057,64,crop,180,0.4333841558341132,-0.052473303613629375,1682718815_000501
1682718815,1682718815_000061,64,crop,180,0.45436154825628283,0.0004505368655472001,1682718815_000145
1682718815,1682718815_000065,64,crop,180,0.44578391523277444,-0.04196559365980173,1682718815_000729
1682718815,1682718815_000069,64,crop,180,0.43967596805895326,0.01654690447154159,1682718815_000061
1682718815,1682718815_000073,64,crop,180,0.3700393180938914,-0.06331309185969712,1682718815_000085
1682718815,1682718815_000077,64,crop,180,0.42489306915668096,0.05303176356540795,1682718815_000653
1682718815,1682718815_000081,64,crop,180,0.4594961287456118,-0.02488398437877198,1682718815_000193
1682718815,1682718815_000085,64,crop,180,0.4032313687951224,-0.027961896302686206,1682718815_000073
1682718815,1682718815_000089,64,crop,180,0.4505233964899842,0.024552249990987762,1682718815_000505
1682718815,1682718815_000093,64,crop,180,0.4292187394345892,-0.05916800781325653,1682718815_000345
1682718815,1682718815_000097,64,crop,180,0.4213056399369371,0.01827253764766998,1682718815_000581
1682718815,1682718815_000101,64,crop,180,0.49173737849121885,0.04716034288067905,1682718815_000109
1682718815,1682718815_000105,64,crop,180,0.41952907049066734,-0.027303746215268595,1682718815_000489
1682718815,1682718815_000109,64,crop,180,0.4261760342835343,0.03628023986554132,1682718815_000765
1682718815,1682718815_000113,64,crop,180,0.4616362254473276,-0.010596903586029285,1682718815_000585
1682718815,1682718815_000117,64,crop,180,0.4841280779458401,0.0699912724059293,1682718815_000281
1682718815,1682718815_000121,64,crop,180,0.48301522802571634,0.044629918207456785,1682718815_000301
1682718815,1682718815_000125,64,crop,180,0.43054102784377807,0.02546463896031995,1682718815_000397
1682718815,1682718815_000129,64,crop,180,0.4911383356559034,0.015922837268456235,1682718815_000709
1682718815,1682718815_000133,64,crop,180,0.46667045262279155,-0.04156559765675459,1682718815_000733
1682718815,1682718815_000137,64,crop,180,0.465923316500505,0.044386829424338074,1682718815_000077
1682718815,1682718815_000141,64,crop,180,0.47023089221515374,-0.03868124313221045,1682718815_000561
1682718815,1682718815_000145,64,crop,180,0.4639106013545733,-0.04888523757530371,1682718815_000677
1682718815,1682718815_000149,64,crop,180,0.4306900697128977,0.000280361162801987,1682718815_000185
1682718815,1682718815_000153,64,crop,180,0.4070480927055371,-0.07781391806368826,1682718815_000385
1682718815,1682718815_000157,64,crop,180,0.41553767106134787,-0.0766753631114196,1682718815_000209
1682718815,1682718815_000161,64,crop,180,0.4156226729598096,-0.03883032492166494,1682718815_000597
1682718815,1682718815_000165,64,crop,180,0.41947176043341255,-0.04464114339807642,1682718815_000557
1682718815,1682718815_000169,64,crop,180,0.4381823706360594,0.016663477387969756,1682718815_000569
1682718815,1682718815_000173,64,crop,180,0.4472924332822668,-0.04137946348501132,1682718815_000637
1682718815,1682718815_000177,64,crop,180,0.46966856659606243,0.020017161994729804,1682718815_000293
1682718815,1682718815_000181,64,crop,180,0.4206456281137622,-0.07314088295331196,1682718815_000165
1682718815,1682718815_000185,64,crop,180,0.5159382987678257,0.038757123523650884,1682718815_000101
1682718815,1682718815_000189,64,crop,180,0.49047914725354147,0.05717162034034982,1682718815_000573
1682718815,1682718815_000193,64,crop,180,0.43562152114081315,-0.007316572669684736,1682718815_000253
1682718815,1682718815_000197,64,crop,180,0.44706086867050665,0.012403766114661346,1682718815_000237
1682718815,1682718815_000201,64,crop,180,0.4380482498805313,0.0061823186997898546,1682718815_000413
1682718815,1682718815_000205,64,crop,180,0.4498274564611233,0.03221883129439419,1682718815_000377
1682718815,1682718815_000209,64,crop,180,0.4124756814530244,-0.029120375578168527,1682718815_000693
1682718815,1682718815_000213,64,crop,180,0.4582368161769516,0.01544503959964808,1682718815_000121
1682718815,1682718815_000217,64,crop,180,0.45625786527330153,-0.0017869195163984313,1682718815_000565
1682718815,1682718815_000221,64,crop,180,0.4440171473881654,-0.0013146596815267711,1682718815_000433
1682718815,1682718815_000225,64,crop,180,0.43701402138254336,-0.007046222816259125,1682718815_000673
1682718815,1682718815_000229,64,crop,180,0.44574486715071293,-0.018406242946536294,1682718815_000425
1682718815,1682718815_000233,64,crop,180,0.41560802058622887,-0.07721232221663571,1682718815_000225
1682718815,1682718815_000237,64,crop,180,0.470254236971171,0.006898888572634594,1682718815_000033
1682718815,1682718815_000241,64,crop,180,0.43551343585935437,-0.03764449296996478,1682718815_000701
1682718815,1682718815_000245,64,crop,180,0.5035310943732259,0.032765160589549196,1682718815_000753
1682718815,1682718815_000249,64,crop,180,0.45054135180728544,0.06699062976506481,1682718815_000773
1682718815,1682718815_000253,64,crop,180,0.3677688807366691,-0.02393006203004716,1682718815_000641
1682718815,1682718815_000257,64,crop,180,0.46932549135747065,0.002205617100784724,1682718815_000005
1682718815,1682718815_000261,64,crop,180,0.44029827880199374,0.009792115051203655,1682718815_000373
1682718815,1682718815_000265,64,crop,180,0.41462763441613376,-0.08338653663378576,1682718815_000357
1682718815,1682718815_000269,64,crop,180,0.42436298109024323,0.008283156181211669,1682718815_000533
1682718815,1682718815_000273,64,crop,180,0.4479495021627919,0.04563902345074052,1682718815_000305
1682718815,1682718815_000277,64,crop,180,0.4377920351926903,-0.06085194219790644,1682718815_000605
1682718815,1682718815_000281,64,crop,180,0.4374686922861433,-0.034947179379483446,1682718815_000353
1682718815,1682718815_000285,64,crop,180,0.4522686734608605,-0.009703173567289836,1682718815_000217
1682718815,1682718815_000289,64,crop,180,0.4740497080145137,0.08523484713908391,1682718815_000049
1682718815,1682718815_000293,64,crop,180,0.4617424920840671,0.03724399883618811,1682718815_000149
1682718815,1682718815_000297,64,crop,180,0.4532144380158544,0.020332506692387637,1682718815_000549
1682718815,1682718815_000301,64,crop,180,0.5486307894847434,0.0868356434794944,1682718815_000093
1682718815,1682718815_000305,64,crop,180,0.4875640705320822,0.09311885459840386,1682718815_000313
1682718815,1682718815_000309,64,crop,180,0.43191709998188355,0.0034033466239387564,1682718815_000297
1682718815,1682718815_000313,64,crop,180,0.4602426065488341,0.07019169589016483,1682718815_000057
1682718815,1682718815_000317,64,crop,180,0.48070924813951077,0.08521337712798727,1682718815_000065
1682718815,1682718815_000321,64,crop,180,0.47268034498855244,-0.053171427184879695,1682718815_000333
1682718815,1682718815_000325,64,crop,180,0.46856065408946046,-0.00559711427495959,1682718815_000341
1682718815,1682718815_000329,64,crop,180,0.5016024087541857,0.012586047496729752,1682718815_000429
1682718815,1682718815_000333,64,crop,180,0.49245915869676465,0.0031398733502458983,1682718815_000461
1682718815,1682718815_000337,64,crop,180,0.49658214927341,0.057446161890610394,1682718815_000229
1682718815,1682718815_000341,64,crop,180,0.4697915635756167,0.009044772677500678,1682718815_000389
1682718815,1682718815_000345,64,crop,180,0.46635970836887913,0.01395332576670024,1682718815_000681
1682718815,1682718815_000349,64,crop,180,0.47621527122556523,0.011719349017723193,1682718815_000285
1682718815,1682718815_000353,64,crop,180,0.45867390734542934,-0.019097833504967254,1682718815_000133
1682718815,1682718815_000357,64,crop,180,0.4717745338176386,0.022573774741132337,1682718815_000669
1682718815,1682718815_000361,64,crop,180,0.4957262240209564,0.039481133388059565,1682718815_000705
1682718815,1682718815_000365,64,crop,180,0.4432994899327105,-0.03177601662165913,1682718815_000081
1682718815,1682718815_000369,64,crop,180,0.48713092239019096,0.018007355178524028,1682718815_000513
1682718815,1682718815_000373,64,crop,180,0.34210816913472203,-0.016386030386440955,1682718815_000037
1682718815,1682718815_000377,64,crop,180,0.4198374595814274,0.005991458337661283,1682718815_000477
1682718815,1682718815_000381,64,crop,180,0.45353088993490437,0.042048701824468813,1682718815_000137
1682718815,1682718815_000385,64,crop,180,0.47847263540055424,0.04308800416088254,1682718815_000453
1682718815,1682718815_000389,64,crop,180,0.4585913791157446,-0.020923421365485657,1682718815_000493
1682718815,1682718815_000393,64,crop,180,0.4613137701270249,0.028953137399311296,1682718815_000245
1682718815,1682718815_000397,64,crop,180,0.4106511479755965,-0.07129428003994956,1682718815_000249
1682718815,1682718815_000401,64,crop,180,0.4776392710926356,-0.05142243169145865,1682718815_000761
1682718815,1682718815_000405,64,crop,180,0.4815379701270466,0.037275342090985326,1682718815_000381
1682718815,1682718815_000409,64,crop,180,0.46738207564484907,-0.024891225468622324,1682718815_000337
1682718815,1682718815_000413,64,crop,180,0.455658169972128,-0.02126211047392161,1682718815_000161
1682718815,1682718815_000417,64,crop,180,0.5171572974830928,0.023856560997551082,1682718815_000473
1682718815,1682718815_000421,64,crop,180,0.4874571141022496,-0.0019965660655113684,1682718815_000173
1682718815,1682718815_000425,64,crop,180,0.41272824239341754,-0.007180342993516375,1682718815_000029
1682718815,1682718815_000429,64,crop,180,0.48576748092450367,-0.03251175756615259,1682718815_000365
1682718815,1682718815_000433,64,crop,180,0.46853717515917886,0.05346529327119217,1682718815_000097
1682718815,1682718815_000437,64,crop,180,0.46096068240418964,-0.04188822616272555,1682718815_000613
1682718815,1682718815_000441,64,crop,180,0.4693154586280787,0.04202700567825607,1682718815_000421
1682718815,1682718815_000445,64,crop,180,0.43895404527757775,0.04806996925037766,1682718815_000321
1682718815,1682718815_000449,64,crop,180,0.42355042822178063,-0.04257793813853173,1682718815_000541
1682718815,1682718815_000453,64,crop,180,0.4409929825590355,-0.02427383476168694,1682718815_000617
1682718815,1682718815_000457,64,crop,180,0.4579276758579236,0.011096798767300553,1682718815_000157
1682718815,1682718815_000461,64,crop,180,0.42025993446034704,-0.03701143973567616,1682718815_000553
1682718815,1682718815_000465,64,crop,180,0.45675887972607326,-0.06433008775154868,1682718815_000041
1682718815,1682718815_000469,64,crop,180,0.4956158746161861,-0.022913113721284722,1682718815_000257
1682718815,1682718815_000473,64,crop,180,0.4478962597113638,-0.004266588716232579,1682718815_000689
1682718815,1682718815_000477,64,crop,180,0.47052903656408285,0.029172487181114398,1682718815_000481
1682718815,1682718815_000481,64,crop,180,0.4560217180872312,-0.007731185071938578,1682718815_000737
1682718815,1682718815_000485,64,crop,180,0.4736332731733639,-0.0037001194869210707,1682718815_000329
1682718815,1682718815_000489,64,crop,180,0.44559046738965963,-0.02146010860531029,1682718815_000629
1682718815,1682718815_000493,64,crop,180,0.4605847600100242,-0.02908158575718872,1682718815_000721
1682718815,1682718815_000497,64,crop,180,0.4465227223753101,-0.039682291319653,1682718815_000457
1682718815,1682718815_000501,64,crop,180,0.4286204399525742,-0.04387198947748209,1682718815_000741
1682718815,1682718815_000505,64,crop,180,0.4602714169843403,-0.015548746401085384,1682718815_000577
1682718815,1682718815_000509,64,crop,180,0.43811509479854355,-0.02415475936891966,1682718815_000713
1682718815,1682718815_000513,64,crop,180,0.45017612158745424,0.024845828847530626,1682718815_000233
1682718815,1682718815_000517,64,crop,180,0.4726246670775435,0.0355787653350722,1682718815_000417
1682718815,1682718815_000521,64,crop,180,0.530637144296781,0.07153211426788567,1682718815_000745
1682718815,1682718815_000525,64,crop,180,0.49115121197460443,0.07127198250134657,1682718815_000153
1682718815,1682718815_000529,64,crop,180,0.49996611972144295,-0.03704351151241762,1682718815_000601
1682718815,1682718815_000533,64,crop,180,0.4228114874757353,-0.019312668098591956,1682718815_000181
1682718815,1682718815_000537,64,crop,180,0.43587754425849834,0.0073034226238623025,1682718815_000657
1682718815,1682718815_000541,64,crop,180,0.46766483358861666,-0.013908448180511962,1682718815_000325
1682718815,1682718815_000545,64,crop,180,0.49498182714729827,0.00865907828051947,1682718815_000201
1682718815,1682718815_000549,64,crop,180,0.4917654439016504,0.06588702148347135,1682718815_000393
1682718815,1682718815_000553,64,crop,180,0.47208184573874873,0.015067264908599415,1682718815_000213
1682718815,1682718815_000557,64,crop,180,0.4563266356615954,-0.06334207302893131,1682718815_000593
1682718815,1682718815_000561,64,crop,180,0.46063450263303857,0.027399872794913165,1682718815_000277
1682718815,1682718815_000565,64,crop,180,0.399175102532561,0.033954749796308185,1682718815_000749
1682718815,1682718815_000569,64,crop,180,0.46463352891816334,0.05172374461179143,1682718815_000013
1682718815,1682718815_000573,64,crop,180,0.4244619939767416,0.0026422093028138616,1682718815_000649
1682718815,1682718815_000577,64,crop,180,0.4737976515419737,0.04509615479064618,1682718815_000025
1682718815,1682718815_000581,64,crop,180,0.44263049926425446,0.019788892224771187,1682718815_000117
1682718815,1682718815_000585,64,crop,180,0.4794110347689067,0.05083273396613114,1682718815_000725
1682718815,1682718815_000589,64,crop,180,0.477712254328516,0.010358615147344236,1682718815_000089
1682718815,1682718815_000593,64,crop,180,0.44458214765780135,-0.016234058687852777,1682718815_000361
1682718815,1682718815_000597,64,crop,180,0.4796895294794008,-0.05843182276891171,1682718815_000645
1682718815,1682718815_000601,64,crop,180,0.4863460831605113,0.029600067417058215,1682718815_000509
1682718815,1682718815_000605,64,crop,180,0.4693590737369909,0.03186437482988793,1682718815_000401
1682718815,1682718815_000609,64,crop,180,0.4736722659981158,-0.03830239668743074,1682718815_000241
1682718815,1682718815_000613,64,crop,180,0.4426750664541103,-0.00875272109358486,1682718815_000317
1682718815,1682718815_000617,64,crop,180,0.4409469592712822,0.026246387691635856,1682718815_000769
1682718815,1682718815_000621,64,crop,180,0.4054036362656681,0.018197919473643485,1682718815_000021
1682718815,1682718815_000625,64,crop,180,0.4479250114953961,0.0366107395615417,1682718815_000021
1682718815,1682718815_000629,64,crop,180,0.45440144396156873,-0.0009124932902658244,1682718815_000685
1682718815,1682718815_000633,64,crop,180,0.477066997423878,0.0430836005425225,1682718815_000009
1682718815,1682718815_000637,64,crop,180,0.4039879390661741,-0.009611729375912955,1682718815_000273
1682718815,1682718815_000641,64,crop,180,0.46140108030878285,0.018272465987055234,1682718815_000625
1682718815,1682718815_000645,64,crop,180,0.43870200183940034,-0.05123242439933567,1682718815_000369
1682718815,1682718815_000649,64,crop,180,0.40913183371010264,-0.010768832875520884,1682718815_000177
1682718815,1682718815_000653,64,crop,180,0.45300055507659637,-0.010421685838718844,1682718815_000633
1682718815,1682718815_000657,64,crop,180,0.499466771929328,0.046089667485191256,1682718815_000189
1682718815,1682718815_000661,64,crop,180,0.4662389767500306,-0.00910698088751056,1682718815_000221
1682718815,1682718815_000665,64,crop,180,0.47990745379859767,0.027095237336001794,1682718815_000001
1682718815,1682718815_000669,64,crop,180,0.49366442888605144,-0.06616933855810363,1682718815_000697
1682718815,1682718815_000673,64,crop,180,0.5171409398771464,0.056602123820188775,1682718815_000105
1682718815,1682718815_000677,64,crop,180,0.4387687365987955,0.02661706867082822,1682718815_000757
1682718815,1682718815_000681,64,crop,180,0.5145708090824832,0.059671051815523825,1682718815_000205
1682718815,1682718815_000685,64,crop,180,0.5073739405439134,0.049591717890259214,1682718815_000017
1682718815,1682718815_000689,64,crop,180,0.45999532572124346,0.015810028236424904,1682718815_000069
1682718815,1682718815_000693,64,crop,180,0.48314748781541833,-0.024299108459861742,1682718815_000469
1682718815,1682718815_000697,64,crop,180,0.45735901180556726,0.05534691364428022,1682718815_000261
1682718815,1682718815_000701,64,crop,180,0.42702176429672245,0.03617938401385019,1682718815_000197
1682718815,1682718815_000705,64,crop,180,0.4099382230111921,-0.015743699414800742,1682718815_000053
1682718815,1682718815_000709,64,crop,180,0.48964269052818193,0.034147077421524306,1682718815_000537
1682718815,1682718815_000713,64,crop,180,0.5005043776484036,0.03410091249631864,1682718815_000665
1682718815,1682718815_000717,64,crop,180,0.5030935797973016,0.05201216549835266,1682718815_000465
1682718815,1682718815_000721,64,crop,180,0.5179580549470538,-0.0535753891676767,1682718815_000309
1682718815,1682718815_000725,64,crop,180,0.45948856647903086,0.05906654814875436,1682718815_000441
1682718815,1682718815_000729,64,crop,180,0.4518139441745766,-0.04396025564489806,1682718815_000265
1682718815,1682718815_000733,64,crop,180,0.5059185384230442,-0.04194859884587287,1682718815_000349
1682718815,1682718815_000737,64,crop,180,0.49580775357522616,0.025533271931329034,1682718815_000485
1682718815,1682718815_000741,64,crop,180,0.4525563422148557,-0.04389259373025515,1682718815_000661
1682718815,1682718815_000745,64,crop,180,0.4301761837167313,-0.0014062297777931835,1682718815_000517
1682718815,1682718815_000749,64,crop,180,0.4112115265803636,-0.005405072654573832,1682718815_000545
1682718815,1682718815_000753,64,crop,180,0.32351697256265366,0.02711539233880828,1682718815_000529
1682718815,1682718815_000757,64,crop,180,0.4142141906479833,-0.040784533219338316,1682718815_000609
1682718815,1682718815_000761,64,crop,180,0.43768696808918234,0.010227678491721492,1682718815_000141
1682718815,1682718815_000765,64,crop,180,0.4505020798060794,0.060077674728293916,1682718815_000521
1682718815,1682718815_000769,64,crop,180,0.4502254258367757,-0.023409341346169038,1682718815_000169
1682718815,1682718815_000773,64,crop,180,0.4789174972482799,-0.06268569955591784,1682718815_000525
1682718815,1682718815_000777,64,crop,180,0.44841670594939703,-0.06050051680945664,1682718815_000269
1680410249,1680410249_000000,64,crop_bgr,180,0.12924839678377686,0.0004110961986574767,1680410249_000009
1680410249,1680410249_000001,64,crop_bgr,180,0.10650406592961081,-0.021033598115955874,1680410249_000005
1680410249,1680410249_000002,64,crop_bgr,180,0.08850106356282328,-0.04300602602349315,1680410249_000004
1680410249,1680410249_000003,64,crop_bgr,180,0.13637869861247598,-0.0040689527768640555,1680410249_000006
1680410249,1680410249_000004,64,crop_bgr,180,0.13069822888739457,0.053738237145747936,1680410249_000006
1680410249,1680410249_000005,64,crop_bgr,180,0.11192390153084174,-0.044571551230322255,1680410249_000000
1680410249,1680410249_000006,64,crop_bgr,180,0.22990761406118934,0.07150061082404403,1680410249_000008
1680410249,1680410249_000007,64,crop_bgr,180,0.18819704162199233,0.1220849668368803,1680410249_000002
1680410249,1680410249_000008,64,crop_bgr,180,0.08835870525051437,0.009868151976687603,1680410249_000001
1680410249,1680410249_000009,64,crop_bgr,180,0.13018864264963484,-0.014188785484194813,1680410249_000007
1680410569,1680410569_000000,64,crop_bgr,180,0.18593290914738633,0.050850429062766135,1680410569_000004
1680410569,1680410569_000001,64,crop_bgr,180,0.15926621557628598,0.03876323811048291,1680410569_000009
1680410569,1680410569_000002,64,crop_bgr,180,0.07719490120834485,-0.02154644190097521,1680410569_000006
1680410569,1680410569_000003,64,crop_bgr,180,0.06654217623139129,-0.027474109493474116,1680410569_000006
1680410569,1680410569_000004,64,crop_bgr,180,0.16395400913535307,-0.010317781006489135,1680410569_000007
1680410569,1680410569_000005,64,crop_bgr,180,0.1370089444680954,0.04343767439633883,1680410569_000001
1680410569,1680410569_000006,64,crop_bgr,180,0.09140467632183823,0.008322367683500994,1680410569_000003
1680410569,1680410569_000007,64,crop_bgr,180,0.07673372751428498,-0.050171102943588376,1680410569_000008
1680410569,1680410569_000008,64,crop_bgr,180,0.08878590951839398,-0.017318869650872277,1680410569_000000
1680410569,1680410569_000009,64,crop_bgr,180,0.0752041919705295,-0.10802141848592474,1680410569_000005
1680412337,1680412337_000000,64,crop_bgr,180,0.10935415921619011,-0.09190899446189227,1680412337_000714
1680412337,1680412337_000012,64,crop_bgr,180,0.19574320519410113,-0.07938532640807401,1680412337_000135
1680412337,1680412337_000025,64,crop_bgr,180,0.17726621061463899,-0.029189030396515016,1680412337_000604
1680412337,1680412337_000037,64,crop_bgr,180,0.0924811181932068,-0.035110808718627796,1680412337_000591
1680412337,1680412337_000049,64,crop_bgr,180,0.147933225138937,0.0197530079198539,1680412337_000074
1680412337,1680412337_000062,64,crop_bgr,180,0.17812211433435676,-0.025541328204295975,1680412337_000209
1680412337,1680412337_000074,64,crop_bgr,180,0.1456323467481502,0.12023705751201819,1680412337_000037
1680412337,1680412337_000086,64,crop_bgr,180,0.13503154496556877,0.006073554350153399,1680412337_000554
1680412337,1680412337_000099,64,crop_bgr,180,0.19098541505330957,0.025549285168612445,1680412337_000702
1680412337,1680412337_000111,64,crop_bgr,180,0.1681663158998855,0.027914450300597332,1680412337_000271
1680412337,1680412337_000123,64,crop_bgr,180,0.09034609367898638,0.007203512303465802,1680412337_000246
1680412337,1680412337_000135,64,crop_bgr,180,0.19996368146080254,0.0542532062186519,1680412337_000665
1680412337,1680412337_000148,64,crop_bgr,180,0.08729268338752194,0.0397210434455541,1680412337_000641
1680412337,1680412337_000160,64,crop_bgr,180,0.10502796390609352,-0.016643051986587012,1680412337_000259
1680412337,1680412337_000172,64,crop_bgr,180,0.14059325346273924,-0.015388422741076846,1680412337_000764
1680412337,1680412337_000185,64,crop_bgr,180,0.19005376678050356,-0.03492177387307619,1680412337_000628
1680412337,1680412337_000197,64,crop_bgr,180,0.1114546040451551,-0.04502723994910818,1680412337_000456
1680412337,1680412337_000209,64,crop_bgr,180,0.13364099050400738,0.03483126957661607,1680412337_000025
1680412337,1680412337_000222,64,crop_bgr,180,0.11253098609140022,0.05606133032286819,1680412337_000345
1680412337,1680412337_000234,64,crop_bgr,180,0.12883801540392711,0.040639418969395456,1680412337_000370
1680412337,1680412337_000246,64,crop_bgr,180,0.06062788992883333,-0.01595334996886109,1680412337_000333
1680412337,1680412337_000259,64,crop_bgr,180,0.1681244545737033,0.06258736553680126,1680412337_000123
1680412337,1680412337_000271,64,crop_bgr,180,0.11098089462294884,-0.005211435485072163,1680412337_000443
1680412337,1680412337_000283,64,crop_bgr,180,0.21387176343114686,-0.003808583829116377,1680412337_000431
1680412337,1680412337_000296,64,crop_bgr,180,0.03435024660120368,-0.06561094296214982,1680412337_000308
1680412337,1680412337_000308,64,crop_bgr,180,0.18745846537256497,0.03447072274621509,1680412337_000148
1680412337,1680412337_000320,64,crop_bgr,180,0.1476521887395756,-0.055913379139367954,1680412337_000579
1680412337,1680412337_000333,64,crop_bgr,180,0.17375903481647859,-0.08628580522641881,1680412337_000542
1680412337,1680412337_000345,64,crop_bgr,180,0.11274651200074903,0.02230261427365175,1680412337_000727
1680412337,1680412337_000357,64,crop_bgr,180,0.05719873205193046,-0.04437649931098336,1680412337_000172
1680412337,1680412337_000370,64,crop_bgr,180,0.09347545523478058,-0.02907089593795704,1680412337_000222
1680412337,1680412337_000382,64,crop_bgr,180,0.16467195102592846,0.06446987757662537,1680412337_000086
1680412337,1680412337_000394,64,crop_bgr,180,0.12290748189343825,-0.02000183327674452,1680412337_000197
1680412337,1680412337_000406,64,crop_bgr,180,0.1702700046979615,0.03546641488873356,1680412337_000357
1680412337,1680412337_000419,64,crop_bgr,180,0.10739196771290542,0.0648010205966884,1680412337_000111
1680412337,1680412337_000431,64,crop_bgr,180,0.09204642104006992,0.05486754421079687,1680412337_000739
1680412337,1680412337_000443,64,crop_bgr,180,0.1489683374822741,0.020587670652255426,1680412337_000394
1680412337,1680412337_000456,64,crop_bgr,180,0.15869172459588846,0.03974828891606383,1680412337_000530
1680412337,1680412337_000468,64,crop_bgr,180,0.083486837060616,-0.03143169685013376,1680412337_000185
1680412337,1680412337_000480,64,crop_bgr,180,0.08162207017799056,-0.0716213569068653,1680412337_000012
1680412337,1680412337_000493,64,crop_bgr,180,0.12904679424496548,0.023044050547785105,1680412337_000616
1680412337,1680412337_000505,64,crop_bgr,180,0.14384499909612933,0.10675359594127289,1680412337_000677
1680412337,1680412337_000517,64,crop_bgr,180,0.15877467855053748,-0.0073694391522751935,1680412337_000283
1680412337,1680412337_000530,64,crop_bgr,180,0.14071881804906053,0.007144536148810644,1680412337_000480
1680412337,1680412337_000542,64,crop_bgr,180,0.07558988034197058,0.02154719958850455,1680412337_000776
1680412337,1680412337_000554,64,crop_bgr,180,0.07849919914382991,0.0037998109988383495,1680412337_000160
1680412337,1680412337_000567,64,crop_bgr,180,0.18006233759887189,0.09226563255323521,1680412337_000751
1680412337,1680412337_000579,64,crop_bgr,180,0.04430094783323776,-0.009228589569503917,1680412337_000690
1680412337,1680412337_000591,64,crop_bgr,180,0.12063948821739379,0.006580758166120963,1680412337_000567
1680412337,1680412337_000604,64,crop_bgr,180,0.19527109872535783,0.0718918227268225,1680412337_000468
1680412337,1680412337_000616,64,crop_bgr,180,0.18775070880008882,-0.014932380471324724,1680412337_000062
1680412337,1680412337_000628,64,crop_bgr,180,0.04332582767997708,-0.011757430480896044,1680412337_000049
1680412337,1680412337_000641,64,crop_bgr,180,0.08994426138836693,-0.012571624155895347,1680412337_000653
1680412337,1680412337_000653,64,crop_bgr,180,0.12811445812624467,-0.021654179891790692,1680412337_000419
1680412337,1680412337_000665,64,crop_bgr,180,0.12363641429680762,-0.03816858458195163,1680412337_000296
1680412337,1680412337_000677,64,crop_bgr,180,0.18214366583591826,0.0026437696662655677,1680412337_000234
1680412337,1680412337_000690,64,crop_bgr,180,0.11449019704065472,-0.09860776648511287,1680412337_000382
1680412337,1680412337_000702,64,crop_bgr,180,0.08313574558541205,-0.05284464454401921,1680412337_000505
1680412337,1680412337_000714,64,crop_bgr,180,0.07886648989536439,0.01809746134777417,1680412337_000406
1680412337,1680412337_000727,64,crop_bgr,180,0.12019438158319391,0.03222835670503235,1680412337_000099
1680412337,1680412337_000739,64,crop_bgr,180,0.17470984261882475,-0.06801922925238436,1680412337_000517
1680412337,1680412337_000751,64,crop_bgr,180,0.13302688070099666,0.03342715941342526,1680412337_000000
1680412337,1680412337_000764,64,crop_bgr,180,0.17773611572642667,-0.010162015169724965,1680412337_000493
1680412337,1680412337_000776,64,crop_bgr,180,0.06444949688845102,-0.04308901937851583,1680412337_000320
1681945334,1681945334_000000,64,crop_bgr,180,0.1032174932626624,-0.0974194044878147,1681945334_000505
1681945334,1681945334_000012,64,crop_bgr,180,0.16001427066824955,0.04558407568153091,1681945334_000320
1681945334,1681945334_000025,64,crop_bgr,180,0.20272885611693583,-0.0065016059883927476,1681945334_000443
1681945334,1681945334_000037,64,crop_bgr,180,0.16148550374129053,-0.021316726086172324,1681945334_000604
1681945334,1681945334_000049,64,crop_bgr,180,0.134922468711916,0.016548007159352687,1681945334_000074
1681945334,1681945334_000062,64,crop_bgr,180,0.12953022484976892,0.015606822213339427,1681945334_000456
1681945334,1681945334_000074,64,crop_bgr,180,0.15292645403925934,-0.014168605634502502,1681945334_000751
1681945334,1681945334_000086,64,crop_bgr,180,0.18153184439824746,-0.011137093003755746,1681945334_000357
1681945334,1681945334_000099,64,crop_bgr,180,0.07706457551804567,-0.005589848427827296,1681945334_000172
1681945334,1681945334_000111,64,crop_bgr,180,0.12501179061770054,-0.0005284172216501413,1681945334_000739
1681945334,1681945334_000123,64,crop_bgr,180,0.10142167581539663,-0.021115667904804278,1681945334_000062
1681945334,1681945334_000135,64,crop_bgr,180,0.11436141458068692,-0.05516430793609415,1681945334_000246
1681945334,1681945334_000148,64,crop_bgr,180,0.15348036150993846,0.027243511584473298,1681945334_000530
1681945334,1681945334_000160,64,crop_bgr,180,0.13200574547455604,0.0048612082335619256,1681945334_000308
1681945334,1681945334_000172,64,crop_bgr,180,0.17283457956364914,-0.020188406267886403,1681945334_000764
1681945334,1681945334_000185,64,crop_bgr,180,0.0603891011293567,-0.09558071377610611,1681945334_000406
1681945334,1681945334_000197,64,crop_bgr,180,0.09496046548577797,-0.007669428740436084,1681945334_000677
1681945334,1681945334_000209,64,crop_bgr,180,0.0872404714143359,0.03042930168522942,1681945334_000370
1681945334,1681945334_000222,64,crop_bgr,180,0.18186398408796103,0.0033520203515111937,1681945334_000567
1681945334,1681945334_000234,64,crop_bgr,180,0.14366638969144582,0.0569814778585171,1681945334_000468
1681945334,1681945334_000246,64,crop_bgr,180,0.11256812423122046,0.02641028633084026,1681945334_000345
1681945334,1681945334_000259,64,crop_bgr,180,0.158656733609112,-0.026073188772218186,1681945334_000579
1681945334,1681945334_000271,64,crop_bgr,180,0.21255955635138657,0.05119685335794636,1681945334_000099
1681945334,1681945334_000283,64,crop_bgr,180,0.15749460563115084,0.002231180158025347,1681945334_000665
1681945334,1681945334_000296,64,crop_bgr,180,0.13217911262965662,0.03462880749607442,1681945334_000616
1681945334,1681945334_000308,64,crop_bgr,180,0.132946791845063,-0.07978751765201436,1681945334_000160
1681945334,1681945334_000320,64,crop_bgr,180,0.14503761108197818,-0.021365163046738442,1681945334_000641
1681945334,1681945334_000333,64,crop_bgr,180,0.17937756971014304,0.004132613768478769,1681945334_000234
1681945334,1681945334_000345,64,crop_bgr,180,0.16379012121565664,-0.026707515261212,1681945334_000542
1681945334,1681945334_000357,64,crop_bgr,180,0.1024488647696155,0.00603009920177238,1681945334_000135
1681945334,1681945334_000370,64,crop_bgr,180,0.12065304620406363,-0.04203948684827668,1681945334_000049
1681945334,1681945334_000382,64,crop_bgr,180,0.06738785883651063,-0.01673997202927792,1681945334_000702
1681945334,1681945334_000394,64,crop_bgr,180,0.1855873457853949,-0.005064954041156786,1681945334_000628
1681945334,1681945334_000406,64,crop_bgr,180,0.09142214592335635,-0.06674634938602123,1681945334_000727
1681945334,1681945334_000419,64,crop_bgr,180,0.15483468746261997,-0.02717358086090681,1681945334_000382
1681945334,1681945334_000431,64,crop_bgr,180,0.15812180921226573,-0.013437916659754343,1681945334_000123
1681945334,1681945334_000443,64,crop_bgr,180,0.06600375439745164,-0.09085389752610858,1681945334_000000
1681945334,1681945334_000456,64,crop_bgr,180,0.02016411723826933,-0.0745839899633603,1681945334_000431
1681945334,1681945334_000468,64,crop_bgr,180,0.23117271448606683,0.045003957458894295,1681945334_000394
1681945334,1681945334_000480,64,crop_bgr,180,0.08572951999673668,0.00046219468133578957,1681945334_000259
1681945334,1681945334_000493,64,crop_bgr,180,0.16052575507426464,0.01822880631529251,1681945334_000037
1681945334,1681945334_000505,64,crop_bgr,180,0.12167902287872238,-0.0186458253071823,1681945334_000517
1681945334,1681945334_000517,64,crop_bgr,180,0.1474958969889135,0.021723121803133284,1681945334_000419
1681945334,1681945334_000530,64,crop_bgr,180,0.020554321034087875,-0.029110358583481922,1681945334_000148
1681945334,1681945334_000542,64,crop_bgr,180,0.11657422871982392,0.00802664546150299,1681945334_000653
1681945334,1681945334_000554,64,crop_bgr,180,0.12215078574655801,-0.04572684208661785,1681945334_000480
1681945334,1681945334_000567,64,crop_bgr,180,0.1481423424876795,0.00948441548437573,1681945334_000283
1681945334,1681945334_000579,64,crop_bgr,180,0.1362790344743038,-0.013648190328780814,1681945334_000222
1681945334,1681945334_000591,64,crop_bgr,180,0.18296580412688698,-0.014784826430193498,1681945334_000271
1681945334,1681945334_000604,64,crop_bgr,180,0.08825066284227163,-0.019392199598981072,1681945334_000714
1681945334,1681945334_000616,64,crop_bgr,180,0.11410555825027369,0.02341717125544301,1681945334_000296
1681945334,1681945334_000628,64,crop_bgr,180,0.0760504870379712,-0.09085172737821177,1681945334_000197
1681945334,1681945334_000641,64,crop_bgr,180,0.18063717346448893,0.05451688437355182,1681945334_000776
1681945334,1681945334_000653,64,crop_bgr,180,0.1017382128911456,0.034462335502866766,1681945334_000493
1681945334,1681945334_000665,64,crop_bgr,180,0.13299938563352545,0.04986743149646756,1681945334_000025
1681945334,1681945334_000677,64,crop_bgr,180,0.14859863085622393,0.018100488331585052,1681945334_000185
1681945334,1681945334_000690,64,crop_bgr,180,0.1344856269633802,-0.0037563336374148684,1681945334_000333
1681945334,1681945334_000702,64,crop_bgr,180,0.13806056891253046,-0.032913090472795226,1681945334_000554
1681945334,1681945334_000714,64,crop_bgr,180,0.12511771511475403,-0.011420220014403444,1681945334_000086
1681945334,1681945334_000727,64,crop_bgr,180,0.12157637352287554,0.03554978392077614,1681945334_000012
1681945334,1681945334_000739,64,crop_bgr,180,0.18289082955910688,0.012459447130914918,1681945334_000690
1681945334,1681945334_000751,64,crop_bgr,180,0.12769094722966137,-0.04464988847078157,1681945334_000111
1681945334,1681945334_000764,64,crop_bgr,180,0.11419969276612774,-0.06514892418651813,1681945334_000591
1681945334,1681945334_000776,64,crop_bgr,180,0.12859054915907217,-1.873342871516054e-05,1681945334_000209
1682013847,1682013847_000000,64,crop_bgr,180,0.1736059064287535,-0.0362553436467712,1682013847_000062
1682013847,1682013847_000002,64,crop_bgr,180,0.0985638984961013,-0.04054857644047073,1682013847_000065
1682013847,1682013847_000005,64,crop_bgr,180,0.09289219240308422,-0.011121648491362634,1682013847_000057
1682013847,1682013847_000007,64,crop_bgr,180,0.15289970810905362,-0.005897025242439292,1682013847_000127
1682013847,1682013847_000010,64,crop_bgr,180,0.1173319570874994,-0.024363593642128183,1682013847_000077
1682013847,1682013847_000012,64,crop_bgr,180,0.07019096433929584,-0.016699866678890594,1682013847_000052
1682013847,1682013847_000015,64,crop_bgr,180,0.20975858845534326,0.053249982361847546,1682013847_000002
1682013847,1682013847_000017,64,crop_bgr,180,0.1485390032676996,-0.04476502653964105,1682013847_000002
1682013847,1682013847_000020,64,crop_bgr,180,0.1098292621807039,-0.04950893318171873,1682013847_000082
1682013847,1682013847_000022,64,crop_bgr,180,0.13342481315531604,-0.02715698438844663,1682013847_000112
1682013847,1682013847_000025,64,crop_bgr,180,0.17735995697869225,0.1025888886869711,1682013847_000037
1682013847,1682013847_000027,64,crop_bgr,180,0.13257773062720318,-0.028802432112406223,1682013847_000095
1682013847,1682013847_000030,64,crop_bgr,180,0.09849522864292826,-0.02858813238640046,1682013847_000010
1682013847,1682013847_000032,64,crop_bgr,180,0.09256103573882912,0.03448925825655346,1682013847_000027
1682013847,1682013847_000035,64,crop_bgr,180,0.14036108079068396,-0.02735949498194253,1682013847_000107
1682013847,1682013847_000037,64,crop_bgr,180,0.19510951711681448,0.026142458835783224,1682013847_000060
1682013847,1682013847_000040,64,crop_bgr,180,0.1444832949521224,-0.019223774271097744,1682013847_000090
1682013847,1682013847_000042,64,crop_bgr,180,0.14972531422066657,-0.006368932095821868,1682013847_000022
1682013847,1682013847_000045,64,crop_bgr,180,0.17652588319639742,0.0228837400344792,1682013847_000100
1682013847,1682013847_000047,64,crop_bgr,180,0.1664265945991331,-0.037672765363337586,1682013847_000122
1682013847,1682013847_000050,64,crop_bgr,180,0.13336015530075943,0.007803887218001796,1682013847_000132
1682013847,1682013847_000052,64,crop_bgr,180,0.14894349689945507,-0.01453402148462487,1682013847_000092
1682013847,1682013847_000055,64,crop_bgr,180,0.10883253509264479,0.0002508176939011233,1682013847_000070
1682013847,1682013847_000057,64,crop_bgr,180,0.06770416092435905,-0.023601461806674037,1682013847_000007
1682013847,1682013847_000060,64,crop_bgr,180,0.11253708239136073,0.0438968995029273,1682013847_000075
1682013847,1682013847_000062,64,crop_bgr,180,0.16849177868705875,-0.02277275846002767,1682013847_000085
1682013847,1682013847_000065,64,crop_bgr,180,0.0985660777321034,-0.024700130894253224,1682013847_000040
1682013847,1682013847_000067,64,crop_bgr,180,0.17084633100949861,-0.05439274208737486,1682013847_000140
1682013847,1682013847_000070,64,crop_bgr,180,0.1335668760276997,0.001144963584498453,1682013847_000102
1682013847,1682013847_000072,64,crop_bgr,180,0.18531035719338781,-0.0174038656814192,1682013847_000035
1682013847,1682013847_000075,64,crop_bgr,180,0.15628271630759283,0.009191664722519415,1682013847_000067
1682013847,1682013847_000077,64,crop_bgr,180,0.12155865564944952,0.0005997506382577807,1682013847_000145
1682013847,1682013847_000080,64,crop_bgr,180,0.1129010321565807,-0.06162716344823072,1682013847_000137
1682013847,1682013847_000082,64,crop_bgr,180,0.17869960753394312,0.03647309989553034,1682013847_000137
1682013847,1682013847_000085,64,crop_bgr,180,0.1048362913922249,0.06778764984288264,1682013847_000125
1682013847,1682013847_000087,64,crop_bgr,180,0.07138396295988454,-0.02728950072333677,1682013847_000155
1682013847,1682013847_000090,64,crop_bgr,180,0.1393773883291951,0.052039278013359114,1682013847_000017
1682013847,1682013847_000092,64,crop_bgr,180,0.11721798325457307,-0.050699399718477006,1682013847_000045
1682013847,1682013847_000095,64,crop_bgr,180,0.13467920718291035,0.027731892870394476,1682013847_000117
1682013847,1682013847_000097,64,crop_bgr,180,0.15008036179422404,-0.03748148643129057,1682013847_000150
1682013847,1682013847_000100,64,crop_bgr,180,0.17625821690401103,-0.005622001265928607,1682013847_000150
1682013847,1682013847_000102,64,crop_bgr,180,0.10056320342060183,0.04518643581726661,1682013847_000005
1682013847,1682013847_000105,64,crop_bgr,180,0.189438395207476,0.015441052785038977,1682013847_000157
1682013847,1682013847_000107,64,crop_bgr,180,0.07343562805588001,-0.09080622738528406,1682013847_000047
1682013847,1682013847_000110,64,crop_bgr,180,0.20867399003546258,0.07067878898800482,1682013847_000130
1682013847,1682013847_000112,64,crop_bgr,180,0.18263964160756108,-0.0025969787347059326,1682013847_000120
1682013847,1682013847_000115,64,crop_bgr,180,0.11484112729735825,0.0021640195798330506,1682013847_000012
1682013847,1682013847_000117,64,crop_bgr,180,0.13809567292534772,-0.020345179427940688,1682013847_000000
1682013847,1682013847_000120,64,crop_bgr,180,0.08588825522995665,-0.04230855863459656,1682013847_000105
1682013847,1682013847_000122,64,crop_bgr,180,0.17683654027910325,-0.010366497586334669,1682013847_000147
1682013847,1682013847_000125,64,crop_bgr,180,0.13592500253760512,0.03643606567304341,1682013847_000152
1682013847,1682013847_000127,64,crop_bgr,180,0.1349099110726969,0.011982097399646443,1682013847_000020
1682013847,1682013847_000130,64,crop_bgr,180,0.10324412790480665,-0.05074472473612745,1682013847_000050
1682013847,1682013847_000132,64,crop_bgr,180,0.15649971359773404,0.04844633892158615,1682013847_000072
1682013847,1682013847_000135,64,crop_bgr,180,0.13103968299619181,0.042974439814259476,1682013847_000032
1682013847,1682013847_000137,64,crop_bgr,180,0.13595530997018107,-0.0054047267367094,1682013847_000030
1682013847,1682013847_000140,64,crop_bgr,180,0.15569952551621438,-0.01389157579550214,1682013847_000135
1682013847,1682013847_000142,64,crop_bgr,180,0.15109636032289467,0.009925866527979048,1682013847_000087
1682013847,1682013847_000145,64,crop_bgr,180,0.19224986214401307,0.02345324948064929,1682013847_000055
1682013847,1682013847_000147,64,crop_bgr,180,0.1648050123750998,0.025480978472518647,1682013847_000142
1682013847,1682013847_000150,64,crop_bgr,180,0.11448030336491118,-0.0969659544982155,1682013847_000115
1682013847,1682013847_000152,64,crop_bgr,180,0.006544859654409915,-0.029032379099482086,1682013847_000042
1682013847,1682013847_000155,64,crop_bgr,180,0.04872479407206093,-0.04621148748139909,1682013847_000025
1682013847,1682013847_000157,64,crop_bgr,180,0.1394672520094772,-0.04978406451448087,1682013847_000110
1682014432,1682014432_000000,64,crop_bgr,180,0.16292940949205167,0.020485005109246644,1682014432_000041
1682014432,1682014432_000001,64,crop_bgr,180,0.11126826027571479,0.012981379639397076,1682014432_000004
1682014432,1682014432_000002,64,crop_bgr,180,0.14064809615943855,-0.004791126179566567,1682014432_000087
1682014432,1682014432_000003,64,crop_bgr,180,0.15810567755952815,0.011076723624494798,1682014432_000024
1682014432,1682014432_000004,64,crop_bgr,180,0.09676273389351038,0.03463425722299427,1682014432_000095
1682014432,1682014432_000005,64,crop_bgr,180,0.11044383085261783,-0.04485076983685717,1682014432_000102
1682014432,1682014432_000006,64,crop_bgr,180,0.10299679985162517,0.0024015612971856823,1682014432_000060
1682014432,1682014432_000007,64,crop_bgr,180,0.18829479276725267,-0.003654818298578702,1682014432_000058
1682014432,1682014432_000008,64,crop_bgr,180,0.20396080908836745,0.10331079190196307,1682014432_000043
1682014432,1682014432_000009,64,crop_bgr,180,0.17140684555049876,0.005859595344614819,1682014432_000018
1682014432,1682014432_000010,64,crop_bgr,180,0.20963024781329012,0.0397153036649585,1682014432_000000
1682014432,1682014432_000011,64,crop_bgr,180,0.10042781717229228,-0.005563968535867186,1682014432_000064
1682014432,1682014432_000012,64,crop_bgr,180,0.16974815152227377,-0.016912822134589046,1682014432_000083
1682014432,1682014432_000013,64,crop_bgr,180,0.11446387139241974,-0.005165163133400537,1682014432_000002
1682014432,1682014432_000014,64,crop_bgr,180,0.1277839742755317,-0.014049988926606832,1682014432_000096
1682014432,1682014432_000015,64,crop_bgr,180,0.15682684612559164,0.015980229973930237,1682014432_000055
1682014432,1682014432_000016,64,crop_bgr,180,0.08912455941957691,-0.06433146771129426,1682014432_000086
1682014432,1682014432_000017,64,crop_bgr,180,0.1804700127811408,0.043755870996201984,1682014432_000105
1682014432,1682014432_000018,64,crop_bgr,180,0.20153288558254978,0.07073794019553566,1682014432_000020
1682014432,1682014432_000019,64,crop_bgr,180,0.12346802581653334,-0.013723301805119265,1682014432_000077
1682014432,1682014432_000020,64,crop_bgr,180,0.1460101740357735,-0.030972300967370223,1682014432_000099
1682014432,1682014432_000021,64,crop_bgr,180,0.19565140716384408,0.04042584034486024,1682014432_000059
1682014432,1682014432_000022,64,crop_bgr,180,0.17665109518809216,0.010543283918203285,1682014432_000069
1682014432,1682014432_000023,64,crop_bgr,180,0.19517741598424276,0.07111278180397239,1682014432_000005
1682014432,1682014432_000024,64,crop_bgr,180,0.15450668564193143,0.015295061821735012,1682014432_000013
1682014432,1682014432_000025,64,crop_bgr,180,0.21074001514289853,0.03148226946245595,1682014432_000085
1682014432,1682014432_000026,64,crop_bgr,180,0.20737878844815572,-0.001055285628521917,1682014432_000084
1682014432,1682014432_000027,64,crop_bgr,180,0.12542968147518027,0.012988867779308938,1682014432_000082
1682014432,1682014432_000028,64,crop_bgr,180,0.1746309106318341,0.033530356594937714,1682014432_000092
1682014432,1682014432_000029,64,crop_bgr,180,0.14403195912358785,0.08225415006036647,1682014432_000094
1682014432,1682014432_000030,64,crop_bgr,180,0.12397091635589275,-0.0068704306382070994,1682014432_000075
1682014432,1682014432_000031,64,crop_bgr,180,0.24193972597902605,0.09735301466519597,1682014432_000042
1682014432,1682014432_000032,64,crop_bgr,180,0.19357328865016013,0.08012313737891512,1682014432_000048
1682014432,1682014432_000033,64,crop_bgr,180,0.1558897603624091,-0.017531834792084037,1682014432_000037
1682014432,1682014432_000034,64,crop_bgr,180,0.20144925939477024,0.022442515386460252,1682014432_000038
1682014432,1682014432_000035,64,crop_bgr,180,0.05645967240816011,-0.0662766994457998,1682014432_000008
1682014432,1682014432_000036,64,crop_bgr,180,0.18153754020109167,0.028376313088851874,1682014432_000073
1682014432,1682014432_000037,64,crop_bgr,180,0.1727794574553793,-0.018318248671657968,1682014432_000051
1682014432,1682014432_000038,64,crop_bgr,180,0.18134512481582843,0.068651169403287,1682014432_000091
1682014432,1682014432_000039,64,crop_bgr,180,0.11515887737702825,-0.0371821927187894,1682014432_000026
1682014432,1682014432_000040,64,crop_bgr,180,0.13515860004260402,0.04645418889319355,1682014432_000081
1682014432,1682014432_000041,64,crop_bgr,180,0.15234465031734445,1.4934275993532439e-05,1682014432_000071
1682014432,1682014432_000042,64,crop_bgr,180,0.16161581543246226,0.019329660156312337,1682014432_000072
1682014432,1682014432_000043,64,crop_bgr,180,0.1390980849180066,-0.018008507109940095,1682014432_000065
1682014432,1682014432_000044,64,crop_bgr,180,0.13141234040962527,-0.0812363873894126,1682014432_000097
1682014432,1682014432_000045,64,crop_bgr,180,0.10958518293372764,0.0019062179246361333,1682014432_000098
1682014432,1682014432_000046,64,crop_bgr,180,0.15609160225620472,0.043740901618973094,1682014432_000011
1682014432,1682014432_000047,64,crop_bgr,180,0.12289380323475352,0.007943105904279426,1682014432_000050
1682014432,1682014432_000048,64,crop_bgr,180,0.08055825791726544,-0.008967818250013396,1682014432_000019
1682014432,1682014432_000049,64,crop_bgr,180,0.1440095716358055,-0.10048033702228959,1682014432_000014
1682014432,1682014432_000050,64,crop_bgr,180,0.08075021608938039,-0.040380426266571734,1682014432_000009
1682014432,1682014432_000051,64,crop_bgr,180,0.1350069582696198,-0.10551170162685959,1682014432_000093
1682014432,1682014432_000052,64,crop_bgr,180,0.17022488842183783,-0.03176228465116488,1682014432_000103
1682014432,1682014432_000053,64,crop_bgr,180,0.1285143775484868,-0.05623729489239198,1682014432_000022
1682014432,1682014432_000054,64,crop_bgr,180,0.15610144147706279,-0.032851122055658294,1682014432_000104
1682014432,1682014432_000055,64,crop_bgr,180,0.11760071357854901,-0.020615135275682765,1682014432_000107
1682014432,1682014432_000056,64,crop_bgr,180,0.1341140958559164,0.06782949879202098,1682014432_000045
1682014432,1682014432_000057,64,crop_bgr,180,0.17354321064841638,0.01137907388454718,1682014432_000078
1682014432,1682014432_000058,64,crop_bgr,180,0.13863377651151756,-0.02275268637919327,1682014432_000080
1682014432,1682014432_000059,64,crop_bgr,180,0.07263124237548517,0.009350684054531641,1682014432_000044
1682014432,1682014432_000060,64,crop_bgr,180,0.07646586725256334,-0.06662025560601861,1682014432_000079
1682014432,1682014432_000061,64,crop_bgr,180,0.17143336948845747,-0.019943621747056255,1682014432_000027
1682014432,1682014432_000062,64,crop_bgr,180,0.08259573435021973,-0.018058555122802817,1682014432_000025
1682014432,1682014432_000063,64,crop_bgr,180,0.19278780647945556,0.06915214999586557,1682014432_000034
1682014432,1682014432_000064,64,crop_bgr,180,0.14282297510126288,0.003077732528863626,1682014432_000036
1682014432,1682014432_000065,64,crop_bgr,180,0.07885715202552881,-0.07779698696859792,1682014432_000063
1682014432,1682014432_000066,64,crop_bgr,180,0.1313981047870187,0.015770135557664437,1682014432_000109
1682014432,1682014432_000067,64,crop_bgr,180,0.11435434017764501,0.012470654597315228,1682014432_000070
1682014432,1682014432_000068,64,crop_bgr,180,0.12169833443990057,0.011523905770342355,1682014432_000089
1682014432,1682014432_000069,64,crop_bgr,180,0.1884976840970161,0.01836039932367984,1682014432_000052
1682014432,1682014432_000070,64,crop_bgr,180,0.13808585618210042,0.009345903207893745,1682014432_000067
1682014432,1682014432_000071,64,crop_bgr,180,0.14872630981407123,0.050509210513397816,1682014432_000046
1682014432,1682014432_000072,64,crop_bgr,180,0.1178971309444008,-0.05723074845577794,1682014432_000001
1682014432,1682014432_000073,64,crop_bgr,180,0.16328274301297607,0.0034222209109101794,1682014432_000056
1682014432,1682014432_000074,64,crop_bgr,180,0.12995847309425337,-0.05550827222698121,1682014432_000016
1682014432,1682014432_000075,64,crop_bgr,180,0.1482362590315647,-0.03331291533743569,1682014432_000023
1682014432,1682014432_000076,64,crop_bgr,180,0.092890426558612,0.004629737430353609,1682014432_000012
1682014432,1682014432_000077,64,crop_bgr,180,0.10215780234569914,0.007529647098374223,1682014432_000039
1682014432,1682014432_000078,64,crop_bgr,180,0.14112771869979326,-0.014509800398386454,1682014432_000010
1682014432,1682014432_000079,64,crop_bgr,180,0.12111865541550439,-0.005755095589585727,1682014432_000030
1682014432,1682014432_000080,64,crop_bgr,180,0.13478279535387597,-0.01506178147989326,1682014432_000003
1682014432,1682014432_000081,64,crop_bgr,180,0.15856329523568238,0.069179300530825,1682014432_000101
1682014432,1682014432_000082,64,crop_bgr,180,0.11183370675642763,-0.0003677096274891225,1682014432_000061
1682014432,1682014432_000083,64,crop_bgr,180,0.10225669200638825,-0.017219855473431262,1682014432_000029
1682014432,1682014432_000084,64,crop_bgr,180,0.2226796901301036,0.12479054001770977,1682014432_000112
1682014432,1682014432_000085,64,crop_bgr,180,0.1524434140675686,0.03980442759055295,1682014432_000106
1682014432,1682014432_000086,64,crop_bgr,180,0.20004924980296665,0.03394498596645371,1682014432_000021
1682014432,1682014432_000087,64,crop_bgr,180,0.16523983796192868,-0.025058783316803595,1682014432_000047
1682014432,1682014432_000088,64,crop_bgr,180,0.15451131620500724,-0.00287743489202048,1682014432_000054
1682014432,1682014432_000089,64,crop_bgr,180,0.13661709526740512,-0.002418757920337059,1682014432_000015
1682014432,1682014432_000090,64,crop_bgr,180,0.10960103770322928,-0.02445125287817002,1682014432_000110
1682014432,1682014432_000091,64,crop_bgr,180,0.16207318931225648,-0.04864955627908583,1682014432_000057
1682014432,1682014432_000092,64,crop_bgr,180,0.11466997807005792,-0.09241503259620483,1682014432_000062
1682014432,1682014432_000093,64,crop_bgr,180,0.17173256257887334,0.06681828406072136,1682014432_000068
1682014432,1682014432_000094,64,crop_bgr,180,0.09731341036556727,-0.06535857968251253,1682014432_000040
1682014432,1682014432_000095,64,crop_bgr,180,0.15515451758423768,0.04579538475749151,1682014432_000032
1682014432,1682014432_000096,64,crop_bgr,180,0.07473833597090203,-0.048265561078179774,1682014432_000028
1682014432,1682014432_000097,64,crop_bgr,180,0.12839144810613048,0.01334339299343553,1682014432_000074
1682014432,1682014432_000098,64,crop_bgr,180,0.14261999763719246,-0.048080616322355794,1682014432_000035
1682014432,1682014432_000099,64,crop_bgr,180,0.15706061106317085,-0.002321706157239929,1682014432_000053
1682014432,1682014432_000100,64,crop_bgr,180,0.14819235543127998,0.05076359148619781,1682014432_000049
1682014432,1682014432_000101,64,crop_bgr,180,0.19624083195552852,0.06745954608766648,1682014432_000111
1682014432,1682014432_000102,64,crop_bgr,180,0.24371798202399408,0.01564972247471346,1682014432_000007
1682014432,1682014432_000103,64,crop_bgr,180,0.11594946079676523,0.0005122210978602363,1682014432_000076
1682014432,1682014432_000104,64,crop_bgr,180,0.1825927580757758,0.029325245451044618,1682014432_000033
1682014432,1682014432_000105,64,crop_bgr,180,0.14780557831720278,0.016921764410772838,1682014432_000017
1682014432,1682014432_000106,64,crop_bgr,180,0.18180321238251884,0.00359489963667578,1682014432_000066
1682014432,1682014432_000107,64,crop_bgr,180,0.17934817853706886,0.011069814903236585,1682014432_000088
1682014432,1682014432_000108,64,crop_bgr,180,0.07547487085740252,0.0054851700885578366,1682014432_000031
1682014432,1682014432_000109,64,crop_bgr,180,0.12538213059872858,0.0035785418358086096,1682014432_000031
1682014432,1682014432_000110,64,crop_bgr,180,0.12119433555536968,-0.015870646366263216,1682014432_000090
1682014432,1682014432_000111,64,crop_bgr,180,0.14061757258614127,-0.026016185832405562,1682014432_000100
1682014432,1682014432_000112,64,crop_bgr,180,0.18670095877912032,0.024972108787121996,1682014432_000006
1682712156,1682712156_000001,64,crop_bgr,180,0.15334587558036153,0.08188333831985757,1682712156_000642
1682712156,1682712156_000013,64,crop_bgr,180,0.11302385939408623,-0.02048702180178641,1682712156_000358
1682712156,1682712156_000026,64,crop_bgr,180,0.15890029175554887,-0.029343857695259903,1682712156_000777
1682712156,1682712156_000038,64,crop_bgr,180,0.1117202657494923,-0.032382777441204304,1682712156_000531
1682712156,1682712156_000050,64,crop_bgr,180,0.12975292699817206,-0.007130646168742871,1682712156_000013
1682712156,1682712156_000063,64,crop_bgr,180,0.14432780224101727,0.02550823207283699,1682712156_000087
1682712156,1682712156_000075,64,crop_bgr,180,0.14957524245173812,0.04280554804206246,1682712156_000297
1682712156,1682712156_000087,64,crop_bgr,180,0.22055168342156403,0.04520616985730724,1682712156_000506
1682712156,1682712156_000100,64,crop_bgr,180,0.11445981689471185,-0.018535261633505058,1682712156_000136
1682712156,1682712156_000112,64,crop_bgr,180,0.06468852785726115,-0.031367692154884226,1682712156_000321
1682712156,1682712156_000124,64,crop_bgr,180,0.16857671876307714,0.058748493851362694,1682712156_000334
1682712156,1682712156_000136,64,crop_bgr,180,0.14913558064351365,0.016204756963571567,1682712156_000383
1682712156,1682712156_000149,64,crop_bgr,180,0.15092482130619392,-0.01166647918327574,1682712156_000210
1682712156,1682712156_000161,64,crop_bgr,180,0.15382001909952234,-0.01995595650784271,1682712156_000654
1682712156,1682712156_000173,64,crop_bgr,180,0.07987077862662548,-0.010045314627851397,1682712156_000063
1682712156,1682712156_000186,64,crop_bgr,180,0.12502321793859653,-0.044050980941109284,1682712156_000420
1682712156,1682712156_000198,64,crop_bgr,180,0.08710288190046889,-0.035465976838805834,1682712156_000247
1682712156,1682712156_000210,64,crop_bgr,180,0.057714180609294875,-0.04240875478197239,1682712156_000260
1682712156,1682712156_000223,64,crop_bgr,180,0.11811991352251401,0.007936241894090493,1682712156_000371
1682712156,1682712156_000235,64,crop_bgr,180,0.09795593462534476,-0.014409687099610944,1682712156_000173
1682712156,1682712156_000247,64,crop_bgr,180,0.14235498542132052,0.0032056999529583782,1682712156_000444
1682712156,1682712156_000260,64,crop_bgr,180,0.08876335331521579,0.04244026656331551,1682712156_000666
1682712156,1682712156_000272,64,crop_bgr,180,0.14546078347134725,0.021848602267397866,1682712156_000728
1682712156,1682712156_000284,64,crop_bgr,180,0.19002953695073624,-0.01901039886470409,1682712156_000149
1682712156,1682712156_000297,64,crop_bgr,180,0.19207912849309297,0.027343445839385642,1682712156_000481
1682712156,1682712156_000309,64,crop_bgr,180,0.07494210416400188,-0.04359125463873864,1682712156_000075
1682712156,1682712156_000321,64,crop_bgr,180,0.0637135597555083,-0.06602853137338237,1682712156_000407
1682712156,1682712156_000334,64,crop_bgr,180,0.13193953936971045,-0.018162432352009972,1682712156_000309
1682712156,1682712156_000346,64,crop_bgr,180,0.11928308082199461,0.04221557342343749,1682712156_000555
1682712156,1682712156_000358,64,crop_bgr,180,0.14554472617855668,-0.09889033191081997,1682712156_000691
1682712156,1682712156_000371,64,crop_bgr,180,0.11129237089234977,-0.003965705394577644,1682712156_000629
1682712156,1682712156_000383,64,crop_bgr,180,0.06789199050046622,-0.09065372928572847,1682712156_000765
1682712156,1682712156_000395,64,crop_bgr,180,0.12862385208330343,0.011874375484315821,1682712156_000235
1682712156,1682712156_000407,64,crop_bgr,180,0.14135253333845718,-0.05933680372808148,1682712156_000284
1682712156,1682712156_000420,64,crop_bgr,180,0.11589578035187924,-0.08076373575240456,1682712156_000432
1682712156,1682712156_000432,64,crop_bgr,180,0.14124730000470706,0.006559847753939994,1682712156_000272
1682712156,1682712156_000444,64,crop_bgr,180,0.08074793960175308,-0.012930025451949401,1682712156_000112
1682712156,1682712156_000457,64,crop_bgr,180,0.13204877802879758,-0.017999400203647122,1682712156_000001
1682712156,1682712156_000469,64,crop_bgr,180,0.027107127720237812,-0.0735024269103088,1682712156_000223
1682712156,1682712156_000481,64,crop_bgr,180,0.06669268677968548,-0.053025200756174395,1682712156_000605
1682712156,1682712156_000494,64,crop_bgr,180,0.14653776150781192,-0.0068423865995424675,1682712156_000469
1682712156,1682712156_000506,64,crop_bgr,180,0.17032232699569402,0.060480678842566964,1682712156_000469
1682712156,1682712156_000518,64,crop_bgr,180,0.16110995088056848,0.0076268705268151835,1682712156_000100
1682712156,1682712156_000531,64,crop_bgr,180,0.2018016693636374,0.08399748178777909,1682712156_000518
1682712156,1682712156_000543,64,crop_bgr,180,0.1095942268889451,0.015590985563395528,1682712156_000752
1682712156,1682712156_000555,64,crop_bgr,180,0.11163855505788378,-0.10078942560619235,1682712156_000678
1682712156,1682712156_000568,64,crop_bgr,180,0.19585183214720348,-0.038193998751012155,1682712156_000346
1682712156,1682712156_000580,64,crop_bgr,180,0.07528602018825106,-0.009633675956194788,1682712156_000543
1682712156,1682712156_000592,64,crop_bgr,180,0.12360361732487975,-0.06418448585504972,1682712156_000740
1682712156,1682712156_000605,64,crop_bgr,180,0.0295188250161109,-0.05426812866898007,1682712156_000395
1682712156,1682712156_000617,64,crop_bgr,180,0.1172328185895513,0.0012559829170243734,1682712156_000038
1682712156,1682712156_000629,64,crop_bgr,180,0.0774834163507495,-0.04646737696641717,1682712156_000715
1682712156,1682712156_000642,64,crop_bgr,180,0.11894872750387601,-0.03514211831488089,1682712156_000026
1682712156,1682712156_000654,64,crop_bgr,180,0.1653431748307068,-0.007507476991587078,1682712156_000161
1682712156,1682712156_000666,64,crop_bgr,180,0.16269330540857618,-0.039750135884321566,1682712156_000580
1682712156,1682712156_000678,64,crop_bgr,180,0.1328875544112222,0.014753945310333009,1682712156_000186
1682712156,1682712156_000691,64,crop_bgr,180,0.12014031338061304,-0.05461683951633153,1682712156_000457
1682712156,1682712156_000703,64,crop_bgr,180,0.1422320707216291,0.05095312419578172,1682712156_000124
1682712156,1682712156_000715,64,crop_bgr,180,0.10642979008592966,-0.08375046413499553,1682712156_000592
1682712156,1682712156_000728,64,crop_bgr,180,0.07976425156500383,-0.07682819137409806,1682712156_000703
1682712156,1682712156_000740,64,crop_bgr,180,0.10896319404071773,0.032866869859924534,1682712156_000050
1682712156,1682712156_000752,64,crop_bgr,180,0.2279350810087993,0.04009103810359168,1682712156_000568
1682712156,1682712156_000765,64,crop_bgr,180,0.12043099058915054,0.05985700561686135,1682712156_000198
1682712156,1682712156_000777,64,crop_bgr,180,0.0520587465463745,-0.02724232359803327,1682712156_000617
1682718815,1682718815_000001,64,crop_bgr,180,0.2002795649703505,0.03204854130150798,1682718815_000777
1682718815,1682718815_000005,64,crop_bgr,180,0.1114954236637286,-0.02762508611754631,1682718815_000113
1682718815,1682718815_000009,64,crop_bgr,180,0.16892072735411037,0.04211758720970438,1682718815_000289
1682718815,1682718815_000013,64,crop_bgr,180,0.18348314111583838,0.07456458875631693,1682718815_000409
1682718815,1682718815_000017,64,crop_bgr,180,0.14424558399912865,-0.011309284098493818,1682718815_000405
1682718815,1682718815_000021,64,crop_bgr,180,0.1262509166783525,-0.05269949913570061,1682718815_000445
1682718815,1682718815_000025,64,crop_bgr,180,0.1217867319622709,0.011337953109873717,1682718815_000437
1682718815,1682718815_000029,64,crop_bgr,180,0.10175325766494349,0.004191239776870312,1682718815_000497
1682718815,1682718815_000033,64,crop_bgr,180,0.21806123221629115,0.002389863228757498,1682718815_000129
1682718815,1682718815_000037,64,crop_bgr,180,0.23856360066110907,0.06456485420632277,1682718815_000045
1682718815,1682718815_000041,64,crop_bgr,180,0.06164688768153743,-0.0076542445739255964,1682718815_000449
1682718815,1682718815_000045,64,crop_bgr,180,0.0775634150510674,-0.019670697653122366,1682718815_000717
1682718815,1682718815_000049,64,crop_bgr,180,0.1259284733991002,-0.01794278382854939,1682718815_000589
1682718815,1682718815_000053,64,crop_bgr,180,0.17742604068863313,-0.02412405601672102,1682718815_000125
1682718815,1682718815_000057,64,crop_bgr,180,0.07225812265392752,-0.042099662017273914,1682718815_000501
1682718815,1682718815_000061,64,crop_bgr,180,0.13758245416168233,0.017350670400244957,1682718815_000145
1682718815,1682718815_000065,64,crop_bgr,180,0.09464256826460989,0.004109988667672392,1682718815_000729
1682718815,1682718815_000069,64,crop_bgr,180,0.1154884042719204,0.0068039767680417125,1682718815_000061
1682718815,1682718815_000073,64,crop_bgr,180,0.08083773808706747,-0.01529154542375262,1682718815_000085
1682718815,1682718815_000077,64,crop_bgr,180,0.09545491419060502,-0.042136091637842044,1682718815_000653
1682718815,1682718815_000081,64,crop_bgr,180,0.14123268736353015,-0.022675291306739138,1682718815_000193
1682718815,1682718815_000085,64,crop_bgr,180,0.021197000926207927,-0.011924196192621894,1682718815_000073
1682718815,1682718815_000089,64,crop_bgr,180,0.16075039743478828,0.029943501181221938,1682718815_000505
1682718815,1682718815_000093,64,crop_bgr,180,0.11733692009076734,-0.05225977641676762,1682718815_000345
1682718815,1682718815_000097,64,crop_bgr,180,0.15799645211629257,0.00219048477580887,1682718815_000581
1682718815,1682718815_000101,64,crop_bgr,180,0.1376141287510453,0.029849079183750373,1682718815_000109
1682718815,1682718815_000105,64,crop_bgr,180,0.07072463982949784,-0.0403876677412471,1682718815_000489
1682718815,1682718815_000109,64,crop_bgr,180,0.1306834111955166,0.023413385254231936,1682718815_000765
1682718815,1682718815_000113,64,crop_bgr,180,0.1119238299897563,-0.007583814611756251,1682718815_000585
1682718815,1682718815_000117,64,crop_bgr,180,0.20810731197861712,0.0410593216806252,1682718815_000281
1682718815,1682718815_000121,64,crop_bgr,180,0.21654277370732314,0.039368715654373596,1682718815_000301
1682718815,1682718815_000125,64,crop_bgr,180,0.13571161615367475,-0.010359189966068686,1682718815_000397
1682718815,1682718815_000129,64,crop_bgr,180,0.1764712972757292,0.0020600623356844573,1682718815_000709
1682718815,1682718815_000133,64,crop_bgr,180,0.15632334145825239,-0.019038999953731747,1682718815_000733
1682718815,1682718815_000137,64,crop_bgr,180,0.17802748497088616,0.0010032501387179347,1682718815_000077
1682718815,1682718815_000141,64,crop_bgr,180,0.13239392391103236,-0.036262905661196033,1682718815_000561
1682718815,1682718815_000145,64,crop_bgr,180,0.1811089483804531,-0.07655754226577173,1682718815_000677
1682718815,1682718815_000149,64,crop_bgr,180,0.14561730768016734,0.026949626541355354,1682718815_000185
1682718815,1682718815_000153,64,crop_bgr,180,0.053050380775569374,-0.06800251592961815,1682718815_000385
1682718815,1682718815_000157,64,crop_bgr,180,0.11343108082465465,-0.10136312732981739,1682718815_000209
1682718815,1682718815_000161,64,crop_bgr,180,0.0695071698636759,-0.04770783055346616,1682718815_000597
1682718815,1682718815_000165,64,crop_bgr,180,0.026178041299101885,-0.02522200337396302,1682718815_000557
1682718815,1682718815_000169,64,crop_bgr,180,0.09267153904515572,-0.02780008099694305,1682718815_000569
1682718815,1682718815_000173,64,crop_bgr,180,0.15241037839274355,-0.03570727575957472,1682718815_000637
1682718815,1682718815_000177,64,crop_bgr,180,0.09189247849216271,0.012918008800986008,1682718815_000293
1682718815,1682718815_000181,64,crop_bgr,180,0.14832165281782303,-0.05679739942459394,1682718815_000165
1682718815,1682718815_000185,64,crop_bgr,180,0.1995349678784867,0.017882861795278482,1682718815_000101
1682718815,1682718815_000189,64,crop_bgr,180,0.16492675683197303,-0.04009550792727539,1682718815_000573
1682718815,1682718815_000193,64,crop_bgr,180,0.12351719197196492,0.03075880136971391,1682718815_000253
1682718815,1682718815_000197,64,crop_bgr,180,0.13795214058844738,0.05182224384860842,1682718815_000237
1682718815,1682718815_000201,64,crop_bgr,180,0.11982625956128201,-0.003438342767769413,1682718815_000413
1682718815,1682718815_000205,64,crop_bgr,180,0.12856738180237856,-0.01534712306055157,1682718815_000377
1682718815,1682718815_000209,64,crop_bgr,180,0.09780523977300766,-0.02979948784118609,1682718815_000693
1682718815,1682718815_000213,64,crop_bgr,180,0.1543565099007442,-0.005187764358271563,1682718815_000121
1682718815,1682718815_000217,64,crop_bgr,180,0.20442012792884293,0.009441903759004094,1682718815_000565
1682718815,1682718815_000221,64,crop_bgr,180,0.1663612950200846,-0.023562234638315444,1682718815_000433
1682718815,1682718815_000225,64,crop_bgr,180,0.1490076779267097,-0.0030198745321596116,1682718815_000673
1682718815,1682718815_000229,64,crop_bgr,180,0.12826101147584393,-0.013226974992758947,1682718815_000425
1682718815,1682718815_000233,64,crop_bgr,180,0.08694221287670278,-0.11228389384390618,1682718815_000225
1682718815,1682718815_000237,64,crop_bgr,180,0.12110805912067785,-0.06418939181844556,1682718815_000033
1682718815,1682718815_000241,64,crop_bgr,180,0.04364628124516121,-0.02295736039207449,1682718815_000701
1682718815,1682718815_000245,64,crop_bgr,180,0.1498688050126956,0.026024124864220455,1682718815_000753
1682718815,1682718815_000249,64,crop_bgr,180,0.15829920227178668,0.017472558040973488,1682718815_000773
1682718815,1682718815_000253,64,crop_bgr,180,0.09433815935515333,-0.06440418497638441,1682718815_000641
1682718815,1682718815_000257,64,crop_bgr,180,0.17215688170667842,0.0194272136047524,1682718815_000005
1682718815,1682718815_000261,64,crop_bgr,180,0.15264192845190253,0.029447386289396322,1682718815_000373
1682718815,1682718815_000265,64,crop_bgr,180,0.09628731007461293,-0.08589320363459581,1682718815_000357
1682718815,1682718815_000269,64,crop_bgr,180,0.1021222536530527,0.08170305550852584,1682718815_000533
1682718815,1682718815_000273,64,crop_bgr,180,0.1352714251394925,0.04708510674520017,1682718815_000305
1682718815,1682718815_000277,64,crop_bgr,180,0.13660470136264946,-0.0697429814984243,1682718815_000605
1682718815,1682718815_000281,64,crop_bgr,180,0.1367008914610653,0.024232554648308393,1682718815_000353
1682718815,1682718815_000285,64,crop_bgr,180,0.1228135043366843,0.016212799586827666,1682718815_000217
1682718815,1682718815_000289,64,crop_bgr,180,0.14075486793563105,0.03448978638266554,1682718815_000049
1682718815,1682718815_000293,64,crop_bgr,180,0.16860720197987264,-0.0062293359763935284,1682718815_000149
1682718815,1682718815_000297,64,crop_bgr,180,0.13752026112134266,0.03409842567767917,1682718815_000549
1682718815,1682718815_000301,64,crop_bgr,180,0.17514418914055874,0.10634075961285266,1682718815_000093
1682718815,1682718815_000305,64,crop_bgr,180,0.17993601862589723,0.06583737280065359,1682718815_000313
1682718815,1682718815_000309,64,crop_bgr,180,0.15699390945415473,-0.008845697465601434,1682718815_000297
1682718815,1682718815_000313,64,crop_bgr,180,0.11694058199043207,0.032287812039180235,1682718815_000057
1682718815,1682718815_000317,64,crop_bgr,180,0.2485643319681472,0.06490384577857838,1682718815_000065
1682718815,1682718815_000321,64,crop_bgr,180,0.06884489777512315,-0.06331536172969253,1682718815_000333
1682718815,1682718815_000325,64,crop_bgr,180,0.14485625829838486,0.01732100059683449,1682718815_000341
1682718815,1682718815_000329,64,crop_bgr,180,0.19760434511068936,0.02482191219856904,1682718815_000429
1682718815,1682718815_000333,64,crop_bgr,180,0.19501387894591274,0.018822432916173578,1682718815_000461
1682718815,1682718815_000337,64,crop_bgr,180,0.20108832475317848,0.025712643492726294,1682718815_000229
1682718815,1682718815_000341,64,crop_bgr,180,0.14719905928906715,0.030042257744640876,1682718815_000389
1682718815,1682718815_000345,64,crop_bgr,180,0.10648077398261331,0.04254323427958553,1682718815_000681
1682718815,1682718815_000349,64,crop_bgr,180,0.1478852187997437,0.06525686214082661,1682718815_000285
1682718815,1682718815_000353,64,crop_bgr,180,0.08788090496560885,-0.02741802294797703,1682718815_000133
1682718815,1682718815_000357,64,crop_bgr,180,0.1262644058826058,0.08340740300211828,1682718815_000669
1682718815,1682718815_000361,64,crop_bgr,180,0.17753441749138896,0.011594077917360812,1682718815_000705
1682718815,1682718815_000365,64,crop_bgr,180,0.061912669438361635,0.0184684975853548,1682718815_000081
1682718815,1682718815_000369,64,crop_bgr,180,0.1589281880338368,0.04233646440950711,1682718815_000513
1682718815,1682718815_000373,64,crop_bgr,180,0.1415098487365977,-0.03645440571606473,1682718815_000037
1682718815,1682718815_000377,64,crop_bgr,180,0.058678874064309605,-0.04642575414284636,1682718815_000477
1682718815,1682718815_000381,64,crop_bgr,180,0.0941794017191309,-0.03430522036094247,1682718815_000137
1682718815,1682718815_000385,64,crop_bgr,180,0.1597560910146635,0.02070725742231989,1682718815_000453
1682718815,1682718815_000389,64,crop_bgr,180,0.12998433797488435,0.004744955407839313,1682718815_000493
1682718815,1682718815_000393,64,crop_bgr,180,0.0925999402798597,-0.0035852115365655308,1682718815_000245
1682718815,1682718815_000397,64,crop_bgr,180,0.05204741086559069,-0.05197238649572088,1682718815_000249
1682718815,1682718815_000401,64,crop_bgr,180,0.13585492213410535,-0.037981076468777665,1682718815_000761
1682718815,1682718815_000405,64,crop_bgr,180,0.1870927278452729,0.022719889548105592,1682718815_000381
1682718815,1682718815_000409,64,crop_bgr,180,0.12510527412787442,-0.03758944111550607,1682718815_000337
1682718815,1682718815_000413,64,crop_bgr,180,0.12230162069729804,-0.04072118470087075,1682718815_000161
1682718815,1682718815_000417,64,crop_bgr,180,0.13897680976253554,0.042577612401514225,1682718815_000473
1682718815,1682718815_000421,64,crop_bgr,180,0.18896810839451206,-0.0346772389396992,1682718815_000173
1682718815,1682718815_000425,64,crop_bgr,180,0.14593172721647688,0.0010055580052635421,1682718815_000029
1682718815,1682718815_000429,64,crop_bgr,180,0.14872130651954232,0.031345185914249715,1682718815_000365
1682718815,1682718815_000433,64,crop_bgr,180,0.07955158424861063,0.006483941620867492,1682718815_000097
1682718815,1682718815_000437,64,crop_bgr,180,0.05326002124226936,-0.0040432653805960415,1682718815_000613
1682718815,1682718815_000441,64,crop_bgr,180,0.18159979292528253,0.04970986589403545,1682718815_000421
1682718815,1682718815_000445,64,crop_bgr,180,0.17649192415775514,0.03435983305125506,1682718815_000321
1682718815,1682718815_000449,64,crop_bgr,180,0.06315200284675677,-0.0452085764931602,1682718815_000541
1682718815,1682718815_000453,64,crop_bgr,180,0.06728190349427621,-0.03377183005826468,1682718815_000617
1682718815,1682718815_000457,64,crop_bgr,180,0.1350051897440606,0.018409903436467746,1682718815_000157
1682718815,1682718815_000461,64,crop_bgr,180,0.15276565198637018,-0.07660121541299898,1682718815_000553
1682718815,1682718815_000465,64,crop_bgr,180,0.10929317206237243,-0.042170037845822454,1682718815_000041
1682718815,1682718815_000469,64,crop_bgr,180,0.20095493346711987,-0.019331319425183038,1682718815_000257
1682718815,1682718815_000473,64,crop_bgr,180,0.12185258315856135,0.00367263953078426,1682718815_000689
1682718815,1682718815_000477,64,crop_bgr,180,0.17949971154249225,0.0637064917635557,1682718815_000481
1682718815,1682718815_000481,64,crop_bgr,180,0.11213331233552654,0.03545313887024095,1682718815_000737
1682718815,1682718815_000485,64,crop_bgr,180,0.12245570012634982,0.03502167869337377,1682718815_000329
1682718815,1682718815_000489,64,crop_bgr,180,0.13100702153340835,-0.05484530876123855,1682718815_000629
1682718815,1682718815_000493,64,crop_bgr,180,0.1499534328763602,-0.020616609506943304,1682718815_000721
1682718815,1682718815_000497,64,crop_bgr,180,0.09879649121363517,-0.0695558242126685,1682718815_000457
1682718815,1682718815_000501,64,crop_bgr,180,0.08203920717444704,-0.0169714764297757,1682718815_000741
1682718815,1682718815_000505,64,crop_bgr,180,0.14995819571625982,0.007479463134251467,1682718815_000577
1682718815,1682718815_000509,64,crop_bgr,180,0.13375829286032057,-0.00721286402572056,1682718815_000713
1682718815,1682718815_000513,64,crop_bgr,180,0.11917289654690516,-0.008287590021111341,1682718815_000233
1682718815,1682718815_000517,64,crop_bgr,180,0.16442280511147359,0.05931073003898263,1682718815_000417
1682718815,1682718815_000521,64,crop_bgr,180,0.17085882303148345,0.034260577103044386,1682718815_000745
1682718815,1682718815_000525,64,crop_bgr,180,0.1621686765173014,0.09773095073416244,1682718815_000153
1682718815,1682718815_000529,64,crop_bgr,180,0.10112800464144513,-0.007556111573214845,1682718815_000601
1682718815,1682718815_000533,64,crop_bgr,180,0.12268262427287562,-0.026779861593040997,1682718815_000181
1682718815,1682718815_000537,64,crop_bgr,180,0.11344790258231881,0.02621668744247597,1682718815_000657
1682718815,1682718815_000541,64,crop_bgr,180,0.07812137626199371,0.02518214629111641,1682718815_000325
1682718815,1682718815_000545,64,crop_bgr,180,0.23604376668901153,-0.02831949492452927,1682718815_000201
1682718815,1682718815_000549,64,crop_bgr,180,0.17000871548483187,0.05972274631776494,1682718815_000393
1682718815,1682718815_000553,64,crop_bgr,180,0.12852438442385752,-0.0679938442939248,1682718815_000213
1682718815,1682718815_000557,64,crop_bgr,180,0.13867017493023162,-0.0629421791618352,1682718815_000593
1682718815,1682718815_000561,64,crop_bgr,180,0.10457023719727192,0.04998830690197816,1682718815_000277
1682718815,1682718815_000565,64,crop_bgr,180,0.06491394890520476,-0.005647233170024381,1682718815_000749
1682718815,1682718815_000569,64,crop_bgr,180,0.13218230878440393,0.07215305509806606,1682718815_000013
1682718815,1682718815_000573,64,crop_bgr,180,0.10867307641965962,-0.023093434195576492,1682718815_000649
1682718815,1682718815_000577,64,crop_bgr,180,0.11385104470171281,0.10596117763619077,1682718815_000025
1682718815,1682718815_000581,64,crop_bgr,180,0.15838057716070378,0.014971448655438436,1682718815_000117
1682718815,1682718815_000585,64,crop_bgr,180,0.19695259049390282,0.07137177852525788,1682718815_000725
1682718815,1682718815_000589,64,crop_bgr,180,0.17687679982874172,0.03206222480110365,1682718815_000089
1682718815,1682718815_000593,64,crop_bgr,180,0.14567087500845022,-0.03409149750721444,1682718815_000361
1682718815,1682718815_000597,64,crop_bgr,180,0.15317504576979515,-0.03531280859502903,1682718815_000645
1682718815,1682718815_000601,64,crop_bgr,180,0.1638359235414836,-0.015251248708702016,1682718815_000509
1682718815,1682718815_000605,64,crop_bgr,180,0.14649866610913495,0.031008916485122145,1682718815_000401
1682718815,1682718815_000609,64,crop_bgr,180,0.18291102142492688,0.04248049968699638,1682718815_000241
1682718815,1682718815_000613,64,crop_bgr,180,0.07215007713275336,0.03384491726578048,1682718815_000317
1682718815,1682718815_000617,64,crop_bgr,180,0.19399992142902364,0.04371432812284817,1682718815_000769
1682718815,1682718815_000621,64,crop_bgr,180,0.11443163228592934,0.007066005449202439,1682718815_000021
1682718815,1682718815_000625,64,crop_bgr,180,0.1509817304247376,0.03454975107592117,1682718815_000021
1682718815,1682718815_000629,64,crop_bgr,180,0.16755965070265208,-0.03569096123668929,1682718815_000685
1682718815,1682718815_000633,64,crop_bgr,180,0.1317663561885582,0.0465132816398984,1682718815_000009
1682718815,1682718815_000637,64,crop_bgr,180,0.02179282424867197,0.002514257312346548,1682718815_000273
1682718815,1682718815_000641,64,crop_bgr,180,0.11127442025745367,-0.009003884977689343,1682718815_000625
1682718815,1682718815_000645,64,crop_bgr,180,0.07874604162122083,-0.03995477027829903,1682718815_000369
1682718815,1682718815_000649,64,crop_bgr,180,0.08048051727139156,-0.0020789975522014018,1682718815_000177
1682718815,1682718815_000653,64,crop_bgr,180,0.13696791520108398,-0.049278940769154685,1682718815_000633
1682718815,1682718815_000657,64,crop_bgr,180,0.18319036799568456,0.047113323963725195,1682718815_000189
1682718815,1682718815_000661,64,crop_bgr,180,0.13245274786049324,-0.0153618200936272,1682718815_000221
1682718815,1682718815_000665,64,crop_bgr,180,0.15698803430705363,0.03833865509910121,1682718815_000001
1682718815,1682718815_000669,64,crop_bgr,180,0.13493978167471785,-0.0673229227178078,1682718815_000697
1682718815,1682718815_000673,64,crop_bgr,180,0.18895885294334028,0.046068659794429014,1682718815_000105
1682718815,1682718815_000677,64,crop_bgr,180,0.1543381227441761,0.004606461966910738,1682718815_000757
1682718815,1682718815_000681,64,crop_bgr,180,0.22720966100256348,0.0781927138473144,1682718815_000205
1682718815,1682718815_000685,64,crop_bgr,180,0.14414687625514697,0.06585303519046391,1682718815_000017
1682718815,1682718815_000689,64,crop_bgr,180,0.149888567599331,0.018804788351440102,1682718815_000069
1682718815,1682718815_000693,64,crop_bgr,180,0.1504443944367636,0.03587809228096527,1682718815_000469
1682718815,1682718815_000697,64,crop_bgr,180,0.16585925822205655,0.05750365784989481,1682718815_000261
1682718815,1682718815_000701,64,crop_bgr,180,0.12801836843756567,0.0022150733463929587,1682718815_000197
1682718815,1682718815_000705,64,crop_bgr,180,0.1357422012169082,-0.030336940274958993,1682718815_000053
1682718815,1682718815_000709,64,crop_bgr,180,0.11259372503596003,0.08421943178957221,1682718815_000537
1682718815,1682718815_000713,64,crop_bgr,180,0.20959641381922064,0.06654948371888972,1682718815_000665
1682718815,1682718815_000717,64,crop_bgr,180,0.22202662619562674,0.06013299926052961,1682718815_000465
1682718815,1682718815_000721,64,crop_bgr,180,0.16455623116667026,-0.010787039132916518,1682718815_000309
1682718815,1682718815_000725,64,crop_bgr,180,0.15272295566303196,0.03183842785403796,1682718815_000441
1682718815,1682718815_000729,64,crop_bgr,180,0.16414386546994625,-0.046370162263245786,1682718815_000265
1682718815,1682718815_000733,64,crop_bgr,180,0.17383163780975144,0.017447340256105368,1682718815_000349
1682718815,1682718815_000737,64,crop_bgr,180,0.196840736457269,0.011181725128409028,1682718815_000485
1682718815,1682718815_000741,64,crop_bgr,180,0.09939750376383767,-0.017971307175572274,1682718815_000661
1682718815,1682718815_000745,64,crop_bgr,180,0.1637289378198874,0.0065455347856715725,1682718815_000517
1682718815,1682718815_000749,64,crop_bgr,180,0.06387647500751693,-0.03637141861016458,1682718815_000545
1682718815,1682718815_000753,64,crop_bgr,180,0.029256386446534843,-0.07342257307395839,1682718815_000529
1682718815,1682718815_000757,64,crop_bgr,180,0.0106777348939505,-0.05155621673429828,1682718815_000609
1682718815,1682718815_000761,64,crop_bgr,180,0.10338945695078368,-0.013014918143377066,1682718815_000141
1682718815,1682718815_000765,64,crop_bgr,180,0.15787441291288207,0.07159962287982176,1682718815_000521
1682718815,1682718815_000769,64,crop_bgr,180,0.12279220257002928,0.017602857426360967,1682718815_000169
1682718815,1682718815_000773,64,crop_bgr,180,0.17100635034626402,-0.04508524218451282,1682718815_000525
1682718815,1682718815_000777,64,crop_bgr,180,0.13875865007742097,-0.011060143030358155,1682718815_000269
