timestamp, memory.used [MiB], memory.total [MiB], utilization.gpu [%], power.draw [W], temperature.gpu
2026/09/07 22:15:00.346, 0 MiB, 81920 MiB, 0 %, 58.55 W, 34
2026/09/07 22:15:30.355, 473 MiB, 81920 MiB, 0 %, 64.42 W, 35
2026/09/07 22:16:00.356, 25551 MiB, 81920 MiB, 5 %, 65.35 W, 38
2026/09/07 22:16:30.358, 25551 MiB, 81920 MiB, 97 %, 115.57 W, 46
2026/09/07 22:17:00.358, 25743 MiB, 81920 MiB, 54 %, 262.33 W, 46
2026/09/07 22:17:30.360, 25743 MiB, 81920 MiB, 81 %, 341.27 W, 48
2026/09/07 22:18:00.362, 25743 MiB, 81920 MiB, 0 %, 81.82 W, 42
2026/09/07 22:18:30.364, 25743 MiB, 81920 MiB, 25 %, 81.82 W, 44
2026/09/07 22:19:00.368, 25743 MiB, 81920 MiB, 100 %, 223.00 W, 48
2026/09/07 22:19:30.371, 26575 MiB, 81920 MiB, 93 %, 265.88 W, 53
2026/09/07 22:20:00.372, 26575 MiB, 81920 MiB, 75 %, 144.73 W, 48
2026/09/07 22:20:30.374, 26703 MiB, 81920 MiB, 50 %, 113.58 W, 47
2026/09/07 22:21:00.375, 26703 MiB, 81920 MiB, 88 %, 106.13 W, 52
2026/09/07 22:21:30.376, 26703 MiB, 81920 MiB, 64 %, 213.96 W, 52
2026/09/07 22:22:00.411, 26703 MiB, 81920 MiB, 60 %, 294.22 W, 54
2026/09/07 22:22:30.413, 26703 MiB, 81920 MiB, 27 %, 84.08 W, 48
2026/09/07 22:23:00.414, 26703 MiB, 81920 MiB, 33 %, 203.65 W, 47
2026/09/07 22:23:30.415, 26703 MiB, 81920 MiB, 85 %, 277.30 W, 52
2026/09/07 22:24:00.416, 26703 MiB, 81920 MiB, 33 %, 116.15 W, 49
2026/09/07 22:24:30.418, 26703 MiB, 81920 MiB, 34 %, 84.23 W, 46
2026/09/07 22:25:00.419, 26703 MiB, 81920 MiB, 41 %, 235.02 W, 51
2026/09/07 22:25:30.420, 26703 MiB, 81920 MiB, 22 %, 82.53 W, 46
2026/09/07 22:26:00.422, 26703 MiB, 81920 MiB, 66 %, 117.61 W, 48
2026/09/07 22:26:30.423, 26703 MiB, 81920 MiB, 3 %, 185.57 W, 48
2026/09/07 22:27:00.424, 26703 MiB, 81920 MiB, 92 %, 182.12 W, 47
2026/09/07 22:27:30.425, 26703 MiB, 81920 MiB, 35 %, 115.10 W, 48
2026/09/07 22:28:00.426, 26703 MiB, 81920 MiB, 0 %, 82.26 W, 45
2026/09/07 22:28:30.428, 26703 MiB, 81920 MiB, 3 %, 191.37 W, 48
2026/09/07 22:29:00.429, 26703 MiB, 81920 MiB, 0 %, 177.57 W, 48
2026/09/07 22:29:30.435, 26703 MiB, 81920 MiB, 36 %, 101.08 W, 47
2026/09/07 22:30:00.437, 26703 MiB, 81920 MiB, 85 %, 111.24 W, 51
2026/09/07 22:30:30.439, 26703 MiB, 81920 MiB, 14 %, 180.32 W, 46
2026/09/07 22:31:00.440, 26703 MiB, 81920 MiB, 50 %, 234.47 W, 48
2026/09/07 22:31:30.442, 26703 MiB, 81920 MiB, 68 %, 266.08 W, 51
2026/09/07 22:32:00.443, 26703 MiB, 81920 MiB, 41 %, 82.02 W, 47
2026/09/07 22:32:30.444, 26703 MiB, 81920 MiB, 0 %, 82.53 W, 45
2026/09/07 22:33:00.446, 26703 MiB, 81920 MiB, 0 %, 82.02 W, 45
2026/09/07 22:33:30.448, 26703 MiB, 81920 MiB, 61 %, 131.23 W, 48
2026/09/07 22:34:00.451, 26703 MiB, 81920 MiB, 4 %, 82.35 W, 46
2026/09/07 22:34:30.452, 26703 MiB, 81920 MiB, 88 %, 237.14 W, 51
2026/09/07 22:35:00.453, 26703 MiB, 81920 MiB, 53 %, 85.37 W, 50
2026/09/07 22:35:30.455, 26703 MiB, 81920 MiB, 40 %, 82.52 W, 46
2026/09/07 22:36:00.458, 26703 MiB, 81920 MiB, 30 %, 116.81 W, 49
2026/09/07 22:36:30.460, 26703 MiB, 81920 MiB, 60 %, 340.95 W, 53
2026/09/07 22:37:00.461, 26703 MiB, 81920 MiB, 0 %, 82.35 W, 45
2026/09/07 22:37:30.462, 26703 MiB, 81920 MiB, 0 %, 93.39 W, 46
2026/09/07 22:38:00.467, 26703 MiB, 81920 MiB, 0 %, 82.88 W, 45
2026/09/07 22:38:30.468, 26703 MiB, 81920 MiB, 36 %, 155.27 W, 48
2026/09/07 22:39:00.476, 26703 MiB, 81920 MiB, 73 %, 131.36 W, 49
2026/09/07 22:39:30.477, 26703 MiB, 81920 MiB, 0 %, 85.04 W, 45
2026/09/07 22:40:00.479, 26703 MiB, 81920 MiB, 23 %, 206.05 W, 50
2026/09/07 22:40:30.482, 26703 MiB, 81920 MiB, 70 %, 235.75 W, 51
2026/09/07 22:41:00.496, 26703 MiB, 81920 MiB, 0 %, 82.78 W, 46
2026/09/07 22:41:30.497, 26703 MiB, 81920 MiB, 0 %, 83.05 W, 46
2026/09/07 22:42:00.498, 26703 MiB, 81920 MiB, 62 %, 156.79 W, 49
2026/09/07 22:42:30.500, 26703 MiB, 81920 MiB, 23 %, 83.13 W, 46
2026/09/07 22:43:00.501, 26703 MiB, 81920 MiB, 39 %, 82.96 W, 46
2026/09/07 22:43:30.505, 26703 MiB, 81920 MiB, 0 %, 83.48 W, 46
2026/09/07 22:44:00.510, 26703 MiB, 81920 MiB, 0 %, 83.03 W, 46
2026/09/07 22:44:30.512, 28431 MiB, 81920 MiB, 23 %, 139.82 W, 48
2026/09/07 22:45:00.513, 28431 MiB, 81920 MiB, 65 %, 223.13 W, 51
2026/09/07 22:45:30.514, 28433 MiB, 81920 MiB, 92 %, 274.93 W, 52
2026/09/07 22:46:00.515, 28433 MiB, 81920 MiB, 36 %, 141.15 W, 50
2026/09/07 22:46:30.517, 28433 MiB, 81920 MiB, 46 %, 128.28 W, 49
2026/09/07 22:47:00.520, 28433 MiB, 81920 MiB, 61 %, 159.78 W, 51
2026/09/07 22:47:30.523, 28433 MiB, 81920 MiB, 83 %, 338.43 W, 51
2026/09/07 22:48:00.524, 28433 MiB, 81920 MiB, 54 %, 214.65 W, 49
2026/09/07 22:48:30.525, 28433 MiB, 81920 MiB, 71 %, 293.26 W, 53
2026/09/07 22:49:00.531, 28433 MiB, 81920 MiB, 1 %, 100.04 W, 48
2026/09/07 22:49:30.533, 28433 MiB, 81920 MiB, 0 %, 82.86 W, 45
2026/09/07 22:50:00.535, 28433 MiB, 81920 MiB, 0 %, 82.18 W, 45
2026/09/07 22:50:30.536, 28433 MiB, 81920 MiB, 0 %, 83.14 W, 46
2026/09/07 22:51:00.537, 28433 MiB, 81920 MiB, 29 %, 109.54 W, 51
2026/09/07 22:51:30.538, 28433 MiB, 81920 MiB, 0 %, 82.18 W, 45
2026/09/07 22:52:00.540, 28433 MiB, 81920 MiB, 0 %, 68.68 W, 44
2026/09/07 22:52:30.543, 28433 MiB, 81920 MiB, 3 %, 83.55 W, 47
2026/09/07 22:53:00.545, 28433 MiB, 81920 MiB, 0 %, 67.01 W, 43
2026/09/07 22:53:30.546, 28433 MiB, 81920 MiB, 0 %, 82.18 W, 45
2026/09/07 22:54:00.548, 28433 MiB, 81920 MiB, 14 %, 67.67 W, 44
2026/09/07 22:54:30.550, 28433 MiB, 81920 MiB, 0 %, 67.22 W, 44
2026/09/07 22:55:00.552, 28433 MiB, 81920 MiB, 69 %, 114.47 W, 50
2026/09/07 22:55:30.556, 28433 MiB, 81920 MiB, 0 %, 67.02 W, 44
2026/09/07 22:56:00.557, 28433 MiB, 81920 MiB, 60 %, 83.12 W, 47
2026/09/07 22:56:30.558, 28433 MiB, 81920 MiB, 52 %, 83.48 W, 47
2026/09/07 22:57:00.559, 28433 MiB, 81920 MiB, 28 %, 93.48 W, 46
2026/09/07 22:57:30.561, 28433 MiB, 81920 MiB, 64 %, 132.23 W, 52
2026/09/07 22:58:00.563, 28433 MiB, 81920 MiB, 99 %, 256.51 W, 54
2026/09/07 22:58:30.565, 28433 MiB, 81920 MiB, 64 %, 337.96 W, 52
2026/09/07 22:59:00.566, 28433 MiB, 81920 MiB, 21 %, 242.70 W, 47
2026/09/07 22:59:30.568, 28433 MiB, 81920 MiB, 58 %, 82.94 W, 46
2026/09/07 23:00:00.570, 28433 MiB, 81920 MiB, 0 %, 82.43 W, 45
2026/09/07 23:00:30.571, 28433 MiB, 81920 MiB, 82 %, 271.39 W, 52
2026/09/07 23:01:00.573, 28433 MiB, 81920 MiB, 76 %, 82.86 W, 46
2026/09/07 23:01:30.576, 28433 MiB, 81920 MiB, 0 %, 67.74 W, 44
2026/09/07 23:02:00.577, 28433 MiB, 81920 MiB, 17 %, 87.68 W, 45
2026/09/07 23:02:30.578, 28433 MiB, 81920 MiB, 35 %, 86.40 W, 46
2026/09/07 23:03:00.579, 28433 MiB, 81920 MiB, 7 %, 87.26 W, 46
2026/09/07 23:03:30.581, 28433 MiB, 81920 MiB, 83 %, 213.46 W, 49
2026/09/07 23:04:00.583, 28433 MiB, 81920 MiB, 3 %, 82.86 W, 45
2026/09/07 23:04:30.584, 28433 MiB, 81920 MiB, 33 %, 100.48 W, 47
2026/09/07 23:05:00.585, 28433 MiB, 81920 MiB, 0 %, 82.77 W, 45
2026/09/07 23:05:30.586, 28433 MiB, 81920 MiB, 0 %, 66.95 W, 43
2026/09/07 23:06:00.588, 28433 MiB, 81920 MiB, 34 %, 97.38 W, 48
2026/09/07 23:06:30.589, 28433 MiB, 81920 MiB, 76 %, 83.46 W, 48
2026/09/07 23:07:00.591, 28433 MiB, 81920 MiB, 95 %, 138.21 W, 52
2026/09/07 23:07:30.592, 28433 MiB, 81920 MiB, 3 %, 82.77 W, 46
2026/09/07 23:08:00.593, 28433 MiB, 81920 MiB, 8 %, 82.71 W, 46
2026/09/07 23:08:30.595, 28433 MiB, 81920 MiB, 81 %, 200.35 W, 51
2026/09/07 23:09:00.596, 28433 MiB, 81920 MiB, 0 %, 83.14 W, 45
2026/09/07 23:09:30.597, 28433 MiB, 81920 MiB, 82 %, 271.99 W, 51
2026/09/07 23:10:00.599, 28433 MiB, 81920 MiB, 0 %, 67.08 W, 44
2026/09/07 23:10:30.600, 28433 MiB, 81920 MiB, 0 %, 67.15 W, 44
2026/09/07 23:11:00.603, 28433 MiB, 81920 MiB, 74 %, 320.77 W, 51
2026/09/07 23:11:30.608, 28433 MiB, 81920 MiB, 76 %, 84.84 W, 46
2026/09/07 23:12:00.609, 28433 MiB, 81920 MiB, 4 %, 82.45 W, 46
2026/09/07 23:12:30.611, 28433 MiB, 81920 MiB, 30 %, 277.04 W, 53
2026/09/07 23:13:00.612, 28433 MiB, 81920 MiB, 42 %, 84.51 W, 47
2026/09/07 23:13:30.613, 28433 MiB, 81920 MiB, 55 %, 288.57 W, 52
2026/09/07 23:14:00.615, 28433 MiB, 81920 MiB, 0 %, 67.08 W, 43
2026/09/07 23:14:30.617, 28433 MiB, 81920 MiB, 42 %, 245.90 W, 52
2026/09/07 23:15:00.618, 28433 MiB, 81920 MiB, 3 %, 83.03 W, 46
2026/09/07 23:15:30.619, 28433 MiB, 81920 MiB, 79 %, 200.63 W, 50
2026/09/07 23:16:00.621, 28433 MiB, 81920 MiB, 74 %, 83.63 W, 47
2026/09/07 23:16:30.626, 28433 MiB, 81920 MiB, 0 %, 82.35 W, 45
2026/09/07 23:17:00.628, 28433 MiB, 81920 MiB, 50 %, 82.86 W, 46
2026/09/07 23:17:30.631, 28433 MiB, 81920 MiB, 50 %, 97.25 W, 45
2026/09/07 23:18:00.633, 28433 MiB, 81920 MiB, 46 %, 113.64 W, 50
2026/09/07 23:18:30.637, 28433 MiB, 81920 MiB, 34 %, 101.18 W, 49
2026/09/07 23:19:00.638, 28433 MiB, 81920 MiB, 74 %, 261.08 W, 49
2026/09/07 23:19:30.639, 28433 MiB, 81920 MiB, 46 %, 256.89 W, 49
2026/09/07 23:20:00.640, 28435 MiB, 81920 MiB, 0 %, 66.81 W, 43
2026/09/07 23:20:30.641, 28435 MiB, 81920 MiB, 0 %, 66.21 W, 41
2026/09/07 23:21:00.642, 28435 MiB, 81920 MiB, 0 %, 65.95 W, 40
2026/09/07 23:21:30.643, 28435 MiB, 81920 MiB, 0 %, 66.28 W, 42
2026/09/07 23:22:00.645, 28435 MiB, 81920 MiB, 58 %, 82.35 W, 45
2026/09/07 23:22:30.646, 28435 MiB, 81920 MiB, 37 %, 274.07 W, 51
2026/09/07 23:23:00.649, 28435 MiB, 81920 MiB, 0 %, 81.58 W, 43
2026/09/07 23:23:30.651, 28435 MiB, 81920 MiB, 92 %, 292.12 W, 50
2026/09/07 23:24:00.652, 28435 MiB, 81920 MiB, 12 %, 271.69 W, 52
2026/09/07 23:24:30.654, 28435 MiB, 81920 MiB, 76 %, 83.14 W, 46
2026/09/07 23:25:00.655, 28435 MiB, 81920 MiB, 34 %, 143.21 W, 49
2026/09/07 23:25:30.656, 28435 MiB, 81920 MiB, 76 %, 140.54 W, 48
2026/09/07 23:26:00.663, 28435 MiB, 81920 MiB, 10 %, 83.12 W, 45
2026/09/07 23:26:30.665, 28435 MiB, 81920 MiB, 34 %, 190.96 W, 49
2026/09/07 23:27:00.666, 28435 MiB, 81920 MiB, 0 %, 82.52 W, 45
2026/09/07 23:27:30.667, 28435 MiB, 81920 MiB, 30 %, 231.93 W, 50
2026/09/07 23:28:00.668, 28435 MiB, 81920 MiB, 0 %, 82.71 W, 46
2026/09/07 23:28:30.670, 28435 MiB, 81920 MiB, 55 %, 129.29 W, 48
2026/09/07 23:29:00.672, 28435 MiB, 81920 MiB, 15 %, 82.86 W, 46
2026/09/07 23:29:30.675, 28435 MiB, 81920 MiB, 88 %, 172.84 W, 51
2026/09/07 23:30:00.676, 28435 MiB, 81920 MiB, 91 %, 290.60 W, 51
2026/09/07 23:30:30.677, 28435 MiB, 81920 MiB, 80 %, 83.22 W, 46
2026/09/07 23:31:00.679, 28435 MiB, 81920 MiB, 0 %, 98.24 W, 46
2026/09/07 23:31:30.681, 28435 MiB, 81920 MiB, 30 %, 83.73 W, 47
2026/09/07 23:32:00.682, 28435 MiB, 81920 MiB, 63 %, 214.65 W, 48
2026/09/07 23:32:30.684, 28435 MiB, 81920 MiB, 76 %, 265.26 W, 51
2026/09/07 23:33:00.687, 28435 MiB, 81920 MiB, 71 %, 104.33 W, 46
2026/09/07 23:33:30.689, 28435 MiB, 81920 MiB, 83 %, 191.16 W, 52
2026/09/07 23:34:00.690, 28435 MiB, 81920 MiB, 70 %, 290.63 W, 48
2026/09/07 23:34:30.694, 28435 MiB, 81920 MiB, 0 %, 82.02 W, 45
2026/09/07 23:35:00.696, 28435 MiB, 81920 MiB, 8 %, 83.55 W, 46
2026/09/07 23:35:30.697, 28435 MiB, 81920 MiB, 0 %, 82.26 W, 45
2026/09/07 23:36:00.699, 28435 MiB, 81920 MiB, 66 %, 211.06 W, 53
2026/09/07 23:36:30.701, 28435 MiB, 81920 MiB, 0 %, 90.95 W, 46
2026/09/07 23:37:00.717, 28435 MiB, 81920 MiB, 87 %, 84.05 W, 48
2026/09/07 23:37:30.719, 28435 MiB, 81920 MiB, 0 %, 83.64 W, 45
2026/09/07 23:38:00.720, 28435 MiB, 81920 MiB, 3 %, 141.32 W, 48
2026/09/07 23:38:30.721, 28435 MiB, 81920 MiB, 0 %, 82.53 W, 45
2026/09/07 23:39:00.722, 28435 MiB, 81920 MiB, 46 %, 83.56 W, 46
2026/09/07 23:39:30.724, 28435 MiB, 81920 MiB, 0 %, 82.26 W, 45
2026/09/07 23:40:00.727, 28435 MiB, 81920 MiB, 0 %, 82.86 W, 45
2026/09/07 23:40:30.730, 28435 MiB, 81920 MiB, 0 %, 97.82 W, 45
2026/09/07 23:41:00.732, 28435 MiB, 81920 MiB, 9 %, 82.94 W, 46
2026/09/07 23:41:30.735, 28435 MiB, 81920 MiB, 41 %, 82.62 W, 46
2026/09/07 23:42:00.737, 28435 MiB, 81920 MiB, 81 %, 83.46 W, 47
2026/09/07 23:42:30.739, 28435 MiB, 81920 MiB, 40 %, 277.02 W, 49
2026/09/07 23:43:00.740, 28435 MiB, 81920 MiB, 10 %, 275.53 W, 48
2026/09/07 23:43:30.741, 28435 MiB, 81920 MiB, 100 %, 126.96 W, 49
2026/09/07 23:44:00.743, 28435 MiB, 81920 MiB, 1 %, 83.64 W, 46
2026/09/07 23:44:30.744, 28435 MiB, 81920 MiB, 45 %, 275.86 W, 52
2026/09/07 23:45:00.745, 28435 MiB, 81920 MiB, 27 %, 230.89 W, 51
2026/09/07 23:45:30.747, 28435 MiB, 81920 MiB, 0 %, 107.32 W, 47
2026/09/07 23:46:00.750, 28435 MiB, 81920 MiB, 54 %, 83.37 W, 47
2026/09/07 23:46:30.754, 28435 MiB, 81920 MiB, 27 %, 246.60 W, 50
2026/09/07 23:47:00.756, 28435 MiB, 81920 MiB, 75 %, 266.67 W, 51
2026/09/07 23:47:30.760, 28435 MiB, 81920 MiB, 70 %, 265.21 W, 51
2026/09/07 23:48:00.762, 28435 MiB, 81920 MiB, 43 %, 83.22 W, 47
2026/09/07 23:48:30.763, 28435 MiB, 81920 MiB, 2 %, 83.22 W, 47
2026/09/07 23:49:00.765, 28435 MiB, 81920 MiB, 92 %, 294.17 W, 52
2026/09/07 23:49:30.768, 28435 MiB, 81920 MiB, 50 %, 268.75 W, 48
2026/09/07 23:50:00.771, 28435 MiB, 81920 MiB, 1 %, 95.75 W, 50
2026/09/07 23:50:30.772, 28435 MiB, 81920 MiB, 0 %, 67.40 W, 44
2026/09/07 23:51:00.773, 28435 MiB, 81920 MiB, 90 %, 194.55 W, 53
2026/09/07 23:51:30.775, 28435 MiB, 81920 MiB, 73 %, 297.98 W, 53
2026/09/07 23:52:00.776, 28435 MiB, 81920 MiB, 0 %, 82.53 W, 45
2026/09/07 23:52:30.778, 28435 MiB, 81920 MiB, 83 %, 201.13 W, 50
2026/09/07 23:53:00.779, 28435 MiB, 81920 MiB, 0 %, 82.71 W, 45
2026/09/07 23:53:30.780, 28435 MiB, 81920 MiB, 78 %, 100.14 W, 48
2026/09/07 23:54:00.782, 28435 MiB, 81920 MiB, 69 %, 83.39 W, 47
2026/09/07 23:54:30.783, 28435 MiB, 81920 MiB, 0 %, 292.13 W, 53
2026/09/07 23:55:00.785, 28435 MiB, 81920 MiB, 59 %, 84.42 W, 46
2026/09/07 23:55:30.790, 28435 MiB, 81920 MiB, 90 %, 246.84 W, 51
2026/09/07 23:56:00.791, 28435 MiB, 81920 MiB, 1 %, 82.77 W, 46
2026/09/07 23:56:30.792, 28435 MiB, 81920 MiB, 0 %, 82.35 W, 45
2026/09/07 23:57:00.793, 28435 MiB, 81920 MiB, 70 %, 292.72 W, 53
2026/09/07 23:57:30.795, 28435 MiB, 81920 MiB, 70 %, 264.93 W, 48
2026/09/07 23:58:00.796, 28435 MiB, 81920 MiB, 38 %, 275.84 W, 51
2026/09/07 23:58:30.797, 28435 MiB, 81920 MiB, 0 %, 67.68 W, 44
2026/09/07 23:59:00.798, 28435 MiB, 81920 MiB, 62 %, 293.27 W, 50
2026/09/07 23:59:30.799, 28435 MiB, 81920 MiB, 81 %, 214.94 W, 48
2026/09/08 00:00:00.801, 28435 MiB, 81920 MiB, 36 %, 82.79 W, 46
2026/09/08 00:00:30.802, 28435 MiB, 81920 MiB, 0 %, 78.89 W, 44
2026/09/08 00:01:00.804, 28435 MiB, 81920 MiB, 0 %, 84.05 W, 45
2026/09/08 00:01:30.805, 28435 MiB, 81920 MiB, 78 %, 201.34 W, 54
2026/09/08 00:02:00.807, 28435 MiB, 81920 MiB, 68 %, 97.82 W, 50
2026/09/08 00:02:30.808, 28435 MiB, 81920 MiB, 80 %, 214.32 W, 52
2026/09/08 00:03:00.824, 28435 MiB, 81920 MiB, 13 %, 82.86 W, 48
2026/09/08 00:03:30.827, 28435 MiB, 81920 MiB, 0 %, 82.45 W, 45
2026/09/08 00:04:00.828, 28435 MiB, 81920 MiB, 0 %, 82.45 W, 45
2026/09/08 00:04:30.830, 28435 MiB, 81920 MiB, 0 %, 82.26 W, 44
2026/09/08 00:05:00.831, 28435 MiB, 81920 MiB, 46 %, 297.74 W, 52
2026/09/08 00:05:30.836, 28435 MiB, 81920 MiB, 41 %, 69.68 W, 44
2026/09/08 00:06:00.837, 28435 MiB, 81920 MiB, 34 %, 222.31 W, 49
2026/09/08 00:06:30.839, 28435 MiB, 81920 MiB, 27 %, 143.06 W, 48
2026/09/08 00:07:00.841, 28435 MiB, 81920 MiB, 46 %, 130.68 W, 48
2026/09/08 00:07:30.842, 28435 MiB, 81920 MiB, 90 %, 91.81 W, 52
2026/09/08 00:08:00.844, 28435 MiB, 81920 MiB, 0 %, 82.35 W, 45
2026/09/08 00:08:30.860, 28435 MiB, 81920 MiB, 0 %, 82.62 W, 45
2026/09/08 00:09:00.861, 28435 MiB, 81920 MiB, 0 %, 81.75 W, 44
2026/09/08 00:09:30.862, 28435 MiB, 81920 MiB, 84 %, 84.60 W, 49
2026/09/08 00:10:00.864, 28435 MiB, 81920 MiB, 36 %, 283.55 W, 54
2026/09/08 00:10:30.865, 28435 MiB, 81920 MiB, 0 %, 83.37 W, 46
2026/09/08 00:11:00.866, 28435 MiB, 81920 MiB, 36 %, 286.48 W, 52
2026/09/08 00:11:30.869, 28435 MiB, 81920 MiB, 0 %, 67.15 W, 44
2026/09/08 00:12:00.870, 28435 MiB, 81920 MiB, 71 %, 85.61 W, 47
2026/09/08 00:12:30.872, 28435 MiB, 81920 MiB, 41 %, 83.99 W, 46
2026/09/08 00:13:00.873, 28435 MiB, 81920 MiB, 13 %, 82.88 W, 46
2026/09/08 00:13:30.876, 28435 MiB, 81920 MiB, 99 %, 251.90 W, 50
2026/09/08 00:14:00.878, 28435 MiB, 81920 MiB, 59 %, 301.30 W, 51
2026/09/08 00:14:30.879, 28435 MiB, 81920 MiB, 83 %, 221.94 W, 49
2026/09/08 00:15:00.880, 28435 MiB, 81920 MiB, 57 %, 94.68 W, 46
2026/09/08 00:15:30.882, 28435 MiB, 81920 MiB, 74 %, 84.14 W, 48
2026/09/08 00:16:00.883, 28435 MiB, 81920 MiB, 44 %, 110.37 W, 47
2026/09/08 00:16:30.884, 28435 MiB, 81920 MiB, 41 %, 82.45 W, 45
2026/09/08 00:17:00.885, 28435 MiB, 81920 MiB, 3 %, 131.55 W, 48
2026/09/08 00:17:30.890, 28435 MiB, 81920 MiB, 53 %, 82.53 W, 46
2026/09/08 00:18:00.892, 28435 MiB, 81920 MiB, 1 %, 82.18 W, 45
2026/09/08 00:18:30.893, 28435 MiB, 81920 MiB, 86 %, 130.49 W, 53
2026/09/08 00:19:00.894, 28435 MiB, 81920 MiB, 56 %, 85.01 W, 48
2026/09/08 00:19:30.895, 28435 MiB, 81920 MiB, 0 %, 82.35 W, 44
2026/09/08 00:20:00.896, 28435 MiB, 81920 MiB, 0 %, 82.53 W, 45
2026/09/08 00:20:30.897, 28435 MiB, 81920 MiB, 58 %, 296.83 W, 51
2026/09/08 00:21:00.899, 28435 MiB, 81920 MiB, 44 %, 83.46 W, 46
2026/09/08 00:21:30.902, 28435 MiB, 81920 MiB, 0 %, 82.77 W, 46
2026/09/08 00:22:00.904, 28435 MiB, 81920 MiB, 3 %, 175.00 W, 48
2026/09/08 00:22:30.905, 28435 MiB, 81920 MiB, 59 %, 89.93 W, 46
2026/09/08 00:23:00.906, 28435 MiB, 81920 MiB, 0 %, 82.26 W, 44
2026/09/08 00:23:30.908, 28435 MiB, 81920 MiB, 0 %, 83.46 W, 46
2026/09/08 00:24:00.909, 28435 MiB, 81920 MiB, 97 %, 138.93 W, 55
2026/09/08 00:24:30.911, 28435 MiB, 81920 MiB, 39 %, 83.97 W, 46
2026/09/08 00:25:00.912, 28435 MiB, 81920 MiB, 4 %, 83.22 W, 48
2026/09/08 00:25:30.913, 28435 MiB, 81920 MiB, 97 %, 278.52 W, 53
2026/09/08 00:26:00.915, 28435 MiB, 81920 MiB, 0 %, 66.48 W, 42
2026/09/08 00:26:30.916, 28435 MiB, 81920 MiB, 39 %, 126.48 W, 47
2026/09/08 00:27:00.917, 28435 MiB, 81920 MiB, 60 %, 277.60 W, 47
2026/09/08 00:27:30.919, 28435 MiB, 81920 MiB, 81 %, 197.96 W, 51
2026/09/08 00:28:00.921, 28435 MiB, 81920 MiB, 0 %, 82.10 W, 45
2026/09/08 00:28:30.923, 28435 MiB, 81920 MiB, 13 %, 82.43 W, 46
2026/09/08 00:29:00.924, 28435 MiB, 81920 MiB, 83 %, 244.77 W, 49
2026/09/08 00:29:30.927, 28435 MiB, 81920 MiB, 24 %, 112.65 W, 47
2026/09/08 00:30:00.929, 28435 MiB, 81920 MiB, 71 %, 274.36 W, 50
2026/09/08 00:30:30.930, 28435 MiB, 81920 MiB, 46 %, 83.55 W, 45
2026/09/08 00:31:00.932, 28435 MiB, 81920 MiB, 0 %, 67.15 W, 43
2026/09/08 00:31:30.933, 28435 MiB, 81920 MiB, 59 %, 106.24 W, 46
2026/09/08 00:32:00.935, 28435 MiB, 81920 MiB, 41 %, 171.38 W, 47
2026/09/08 00:32:30.936, 28435 MiB, 81920 MiB, 56 %, 92.49 W, 48
2026/09/08 00:33:00.938, 28435 MiB, 81920 MiB, 17 %, 83.03 W, 45
2026/09/08 00:33:30.940, 28435 MiB, 81920 MiB, 62 %, 96.98 W, 48
2026/09/08 00:34:00.942, 28435 MiB, 81920 MiB, 78 %, 87.44 W, 50
2026/09/08 00:34:30.944, 28435 MiB, 81920 MiB, 39 %, 109.89 W, 50
2026/09/08 00:35:00.945, 28435 MiB, 81920 MiB, 49 %, 82.94 W, 47
2026/09/08 00:35:30.946, 28435 MiB, 81920 MiB, 49 %, 295.93 W, 50
2026/09/08 00:36:00.951, 28435 MiB, 81920 MiB, 0 %, 88.79 W, 45
2026/09/08 00:36:30.954, 28435 MiB, 81920 MiB, 0 %, 275.86 W, 48
2026/09/08 00:37:00.955, 28435 MiB, 81920 MiB, 3 %, 83.22 W, 46
2026/09/08 00:37:30.956, 28435 MiB, 81920 MiB, 0 %, 82.71 W, 46
2026/09/08 00:38:00.958, 28435 MiB, 81920 MiB, 55 %, 290.90 W, 54
2026/09/08 00:38:30.959, 28435 MiB, 81920 MiB, 20 %, 116.54 W, 49
2026/09/08 00:39:00.961, 28435 MiB, 81920 MiB, 63 %, 294.50 W, 53
2026/09/08 00:39:30.962, 28435 MiB, 81920 MiB, 1 %, 174.40 W, 50
2026/09/08 00:40:00.964, 28435 MiB, 81920 MiB, 63 %, 82.79 W, 46
2026/09/08 00:40:30.966, 28435 MiB, 81920 MiB, 67 %, 88.14 W, 48
2026/09/08 00:41:00.968, 28435 MiB, 81920 MiB, 64 %, 273.47 W, 52
2026/09/08 00:41:30.970, 28435 MiB, 81920 MiB, 0 %, 293.27 W, 50
2026/09/08 00:42:00.971, 28435 MiB, 81920 MiB, 58 %, 83.82 W, 47
2026/09/08 00:42:30.972, 28435 MiB, 81920 MiB, 20 %, 83.97 W, 46
2026/09/08 00:43:00.983, 28435 MiB, 81920 MiB, 0 %, 83.82 W, 45
2026/09/08 00:43:30.986, 28435 MiB, 81920 MiB, 0 %, 83.29 W, 45
2026/09/08 00:44:00.987, 28435 MiB, 81920 MiB, 0 %, 83.14 W, 45
2026/09/08 00:44:30.989, 28435 MiB, 81920 MiB, 0 %, 83.22 W, 49
2026/09/08 00:45:00.990, 28435 MiB, 81920 MiB, 0 %, 82.36 W, 46
2026/09/08 00:45:30.991, 28435 MiB, 81920 MiB, 26 %, 107.92 W, 49
2026/09/08 00:46:00.993, 28435 MiB, 81920 MiB, 90 %, 88.27 W, 48
2026/09/08 00:46:30.994, 28435 MiB, 81920 MiB, 20 %, 83.73 W, 46
2026/09/08 00:47:00.995, 28435 MiB, 81920 MiB, 72 %, 105.53 W, 50
2026/09/08 00:47:30.997, 28435 MiB, 81920 MiB, 45 %, 82.86 W, 46
2026/09/08 00:48:00.999, 28435 MiB, 81920 MiB, 98 %, 295.05 W, 54
2026/09/08 00:48:31.000, 28435 MiB, 81920 MiB, 0 %, 82.26 W, 45
2026/09/08 00:49:01.002, 28435 MiB, 81920 MiB, 53 %, 92.69 W, 47
2026/09/08 00:49:31.004, 28435 MiB, 81920 MiB, 50 %, 86.49 W, 50
2026/09/08 00:50:01.005, 28435 MiB, 81920 MiB, 77 %, 132.28 W, 51
2026/09/08 00:50:31.006, 28435 MiB, 81920 MiB, 100 %, 251.91 W, 53
2026/09/08 00:51:01.007, 28435 MiB, 81920 MiB, 0 %, 82.53 W, 45
2026/09/08 00:51:31.008, 28435 MiB, 81920 MiB, 41 %, 83.46 W, 47
2026/09/08 00:52:01.010, 28435 MiB, 81920 MiB, 8 %, 85.28 W, 46
2026/09/08 00:52:31.013, 28435 MiB, 81920 MiB, 78 %, 84.14 W, 48
2026/09/08 00:53:01.016, 28435 MiB, 81920 MiB, 84 %, 85.01 W, 52
2026/09/08 00:53:31.018, 28435 MiB, 81920 MiB, 0 %, 83.14 W, 46
2026/09/08 00:54:01.019, 28435 MiB, 81920 MiB, 0 %, 83.37 W, 46
2026/09/08 00:54:31.020, 28435 MiB, 81920 MiB, 0 %, 83.14 W, 46
2026/09/08 00:55:01.022, 28435 MiB, 81920 MiB, 49 %, 90.16 W, 50
2026/09/08 00:55:31.024, 28435 MiB, 81920 MiB, 9 %, 83.55 W, 47
2026/09/08 00:56:01.024, 28435 MiB, 81920 MiB, 40 %, 333.71 W, 52
2026/09/08 00:56:31.026, 28435 MiB, 81920 MiB, 67 %, 240.06 W, 49
2026/09/08 00:57:01.028, 28435 MiB, 81920 MiB, 31 %, 83.73 W, 46
2026/09/08 00:57:31.031, 28435 MiB, 81920 MiB, 19 %, 83.37 W, 45
2026/09/08 00:58:01.032, 28435 MiB, 81920 MiB, 58 %, 292.39 W, 52
2026/09/08 00:58:31.034, 28435 MiB, 81920 MiB, 0 %, 83.55 W, 46
2026/09/08 00:59:01.035, 28435 MiB, 81920 MiB, 50 %, 87.59 W, 47
2026/09/08 00:59:31.036, 28435 MiB, 81920 MiB, 37 %, 84.24 W, 47
2026/09/08 01:00:01.037, 28435 MiB, 81920 MiB, 0 %, 143.21 W, 48
2026/09/08 01:00:31.040, 28435 MiB, 81920 MiB, 0 %, 83.14 W, 46
2026/09/08 01:01:01.042, 28435 MiB, 81920 MiB, 0 %, 82.77 W, 45
2026/09/08 01:01:31.043, 28435 MiB, 81920 MiB, 80 %, 236.89 W, 48
2026/09/08 01:02:01.045, 28435 MiB, 81920 MiB, 0 %, 83.73 W, 47
2026/09/08 01:02:31.046, 28435 MiB, 81920 MiB, 0 %, 83.14 W, 46
2026/09/08 01:03:01.049, 28435 MiB, 81920 MiB, 72 %, 86.12 W, 49
2026/09/08 01:03:31.052, 28435 MiB, 81920 MiB, 0 %, 92.92 W, 47
2026/09/08 01:04:01.054, 28435 MiB, 81920 MiB, 69 %, 316.91 W, 52
2026/09/08 01:04:31.055, 28435 MiB, 81920 MiB, 58 %, 132.15 W, 47
2026/09/08 01:05:01.056, 28435 MiB, 81920 MiB, 64 %, 113.52 W, 50
2026/09/08 01:05:31.057, 28435 MiB, 81920 MiB, 61 %, 116.32 W, 48
2026/09/08 01:06:01.058, 28435 MiB, 81920 MiB, 55 %, 265.80 W, 50
2026/09/08 01:06:31.060, 28435 MiB, 81920 MiB, 59 %, 294.18 W, 52
2026/09/08 01:07:01.061, 28435 MiB, 81920 MiB, 0 %, 83.05 W, 45
2026/09/08 01:07:31.063, 28435 MiB, 81920 MiB, 25 %, 247.45 W, 50
2026/09/08 01:08:01.064, 28435 MiB, 81920 MiB, 88 %, 152.41 W, 49
2026/09/08 01:08:31.065, 28435 MiB, 81920 MiB, 48 %, 83.82 W, 46
2026/09/08 01:09:01.067, 28435 MiB, 81920 MiB, 0 %, 89.94 W, 46
2026/09/08 01:09:31.068, 28435 MiB, 81920 MiB, 63 %, 160.28 W, 51
2026/09/08 01:10:01.069, 28435 MiB, 81920 MiB, 86 %, 84.14 W, 49
2026/09/08 01:10:31.070, 28435 MiB, 81920 MiB, 1 %, 222.86 W, 46
2026/09/08 01:11:01.071, 28435 MiB, 81920 MiB, 83 %, 285.90 W, 53
2026/09/08 01:11:31.072, 28435 MiB, 81920 MiB, 0 %, 67.54 W, 44
2026/09/08 01:12:01.073, 28435 MiB, 81920 MiB, 0 %, 82.62 W, 46
2026/09/08 01:12:31.075, 28435 MiB, 81920 MiB, 34 %, 138.21 W, 47
2026/09/08 01:13:01.077, 28435 MiB, 81920 MiB, 69 %, 83.22 W, 47
2026/09/08 01:13:31.079, 28435 MiB, 81920 MiB, 7 %, 128.75 W, 49
2026/09/08 01:14:01.080, 28435 MiB, 81920 MiB, 99 %, 334.95 W, 52
2026/09/08 01:14:31.081, 28435 MiB, 81920 MiB, 65 %, 83.55 W, 46
2026/09/08 01:15:01.083, 28435 MiB, 81920 MiB, 8 %, 67.81 W, 44
2026/09/08 01:15:31.084, 28435 MiB, 81920 MiB, 39 %, 180.99 W, 49
2026/09/08 01:16:01.089, 28435 MiB, 81920 MiB, 9 %, 83.39 W, 46
2026/09/08 01:16:31.091, 28435 MiB, 81920 MiB, 0 %, 82.71 W, 45
2026/09/08 01:17:01.093, 28435 MiB, 81920 MiB, 72 %, 82.94 W, 46
2026/09/08 01:17:31.094, 28435 MiB, 81920 MiB, 39 %, 182.90 W, 51
2026/09/08 01:18:01.095, 28435 MiB, 81920 MiB, 73 %, 176.71 W, 50
2026/09/08 01:18:31.097, 28435 MiB, 81920 MiB, 88 %, 203.96 W, 52
2026/09/08 01:19:01.097, 28435 MiB, 81920 MiB, 2 %, 87.26 W, 46
2026/09/08 01:19:31.099, 28435 MiB, 81920 MiB, 65 %, 109.89 W, 48
2026/09/08 01:20:01.100, 28435 MiB, 81920 MiB, 90 %, 91.03 W, 49
2026/09/08 01:20:31.102, 28435 MiB, 81920 MiB, 0 %, 83.73 W, 46
2026/09/08 01:21:01.103, 28435 MiB, 81920 MiB, 3 %, 82.62 W, 47
2026/09/08 01:21:31.105, 28435 MiB, 81920 MiB, 0 %, 83.14 W, 45
2026/09/08 01:22:01.106, 28435 MiB, 81920 MiB, 59 %, 86.63 W, 47
2026/09/08 01:22:31.107, 28435 MiB, 81920 MiB, 0 %, 82.26 W, 45
2026/09/08 01:23:01.110, 28435 MiB, 81920 MiB, 50 %, 85.28 W, 45
2026/09/08 01:23:31.112, 28435 MiB, 81920 MiB, 0 %, 83.22 W, 45
2026/09/08 01:24:01.113, 28435 MiB, 81920 MiB, 0 %, 82.18 W, 45
2026/09/08 01:24:31.114, 28435 MiB, 81920 MiB, 52 %, 83.82 W, 46
2026/09/08 01:25:01.115, 28435 MiB, 81920 MiB, 87 %, 138.35 W, 50
2026/09/08 01:25:31.116, 28435 MiB, 81920 MiB, 72 %, 93.79 W, 48
2026/09/08 01:26:01.118, 28435 MiB, 81920 MiB, 79 %, 88.36 W, 47
2026/09/08 01:26:31.120, 28435 MiB, 81920 MiB, 31 %, 92.32 W, 51
2026/09/08 01:27:01.121, 28435 MiB, 81920 MiB, 0 %, 67.81 W, 44
2026/09/08 01:27:31.123, 28435 MiB, 81920 MiB, 92 %, 200.08 W, 52
2026/09/08 01:28:01.125, 28435 MiB, 81920 MiB, 80 %, 204.10 W, 52
2026/09/08 01:28:31.130, 28435 MiB, 81920 MiB, 0 %, 271.09 W, 48
2026/09/08 01:29:01.131, 28435 MiB, 81920 MiB, 22 %, 228.66 W, 49
2026/09/08 01:29:31.133, 28435 MiB, 81920 MiB, 21 %, 229.39 W, 48
2026/09/08 01:30:01.134, 28435 MiB, 81920 MiB, 87 %, 98.72 W, 49
2026/09/08 01:30:31.136, 28435 MiB, 81920 MiB, 69 %, 247.45 W, 50
2026/09/08 01:31:01.138, 28435 MiB, 81920 MiB, 78 %, 119.48 W, 49
2026/09/08 01:31:31.139, 28435 MiB, 81920 MiB, 0 %, 67.09 W, 43
2026/09/08 01:32:01.141, 28435 MiB, 81920 MiB, 0 %, 66.21 W, 41
2026/09/08 01:32:31.143, 28435 MiB, 81920 MiB, 0 %, 82.62 W, 44
2026/09/08 01:33:01.143, 28435 MiB, 81920 MiB, 36 %, 75.74 W, 46
2026/09/08 01:33:31.144, 28435 MiB, 81920 MiB, 0 %, 82.62 W, 45
2026/09/08 01:34:01.146, 28435 MiB, 81920 MiB, 53 %, 89.93 W, 46
2026/09/08 01:34:31.148, 28435 MiB, 81920 MiB, 12 %, 125.02 W, 47
2026/09/08 01:35:01.149, 28435 MiB, 81920 MiB, 61 %, 85.10 W, 48
2026/09/08 01:35:31.150, 28435 MiB, 81920 MiB, 0 %, 67.22 W, 43
2026/09/08 01:36:01.151, 28435 MiB, 81920 MiB, 19 %, 130.22 W, 47
2026/09/08 01:36:31.153, 28435 MiB, 81920 MiB, 0 %, 82.02 W, 45
2026/09/08 01:37:01.154, 28435 MiB, 81920 MiB, 0 %, 82.86 W, 45
2026/09/08 01:37:31.158, 28435 MiB, 81920 MiB, 3 %, 107.00 W, 48
2026/09/08 01:38:01.159, 28435 MiB, 81920 MiB, 0 %, 82.18 W, 45
2026/09/08 01:38:31.160, 28435 MiB, 81920 MiB, 0 %, 81.93 W, 45
2026/09/08 01:39:01.162, 28435 MiB, 81920 MiB, 0 %, 82.86 W, 46
2026/09/08 01:39:31.167, 28435 MiB, 81920 MiB, 70 %, 139.26 W, 49
2026/09/08 01:40:01.168, 28435 MiB, 81920 MiB, 57 %, 83.14 W, 46
2026/09/08 01:40:31.170, 28435 MiB, 81920 MiB, 0 %, 83.64 W, 46
2026/09/08 01:41:01.171, 28435 MiB, 81920 MiB, 61 %, 101.78 W, 49
2026/09/08 01:41:31.172, 28435 MiB, 81920 MiB, 18 %, 83.14 W, 45
2026/09/08 01:42:01.175, 28435 MiB, 81920 MiB, 0 %, 82.53 W, 46
2026/09/08 01:42:31.177, 28435 MiB, 81920 MiB, 3 %, 71.36 W, 44
2026/09/08 01:43:01.179, 28435 MiB, 81920 MiB, 57 %, 127.83 W, 48
2026/09/08 01:43:31.180, 28435 MiB, 81920 MiB, 0 %, 82.94 W, 45
2026/09/08 01:44:01.182, 28435 MiB, 81920 MiB, 87 %, 287.08 W, 52
2026/09/08 01:44:31.183, 28435 MiB, 81920 MiB, 34 %, 106.13 W, 47
2026/09/08 01:45:01.184, 28435 MiB, 81920 MiB, 0 %, 89.29 W, 48
2026/09/08 01:45:31.185, 28435 MiB, 81920 MiB, 57 %, 92.32 W, 49
2026/09/08 01:46:01.186, 28435 MiB, 81920 MiB, 40 %, 95.26 W, 50
2026/09/08 01:46:31.188, 28435 MiB, 81920 MiB, 51 %, 83.22 W, 47
2026/09/08 01:47:01.190, 28435 MiB, 81920 MiB, 38 %, 206.17 W, 45
2026/09/08 01:47:31.192, 28435 MiB, 81920 MiB, 97 %, 130.15 W, 52
2026/09/08 01:48:01.196, 28435 MiB, 81920 MiB, 37 %, 108.76 W, 48
2026/09/08 01:48:31.198, 28435 MiB, 81920 MiB, 0 %, 82.69 W, 45
2026/09/08 01:49:01.200, 28435 MiB, 81920 MiB, 0 %, 83.39 W, 45
2026/09/08 01:49:31.202, 28435 MiB, 81920 MiB, 32 %, 83.99 W, 47
2026/09/08 01:50:01.203, 28435 MiB, 81920 MiB, 0 %, 102.59 W, 47
2026/09/08 01:50:31.206, 28435 MiB, 81920 MiB, 0 %, 83.22 W, 45
2026/09/08 01:51:01.208, 28435 MiB, 81920 MiB, 94 %, 294.76 W, 51
2026/09/08 01:51:31.209, 28435 MiB, 81920 MiB, 0 %, 82.53 W, 45
2026/09/08 01:52:01.213, 28435 MiB, 81920 MiB, 0 %, 82.27 W, 45
2026/09/08 01:52:31.214, 28435 MiB, 81920 MiB, 36 %, 233.16 W, 47
2026/09/08 01:53:01.216, 28435 MiB, 81920 MiB, 72 %, 133.75 W, 47
2026/09/08 01:53:31.220, 28435 MiB, 81920 MiB, 2 %, 127.88 W, 49
2026/09/08 01:54:01.221, 28435 MiB, 81920 MiB, 29 %, 201.22 W, 50
2026/09/08 01:54:31.232, 28435 MiB, 81920 MiB, 46 %, 312.79 W, 51
2026/09/08 01:55:01.235, 28435 MiB, 81920 MiB, 73 %, 97.28 W, 50
2026/09/08 01:55:31.236, 28435 MiB, 81920 MiB, 47 %, 295.92 W, 51
2026/09/08 01:56:01.239, 28435 MiB, 81920 MiB, 0 %, 123.17 W, 49
2026/09/08 01:56:31.241, 28435 MiB, 81920 MiB, 80 %, 143.09 W, 52
2026/09/08 01:57:01.242, 28435 MiB, 81920 MiB, 56 %, 216.38 W, 50
2026/09/08 01:57:31.247, 28435 MiB, 81920 MiB, 0 %, 67.22 W, 44
2026/09/08 01:58:01.249, 28435 MiB, 81920 MiB, 57 %, 84.24 W, 49
2026/09/08 01:58:31.250, 28435 MiB, 81920 MiB, 76 %, 90.43 W, 50
2026/09/08 01:59:01.252, 28435 MiB, 81920 MiB, 53 %, 90.07 W, 51
2026/09/08 01:59:31.253, 28435 MiB, 81920 MiB, 88 %, 209.38 W, 51
2026/09/08 02:00:01.255, 28435 MiB, 81920 MiB, 76 %, 263.10 W, 52
2026/09/08 02:00:31.256, 28435 MiB, 81920 MiB, 69 %, 83.64 W, 47
2026/09/08 02:01:01.260, 28435 MiB, 81920 MiB, 32 %, 87.41 W, 48
2026/09/08 02:01:31.261, 28435 MiB, 81920 MiB, 0 %, 83.14 W, 46
2026/09/08 02:02:01.263, 28435 MiB, 81920 MiB, 86 %, 181.24 W, 49
2026/09/08 02:02:31.264, 28435 MiB, 81920 MiB, 79 %, 277.31 W, 52
2026/09/08 02:03:01.265, 28435 MiB, 81920 MiB, 90 %, 316.65 W, 53
2026/09/08 02:03:31.267, 28435 MiB, 81920 MiB, 11 %, 104.17 W, 50
2026/09/08 02:04:01.268, 28435 MiB, 81920 MiB, 10 %, 119.48 W, 49
2026/09/08 02:04:31.270, 28435 MiB, 81920 MiB, 75 %, 295.05 W, 52
2026/09/08 02:05:01.271, 28435 MiB, 81920 MiB, 64 %, 83.73 W, 47
2026/09/08 02:05:31.273, 28435 MiB, 81920 MiB, 60 %, 151.21 W, 48
2026/09/08 02:06:01.275, 28435 MiB, 81920 MiB, 0 %, 67.15 W, 44
2026/09/08 02:06:31.276, 28435 MiB, 81920 MiB, 43 %, 84.05 W, 47
2026/09/08 02:07:01.277, 28435 MiB, 81920 MiB, 0 %, 82.53 W, 45
2026/09/08 02:07:31.278, 28435 MiB, 81920 MiB, 27 %, 83.22 W, 46
2026/09/08 02:08:01.280, 28435 MiB, 81920 MiB, 96 %, 240.93 W, 52
2026/09/08 02:08:31.283, 28435 MiB, 81920 MiB, 0 %, 83.31 W, 45
2026/09/08 02:09:01.284, 28435 MiB, 81920 MiB, 74 %, 216.83 W, 51
2026/09/08 02:09:31.285, 28435 MiB, 81920 MiB, 30 %, 83.31 W, 47
2026/09/08 02:10:01.286, 28435 MiB, 81920 MiB, 80 %, 291.81 W, 52
2026/09/08 02:10:31.301, 28435 MiB, 81920 MiB, 5 %, 83.73 W, 50
2026/09/08 02:11:01.302, 28435 MiB, 81920 MiB, 28 %, 83.55 W, 46
2026/09/08 02:11:31.304, 28435 MiB, 81920 MiB, 28 %, 139.68 W, 48
2026/09/08 02:12:01.305, 28435 MiB, 81920 MiB, 70 %, 99.45 W, 49
2026/09/08 02:12:31.307, 28435 MiB, 81920 MiB, 0 %, 67.74 W, 44
2026/09/08 02:13:01.310, 28435 MiB, 81920 MiB, 0 %, 67.68 W, 43
2026/09/08 02:13:31.312, 28435 MiB, 81920 MiB, 28 %, 210.68 W, 50
2026/09/08 02:14:01.314, 28435 MiB, 81920 MiB, 31 %, 104.71 W, 49
2026/09/08 02:14:31.316, 28435 MiB, 81920 MiB, 45 %, 83.20 W, 47
2026/09/08 02:15:01.322, 28435 MiB, 81920 MiB, 0 %, 67.82 W, 44
2026/09/08 02:15:31.324, 28435 MiB, 81920 MiB, 26 %, 83.37 W, 46
2026/09/08 02:16:01.325, 28435 MiB, 81920 MiB, 75 %, 125.67 W, 51
2026/09/08 02:16:31.326, 28435 MiB, 81920 MiB, 33 %, 112.86 W, 48
2026/09/08 02:17:01.327, 28435 MiB, 81920 MiB, 1 %, 181.96 W, 47
2026/09/08 02:17:31.328, 28435 MiB, 81920 MiB, 76 %, 83.20 W, 46
2026/09/08 02:18:01.330, 28435 MiB, 81920 MiB, 100 %, 220.89 W, 48
2026/09/08 02:18:31.332, 28435 MiB, 81920 MiB, 0 %, 83.89 W, 46
2026/09/08 02:19:01.334, 28435 MiB, 81920 MiB, 0 %, 82.52 W, 48
2026/09/08 02:19:31.335, 28435 MiB, 81920 MiB, 0 %, 82.71 W, 46
2026/09/08 02:20:01.349, 28435 MiB, 81920 MiB, 49 %, 192.49 W, 50
2026/09/08 02:20:31.351, 28435 MiB, 81920 MiB, 100 %, 315.83 W, 52
2026/09/08 02:21:01.352, 28435 MiB, 81920 MiB, 4 %, 82.36 W, 45
2026/09/08 02:21:31.354, 28435 MiB, 81920 MiB, 0 %, 83.29 W, 45
2026/09/08 02:22:01.355, 28435 MiB, 81920 MiB, 0 %, 67.82 W, 44
2026/09/08 02:22:31.356, 28435 MiB, 81920 MiB, 0 %, 82.71 W, 45
2026/09/08 02:23:01.357, 28435 MiB, 81920 MiB, 88 %, 259.17 W, 55
2026/09/08 02:23:31.359, 28435 MiB, 81920 MiB, 0 %, 82.43 W, 46
2026/09/08 02:24:01.361, 28435 MiB, 81920 MiB, 0 %, 82.18 W, 45
2026/09/08 02:24:31.362, 28435 MiB, 81920 MiB, 80 %, 243.07 W, 49
2026/09/08 02:25:01.363, 28435 MiB, 81920 MiB, 77 %, 108.90 W, 50
2026/09/08 02:25:31.365, 28435 MiB, 81920 MiB, 76 %, 213.30 W, 50
2026/09/08 02:26:01.366, 28435 MiB, 81920 MiB, 77 %, 123.69 W, 51
2026/09/08 02:26:31.367, 28435 MiB, 81920 MiB, 38 %, 288.84 W, 51
2026/09/08 02:27:01.369, 28435 MiB, 81920 MiB, 0 %, 82.26 W, 45
2026/09/08 02:27:31.371, 28435 MiB, 81920 MiB, 4 %, 100.14 W, 48
2026/09/08 02:28:01.372, 28435 MiB, 81920 MiB, 57 %, 91.12 W, 47
2026/09/08 02:28:31.373, 28435 MiB, 81920 MiB, 82 %, 315.99 W, 51
2026/09/08 02:29:01.374, 28435 MiB, 81920 MiB, 0 %, 82.43 W, 45
2026/09/08 02:29:31.375, 28435 MiB, 81920 MiB, 88 %, 323.10 W, 51
2026/09/08 02:30:01.376, 28435 MiB, 81920 MiB, 89 %, 277.00 W, 50
2026/09/08 02:30:31.378, 28435 MiB, 81920 MiB, 31 %, 287.08 W, 48
2026/09/08 02:31:01.379, 28435 MiB, 81920 MiB, 0 %, 82.62 W, 45
2026/09/08 02:31:31.380, 28435 MiB, 81920 MiB, 78 %, 144.10 W, 51
2026/09/08 02:32:01.383, 28435 MiB, 81920 MiB, 0 %, 82.52 W, 45
2026/09/08 02:32:31.384, 28435 MiB, 81920 MiB, 25 %, 179.82 W, 48
2026/09/08 02:33:01.386, 28435 MiB, 81920 MiB, 43 %, 107.11 W, 45
2026/09/08 02:33:31.388, 28435 MiB, 81920 MiB, 0 %, 82.45 W, 45
2026/09/08 02:34:01.390, 28435 MiB, 81920 MiB, 3 %, 83.73 W, 46
2026/09/08 02:34:31.391, 28435 MiB, 81920 MiB, 1 %, 83.37 W, 46
2026/09/08 02:35:01.393, 28435 MiB, 81920 MiB, 60 %, 90.43 W, 47
2026/09/08 02:35:31.394, 28435 MiB, 81920 MiB, 78 %, 267.60 W, 53
2026/09/08 02:36:01.396, 28435 MiB, 81920 MiB, 58 %, 244.18 W, 53
2026/09/08 02:36:31.398, 28435 MiB, 81920 MiB, 0 %, 67.15 W, 42
2026/09/08 02:37:01.399, 28435 MiB, 81920 MiB, 68 %, 270.81 W, 52
2026/09/08 02:37:31.401, 28435 MiB, 81920 MiB, 38 %, 140.13 W, 48
2026/09/08 02:38:01.402, 28435 MiB, 81920 MiB, 30 %, 243.32 W, 48
2026/09/08 02:38:31.405, 28435 MiB, 81920 MiB, 0 %, 67.29 W, 43
2026/09/08 02:39:01.407, 28435 MiB, 81920 MiB, 88 %, 140.27 W, 50
2026/09/08 02:39:31.408, 28435 MiB, 81920 MiB, 94 %, 289.44 W, 48
2026/09/08 02:40:01.409, 28435 MiB, 81920 MiB, 73 %, 168.71 W, 48
2026/09/08 02:40:31.411, 28435 MiB, 81920 MiB, 0 %, 81.93 W, 44
2026/09/08 02:41:01.414, 28435 MiB, 81920 MiB, 0 %, 82.43 W, 44
2026/09/08 02:41:31.418, 28435 MiB, 81920 MiB, 24 %, 274.95 W, 47
2026/09/08 02:42:01.420, 28435 MiB, 81920 MiB, 13 %, 97.92 W, 46
2026/09/08 02:42:31.422, 28435 MiB, 81920 MiB, 24 %, 106.13 W, 48
2026/09/08 02:43:01.423, 28435 MiB, 81920 MiB, 3 %, 82.69 W, 45
2026/09/08 02:43:31.424, 28435 MiB, 81920 MiB, 63 %, 189.03 W, 49
2026/09/08 02:44:01.426, 28435 MiB, 81920 MiB, 0 %, 253.71 W, 52
2026/09/08 02:44:31.427, 28435 MiB, 81920 MiB, 39 %, 82.53 W, 48
2026/09/08 02:45:01.428, 28435 MiB, 81920 MiB, 0 %, 83.55 W, 45
2026/09/08 02:45:31.429, 28435 MiB, 81920 MiB, 70 %, 361.79 W, 49
2026/09/08 02:46:01.431, 28435 MiB, 81920 MiB, 78 %, 253.98 W, 49
2026/09/08 02:46:31.433, 28435 MiB, 81920 MiB, 36 %, 163.38 W, 48
2026/09/08 02:47:01.440, 28435 MiB, 81920 MiB, 60 %, 177.24 W, 49
2026/09/08 02:47:31.442, 28435 MiB, 81920 MiB, 18 %, 99.94 W, 49
2026/09/08 02:48:01.497, 28435 MiB, 81920 MiB, 42 %, 94.12 W, 51
2026/09/08 02:48:31.498, 28435 MiB, 81920 MiB, 0 %, 73.67 W, 44
2026/09/08 02:49:01.499, 28435 MiB, 81920 MiB, 66 %, 215.52 W, 51
2026/09/08 02:49:31.500, 28435 MiB, 81920 MiB, 65 %, 83.55 W, 47
2026/09/08 02:50:01.502, 28435 MiB, 81920 MiB, 37 %, 274.65 W, 48
2026/09/08 02:50:31.503, 28435 MiB, 81920 MiB, 17 %, 83.29 W, 47
2026/09/08 02:51:01.504, 28435 MiB, 81920 MiB, 0 %, 67.81 W, 44
2026/09/08 02:51:31.505, 28435 MiB, 81920 MiB, 54 %, 82.94 W, 47
2026/09/08 02:52:01.506, 28435 MiB, 81920 MiB, 3 %, 202.03 W, 47
2026/09/08 02:52:31.507, 28435 MiB, 81920 MiB, 0 %, 82.45 W, 45
2026/09/08 02:53:01.509, 28435 MiB, 81920 MiB, 0 %, 67.15 W, 44
2026/09/08 02:53:31.510, 28435 MiB, 81920 MiB, 36 %, 241.95 W, 48
2026/09/08 02:54:01.512, 28435 MiB, 81920 MiB, 0 %, 82.27 W, 45
2026/09/08 02:54:31.513, 28435 MiB, 81920 MiB, 77 %, 128.55 W, 48
2026/09/08 02:55:01.514, 28435 MiB, 81920 MiB, 0 %, 290.64 W, 50
2026/09/08 02:55:31.517, 28435 MiB, 81920 MiB, 13 %, 82.53 W, 45
2026/09/08 02:56:01.518, 28435 MiB, 81920 MiB, 0 %, 82.18 W, 45
2026/09/08 02:56:31.519, 28435 MiB, 81920 MiB, 32 %, 162.62 W, 48
2026/09/08 02:57:01.521, 28435 MiB, 81920 MiB, 81 %, 83.73 W, 47
2026/09/08 02:57:31.522, 28435 MiB, 81920 MiB, 0 %, 67.60 W, 44
2026/09/08 02:58:01.523, 28435 MiB, 81920 MiB, 74 %, 226.26 W, 51
2026/09/08 02:58:31.525, 28435 MiB, 81920 MiB, 26 %, 291.49 W, 52
2026/09/08 02:59:01.526, 28435 MiB, 81920 MiB, 76 %, 247.72 W, 51
2026/09/08 02:59:31.528, 28435 MiB, 81920 MiB, 0 %, 82.36 W, 45
2026/09/08 03:00:01.529, 28435 MiB, 81920 MiB, 0 %, 83.64 W, 50
2026/09/08 03:00:31.530, 28435 MiB, 81920 MiB, 15 %, 83.14 W, 50
2026/09/08 03:01:01.531, 28435 MiB, 81920 MiB, 96 %, 293.86 W, 55
2026/09/08 03:01:31.533, 28435 MiB, 81920 MiB, 0 %, 83.46 W, 46
2026/09/08 03:02:01.534, 28435 MiB, 81920 MiB, 3 %, 83.31 W, 49
2026/09/08 03:02:31.536, 28435 MiB, 81920 MiB, 4 %, 82.86 W, 46
2026/09/08 03:03:01.538, 28435 MiB, 81920 MiB, 80 %, 196.29 W, 52
2026/09/08 03:03:31.539, 28435 MiB, 81920 MiB, 50 %, 128.42 W, 49
2026/09/08 03:04:01.541, 28435 MiB, 81920 MiB, 77 %, 86.99 W, 48
2026/09/08 03:04:31.543, 28435 MiB, 81920 MiB, 13 %, 81.75 W, 44
2026/09/08 03:05:01.544, 28435 MiB, 81920 MiB, 1 %, 209.65 W, 46
2026/09/08 03:05:31.545, 28435 MiB, 81920 MiB, 43 %, 121.00 W, 48
2026/09/08 03:06:01.547, 28435 MiB, 81920 MiB, 84 %, 293.00 W, 53
2026/09/08 03:06:31.557, 28435 MiB, 81920 MiB, 0 %, 67.74 W, 44
2026/09/08 03:07:01.558, 28435 MiB, 81920 MiB, 10 %, 88.36 W, 46
2026/09/08 03:07:31.560, 28435 MiB, 81920 MiB, 34 %, 123.22 W, 48
2026/09/08 03:08:01.562, 28435 MiB, 81920 MiB, 0 %, 67.81 W, 44
2026/09/08 03:08:31.563, 28435 MiB, 81920 MiB, 100 %, 102.48 W, 50
2026/09/08 03:09:01.567, 28435 MiB, 81920 MiB, 77 %, 101.29 W, 48
2026/09/08 03:09:31.568, 28435 MiB, 81920 MiB, 9 %, 114.83 W, 49
2026/09/08 03:10:01.570, 28435 MiB, 81920 MiB, 0 %, 68.00 W, 44
2026/09/08 03:10:31.571, 28435 MiB, 81920 MiB, 0 %, 82.53 W, 45
2026/09/08 03:11:01.573, 28435 MiB, 81920 MiB, 81 %, 84.93 W, 50
2026/09/08 03:11:31.575, 28435 MiB, 81920 MiB, 86 %, 83.14 W, 47
2026/09/08 03:12:01.577, 28435 MiB, 81920 MiB, 36 %, 222.27 W, 50
2026/09/08 03:12:31.578, 28435 MiB, 81920 MiB, 90 %, 84.33 W, 49
2026/09/08 03:13:01.579, 28435 MiB, 81920 MiB, 77 %, 157.89 W, 50
2026/09/08 03:13:31.580, 28435 MiB, 81920 MiB, 30 %, 82.62 W, 47
2026/09/08 03:14:01.583, 28435 MiB, 81920 MiB, 0 %, 127.22 W, 46
2026/09/08 03:14:31.584, 28435 MiB, 81920 MiB, 60 %, 117.52 W, 47
2026/09/08 03:15:01.585, 28435 MiB, 81920 MiB, 57 %, 83.22 W, 46
2026/09/08 03:15:31.587, 28435 MiB, 81920 MiB, 74 %, 85.11 W, 49
2026/09/08 03:16:01.588, 28435 MiB, 81920 MiB, 0 %, 67.47 W, 44
2026/09/08 03:16:31.590, 28435 MiB, 81920 MiB, 69 %, 106.24 W, 50
2026/09/08 03:17:01.591, 28435 MiB, 81920 MiB, 56 %, 94.81 W, 49
2026/09/08 03:17:31.592, 28435 MiB, 81920 MiB, 12 %, 67.81 W, 46
2026/09/08 03:18:01.596, 28435 MiB, 81920 MiB, 3 %, 99.55 W, 47
2026/09/08 03:18:31.598, 28435 MiB, 81920 MiB, 47 %, 101.12 W, 47
2026/09/08 03:19:01.600, 28435 MiB, 81920 MiB, 8 %, 83.63 W, 49
2026/09/08 03:19:31.602, 28435 MiB, 81920 MiB, 81 %, 188.50 W, 53
2026/09/08 03:20:01.605, 28435 MiB, 81920 MiB, 24 %, 183.96 W, 48
2026/09/08 03:20:31.606, 28435 MiB, 81920 MiB, 73 %, 82.79 W, 46
2026/09/08 03:21:01.608, 28435 MiB, 81920 MiB, 79 %, 110.72 W, 49
2026/09/08 03:21:31.609, 28435 MiB, 81920 MiB, 0 %, 67.22 W, 44
2026/09/08 03:22:01.614, 28435 MiB, 81920 MiB, 0 %, 68.34 W, 44
2026/09/08 03:22:31.616, 28435 MiB, 81920 MiB, 27 %, 138.81 W, 47
2026/09/08 03:23:01.617, 28435 MiB, 81920 MiB, 35 %, 275.26 W, 52
2026/09/08 03:23:31.618, 28435 MiB, 81920 MiB, 0 %, 67.67 W, 44
2026/09/08 03:24:01.620, 28435 MiB, 81920 MiB, 17 %, 126.48 W, 47
2026/09/08 03:24:31.621, 28435 MiB, 81920 MiB, 32 %, 177.24 W, 48
2026/09/08 03:25:01.622, 28435 MiB, 81920 MiB, 57 %, 83.03 W, 46
2026/09/08 03:25:31.623, 28435 MiB, 81920 MiB, 48 %, 279.70 W, 53
2026/09/08 03:26:01.625, 28435 MiB, 81920 MiB, 85 %, 151.68 W, 51
2026/09/08 03:26:31.626, 28435 MiB, 81920 MiB, 81 %, 279.08 W, 53
2026/09/08 03:27:01.628, 28435 MiB, 81920 MiB, 86 %, 97.92 W, 48
2026/09/08 03:27:31.629, 28435 MiB, 81920 MiB, 0 %, 82.26 W, 45
2026/09/08 03:28:01.630, 28435 MiB, 81920 MiB, 32 %, 111.72 W, 46
2026/09/08 03:28:31.632, 28435 MiB, 81920 MiB, 35 %, 197.21 W, 47
2026/09/08 03:29:01.636, 28435 MiB, 81920 MiB, 100 %, 294.78 W, 51
2026/09/08 03:29:31.637, 28435 MiB, 81920 MiB, 14 %, 100.81 W, 46
2026/09/08 03:30:01.639, 28435 MiB, 81920 MiB, 58 %, 84.60 W, 45
2026/09/08 03:30:31.641, 28435 MiB, 81920 MiB, 50 %, 82.77 W, 46
2026/09/08 03:31:01.643, 28435 MiB, 81920 MiB, 54 %, 293.28 W, 52
2026/09/08 03:31:31.645, 28435 MiB, 81920 MiB, 36 %, 82.45 W, 49
2026/09/08 03:32:01.646, 28435 MiB, 81920 MiB, 60 %, 197.28 W, 50
2026/09/08 03:32:31.647, 28435 MiB, 81920 MiB, 92 %, 275.84 W, 53
2026/09/08 03:33:01.649, 28435 MiB, 81920 MiB, 67 %, 106.72 W, 50
2026/09/08 03:33:31.650, 28435 MiB, 81920 MiB, 50 %, 117.76 W, 47
2026/09/08 03:34:01.654, 28435 MiB, 81920 MiB, 0 %, 82.53 W, 45
2026/09/08 03:34:31.655, 28435 MiB, 81920 MiB, 100 %, 206.45 W, 53
2026/09/08 03:35:01.656, 28435 MiB, 81920 MiB, 66 %, 83.22 W, 46
2026/09/08 03:35:31.658, 28435 MiB, 81920 MiB, 95 %, 344.37 W, 52
2026/09/08 03:36:01.660, 28435 MiB, 81920 MiB, 36 %, 92.73 W, 45
2026/09/08 03:36:31.661, 28435 MiB, 81920 MiB, 38 %, 143.39 W, 48
2026/09/08 03:37:01.662, 28435 MiB, 81920 MiB, 98 %, 124.63 W, 53
2026/09/08 03:37:31.663, 28435 MiB, 81920 MiB, 1 %, 83.31 W, 46
2026/09/08 03:38:01.689, 28435 MiB, 81920 MiB, 1 %, 231.13 W, 48
2026/09/08 03:38:31.692, 28435 MiB, 81920 MiB, 58 %, 268.47 W, 52
2026/09/08 03:39:01.694, 28435 MiB, 81920 MiB, 0 %, 82.35 W, 45
2026/09/08 03:39:31.696, 28435 MiB, 81920 MiB, 3 %, 96.28 W, 47
2026/09/08 03:40:01.697, 28435 MiB, 81920 MiB, 68 %, 82.94 W, 46
2026/09/08 03:40:31.698, 28435 MiB, 81920 MiB, 43 %, 289.44 W, 51
2026/09/08 03:41:01.700, 28435 MiB, 81920 MiB, 0 %, 82.86 W, 45
2026/09/08 03:41:31.701, 28435 MiB, 81920 MiB, 0 %, 66.35 W, 41
2026/09/08 03:42:01.702, 28435 MiB, 81920 MiB, 67 %, 106.13 W, 49
2026/09/08 03:42:31.703, 28435 MiB, 81920 MiB, 54 %, 197.75 W, 48
2026/09/08 03:43:01.705, 28435 MiB, 81920 MiB, 67 %, 83.14 W, 45
2026/09/08 03:43:31.707, 28435 MiB, 81920 MiB, 56 %, 273.18 W, 53
2026/09/08 03:44:01.708, 28435 MiB, 81920 MiB, 0 %, 81.58 W, 44
2026/09/08 03:44:31.709, 28435 MiB, 81920 MiB, 45 %, 82.26 W, 45
2026/09/08 03:45:01.710, 28435 MiB, 81920 MiB, 62 %, 143.51 W, 48
2026/09/08 03:45:31.711, 28435 MiB, 81920 MiB, 0 %, 67.67 W, 43
2026/09/08 03:46:01.715, 28435 MiB, 81920 MiB, 6 %, 82.62 W, 45
2026/09/08 03:46:31.717, 28435 MiB, 81920 MiB, 0 %, 82.43 W, 45
2026/09/08 03:47:01.718, 28435 MiB, 81920 MiB, 0 %, 276.14 W, 47
2026/09/08 03:47:31.719, 28435 MiB, 81920 MiB, 7 %, 158.76 W, 47
2026/09/08 03:48:01.721, 28435 MiB, 81920 MiB, 3 %, 147.98 W, 48
2026/09/08 03:48:31.722, 28435 MiB, 81920 MiB, 12 %, 90.95 W, 46
2026/09/08 03:49:01.723, 28435 MiB, 81920 MiB, 1 %, 82.86 W, 47
2026/09/08 03:49:31.724, 28435 MiB, 81920 MiB, 40 %, 268.75 W, 50
2026/09/08 03:50:01.725, 28435 MiB, 81920 MiB, 36 %, 289.73 W, 48
2026/09/08 03:50:31.726, 28435 MiB, 81920 MiB, 15 %, 124.76 W, 48
2026/09/08 03:51:01.727, 28435 MiB, 81920 MiB, 40 %, 83.46 W, 47
2026/09/08 03:51:31.729, 28435 MiB, 81920 MiB, 30 %, 150.06 W, 49
2026/09/08 03:52:01.741, 28435 MiB, 81920 MiB, 66 %, 247.46 W, 52
2026/09/08 03:52:31.746, 28435 MiB, 81920 MiB, 1 %, 84.33 W, 45
2026/09/08 03:53:01.747, 28435 MiB, 81920 MiB, 63 %, 162.12 W, 50
2026/09/08 03:53:31.748, 28435 MiB, 81920 MiB, 2 %, 82.86 W, 45
2026/09/08 03:54:01.749, 28435 MiB, 81920 MiB, 0 %, 246.60 W, 48
2026/09/08 03:54:31.750, 28435 MiB, 81920 MiB, 85 %, 129.88 W, 50
2026/09/08 03:55:01.752, 28435 MiB, 81920 MiB, 3 %, 131.09 W, 48
2026/09/08 03:55:31.773, 28435 MiB, 81920 MiB, 58 %, 140.85 W, 49
2026/09/08 03:56:01.776, 28435 MiB, 81920 MiB, 20 %, 112.92 W, 53
2026/09/08 03:56:31.778, 28435 MiB, 81920 MiB, 77 %, 106.24 W, 50
2026/09/08 03:57:01.781, 28435 MiB, 81920 MiB, 20 %, 91.72 W, 45
2026/09/08 03:57:31.786, 28435 MiB, 81920 MiB, 42 %, 133.89 W, 47
2026/09/08 03:58:01.788, 28435 MiB, 81920 MiB, 90 %, 84.69 W, 49
2026/09/08 03:58:31.789, 28435 MiB, 81920 MiB, 0 %, 83.05 W, 45
2026/09/08 03:59:01.791, 28435 MiB, 81920 MiB, 0 %, 82.43 W, 45
2026/09/08 03:59:31.792, 28435 MiB, 81920 MiB, 65 %, 157.73 W, 49
2026/09/08 04:00:01.792, 28435 MiB, 81920 MiB, 1 %, 149.47 W, 47
2026/09/08 04:00:31.802, 28435 MiB, 81920 MiB, 75 %, 120.56 W, 49
2026/09/08 04:01:01.804, 28435 MiB, 81920 MiB, 0 %, 82.71 W, 46
2026/09/08 04:01:31.806, 28435 MiB, 81920 MiB, 0 %, 82.62 W, 45
2026/09/08 04:02:01.810, 28435 MiB, 81920 MiB, 56 %, 82.77 W, 46
2026/09/08 04:02:31.812, 28435 MiB, 81920 MiB, 15 %, 102.38 W, 49
2026/09/08 04:03:01.813, 28435 MiB, 81920 MiB, 85 %, 149.58 W, 50
2026/09/08 04:03:31.815, 28435 MiB, 81920 MiB, 0 %, 83.73 W, 46
2026/09/08 04:04:01.817, 28435 MiB, 81920 MiB, 78 %, 325.15 W, 51
2026/09/08 04:04:31.818, 28435 MiB, 81920 MiB, 78 %, 197.62 W, 52
2026/09/08 04:05:01.823, 28435 MiB, 81920 MiB, 68 %, 229.06 W, 51
2026/09/08 04:05:31.824, 28435 MiB, 81920 MiB, 40 %, 95.46 W, 46
2026/09/08 04:06:01.825, 28435 MiB, 81920 MiB, 1 %, 87.68 W, 47
2026/09/08 04:06:31.829, 28435 MiB, 81920 MiB, 91 %, 132.42 W, 49
2026/09/08 04:07:01.831, 28435 MiB, 81920 MiB, 57 %, 84.42 W, 47
2026/09/08 04:07:31.838, 28435 MiB, 81920 MiB, 0 %, 82.53 W, 46
2026/09/08 04:08:01.840, 28435 MiB, 81920 MiB, 29 %, 83.73 W, 48
2026/09/08 04:08:31.840, 28435 MiB, 81920 MiB, 71 %, 308.07 W, 53
2026/09/08 04:09:01.842, 28435 MiB, 81920 MiB, 0 %, 82.53 W, 45
2026/09/08 04:09:31.843, 28435 MiB, 81920 MiB, 80 %, 83.14 W, 47
2026/09/08 04:10:01.845, 28435 MiB, 81920 MiB, 61 %, 143.09 W, 50
2026/09/08 04:10:31.847, 28435 MiB, 81920 MiB, 47 %, 83.39 W, 47
2026/09/08 04:11:01.848, 28435 MiB, 81920 MiB, 53 %, 83.29 W, 48
2026/09/08 04:11:31.850, 28435 MiB, 81920 MiB, 69 %, 115.90 W, 51
2026/09/08 04:12:01.852, 28435 MiB, 81920 MiB, 0 %, 82.36 W, 45
2026/09/08 04:12:31.853, 28435 MiB, 81920 MiB, 29 %, 185.82 W, 50
2026/09/08 04:13:01.855, 28435 MiB, 81920 MiB, 0 %, 82.19 W, 45
2026/09/08 04:13:31.857, 28435 MiB, 81920 MiB, 72 %, 83.03 W, 47
2026/09/08 04:14:01.859, 28435 MiB, 81920 MiB, 3 %, 82.62 W, 46
2026/09/08 04:14:31.860, 28435 MiB, 81920 MiB, 89 %, 292.10 W, 51
2026/09/08 04:15:01.861, 28435 MiB, 81920 MiB, 92 %, 200.14 W, 48
2026/09/08 04:15:31.863, 28435 MiB, 81920 MiB, 46 %, 84.42 W, 47
2026/09/08 04:16:01.864, 28435 MiB, 81920 MiB, 55 %, 83.37 W, 46
2026/09/08 04:16:31.866, 28435 MiB, 81920 MiB, 0 %, 117.97 W, 46
2026/09/08 04:17:01.867, 28435 MiB, 81920 MiB, 11 %, 82.35 W, 46
2026/09/08 04:17:31.868, 28435 MiB, 81920 MiB, 50 %, 82.35 W, 45
2026/09/08 04:18:01.881, 28435 MiB, 81920 MiB, 0 %, 83.22 W, 45
2026/09/08 04:18:31.882, 28435 MiB, 81920 MiB, 36 %, 82.26 W, 47
2026/09/08 04:19:01.885, 28435 MiB, 81920 MiB, 44 %, 135.41 W, 48
2026/09/08 04:19:31.887, 28435 MiB, 81920 MiB, 18 %, 90.43 W, 47
2026/09/08 04:20:01.889, 28435 MiB, 81920 MiB, 67 %, 342.04 W, 53
2026/09/08 04:20:31.890, 28435 MiB, 81920 MiB, 98 %, 164.52 W, 52
2026/09/08 04:21:01.891, 28435 MiB, 81920 MiB, 0 %, 82.26 W, 45
2026/09/08 04:21:31.892, 28435 MiB, 81920 MiB, 89 %, 119.95 W, 52
2026/09/08 04:22:01.895, 28435 MiB, 81920 MiB, 24 %, 83.22 W, 47
2026/09/08 04:22:31.896, 28435 MiB, 81920 MiB, 0 %, 67.47 W, 44
2026/09/08 04:23:01.899, 28435 MiB, 81920 MiB, 46 %, 200.54 W, 46
2026/09/08 04:23:31.900, 28435 MiB, 81920 MiB, 0 %, 82.94 W, 45
2026/09/08 04:24:01.901, 28435 MiB, 81920 MiB, 35 %, 87.95 W, 46
2026/09/08 04:24:31.903, 28435 MiB, 81920 MiB, 98 %, 294.15 W, 52
2026/09/08 04:25:01.904, 28435 MiB, 81920 MiB, 65 %, 175.74 W, 48
2026/09/08 04:25:31.906, 28435 MiB, 81920 MiB, 80 %, 91.12 W, 50
2026/09/08 04:26:01.907, 28435 MiB, 81920 MiB, 31 %, 274.96 W, 53
2026/09/08 04:26:31.909, 28435 MiB, 81920 MiB, 69 %, 83.97 W, 47
2026/09/08 04:27:01.910, 28435 MiB, 81920 MiB, 39 %, 198.54 W, 48
2026/09/08 04:27:31.911, 28435 MiB, 81920 MiB, 0 %, 82.26 W, 45
2026/09/08 04:28:01.932, 28435 MiB, 81920 MiB, 100 %, 289.76 W, 53
2026/09/08 04:28:31.934, 28435 MiB, 81920 MiB, 55 %, 294.47 W, 53
2026/09/08 04:29:01.935, 28435 MiB, 81920 MiB, 0 %, 82.53 W, 45
2026/09/08 04:29:31.938, 28435 MiB, 81920 MiB, 0 %, 82.77 W, 46
2026/09/08 04:30:01.939, 28435 MiB, 81920 MiB, 88 %, 211.98 W, 52
2026/09/08 04:30:31.940, 28435 MiB, 81920 MiB, 40 %, 275.50 W, 50
2026/09/08 04:31:01.942, 28435 MiB, 81920 MiB, 80 %, 103.68 W, 50
2026/09/08 04:31:31.943, 28435 MiB, 81920 MiB, 25 %, 128.42 W, 49
2026/09/08 04:32:01.945, 28435 MiB, 81920 MiB, 94 %, 181.93 W, 53
2026/09/08 04:32:31.947, 28435 MiB, 81920 MiB, 13 %, 97.55 W, 47
2026/09/08 04:33:01.948, 28435 MiB, 81920 MiB, 87 %, 294.46 W, 52
2026/09/08 04:33:31.949, 28435 MiB, 81920 MiB, 0 %, 84.60 W, 45
2026/09/08 04:34:01.952, 28435 MiB, 81920 MiB, 76 %, 106.83 W, 50
2026/09/08 04:34:31.953, 28435 MiB, 81920 MiB, 0 %, 82.26 W, 45
2026/09/08 04:35:01.955, 28435 MiB, 81920 MiB, 0 %, 83.63 W, 46
2026/09/08 04:35:31.956, 28435 MiB, 81920 MiB, 40 %, 133.15 W, 48
2026/09/08 04:36:01.957, 28435 MiB, 81920 MiB, 0 %, 82.53 W, 45
2026/09/08 04:36:31.958, 28435 MiB, 81920 MiB, 59 %, 293.89 W, 50
2026/09/08 04:37:01.959, 28435 MiB, 81920 MiB, 77 %, 284.99 W, 52
2026/09/08 04:37:31.961, 28435 MiB, 81920 MiB, 53 %, 165.88 W, 49
2026/09/08 04:38:01.963, 28435 MiB, 81920 MiB, 0 %, 82.45 W, 45
2026/09/08 04:38:31.964, 28435 MiB, 81920 MiB, 58 %, 84.93 W, 47
2026/09/08 04:39:01.966, 28435 MiB, 81920 MiB, 48 %, 106.40 W, 47
2026/09/08 04:39:31.967, 28435 MiB, 81920 MiB, 77 %, 216.76 W, 52
2026/09/08 04:40:01.969, 28435 MiB, 81920 MiB, 85 %, 83.37 W, 46
2026/09/08 04:40:31.970, 28435 MiB, 81920 MiB, 72 %, 166.24 W, 47
2026/09/08 04:41:01.972, 28435 MiB, 81920 MiB, 40 %, 275.57 W, 49
2026/09/08 04:41:31.974, 28435 MiB, 81920 MiB, 89 %, 83.73 W, 48
2026/09/08 04:42:01.975, 28435 MiB, 81920 MiB, 0 %, 67.47 W, 44
2026/09/08 04:42:31.977, 28435 MiB, 81920 MiB, 38 %, 83.22 W, 47
2026/09/08 04:43:01.978, 28435 MiB, 81920 MiB, 71 %, 155.39 W, 47
2026/09/08 04:43:31.979, 28435 MiB, 81920 MiB, 39 %, 83.46 W, 48
2026/09/08 04:44:01.981, 28435 MiB, 81920 MiB, 0 %, 83.82 W, 46
2026/09/08 04:44:31.983, 28435 MiB, 81920 MiB, 74 %, 150.77 W, 51
2026/09/08 04:45:01.984, 28435 MiB, 81920 MiB, 0 %, 67.47 W, 44
2026/09/08 04:45:31.986, 28435 MiB, 81920 MiB, 99 %, 96.45 W, 53
2026/09/08 04:46:01.987, 28435 MiB, 81920 MiB, 0 %, 66.48 W, 42
2026/09/08 04:46:31.989, 28435 MiB, 81920 MiB, 0 %, 67.54 W, 42
2026/09/08 04:47:01.990, 28435 MiB, 81920 MiB, 0 %, 179.45 W, 47
2026/09/08 04:47:31.990, 28435 MiB, 81920 MiB, 0 %, 83.14 W, 46
2026/09/08 04:48:01.992, 28435 MiB, 81920 MiB, 62 %, 140.73 W, 48
2026/09/08 04:48:31.993, 28435 MiB, 81920 MiB, 4 %, 83.05 W, 46
2026/09/08 04:49:01.995, 28435 MiB, 81920 MiB, 0 %, 82.26 W, 44
2026/09/08 04:49:31.996, 28435 MiB, 81920 MiB, 6 %, 83.46 W, 45
2026/09/08 04:50:01.997, 28435 MiB, 81920 MiB, 0 %, 82.86 W, 44
2026/09/08 04:50:31.999, 28435 MiB, 81920 MiB, 1 %, 83.73 W, 48
2026/09/08 04:51:02.000, 28435 MiB, 81920 MiB, 0 %, 81.76 W, 44
2026/09/08 04:51:32.004, 28435 MiB, 81920 MiB, 84 %, 83.22 W, 46
2026/09/08 04:52:02.006, 28435 MiB, 81920 MiB, 0 %, 82.35 W, 47
2026/09/08 04:52:32.008, 28435 MiB, 81920 MiB, 80 %, 154.90 W, 51
2026/09/08 04:53:02.008, 28435 MiB, 81920 MiB, 68 %, 117.02 W, 46
2026/09/08 04:53:32.010, 28435 MiB, 81920 MiB, 0 %, 88.28 W, 45
2026/09/08 04:54:02.012, 28435 MiB, 81920 MiB, 0 %, 82.53 W, 45
2026/09/08 04:54:32.013, 28435 MiB, 81920 MiB, 81 %, 139.11 W, 51
2026/09/08 04:55:02.015, 28435 MiB, 81920 MiB, 22 %, 83.05 W, 50
2026/09/08 04:55:32.016, 28435 MiB, 81920 MiB, 0 %, 103.46 W, 49
2026/09/08 04:56:02.018, 28435 MiB, 81920 MiB, 35 %, 274.65 W, 54
2026/09/08 04:56:32.019, 28435 MiB, 81920 MiB, 72 %, 100.04 W, 47
2026/09/08 04:57:02.020, 28435 MiB, 81920 MiB, 52 %, 174.58 W, 49
2026/09/08 04:57:32.023, 28435 MiB, 81920 MiB, 19 %, 293.88 W, 52
2026/09/08 04:58:02.025, 28435 MiB, 81920 MiB, 62 %, 190.01 W, 49
2026/09/08 04:58:32.026, 28435 MiB, 81920 MiB, 20 %, 83.82 W, 45
2026/09/08 04:59:02.028, 28435 MiB, 81920 MiB, 0 %, 82.62 W, 45
2026/09/08 04:59:32.029, 28435 MiB, 81920 MiB, 52 %, 344.73 W, 49
2026/09/08 05:00:02.032, 28435 MiB, 81920 MiB, 62 %, 93.52 W, 47
2026/09/08 05:00:32.033, 28435 MiB, 81920 MiB, 1 %, 186.03 W, 48
2026/09/08 05:01:02.034, 28435 MiB, 81920 MiB, 30 %, 82.71 W, 46
2026/09/08 05:01:32.035, 28435 MiB, 81920 MiB, 0 %, 82.26 W, 45
2026/09/08 05:02:02.036, 28435 MiB, 81920 MiB, 84 %, 110.97 W, 51
2026/09/08 05:02:32.037, 28435 MiB, 81920 MiB, 73 %, 139.54 W, 49
2026/09/08 05:03:02.045, 28435 MiB, 81920 MiB, 65 %, 240.93 W, 53
2026/09/08 05:03:32.047, 28435 MiB, 81920 MiB, 67 %, 86.90 W, 48
2026/09/08 05:04:02.047, 28435 MiB, 81920 MiB, 55 %, 84.42 W, 48
2026/09/08 05:04:32.049, 28435 MiB, 81920 MiB, 88 %, 294.18 W, 53
2026/09/08 05:05:02.051, 28435 MiB, 81920 MiB, 85 %, 322.50 W, 52
2026/09/08 05:05:32.052, 28435 MiB, 81920 MiB, 0 %, 83.46 W, 46
2026/09/08 05:06:02.054, 28435 MiB, 81920 MiB, 3 %, 82.36 W, 45
2026/09/08 05:06:32.058, 28435 MiB, 81920 MiB, 83 %, 85.01 W, 48
2026/09/08 05:07:02.060, 28435 MiB, 81920 MiB, 36 %, 119.56 W, 49
2026/09/08 05:07:32.065, 28435 MiB, 81920 MiB, 54 %, 167.94 W, 51
2026/09/08 05:08:02.067, 28435 MiB, 81920 MiB, 66 %, 84.24 W, 47
2026/09/08 05:08:32.068, 28435 MiB, 81920 MiB, 54 %, 139.68 W, 49
2026/09/08 05:09:02.070, 28435 MiB, 81920 MiB, 0 %, 82.45 W, 45
2026/09/08 05:09:32.071, 28435 MiB, 81920 MiB, 69 %, 230.05 W, 49
2026/09/08 05:10:02.075, 28435 MiB, 81920 MiB, 23 %, 94.98 W, 49
2026/09/08 05:10:32.080, 28435 MiB, 81920 MiB, 67 %, 121.63 W, 49
2026/09/08 05:11:02.081, 28435 MiB, 81920 MiB, 55 %, 196.02 W, 49
2026/09/08 05:11:32.083, 28435 MiB, 81920 MiB, 38 %, 119.56 W, 49
2026/09/08 05:12:02.084, 28435 MiB, 81920 MiB, 99 %, 189.97 W, 49
2026/09/08 05:12:32.085, 28435 MiB, 81920 MiB, 0 %, 83.55 W, 46
2026/09/08 05:13:02.087, 28435 MiB, 81920 MiB, 0 %, 82.77 W, 46
2026/09/08 05:13:32.088, 28435 MiB, 81920 MiB, 59 %, 289.16 W, 52
2026/09/08 05:14:02.090, 28435 MiB, 81920 MiB, 31 %, 276.73 W, 50
2026/09/08 05:14:32.093, 28435 MiB, 81920 MiB, 0 %, 82.53 W, 46
2026/09/08 05:15:02.095, 28435 MiB, 81920 MiB, 24 %, 188.03 W, 49
2026/09/08 05:15:32.096, 28435 MiB, 81920 MiB, 76 %, 376.27 W, 54
2026/09/08 05:16:02.097, 28435 MiB, 81920 MiB, 0 %, 82.53 W, 45
2026/09/08 05:16:32.098, 28435 MiB, 81920 MiB, 26 %, 142.79 W, 50
2026/09/08 05:17:02.100, 28435 MiB, 81920 MiB, 0 %, 82.45 W, 46
2026/09/08 05:17:32.102, 28435 MiB, 81920 MiB, 0 %, 83.05 W, 46
2026/09/08 05:18:02.103, 28435 MiB, 81920 MiB, 36 %, 83.55 W, 49
2026/09/08 05:18:32.105, 28435 MiB, 81920 MiB, 23 %, 82.86 W, 46
2026/09/08 05:19:02.106, 28435 MiB, 81920 MiB, 0 %, 82.45 W, 45
2026/09/08 05:19:32.111, 28435 MiB, 81920 MiB, 0 %, 67.15 W, 44
2026/09/08 05:20:02.113, 28435 MiB, 81920 MiB, 0 %, 67.54 W, 44
2026/09/08 05:20:32.114, 28435 MiB, 81920 MiB, 72 %, 186.76 W, 52
2026/09/08 05:21:02.115, 28435 MiB, 81920 MiB, 31 %, 214.10 W, 53
2026/09/08 05:21:32.117, 28435 MiB, 81920 MiB, 100 %, 252.51 W, 50
2026/09/08 05:22:02.118, 28435 MiB, 81920 MiB, 76 %, 94.39 W, 47
2026/09/08 05:22:32.119, 28435 MiB, 81920 MiB, 85 %, 306.60 W, 52
2026/09/08 05:23:02.120, 28435 MiB, 81920 MiB, 99 %, 242.11 W, 53
2026/09/08 05:23:32.122, 28435 MiB, 81920 MiB, 84 %, 83.90 W, 50
2026/09/08 05:24:02.123, 28435 MiB, 81920 MiB, 20 %, 83.22 W, 45
2026/09/08 05:24:32.126, 28435 MiB, 81920 MiB, 0 %, 82.10 W, 45
2026/09/08 05:25:02.128, 28435 MiB, 81920 MiB, 0 %, 82.53 W, 45
2026/09/08 05:25:32.129, 28435 MiB, 81920 MiB, 0 %, 82.35 W, 45
2026/09/08 05:26:02.131, 28435 MiB, 81920 MiB, 0 %, 82.26 W, 45
2026/09/08 05:26:32.133, 28435 MiB, 81920 MiB, 0 %, 85.61 W, 45
2026/09/08 05:27:02.134, 28435 MiB, 81920 MiB, 65 %, 83.64 W, 48
2026/09/08 05:27:32.135, 28435 MiB, 81920 MiB, 0 %, 67.40 W, 44
2026/09/08 05:28:02.138, 28435 MiB, 81920 MiB, 85 %, 84.05 W, 51
2026/09/08 05:28:32.139, 28435 MiB, 81920 MiB, 0 %, 83.05 W, 45
2026/09/08 05:29:02.141, 28435 MiB, 81920 MiB, 100 %, 296.23 W, 50
2026/09/08 05:29:32.142, 28435 MiB, 81920 MiB, 4 %, 82.62 W, 45
2026/09/08 05:30:02.143, 28435 MiB, 81920 MiB, 29 %, 83.90 W, 47
2026/09/08 05:30:32.144, 28435 MiB, 81920 MiB, 76 %, 143.66 W, 52
2026/09/08 05:31:02.146, 28435 MiB, 81920 MiB, 44 %, 292.11 W, 51
2026/09/08 05:31:32.147, 28435 MiB, 81920 MiB, 0 %, 82.52 W, 45
2026/09/08 05:32:02.148, 28435 MiB, 81920 MiB, 0 %, 82.88 W, 45
2026/09/08 05:32:32.150, 28435 MiB, 81920 MiB, 29 %, 291.54 W, 52
2026/09/08 05:33:02.151, 28435 MiB, 81920 MiB, 22 %, 202.75 W, 48
2026/09/08 05:33:32.153, 28435 MiB, 81920 MiB, 3 %, 168.21 W, 47
2026/09/08 05:34:02.154, 28435 MiB, 81920 MiB, 0 %, 82.53 W, 45
2026/09/08 05:34:32.155, 28435 MiB, 81920 MiB, 0 %, 82.26 W, 45
2026/09/08 05:35:02.156, 28435 MiB, 81920 MiB, 20 %, 83.14 W, 46
2026/09/08 05:35:32.158, 28435 MiB, 81920 MiB, 42 %, 293.57 W, 51
2026/09/08 05:36:02.159, 28435 MiB, 81920 MiB, 34 %, 140.88 W, 49
2026/09/08 05:36:32.160, 28435 MiB, 81920 MiB, 90 %, 349.05 W, 52
2026/09/08 05:37:02.161, 28435 MiB, 81920 MiB, 23 %, 83.14 W, 48
2026/09/08 05:37:32.162, 28435 MiB, 81920 MiB, 84 %, 126.82 W, 50
2026/09/08 05:38:02.163, 28435 MiB, 81920 MiB, 99 %, 91.72 W, 49
2026/09/08 05:38:32.165, 28435 MiB, 81920 MiB, 36 %, 142.19 W, 48
2026/09/08 05:39:02.166, 28435 MiB, 81920 MiB, 0 %, 82.18 W, 45
2026/09/08 05:39:32.167, 28435 MiB, 81920 MiB, 20 %, 83.37 W, 46
2026/09/08 05:40:02.169, 28435 MiB, 81920 MiB, 1 %, 84.51 W, 47
2026/09/08 05:40:32.170, 28435 MiB, 81920 MiB, 0 %, 67.40 W, 44
2026/09/08 05:41:02.171, 28435 MiB, 81920 MiB, 0 %, 67.47 W, 44
2026/09/08 05:41:32.177, 28435 MiB, 81920 MiB, 20 %, 82.45 W, 46
2026/09/08 05:42:02.178, 28435 MiB, 81920 MiB, 0 %, 82.71 W, 45
2026/09/08 05:42:32.180, 28435 MiB, 81920 MiB, 35 %, 156.10 W, 47
2026/09/08 05:43:02.182, 28435 MiB, 81920 MiB, 37 %, 229.46 W, 50
2026/09/08 05:43:32.183, 28435 MiB, 81920 MiB, 0 %, 82.02 W, 44
2026/09/08 05:44:02.185, 28435 MiB, 81920 MiB, 0 %, 82.26 W, 44
2026/09/08 05:44:32.186, 28435 MiB, 81920 MiB, 89 %, 250.39 W, 52
2026/09/08 05:45:02.188, 28435 MiB, 81920 MiB, 35 %, 273.75 W, 49
2026/09/08 05:45:32.189, 28435 MiB, 81920 MiB, 74 %, 83.99 W, 47
2026/09/08 05:46:02.194, 28435 MiB, 81920 MiB, 0 %, 82.19 W, 45
2026/09/08 05:46:32.196, 28435 MiB, 81920 MiB, 45 %, 292.99 W, 51
2026/09/08 05:47:02.197, 28435 MiB, 81920 MiB, 55 %, 164.08 W, 52
2026/09/08 05:47:32.198, 28435 MiB, 81920 MiB, 93 %, 277.90 W, 53
2026/09/08 05:48:02.199, 28435 MiB, 81920 MiB, 84 %, 101.18 W, 51
2026/09/08 05:48:32.200, 28435 MiB, 81920 MiB, 0 %, 67.47 W, 44
2026/09/08 05:49:02.201, 28435 MiB, 81920 MiB, 45 %, 82.86 W, 46
2026/09/08 05:49:32.202, 28435 MiB, 81920 MiB, 0 %, 84.60 W, 45
2026/09/08 05:50:02.204, 28435 MiB, 81920 MiB, 88 %, 95.48 W, 51
2026/09/08 05:50:32.207, 28435 MiB, 81920 MiB, 0 %, 66.88 W, 42
2026/09/08 05:51:02.208, 28435 MiB, 81920 MiB, 82 %, 179.73 W, 45
2026/09/08 05:51:32.214, 28435 MiB, 81920 MiB, 57 %, 144.73 W, 47
2026/09/08 05:52:02.215, 28435 MiB, 81920 MiB, 45 %, 103.74 W, 49
2026/09/08 05:52:32.216, 28435 MiB, 81920 MiB, 0 %, 81.75 W, 44
2026/09/08 05:53:02.227, 28435 MiB, 81920 MiB, 65 %, 129.16 W, 48
2026/09/08 05:53:32.229, 28435 MiB, 81920 MiB, 0 %, 81.48 W, 44
2026/09/08 05:54:02.231, 28435 MiB, 81920 MiB, 0 %, 67.16 W, 43
2026/09/08 05:54:32.234, 28435 MiB, 81920 MiB, 88 %, 119.21 W, 48
2026/09/08 05:55:02.236, 28435 MiB, 81920 MiB, 37 %, 125.42 W, 47
2026/09/08 05:55:32.238, 28435 MiB, 81920 MiB, 0 %, 67.75 W, 43
2026/09/08 05:56:02.241, 28435 MiB, 81920 MiB, 80 %, 276.69 W, 51
2026/09/08 05:56:32.243, 28435 MiB, 81920 MiB, 45 %, 83.57 W, 46
2026/09/08 05:57:02.244, 28435 MiB, 81920 MiB, 0 %, 67.09 W, 43
2026/09/08 05:57:32.245, 28435 MiB, 81920 MiB, 85 %, 288.86 W, 52
2026/09/08 05:58:02.247, 28435 MiB, 81920 MiB, 69 %, 170.18 W, 51
2026/09/08 05:58:32.249, 28435 MiB, 81920 MiB, 50 %, 111.45 W, 49
2026/09/08 05:59:02.250, 28435 MiB, 81920 MiB, 0 %, 81.93 W, 45
2026/09/08 05:59:32.252, 28435 MiB, 81920 MiB, 72 %, 89.57 W, 46
2026/09/08 06:00:02.253, 28435 MiB, 81920 MiB, 23 %, 83.14 W, 46
2026/09/08 06:00:32.254, 28435 MiB, 81920 MiB, 66 %, 88.70 W, 47
2026/09/08 06:01:02.256, 28435 MiB, 81920 MiB, 2 %, 82.86 W, 46
2026/09/08 06:01:32.265, 28435 MiB, 81920 MiB, 82 %, 83.64 W, 47
2026/09/08 06:02:02.277, 28435 MiB, 81920 MiB, 33 %, 151.37 W, 48
2026/09/08 06:02:32.279, 28435 MiB, 81920 MiB, 73 %, 82.94 W, 46
2026/09/08 06:03:02.286, 28435 MiB, 81920 MiB, 68 %, 83.90 W, 46
2026/09/08 06:03:32.288, 28435 MiB, 81920 MiB, 0 %, 82.18 W, 45
2026/09/08 06:04:02.289, 28435 MiB, 81920 MiB, 47 %, 85.19 W, 50
2026/09/08 06:04:32.290, 28435 MiB, 81920 MiB, 35 %, 83.46 W, 46
2026/09/08 06:05:02.292, 28435 MiB, 81920 MiB, 3 %, 227.03 W, 48
2026/09/08 06:05:32.293, 28435 MiB, 81920 MiB, 29 %, 292.97 W, 50
2026/09/08 06:06:02.294, 28435 MiB, 81920 MiB, 80 %, 368.02 W, 51
2026/09/08 06:06:32.296, 28435 MiB, 81920 MiB, 0 %, 82.53 W, 45
2026/09/08 06:07:02.297, 28435 MiB, 81920 MiB, 68 %, 235.34 W, 51
2026/09/08 06:07:32.299, 28435 MiB, 81920 MiB, 87 %, 86.49 W, 49
2026/09/08 06:08:02.301, 28435 MiB, 81920 MiB, 2 %, 277.04 W, 52
2026/09/08 06:08:32.302, 28435 MiB, 81920 MiB, 37 %, 275.26 W, 49
2026/09/08 06:09:02.304, 28435 MiB, 81920 MiB, 57 %, 83.73 W, 47
2026/09/08 06:09:32.308, 28435 MiB, 81920 MiB, 77 %, 122.82 W, 51
2026/09/08 06:10:02.310, 28435 MiB, 81920 MiB, 74 %, 267.27 W, 47
2026/09/08 06:10:32.313, 28435 MiB, 81920 MiB, 17 %, 276.17 W, 45
2026/09/08 06:11:02.314, 28435 MiB, 81920 MiB, 0 %, 83.55 W, 45
2026/09/08 06:11:32.316, 28435 MiB, 81920 MiB, 13 %, 82.77 W, 45
2026/09/08 06:12:02.317, 28435 MiB, 81920 MiB, 4 %, 82.53 W, 45
2026/09/08 06:12:32.321, 28435 MiB, 81920 MiB, 42 %, 292.64 W, 53
2026/09/08 06:13:02.324, 28435 MiB, 81920 MiB, 72 %, 85.01 W, 49
2026/09/08 06:13:32.326, 28435 MiB, 81920 MiB, 74 %, 93.19 W, 48
2026/09/08 06:14:02.328, 28435 MiB, 81920 MiB, 87 %, 114.83 W, 50
2026/09/08 06:14:32.329, 28435 MiB, 81920 MiB, 0 %, 82.62 W, 45
2026/09/08 06:15:02.331, 28435 MiB, 81920 MiB, 28 %, 83.03 W, 46
2026/09/08 06:15:32.332, 28435 MiB, 81920 MiB, 59 %, 84.33 W, 48
2026/09/08 06:16:02.333, 28435 MiB, 81920 MiB, 16 %, 158.05 W, 48
2026/09/08 06:16:32.335, 28435 MiB, 81920 MiB, 97 %, 86.12 W, 49
2026/09/08 06:17:02.337, 28435 MiB, 81920 MiB, 0 %, 83.14 W, 46
2026/09/08 06:17:32.338, 28435 MiB, 81920 MiB, 12 %, 262.83 W, 50
2026/09/08 06:18:02.339, 28435 MiB, 81920 MiB, 45 %, 124.82 W, 49
2026/09/08 06:18:32.340, 28435 MiB, 81920 MiB, 18 %, 137.76 W, 50
2026/09/08 06:19:02.342, 28435 MiB, 81920 MiB, 69 %, 99.72 W, 49
2026/09/08 06:19:32.343, 28435 MiB, 81920 MiB, 0 %, 68.00 W, 45
2026/09/08 06:20:02.344, 28435 MiB, 81920 MiB, 79 %, 151.04 W, 51
2026/09/08 06:20:32.345, 28435 MiB, 81920 MiB, 81 %, 168.36 W, 49
2026/09/08 06:21:02.347, 28435 MiB, 81920 MiB, 41 %, 84.60 W, 50
2026/09/08 06:21:32.348, 28435 MiB, 81920 MiB, 65 %, 84.42 W, 49
2026/09/08 06:22:02.349, 28435 MiB, 81920 MiB, 0 %, 82.77 W, 46
2026/09/08 06:22:32.351, 28435 MiB, 81920 MiB, 88 %, 293.86 W, 54
2026/09/08 06:23:02.352, 28435 MiB, 81920 MiB, 78 %, 83.56 W, 51
2026/09/08 06:23:32.353, 28435 MiB, 81920 MiB, 88 %, 84.14 W, 48
2026/09/08 06:24:02.354, 28435 MiB, 81920 MiB, 54 %, 184.86 W, 49
2026/09/08 06:24:32.355, 28435 MiB, 81920 MiB, 36 %, 83.05 W, 46
2026/09/08 06:25:02.360, 28435 MiB, 81920 MiB, 3 %, 82.26 W, 45
2026/09/08 06:25:32.361, 28435 MiB, 81920 MiB, 70 %, 83.46 W, 48
2026/09/08 06:26:02.362, 28435 MiB, 81920 MiB, 0 %, 82.18 W, 45
2026/09/08 06:26:32.366, 28435 MiB, 81920 MiB, 0 %, 82.02 W, 45
2026/09/08 06:27:02.368, 28435 MiB, 81920 MiB, 99 %, 338.92 W, 52
2026/09/08 06:27:32.369, 28435 MiB, 81920 MiB, 0 %, 67.75 W, 44
2026/09/08 06:28:02.370, 28435 MiB, 81920 MiB, 48 %, 312.62 W, 50
2026/09/08 06:28:32.371, 28435 MiB, 81920 MiB, 0 %, 82.09 W, 45
2026/09/08 06:29:02.373, 28435 MiB, 81920 MiB, 35 %, 85.13 W, 47
2026/09/08 06:29:32.375, 28435 MiB, 81920 MiB, 0 %, 82.17 W, 44
2026/09/08 06:30:02.380, 28435 MiB, 81920 MiB, 34 %, 83.29 W, 45
2026/09/08 06:30:32.382, 28435 MiB, 81920 MiB, 0 %, 82.61 W, 45
2026/09/08 06:31:02.383, 28435 MiB, 81920 MiB, 0 %, 82.52 W, 45
2026/09/08 06:31:32.385, 28435 MiB, 81920 MiB, 0 %, 82.52 W, 45
2026/09/08 06:32:02.386, 28435 MiB, 81920 MiB, 55 %, 292.70 W, 53
2026/09/08 06:32:32.394, 28435 MiB, 81920 MiB, 90 %, 97.25 W, 47
2026/09/08 06:33:02.396, 28435 MiB, 81920 MiB, 84 %, 83.39 W, 47
2026/09/08 06:33:32.400, 28435 MiB, 81920 MiB, 32 %, 84.51 W, 47
2026/09/08 06:34:02.402, 28435 MiB, 81920 MiB, 0 %, 82.02 W, 44
2026/09/08 06:34:32.403, 28435 MiB, 81920 MiB, 37 %, 237.92 W, 50
2026/09/08 06:35:02.405, 28435 MiB, 81920 MiB, 33 %, 160.55 W, 49
2026/09/08 06:35:32.407, 28435 MiB, 81920 MiB, 0 %, 82.45 W, 45
2026/09/08 06:36:02.408, 28435 MiB, 81920 MiB, 86 %, 294.18 W, 53
2026/09/08 06:36:32.409, 28435 MiB, 81920 MiB, 55 %, 256.83 W, 49
2026/09/08 06:37:02.411, 28435 MiB, 81920 MiB, 19 %, 274.05 W, 47
2026/09/08 06:37:32.415, 28435 MiB, 81920 MiB, 63 %, 84.86 W, 46
2026/09/08 06:38:02.416, 28435 MiB, 81920 MiB, 4 %, 99.96 W, 47
2026/09/08 06:38:32.418, 28435 MiB, 81920 MiB, 42 %, 82.96 W, 46
2026/09/08 06:39:02.420, 28435 MiB, 81920 MiB, 94 %, 254.77 W, 53
2026/09/08 06:39:32.421, 28435 MiB, 81920 MiB, 85 %, 282.06 W, 52
2026/09/08 06:40:02.422, 28435 MiB, 81920 MiB, 9 %, 83.57 W, 46
2026/09/08 06:40:32.424, 28435 MiB, 81920 MiB, 76 %, 268.34 W, 53
2026/09/08 06:41:02.426, 28435 MiB, 81920 MiB, 0 %, 82.27 W, 44
2026/09/08 06:41:32.428, 28435 MiB, 81920 MiB, 0 %, 82.35 W, 45
2026/09/08 06:42:02.430, 28435 MiB, 81920 MiB, 41 %, 108.31 W, 48
2026/09/08 06:42:32.431, 28435 MiB, 81920 MiB, 47 %, 132.60 W, 50
2026/09/08 06:43:02.432, 28435 MiB, 81920 MiB, 73 %, 82.96 W, 46
2026/09/08 06:43:32.433, 28435 MiB, 81920 MiB, 0 %, 67.15 W, 43
2026/09/08 06:44:02.435, 28435 MiB, 81920 MiB, 81 %, 122.69 W, 51
2026/09/08 06:44:32.436, 28435 MiB, 81920 MiB, 60 %, 84.05 W, 46
2026/09/08 06:45:02.437, 28435 MiB, 81920 MiB, 0 %, 67.08 W, 44
2026/09/08 06:45:32.439, 28435 MiB, 81920 MiB, 73 %, 116.30 W, 48
2026/09/08 06:46:02.442, 28435 MiB, 81920 MiB, 34 %, 82.02 W, 44
2026/09/08 06:46:32.446, 28435 MiB, 81920 MiB, 0 %, 67.15 W, 43
2026/09/08 06:47:02.447, 28435 MiB, 81920 MiB, 0 %, 82.26 W, 44
2026/09/08 06:47:32.448, 28435 MiB, 81920 MiB, 3 %, 161.09 W, 43
2026/09/08 06:48:02.449, 28435 MiB, 81920 MiB, 56 %, 83.55 W, 48
2026/09/08 06:48:32.451, 28435 MiB, 81920 MiB, 57 %, 317.18 W, 53
2026/09/08 06:49:02.452, 28435 MiB, 81920 MiB, 84 %, 167.76 W, 50
2026/09/08 06:49:32.453, 28435 MiB, 81920 MiB, 24 %, 108.35 W, 47
2026/09/08 06:50:02.454, 28435 MiB, 81920 MiB, 23 %, 240.58 W, 48
2026/09/08 06:50:32.455, 28435 MiB, 81920 MiB, 0 %, 67.08 W, 44
2026/09/08 06:51:02.457, 28435 MiB, 81920 MiB, 81 %, 141.92 W, 49
2026/09/08 06:51:32.458, 28435 MiB, 81920 MiB, 92 %, 309.81 W, 51
2026/09/08 06:52:02.460, 28435 MiB, 81920 MiB, 0 %, 82.52 W, 45
2026/09/08 06:52:32.461, 28435 MiB, 81920 MiB, 0 %, 82.61 W, 45
2026/09/08 06:53:02.464, 28435 MiB, 81920 MiB, 0 %, 82.52 W, 45
2026/09/08 06:53:32.465, 28435 MiB, 81920 MiB, 51 %, 83.72 W, 47
2026/09/08 06:54:02.466, 28435 MiB, 81920 MiB, 27 %, 147.10 W, 48
2026/09/08 06:54:32.468, 28435 MiB, 81920 MiB, 25 %, 82.61 W, 45
2026/09/08 06:55:02.469, 28435 MiB, 81920 MiB, 59 %, 138.81 W, 48
2026/09/08 06:55:32.470, 28435 MiB, 81920 MiB, 0 %, 67.29 W, 42
2026/09/08 06:56:02.472, 28435 MiB, 81920 MiB, 81 %, 84.78 W, 47
2026/09/08 06:56:32.473, 28435 MiB, 81920 MiB, 0 %, 67.29 W, 43
2026/09/08 06:57:02.475, 28435 MiB, 81920 MiB, 80 %, 163.12 W, 49
2026/09/08 06:57:32.476, 28435 MiB, 81920 MiB, 24 %, 155.11 W, 47
2026/09/08 06:58:02.479, 28435 MiB, 81920 MiB, 0 %, 81.75 W, 44
2026/09/08 06:58:32.480, 28435 MiB, 81920 MiB, 0 %, 82.19 W, 44
2026/09/08 06:59:02.481, 28435 MiB, 81920 MiB, 15 %, 192.49 W, 47
2026/09/08 06:59:32.482, 28435 MiB, 81920 MiB, 65 %, 82.52 W, 46
2026/09/08 07:00:02.484, 28435 MiB, 81920 MiB, 0 %, 81.85 W, 44
2026/09/08 07:00:32.485, 28435 MiB, 81920 MiB, 0 %, 81.66 W, 44
2026/09/08 07:01:02.487, 28435 MiB, 81920 MiB, 59 %, 188.42 W, 51
2026/09/08 07:01:32.488, 28435 MiB, 81920 MiB, 28 %, 96.78 W, 52
2026/09/08 07:02:02.490, 28435 MiB, 81920 MiB, 24 %, 113.48 W, 49
2026/09/08 07:02:32.491, 28435 MiB, 81920 MiB, 74 %, 87.86 W, 48
2026/09/08 07:03:02.492, 28435 MiB, 81920 MiB, 88 %, 85.01 W, 48
2026/09/08 07:03:32.494, 28435 MiB, 81920 MiB, 32 %, 108.35 W, 48
2026/09/08 07:04:02.497, 28435 MiB, 81920 MiB, 45 %, 83.64 W, 46
2026/09/08 07:04:32.498, 28435 MiB, 81920 MiB, 88 %, 273.77 W, 53
2026/09/08 07:05:02.501, 28435 MiB, 81920 MiB, 0 %, 82.26 W, 45
2026/09/08 07:05:32.503, 28435 MiB, 81920 MiB, 24 %, 70.88 W, 45
2026/09/08 07:06:02.504, 28435 MiB, 81920 MiB, 75 %, 255.71 W, 49
2026/09/08 07:06:32.505, 28435 MiB, 81920 MiB, 0 %, 82.53 W, 45
2026/09/08 07:07:02.514, 28435 MiB, 81920 MiB, 58 %, 165.70 W, 52
2026/09/08 07:07:32.515, 28435 MiB, 81920 MiB, 44 %, 82.86 W, 46
2026/09/08 07:08:02.517, 28435 MiB, 81920 MiB, 8 %, 82.69 W, 45
2026/09/08 07:08:32.519, 28435 MiB, 81920 MiB, 71 %, 245.73 W, 51
2026/09/08 07:09:02.520, 28435 MiB, 81920 MiB, 4 %, 83.22 W, 46
2026/09/08 07:09:32.522, 28435 MiB, 81920 MiB, 0 %, 82.26 W, 45
2026/09/08 07:10:02.523, 28435 MiB, 81920 MiB, 43 %, 283.85 W, 51
2026/09/08 07:10:32.526, 28435 MiB, 81920 MiB, 98 %, 200.35 W, 51
2026/09/08 07:11:02.528, 28435 MiB, 81920 MiB, 0 %, 82.26 W, 48
2026/09/08 07:11:32.530, 28435 MiB, 81920 MiB, 47 %, 264.34 W, 52
2026/09/08 07:12:02.531, 28435 MiB, 81920 MiB, 77 %, 83.14 W, 46
2026/09/08 07:12:32.532, 28435 MiB, 81920 MiB, 38 %, 101.68 W, 47
2026/09/08 07:13:02.533, 28435 MiB, 81920 MiB, 10 %, 240.41 W, 49
2026/09/08 07:13:32.535, 28435 MiB, 81920 MiB, 39 %, 160.99 W, 48
2026/09/08 07:14:02.536, 28435 MiB, 81920 MiB, 42 %, 82.71 W, 46
2026/09/08 07:14:32.537, 28435 MiB, 81920 MiB, 25 %, 284.14 W, 54
2026/09/08 07:15:02.538, 28435 MiB, 81920 MiB, 72 %, 135.69 W, 49
2026/09/08 07:15:32.540, 28435 MiB, 81920 MiB, 0 %, 82.53 W, 45
2026/09/08 07:16:02.541, 28435 MiB, 81920 MiB, 0 %, 67.54 W, 44
2026/09/08 07:16:32.542, 28435 MiB, 81920 MiB, 60 %, 293.87 W, 49
2026/09/08 07:17:02.543, 28435 MiB, 81920 MiB, 0 %, 82.52 W, 45
2026/09/08 07:17:32.545, 28435 MiB, 81920 MiB, 62 %, 158.82 W, 49
2026/09/08 07:18:02.546, 28435 MiB, 81920 MiB, 84 %, 290.92 W, 54
2026/09/08 07:18:32.548, 28435 MiB, 81920 MiB, 22 %, 292.11 W, 54
2026/09/08 07:19:02.550, 28435 MiB, 81920 MiB, 0 %, 82.62 W, 46
2026/09/08 07:19:32.551, 28435 MiB, 81920 MiB, 1 %, 95.85 W, 48
2026/09/08 07:20:02.554, 28435 MiB, 81920 MiB, 0 %, 82.53 W, 46
2026/09/08 07:20:32.556, 28435 MiB, 81920 MiB, 81 %, 160.12 W, 55
2026/09/08 07:21:02.557, 28435 MiB, 81920 MiB, 27 %, 93.42 W, 50
2026/09/08 07:21:32.558, 28435 MiB, 81920 MiB, 66 %, 122.69 W, 52
2026/09/08 07:22:02.560, 28435 MiB, 81920 MiB, 87 %, 98.42 W, 53
2026/09/08 07:22:32.565, 28435 MiB, 81920 MiB, 3 %, 114.83 W, 48
2026/09/08 07:23:02.567, 28435 MiB, 81920 MiB, 2 %, 82.77 W, 49
2026/09/08 07:23:32.568, 28435 MiB, 81920 MiB, 81 %, 316.86 W, 54
2026/09/08 07:24:02.569, 28435 MiB, 81920 MiB, 47 %, 84.05 W, 47
2026/09/08 07:24:32.571, 28435 MiB, 81920 MiB, 12 %, 270.53 W, 51
2026/09/08 07:25:02.572, 28435 MiB, 81920 MiB, 0 %, 83.90 W, 46
2026/09/08 07:25:32.574, 28435 MiB, 81920 MiB, 53 %, 114.70 W, 48
2026/09/08 07:26:02.578, 28435 MiB, 81920 MiB, 34 %, 84.25 W, 47
2026/09/08 07:26:32.580, 28435 MiB, 81920 MiB, 23 %, 227.67 W, 50
2026/09/08 07:27:02.584, 28435 MiB, 81920 MiB, 42 %, 89.52 W, 48
2026/09/08 07:27:32.589, 28435 MiB, 81920 MiB, 0 %, 67.29 W, 44
2026/09/08 07:28:02.591, 28435 MiB, 81920 MiB, 60 %, 106.90 W, 48
2026/09/08 07:28:32.592, 28435 MiB, 81920 MiB, 97 %, 293.64 W, 53
2026/09/08 07:29:02.594, 28435 MiB, 81920 MiB, 53 %, 202.78 W, 49
2026/09/08 07:29:32.595, 28435 MiB, 81920 MiB, 50 %, 96.95 W, 46
2026/09/08 07:30:02.597, 28435 MiB, 81920 MiB, 0 %, 82.27 W, 45
2026/09/08 07:30:32.599, 28435 MiB, 81920 MiB, 85 %, 280.24 W, 52
2026/09/08 07:31:02.600, 28435 MiB, 81920 MiB, 0 %, 67.68 W, 44
2026/09/08 07:31:32.601, 28435 MiB, 81920 MiB, 72 %, 83.03 W, 47
2026/09/08 07:32:02.602, 28435 MiB, 81920 MiB, 13 %, 118.01 W, 52
2026/09/08 07:32:32.604, 28435 MiB, 81920 MiB, 78 %, 83.20 W, 46
2026/09/08 07:33:02.605, 28435 MiB, 81920 MiB, 27 %, 216.96 W, 48
2026/09/08 07:33:32.606, 28435 MiB, 81920 MiB, 38 %, 246.92 W, 47
2026/09/08 07:34:02.609, 28435 MiB, 81920 MiB, 0 %, 67.82 W, 44
2026/09/08 07:34:32.610, 28435 MiB, 81920 MiB, 0 %, 82.78 W, 44
2026/09/08 07:35:02.611, 28435 MiB, 81920 MiB, 90 %, 84.66 W, 48
2026/09/08 07:35:32.613, 28435 MiB, 81920 MiB, 37 %, 67.57 W, 43
2026/09/08 07:36:02.614, 28435 MiB, 81920 MiB, 31 %, 256.16 W, 52
2026/09/08 07:36:32.616, 28435 MiB, 81920 MiB, 41 %, 84.25 W, 47
2026/09/08 07:37:02.620, 28435 MiB, 81920 MiB, 31 %, 247.27 W, 48
2026/09/08 07:37:32.622, 28435 MiB, 81920 MiB, 64 %, 289.47 W, 48
2026/09/08 07:38:02.623, 28435 MiB, 81920 MiB, 1 %, 227.33 W, 47
2026/09/08 07:38:32.625, 28435 MiB, 81920 MiB, 66 %, 245.21 W, 49
2026/09/08 07:39:02.627, 28435 MiB, 81920 MiB, 90 %, 291.53 W, 52
2026/09/08 07:39:32.629, 28435 MiB, 81920 MiB, 15 %, 127.68 W, 48
2026/09/08 07:40:02.630, 28435 MiB, 81920 MiB, 100 %, 291.53 W, 52
2026/09/08 07:40:32.631, 28435 MiB, 81920 MiB, 27 %, 98.95 W, 49
2026/09/08 07:41:02.633, 28435 MiB, 81920 MiB, 20 %, 265.81 W, 48
2026/09/08 07:41:32.646, 28435 MiB, 81920 MiB, 49 %, 277.33 W, 51
2026/09/08 07:42:02.648, 28435 MiB, 81920 MiB, 61 %, 83.14 W, 47
2026/09/08 07:42:32.649, 28435 MiB, 81920 MiB, 0 %, 82.62 W, 45
2026/09/08 07:43:02.651, 28435 MiB, 81920 MiB, 53 %, 83.03 W, 47
2026/09/08 07:43:32.653, 28435 MiB, 81920 MiB, 3 %, 83.39 W, 46
2026/09/08 07:44:02.654, 28435 MiB, 81920 MiB, 80 %, 173.14 W, 50
2026/09/08 07:44:32.657, 28435 MiB, 81920 MiB, 0 %, 67.36 W, 44
2026/09/08 07:45:02.659, 28435 MiB, 81920 MiB, 20 %, 83.20 W, 45
2026/09/08 07:45:32.660, 28435 MiB, 81920 MiB, 100 %, 166.91 W, 51
2026/09/08 07:46:02.661, 28435 MiB, 81920 MiB, 10 %, 165.71 W, 48
2026/09/08 07:46:32.663, 28435 MiB, 81920 MiB, 39 %, 245.19 W, 48
2026/09/08 07:47:02.664, 28435 MiB, 81920 MiB, 48 %, 83.57 W, 47
2026/09/08 07:47:32.666, 28435 MiB, 81920 MiB, 3 %, 188.81 W, 47
2026/09/08 07:48:02.667, 28435 MiB, 81920 MiB, 69 %, 287.10 W, 50
2026/09/08 07:48:32.668, 28435 MiB, 81920 MiB, 27 %, 269.66 W, 48
2026/09/08 07:49:02.669, 28435 MiB, 81920 MiB, 24 %, 83.64 W, 46
2026/09/08 07:49:32.670, 28435 MiB, 81920 MiB, 28 %, 182.90 W, 48
2026/09/08 07:50:02.672, 28435 MiB, 81920 MiB, 0 %, 82.18 W, 45
2026/09/08 07:50:32.674, 28435 MiB, 81920 MiB, 0 %, 83.46 W, 45
2026/09/08 07:51:02.675, 28435 MiB, 81920 MiB, 0 %, 75.82 W, 44
2026/09/08 07:51:32.677, 28435 MiB, 81920 MiB, 67 %, 152.40 W, 48
2026/09/08 07:52:02.679, 28435 MiB, 81920 MiB, 68 %, 121.36 W, 47
2026/09/08 07:52:32.680, 28435 MiB, 81920 MiB, 68 %, 229.78 W, 47
2026/09/08 07:53:02.682, 28435 MiB, 81920 MiB, 35 %, 326.02 W, 50
2026/09/08 07:53:32.683, 28435 MiB, 81920 MiB, 7 %, 82.86 W, 46
2026/09/08 07:54:02.684, 28435 MiB, 81920 MiB, 4 %, 82.86 W, 45
2026/09/08 07:54:32.686, 28435 MiB, 81920 MiB, 0 %, 70.14 W, 44
2026/09/08 07:55:02.687, 28435 MiB, 81920 MiB, 34 %, 84.24 W, 48
2026/09/08 07:55:32.716, 28435 MiB, 81920 MiB, 81 %, 127.55 W, 49
2026/09/08 07:56:02.718, 28435 MiB, 81920 MiB, 40 %, 330.22 W, 51
2026/09/08 07:56:32.720, 28435 MiB, 81920 MiB, 0 %, 82.19 W, 45
2026/09/08 07:57:02.721, 28435 MiB, 81920 MiB, 0 %, 82.00 W, 44
2026/09/08 07:57:32.723, 28435 MiB, 81920 MiB, 0 %, 82.69 W, 45
2026/09/08 07:58:02.725, 28435 MiB, 81920 MiB, 85 %, 261.18 W, 54
2026/09/08 07:58:32.726, 28435 MiB, 81920 MiB, 49 %, 141.56 W, 46
2026/09/08 07:59:02.728, 28435 MiB, 81920 MiB, 93 %, 238.77 W, 52
2026/09/08 07:59:32.731, 28435 MiB, 81920 MiB, 99 %, 263.26 W, 54
2026/09/08 08:00:02.732, 28435 MiB, 81920 MiB, 0 %, 67.03 W, 43
2026/09/08 08:00:32.733, 28435 MiB, 81920 MiB, 0 %, 66.89 W, 41
2026/09/08 08:01:02.735, 28435 MiB, 81920 MiB, 0 %, 67.22 W, 42
2026/09/08 08:01:32.736, 28435 MiB, 81920 MiB, 38 %, 67.36 W, 45
2026/09/08 08:02:02.738, 28435 MiB, 81920 MiB, 73 %, 82.61 W, 45
2026/09/08 08:02:32.739, 28435 MiB, 81920 MiB, 17 %, 109.24 W, 47
2026/09/08 08:03:02.740, 28435 MiB, 81920 MiB, 79 %, 272.56 W, 49
2026/09/08 08:03:32.742, 28435 MiB, 81920 MiB, 0 %, 67.22 W, 43
2026/09/08 08:04:02.743, 28435 MiB, 81920 MiB, 70 %, 209.92 W, 48
2026/09/08 08:04:32.744, 28435 MiB, 81920 MiB, 56 %, 145.15 W, 48
2026/09/08 08:05:02.745, 28435 MiB, 81920 MiB, 0 %, 82.86 W, 45
2026/09/08 08:05:32.747, 28435 MiB, 81920 MiB, 34 %, 83.14 W, 47
2026/09/08 08:06:02.749, 28435 MiB, 81920 MiB, 2 %, 67.54 W, 43
2026/09/08 08:06:32.750, 28435 MiB, 81920 MiB, 41 %, 83.05 W, 46
2026/09/08 08:07:02.751, 28435 MiB, 81920 MiB, 32 %, 83.37 W, 50
2026/09/08 08:07:32.752, 28435 MiB, 81920 MiB, 0 %, 83.14 W, 45
2026/09/08 08:08:02.753, 28435 MiB, 81920 MiB, 62 %, 83.03 W, 46
2026/09/08 08:08:32.754, 28435 MiB, 81920 MiB, 3 %, 180.51 W, 47
2026/09/08 08:09:02.756, 28435 MiB, 81920 MiB, 90 %, 83.05 W, 46
2026/09/08 08:09:32.759, 28435 MiB, 81920 MiB, 58 %, 88.36 W, 48
2026/09/08 08:10:02.761, 28435 MiB, 81920 MiB, 76 %, 292.99 W, 52
2026/09/08 08:10:32.763, 28435 MiB, 81920 MiB, 100 %, 115.31 W, 51
2026/09/08 08:11:02.764, 28435 MiB, 81920 MiB, 60 %, 84.05 W, 47
2026/09/08 08:11:32.766, 28435 MiB, 81920 MiB, 75 %, 247.46 W, 53
2026/09/08 08:12:02.767, 28435 MiB, 81920 MiB, 0 %, 83.55 W, 45
2026/09/08 08:12:32.768, 28435 MiB, 81920 MiB, 0 %, 67.47 W, 44
2026/09/08 08:13:02.770, 28435 MiB, 81920 MiB, 34 %, 131.41 W, 51
2026/09/08 08:13:32.772, 28435 MiB, 81920 MiB, 0 %, 82.53 W, 46
2026/09/08 08:14:02.774, 28435 MiB, 81920 MiB, 0 %, 83.46 W, 46
2026/09/08 08:14:32.775, 28435 MiB, 81920 MiB, 0 %, 68.34 W, 44
2026/09/08 08:15:02.776, 28435 MiB, 81920 MiB, 0 %, 78.40 W, 44
2026/09/08 08:15:32.777, 28435 MiB, 81920 MiB, 96 %, 239.22 W, 53
2026/09/08 08:16:02.779, 28435 MiB, 81920 MiB, 65 %, 120.75 W, 50
2026/09/08 08:16:32.781, 28435 MiB, 81920 MiB, 20 %, 98.42 W, 48
2026/09/08 08:17:02.782, 28435 MiB, 81920 MiB, 0 %, 83.22 W, 45
2026/09/08 08:17:32.783, 28435 MiB, 81920 MiB, 52 %, 97.38 W, 50
2026/09/08 08:18:02.784, 28435 MiB, 81920 MiB, 77 %, 137.74 W, 49
2026/09/08 08:18:32.787, 28435 MiB, 81920 MiB, 0 %, 82.45 W, 45
2026/09/08 08:19:02.789, 28435 MiB, 81920 MiB, 3 %, 67.74 W, 44
2026/09/08 08:19:32.790, 28435 MiB, 81920 MiB, 68 %, 293.59 W, 48
2026/09/08 08:20:02.790, 28435 MiB, 81920 MiB, 27 %, 83.22 W, 46
2026/09/08 08:20:32.792, 28435 MiB, 81920 MiB, 67 %, 125.76 W, 50
2026/09/08 08:21:02.793, 28435 MiB, 81920 MiB, 23 %, 82.71 W, 45
2026/09/08 08:21:32.795, 28435 MiB, 81920 MiB, 0 %, 67.47 W, 44
2026/09/08 08:22:02.796, 28435 MiB, 81920 MiB, 19 %, 147.52 W, 48
2026/09/08 08:22:32.798, 28435 MiB, 81920 MiB, 0 %, 82.26 W, 45
2026/09/08 08:23:02.799, 28435 MiB, 81920 MiB, 3 %, 82.94 W, 45
2026/09/08 08:23:32.800, 28435 MiB, 81920 MiB, 76 %, 267.87 W, 54
2026/09/08 08:24:02.802, 28435 MiB, 81920 MiB, 56 %, 84.07 W, 47
2026/09/08 08:24:32.804, 28435 MiB, 81920 MiB, 0 %, 82.62 W, 46
2026/09/08 08:25:02.805, 28435 MiB, 81920 MiB, 76 %, 157.89 W, 50
2026/09/08 08:25:32.807, 28435 MiB, 81920 MiB, 85 %, 276.44 W, 52
2026/09/08 08:26:02.808, 28435 MiB, 81920 MiB, 2 %, 84.33 W, 47
2026/09/08 08:26:32.809, 28435 MiB, 81920 MiB, 3 %, 84.05 W, 47
2026/09/08 08:27:02.810, 28435 MiB, 81920 MiB, 4 %, 83.55 W, 46
2026/09/08 08:27:32.812, 28435 MiB, 81920 MiB, 82 %, 95.36 W, 51
2026/09/08 08:28:02.812, 28435 MiB, 81920 MiB, 80 %, 84.33 W, 48
2026/09/08 08:28:32.814, 28435 MiB, 81920 MiB, 19 %, 83.73 W, 46
2026/09/08 08:29:02.815, 28435 MiB, 81920 MiB, 38 %, 179.91 W, 48
2026/09/08 08:29:32.816, 28435 MiB, 81920 MiB, 26 %, 154.30 W, 49
2026/09/08 08:30:02.817, 28435 MiB, 81920 MiB, 2 %, 145.87 W, 48
2026/09/08 08:30:32.818, 28435 MiB, 81920 MiB, 0 %, 83.46 W, 46
2026/09/08 08:31:02.820, 28435 MiB, 81920 MiB, 82 %, 85.02 W, 47
2026/09/08 08:31:32.821, 28435 MiB, 81920 MiB, 0 %, 83.56 W, 46
2026/09/08 08:32:02.822, 28435 MiB, 81920 MiB, 83 %, 84.60 W, 48
2026/09/08 08:32:32.823, 28435 MiB, 81920 MiB, 36 %, 82.77 W, 46
2026/09/08 08:33:02.825, 28435 MiB, 81920 MiB, 0 %, 83.55 W, 45
2026/09/08 08:33:32.826, 28435 MiB, 81920 MiB, 80 %, 248.05 W, 50
2026/09/08 08:34:02.829, 28435 MiB, 81920 MiB, 92 %, 150.45 W, 49
2026/09/08 08:34:32.831, 28435 MiB, 81920 MiB, 94 %, 169.08 W, 51
2026/09/08 08:35:02.833, 28435 MiB, 81920 MiB, 0 %, 82.53 W, 45
2026/09/08 08:35:32.834, 28435 MiB, 81920 MiB, 74 %, 299.17 W, 52
2026/09/08 08:36:02.836, 28435 MiB, 81920 MiB, 30 %, 83.90 W, 47
2026/09/08 08:36:32.837, 28435 MiB, 81920 MiB, 92 %, 140.10 W, 50
2026/09/08 08:37:02.838, 28435 MiB, 81920 MiB, 38 %, 92.15 W, 47
2026/09/08 08:37:32.839, 28435 MiB, 81920 MiB, 72 %, 127.68 W, 50
2026/09/08 08:38:02.840, 28435 MiB, 81920 MiB, 84 %, 83.46 W, 51
2026/09/08 08:38:32.841, 28435 MiB, 81920 MiB, 0 %, 82.35 W, 45
2026/09/08 08:39:02.842, 28435 MiB, 81920 MiB, 0 %, 81.93 W, 45
2026/09/08 08:39:32.844, 28435 MiB, 81920 MiB, 47 %, 84.24 W, 47
2026/09/08 08:40:02.847, 28435 MiB, 81920 MiB, 60 %, 127.22 W, 49
2026/09/08 08:40:32.848, 28435 MiB, 81920 MiB, 0 %, 82.10 W, 44
2026/09/08 08:41:02.850, 28435 MiB, 81920 MiB, 39 %, 67.22 W, 45
2026/09/08 08:41:32.851, 28435 MiB, 81920 MiB, 85 %, 83.64 W, 49
2026/09/08 08:42:02.853, 28435 MiB, 81920 MiB, 15 %, 82.45 W, 46
2026/09/08 08:42:32.854, 28435 MiB, 81920 MiB, 78 %, 167.34 W, 49
2026/09/08 08:43:02.855, 28435 MiB, 81920 MiB, 57 %, 83.63 W, 46
2026/09/08 08:43:32.857, 28435 MiB, 81920 MiB, 28 %, 182.03 W, 49
2026/09/08 08:44:02.858, 28435 MiB, 81920 MiB, 75 %, 345.21 W, 49
2026/09/08 08:44:32.859, 28435 MiB, 81920 MiB, 0 %, 82.18 W, 45
2026/09/08 08:45:02.863, 28435 MiB, 81920 MiB, 67 %, 264.29 W, 49
2026/09/08 08:45:32.865, 28435 MiB, 81920 MiB, 98 %, 293.60 W, 51
2026/09/08 08:46:02.866, 28435 MiB, 81920 MiB, 35 %, 139.26 W, 51
2026/09/08 08:46:32.870, 28435 MiB, 81920 MiB, 0 %, 67.81 W, 44
2026/09/08 08:47:02.871, 28435 MiB, 81920 MiB, 78 %, 303.93 W, 53
2026/09/08 08:47:32.873, 28435 MiB, 81920 MiB, 36 %, 83.03 W, 46
2026/09/08 08:48:02.876, 28435 MiB, 81920 MiB, 90 %, 82.52 W, 47
2026/09/08 08:48:32.878, 28435 MiB, 81920 MiB, 100 %, 221.90 W, 53
2026/09/08 08:49:02.879, 28435 MiB, 81920 MiB, 88 %, 90.81 W, 50
2026/09/08 08:49:32.881, 28435 MiB, 81920 MiB, 0 %, 82.52 W, 45
2026/09/08 08:50:02.882, 28435 MiB, 81920 MiB, 4 %, 83.99 W, 46
2026/09/08 08:50:32.883, 28435 MiB, 81920 MiB, 92 %, 292.13 W, 54
2026/09/08 08:51:02.884, 28435 MiB, 81920 MiB, 0 %, 82.52 W, 44
2026/09/08 08:51:32.885, 28435 MiB, 81920 MiB, 69 %, 82.69 W, 46
2026/09/08 08:52:02.887, 28435 MiB, 81920 MiB, 81 %, 83.48 W, 46
2026/09/08 08:52:32.889, 28435 MiB, 81920 MiB, 55 %, 83.12 W, 45
2026/09/08 08:53:02.890, 28435 MiB, 81920 MiB, 0 %, 67.95 W, 44
2026/09/08 08:53:32.891, 28435 MiB, 81920 MiB, 0 %, 82.79 W, 44
2026/09/08 08:54:02.892, 28435 MiB, 81920 MiB, 0 %, 82.36 W, 45
2026/09/08 08:54:32.896, 28435 MiB, 81920 MiB, 75 %, 246.76 W, 51
2026/09/08 08:55:02.900, 28435 MiB, 81920 MiB, 90 %, 116.81 W, 47
2026/09/08 08:55:32.902, 28435 MiB, 81920 MiB, 0 %, 67.54 W, 44
2026/09/08 08:56:02.903, 28435 MiB, 81920 MiB, 80 %, 140.10 W, 49
2026/09/08 08:56:32.905, 28435 MiB, 81920 MiB, 76 %, 212.10 W, 49
2026/09/08 08:57:02.906, 28435 MiB, 81920 MiB, 4 %, 82.79 W, 46
2026/09/08 08:57:32.908, 28435 MiB, 81920 MiB, 72 %, 113.99 W, 47
2026/09/08 08:58:02.909, 28435 MiB, 81920 MiB, 0 %, 138.04 W, 48
2026/09/08 08:58:32.913, 28435 MiB, 81920 MiB, 94 %, 105.97 W, 51
2026/09/08 08:59:02.914, 28435 MiB, 81920 MiB, 88 %, 313.77 W, 51
2026/09/08 08:59:32.916, 28435 MiB, 81920 MiB, 0 %, 67.61 W, 44
2026/09/08 09:00:02.918, 28435 MiB, 81920 MiB, 87 %, 129.29 W, 49
2026/09/08 09:00:32.919, 28435 MiB, 81920 MiB, 44 %, 98.52 W, 47
2026/09/08 09:01:02.920, 28435 MiB, 81920 MiB, 49 %, 205.41 W, 50
2026/09/08 09:01:32.921, 28435 MiB, 81920 MiB, 49 %, 85.53 W, 47
2026/09/08 09:02:02.922, 28435 MiB, 81920 MiB, 9 %, 270.81 W, 49
2026/09/08 09:02:32.923, 28435 MiB, 81920 MiB, 0 %, 82.86 W, 46
2026/09/08 09:03:02.935, 28435 MiB, 81920 MiB, 77 %, 83.63 W, 48
2026/09/08 09:03:32.936, 28435 MiB, 81920 MiB, 11 %, 83.81 W, 50
2026/09/08 09:04:02.937, 28435 MiB, 81920 MiB, 50 %, 83.72 W, 47
2026/09/08 09:04:32.939, 28435 MiB, 81920 MiB, 26 %, 214.99 W, 49
2026/09/08 09:05:02.940, 28435 MiB, 81920 MiB, 0 %, 67.15 W, 42
2026/09/08 09:05:32.941, 28435 MiB, 81920 MiB, 0 %, 66.55 W, 42
2026/09/08 09:06:02.943, 28435 MiB, 81920 MiB, 88 %, 246.85 W, 51
2026/09/08 09:06:32.945, 28435 MiB, 81920 MiB, 63 %, 261.68 W, 50
2026/09/08 09:07:02.946, 28435 MiB, 81920 MiB, 0 %, 82.35 W, 43
2026/09/08 09:07:32.948, 28435 MiB, 81920 MiB, 3 %, 81.75 W, 44
2026/09/08 09:08:02.949, 28435 MiB, 81920 MiB, 32 %, 83.73 W, 45
2026/09/08 09:08:32.951, 28435 MiB, 81920 MiB, 28 %, 164.35 W, 47
2026/09/08 09:09:02.953, 28435 MiB, 81920 MiB, 72 %, 195.69 W, 48
2026/09/08 09:09:32.954, 28435 MiB, 81920 MiB, 75 %, 102.87 W, 46
2026/09/08 09:10:02.956, 28435 MiB, 81920 MiB, 99 %, 102.71 W, 51
2026/09/08 09:10:32.958, 28435 MiB, 81920 MiB, 0 %, 81.93 W, 44
2026/09/08 09:11:02.969, 28435 MiB, 81920 MiB, 0 %, 82.26 W, 44
2026/09/08 09:11:32.970, 28435 MiB, 81920 MiB, 30 %, 273.15 W, 49
2026/09/08 09:12:02.972, 28435 MiB, 81920 MiB, 90 %, 148.26 W, 51
2026/09/08 09:12:32.973, 28435 MiB, 81920 MiB, 37 %, 282.35 W, 53
2026/09/08 09:13:02.975, 28435 MiB, 81920 MiB, 2 %, 84.84 W, 46
2026/09/08 09:13:32.976, 28435 MiB, 81920 MiB, 86 %, 152.40 W, 51
2026/09/08 09:14:02.977, 28435 MiB, 81920 MiB, 2 %, 99.45 W, 45
2026/09/08 09:14:32.978, 28435 MiB, 81920 MiB, 91 %, 84.05 W, 50
2026/09/08 09:15:02.979, 28435 MiB, 81920 MiB, 0 %, 82.35 W, 45
2026/09/08 09:15:32.981, 28435 MiB, 81920 MiB, 19 %, 87.50 W, 45
2026/09/08 09:16:02.981, 28435 MiB, 81920 MiB, 4 %, 82.62 W, 45
2026/09/08 09:16:32.983, 28435 MiB, 81920 MiB, 63 %, 291.50 W, 49
2026/09/08 09:17:02.985, 28435 MiB, 81920 MiB, 0 %, 198.37 W, 47
2026/09/08 09:17:32.986, 28435 MiB, 81920 MiB, 39 %, 130.30 W, 48
2026/09/08 09:18:02.991, 28435 MiB, 81920 MiB, 72 %, 194.36 W, 51
2026/09/08 09:18:32.993, 28435 MiB, 81920 MiB, 69 %, 168.03 W, 49
2026/09/08 09:19:02.994, 28435 MiB, 81920 MiB, 82 %, 218.21 W, 48
2026/09/08 09:19:32.995, 28435 MiB, 81920 MiB, 97 %, 92.43 W, 51
2026/09/08 09:20:02.998, 28435 MiB, 81920 MiB, 53 %, 237.27 W, 47
2026/09/08 09:20:32.999, 28435 MiB, 81920 MiB, 19 %, 182.00 W, 48
2026/09/08 09:21:03.000, 28435 MiB, 81920 MiB, 0 %, 99.55 W, 47
2026/09/08 09:21:33.001, 28435 MiB, 81920 MiB, 0 %, 94.31 W, 45
2026/09/08 09:22:03.002, 28435 MiB, 81920 MiB, 0 %, 82.71 W, 46
2026/09/08 09:22:33.003, 28435 MiB, 81920 MiB, 0 %, 83.39 W, 45
2026/09/08 09:23:03.005, 28435 MiB, 81920 MiB, 40 %, 76.14 W, 44
2026/09/08 09:23:33.006, 28435 MiB, 81920 MiB, 72 %, 269.03 W, 52
2026/09/08 09:24:03.007, 28435 MiB, 81920 MiB, 86 %, 116.39 W, 48
2026/09/08 09:24:33.009, 28435 MiB, 81920 MiB, 55 %, 88.55 W, 46
2026/09/08 09:25:03.010, 28435 MiB, 81920 MiB, 0 %, 82.53 W, 45
2026/09/08 09:25:33.011, 28435 MiB, 81920 MiB, 47 %, 84.32 W, 46
2026/09/08 09:26:03.013, 28435 MiB, 81920 MiB, 68 %, 99.22 W, 50
2026/09/08 09:26:33.014, 28435 MiB, 81920 MiB, 87 %, 342.04 W, 52
2026/09/08 09:27:03.015, 28435 MiB, 81920 MiB, 0 %, 155.23 W, 46
2026/09/08 09:27:33.017, 28435 MiB, 81920 MiB, 96 %, 113.75 W, 53
2026/09/08 09:28:03.018, 28435 MiB, 81920 MiB, 0 %, 84.14 W, 45
2026/09/08 09:28:33.019, 28435 MiB, 81920 MiB, 29 %, 237.75 W, 49
2026/09/08 09:29:03.020, 28435 MiB, 81920 MiB, 79 %, 294.46 W, 54
2026/09/08 09:29:33.021, 28435 MiB, 81920 MiB, 96 %, 292.40 W, 51
2026/09/08 09:30:03.023, 28435 MiB, 81920 MiB, 0 %, 83.64 W, 46
2026/09/08 09:30:33.024, 28435 MiB, 81920 MiB, 81 %, 246.94 W, 52
2026/09/08 09:31:03.025, 28435 MiB, 81920 MiB, 17 %, 84.05 W, 46
2026/09/08 09:31:33.027, 28435 MiB, 81920 MiB, 2 %, 84.05 W, 48
2026/09/08 09:32:03.028, 28435 MiB, 81920 MiB, 0 %, 83.22 W, 45
2026/09/08 09:32:33.030, 28435 MiB, 81920 MiB, 30 %, 117.64 W, 48
2026/09/08 09:33:03.031, 28435 MiB, 81920 MiB, 64 %, 229.46 W, 53
2026/09/08 09:33:33.032, 28435 MiB, 81920 MiB, 80 %, 290.92 W, 52
2026/09/08 09:34:03.037, 28435 MiB, 81920 MiB, 34 %, 277.29 W, 50
2026/09/08 09:34:33.039, 28435 MiB, 81920 MiB, 83 %, 328.42 W, 54
2026/09/08 09:35:03.040, 28435 MiB, 81920 MiB, 4 %, 82.94 W, 47
2026/09/08 09:35:33.041, 28435 MiB, 81920 MiB, 4 %, 271.10 W, 49
2026/09/08 09:36:03.043, 28435 MiB, 81920 MiB, 0 %, 67.68 W, 44
2026/09/08 09:36:33.044, 28435 MiB, 81920 MiB, 0 %, 82.86 W, 46
2026/09/08 09:37:03.045, 28435 MiB, 81920 MiB, 45 %, 83.82 W, 46
2026/09/08 09:37:33.046, 28435 MiB, 81920 MiB, 0 %, 67.74 W, 44
2026/09/08 09:38:03.051, 28435 MiB, 81920 MiB, 86 %, 108.04 W, 48
2026/09/08 09:38:33.053, 28435 MiB, 81920 MiB, 90 %, 296.55 W, 52
2026/09/08 09:39:03.054, 28435 MiB, 81920 MiB, 49 %, 321.51 W, 50
2026/09/08 09:39:33.055, 28435 MiB, 81920 MiB, 69 %, 165.54 W, 52
2026/09/08 09:40:03.057, 28435 MiB, 81920 MiB, 0 %, 171.75 W, 44
2026/09/08 09:40:33.058, 28435 MiB, 81920 MiB, 0 %, 67.43 W, 43
2026/09/08 09:41:03.062, 28435 MiB, 81920 MiB, 73 %, 179.14 W, 50
2026/09/08 09:41:33.064, 28435 MiB, 81920 MiB, 0 %, 82.77 W, 45
2026/09/08 09:42:03.065, 28435 MiB, 81920 MiB, 68 %, 251.38 W, 51
2026/09/08 09:42:33.066, 28435 MiB, 81920 MiB, 20 %, 83.37 W, 47
2026/09/08 09:43:03.068, 28435 MiB, 81920 MiB, 76 %, 104.44 W, 49
2026/09/08 09:43:33.069, 28435 MiB, 81920 MiB, 0 %, 108.25 W, 48
2026/09/08 09:44:03.073, 28435 MiB, 81920 MiB, 0 %, 67.54 W, 43
2026/09/08 09:44:33.075, 28435 MiB, 81920 MiB, 0 %, 274.96 W, 47
2026/09/08 09:45:03.077, 28435 MiB, 81920 MiB, 0 %, 82.77 W, 47
2026/09/08 09:45:33.079, 28435 MiB, 81920 MiB, 0 %, 83.03 W, 45
2026/09/08 09:46:03.080, 28435 MiB, 81920 MiB, 80 %, 226.86 W, 48
2026/09/08 09:46:33.081, 28435 MiB, 81920 MiB, 0 %, 82.02 W, 45
2026/09/08 09:47:03.083, 28435 MiB, 81920 MiB, 8 %, 82.71 W, 45
2026/09/08 09:47:33.085, 28435 MiB, 81920 MiB, 53 %, 82.43 W, 45
2026/09/08 09:48:03.086, 28435 MiB, 81920 MiB, 89 %, 83.72 W, 47
2026/09/08 09:48:33.089, 28435 MiB, 81920 MiB, 81 %, 300.71 W, 52
2026/09/08 09:49:03.092, 28435 MiB, 81920 MiB, 88 %, 295.10 W, 53
2026/09/08 09:49:33.094, 28435 MiB, 81920 MiB, 69 %, 190.70 W, 53
2026/09/08 09:50:03.095, 28435 MiB, 81920 MiB, 0 %, 67.67 W, 44
2026/09/08 09:50:33.096, 28435 MiB, 81920 MiB, 0 %, 81.93 W, 44
2026/09/08 09:51:03.097, 28435 MiB, 81920 MiB, 27 %, 130.22 W, 47
2026/09/08 09:51:33.099, 28435 MiB, 81920 MiB, 0 %, 83.73 W, 45
2026/09/08 09:52:03.104, 28435 MiB, 81920 MiB, 50 %, 292.38 W, 51
2026/09/08 09:52:33.106, 28435 MiB, 81920 MiB, 0 %, 83.55 W, 45
2026/09/08 09:53:03.107, 28435 MiB, 81920 MiB, 68 %, 107.71 W, 46
2026/09/08 09:53:33.108, 28435 MiB, 81920 MiB, 0 %, 67.08 W, 44
2026/09/08 09:54:03.110, 28435 MiB, 81920 MiB, 94 %, 83.73 W, 48
2026/09/08 09:54:33.112, 28435 MiB, 81920 MiB, 10 %, 84.51 W, 46
2026/09/08 09:55:03.115, 28435 MiB, 81920 MiB, 0 %, 82.35 W, 45
2026/09/08 09:55:33.117, 28435 MiB, 81920 MiB, 0 %, 82.35 W, 45
2026/09/08 09:56:03.118, 28435 MiB, 81920 MiB, 45 %, 182.71 W, 48
2026/09/08 09:56:33.120, 28435 MiB, 81920 MiB, 43 %, 83.55 W, 46
2026/09/08 09:57:03.122, 28435 MiB, 81920 MiB, 63 %, 294.15 W, 52
2026/09/08 09:57:33.124, 28435 MiB, 81920 MiB, 65 %, 83.46 W, 46
2026/09/08 09:58:03.125, 28435 MiB, 81920 MiB, 0 %, 83.22 W, 45
2026/09/08 09:58:33.126, 28435 MiB, 81920 MiB, 75 %, 82.45 W, 46
2026/09/08 09:59:03.130, 28435 MiB, 81920 MiB, 100 %, 279.37 W, 51
2026/09/08 09:59:33.132, 28435 MiB, 81920 MiB, 0 %, 82.35 W, 46
2026/09/08 10:00:03.134, 28435 MiB, 81920 MiB, 11 %, 110.81 W, 48
2026/09/08 10:00:33.135, 28435 MiB, 81920 MiB, 30 %, 103.85 W, 48
2026/09/08 10:01:03.137, 28435 MiB, 81920 MiB, 49 %, 82.94 W, 46
2026/09/08 10:01:33.138, 28435 MiB, 81920 MiB, 78 %, 164.08 W, 54
2026/09/08 10:02:03.139, 28435 MiB, 81920 MiB, 73 %, 156.26 W, 52
2026/09/08 10:02:33.152, 28435 MiB, 81920 MiB, 87 %, 164.08 W, 50
2026/09/08 10:03:03.154, 28435 MiB, 81920 MiB, 21 %, 83.14 W, 48
2026/09/08 10:03:33.155, 28435 MiB, 81920 MiB, 96 %, 84.05 W, 48
2026/09/08 10:04:03.156, 28435 MiB, 81920 MiB, 90 %, 140.42 W, 49
2026/09/08 10:04:33.158, 28435 MiB, 81920 MiB, 0 %, 82.43 W, 46
2026/09/08 10:05:03.160, 28435 MiB, 81920 MiB, 2 %, 91.04 W, 47
2026/09/08 10:05:33.161, 28435 MiB, 81920 MiB, 0 %, 82.10 W, 45
2026/09/08 10:06:03.172, 28435 MiB, 81920 MiB, 0 %, 67.81 W, 44
2026/09/08 10:06:33.174, 28435 MiB, 81920 MiB, 54 %, 107.82 W, 48
2026/09/08 10:07:03.175, 28435 MiB, 81920 MiB, 80 %, 282.95 W, 53
2026/09/08 10:07:33.176, 28435 MiB, 81920 MiB, 99 %, 254.63 W, 48
2026/09/08 10:08:03.178, 28435 MiB, 81920 MiB, 29 %, 103.08 W, 48
2026/09/08 10:08:33.180, 28435 MiB, 81920 MiB, 0 %, 83.55 W, 45
2026/09/08 10:09:03.181, 28435 MiB, 81920 MiB, 0 %, 83.14 W, 45
2026/09/08 10:09:33.182, 28435 MiB, 81920 MiB, 81 %, 310.40 W, 54
2026/09/08 10:10:03.183, 28435 MiB, 81920 MiB, 0 %, 67.67 W, 44
2026/09/08 10:10:33.185, 28435 MiB, 81920 MiB, 7 %, 67.02 W, 42
2026/09/08 10:11:03.186, 28435 MiB, 81920 MiB, 75 %, 144.10 W, 47
2026/09/08 10:11:33.187, 28435 MiB, 81920 MiB, 49 %, 82.52 W, 45
2026/09/08 10:12:03.189, 28435 MiB, 81920 MiB, 0 %, 81.83 W, 44
2026/09/08 10:12:33.190, 28435 MiB, 81920 MiB, 98 %, 93.52 W, 47
2026/09/08 10:13:03.191, 28435 MiB, 81920 MiB, 99 %, 282.64 W, 52
2026/09/08 10:13:33.193, 28435 MiB, 81920 MiB, 52 %, 83.05 W, 45
2026/09/08 10:14:03.194, 28435 MiB, 81920 MiB, 47 %, 83.64 W, 51
2026/09/08 10:14:33.195, 28435 MiB, 81920 MiB, 0 %, 83.14 W, 45
2026/09/08 10:15:03.198, 28435 MiB, 81920 MiB, 66 %, 131.41 W, 47
2026/09/08 10:15:33.199, 28435 MiB, 81920 MiB, 82 %, 256.96 W, 50
2026/09/08 10:16:03.202, 28435 MiB, 81920 MiB, 0 %, 142.34 W, 46
2026/09/08 10:16:33.204, 28435 MiB, 81920 MiB, 0 %, 83.22 W, 45
2026/09/08 10:17:03.205, 28435 MiB, 81920 MiB, 35 %, 83.22 W, 45
2026/09/08 10:17:33.207, 28435 MiB, 81920 MiB, 99 %, 155.66 W, 51
2026/09/08 10:18:03.208, 28435 MiB, 81920 MiB, 30 %, 84.33 W, 50
2026/09/08 10:18:33.210, 28435 MiB, 81920 MiB, 14 %, 246.00 W, 51
2026/09/08 10:19:03.211, 28435 MiB, 81920 MiB, 0 %, 82.86 W, 45
2026/09/08 10:19:33.212, 28435 MiB, 81920 MiB, 5 %, 128.42 W, 48
2026/09/08 10:20:03.215, 28435 MiB, 81920 MiB, 100 %, 117.61 W, 53
2026/09/08 10:20:33.217, 28435 MiB, 81920 MiB, 87 %, 289.46 W, 51
2026/09/08 10:21:03.219, 28435 MiB, 81920 MiB, 61 %, 86.30 W, 47
2026/09/08 10:21:33.220, 28435 MiB, 81920 MiB, 1 %, 208.94 W, 49
2026/09/08 10:22:03.225, 28435 MiB, 81920 MiB, 65 %, 82.43 W, 46
2026/09/08 10:22:33.228, 28435 MiB, 81920 MiB, 28 %, 180.42 W, 46
2026/09/08 10:23:03.229, 28435 MiB, 81920 MiB, 34 %, 82.94 W, 47
2026/09/08 10:23:33.235, 28435 MiB, 81920 MiB, 0 %, 82.94 W, 45
2026/09/08 10:24:03.239, 28435 MiB, 81920 MiB, 28 %, 222.77 W, 47
2026/09/08 10:24:33.241, 28435 MiB, 81920 MiB, 19 %, 83.57 W, 47
2026/09/08 10:25:03.242, 28435 MiB, 81920 MiB, 45 %, 99.83 W, 48
2026/09/08 10:25:33.243, 28435 MiB, 81920 MiB, 37 %, 82.61 W, 46
2026/09/08 10:26:03.244, 28435 MiB, 81920 MiB, 25 %, 83.46 W, 48
2026/09/08 10:26:33.245, 28435 MiB, 81920 MiB, 29 %, 83.13 W, 47
2026/09/08 10:27:03.247, 28435 MiB, 81920 MiB, 35 %, 115.94 W, 49
2026/09/08 10:27:33.248, 28435 MiB, 81920 MiB, 0 %, 82.19 W, 45
2026/09/08 10:28:03.250, 28435 MiB, 81920 MiB, 18 %, 83.20 W, 47
2026/09/08 10:28:33.252, 28435 MiB, 81920 MiB, 57 %, 82.88 W, 46
2026/09/08 10:29:03.253, 28435 MiB, 81920 MiB, 97 %, 267.55 W, 53
2026/09/08 10:29:33.254, 28435 MiB, 81920 MiB, 0 %, 82.62 W, 45
2026/09/08 10:30:03.256, 28435 MiB, 81920 MiB, 0 %, 71.28 W, 44
2026/09/08 10:30:33.257, 28435 MiB, 81920 MiB, 72 %, 222.90 W, 48
2026/09/08 10:31:03.259, 28435 MiB, 81920 MiB, 34 %, 129.89 W, 48
2026/09/08 10:31:33.261, 28435 MiB, 81920 MiB, 26 %, 83.22 W, 47
2026/09/08 10:32:03.262, 28435 MiB, 81920 MiB, 77 %, 266.63 W, 48
2026/09/08 10:32:33.263, 28435 MiB, 81920 MiB, 54 %, 89.47 W, 48
2026/09/08 10:33:03.266, 28435 MiB, 81920 MiB, 99 %, 244.26 W, 51
2026/09/08 10:33:33.267, 28435 MiB, 81920 MiB, 4 %, 82.53 W, 45
2026/09/08 10:34:03.267, 28435 MiB, 81920 MiB, 19 %, 82.77 W, 49
2026/09/08 10:34:33.268, 28435 MiB, 81920 MiB, 87 %, 153.55 W, 52
2026/09/08 10:35:03.269, 28435 MiB, 81920 MiB, 25 %, 97.38 W, 50
2026/09/08 10:35:33.274, 28435 MiB, 81920 MiB, 45 %, 142.79 W, 50
2026/09/08 10:36:03.276, 28435 MiB, 81920 MiB, 66 %, 108.19 W, 47
2026/09/08 10:36:33.279, 28435 MiB, 81920 MiB, 69 %, 99.61 W, 47
2026/09/08 10:37:03.281, 28435 MiB, 81920 MiB, 76 %, 270.84 W, 54
2026/09/08 10:37:33.282, 28435 MiB, 81920 MiB, 0 %, 82.77 W, 46
2026/09/08 10:38:03.286, 28435 MiB, 81920 MiB, 99 %, 271.71 W, 53
2026/09/08 10:38:33.291, 28435 MiB, 81920 MiB, 85 %, 84.59 W, 48
2026/09/08 10:39:03.292, 28435 MiB, 81920 MiB, 100 %, 221.06 W, 52
2026/09/08 10:39:33.293, 28435 MiB, 81920 MiB, 79 %, 124.69 W, 50
2026/09/08 10:40:03.294, 28435 MiB, 81920 MiB, 3 %, 273.79 W, 50
2026/09/08 10:40:33.299, 28435 MiB, 81920 MiB, 0 %, 83.82 W, 46
2026/09/08 10:41:03.300, 28435 MiB, 81920 MiB, 58 %, 94.98 W, 52
2026/09/08 10:41:33.301, 28435 MiB, 81920 MiB, 88 %, 287.38 W, 49
2026/09/08 10:42:03.302, 28435 MiB, 81920 MiB, 84 %, 88.28 W, 49
2026/09/08 10:42:33.304, 28435 MiB, 81920 MiB, 77 %, 101.89 W, 50
2026/09/08 10:43:03.305, 28435 MiB, 81920 MiB, 55 %, 87.95 W, 47
2026/09/08 10:43:33.306, 28435 MiB, 81920 MiB, 72 %, 121.97 W, 50
2026/09/08 10:44:03.308, 28435 MiB, 81920 MiB, 54 %, 110.85 W, 47
2026/09/08 10:44:33.309, 28435 MiB, 81920 MiB, 55 %, 83.73 W, 46
2026/09/08 10:45:03.311, 28435 MiB, 81920 MiB, 54 %, 86.99 W, 46
2026/09/08 10:45:33.312, 28435 MiB, 81920 MiB, 0 %, 67.54 W, 43
2026/09/08 10:46:03.314, 28435 MiB, 81920 MiB, 6 %, 89.84 W, 45
2026/09/08 10:46:33.315, 28435 MiB, 81920 MiB, 0 %, 81.93 W, 45
2026/09/08 10:47:03.316, 28435 MiB, 81920 MiB, 0 %, 82.53 W, 45
2026/09/08 10:47:33.317, 28435 MiB, 81920 MiB, 0 %, 81.93 W, 45
2026/09/08 10:48:03.319, 28435 MiB, 81920 MiB, 0 %, 82.26 W, 45
2026/09/08 10:48:33.321, 28435 MiB, 81920 MiB, 49 %, 123.22 W, 48
2026/09/08 10:49:03.323, 28435 MiB, 81920 MiB, 58 %, 272.03 W, 53
2026/09/08 10:49:33.324, 28435 MiB, 81920 MiB, 20 %, 289.76 W, 50
2026/09/08 10:50:03.325, 28435 MiB, 81920 MiB, 34 %, 225.65 W, 48
2026/09/08 10:50:33.326, 28435 MiB, 81920 MiB, 51 %, 119.11 W, 49
2026/09/08 10:51:03.327, 28435 MiB, 81920 MiB, 91 %, 84.14 W, 50
2026/09/08 10:51:33.329, 28435 MiB, 81920 MiB, 0 %, 103.36 W, 47
2026/09/08 10:52:03.331, 28435 MiB, 81920 MiB, 0 %, 81.85 W, 44
2026/09/08 10:52:33.333, 28435 MiB, 81920 MiB, 0 %, 83.14 W, 45
2026/09/08 10:53:03.334, 28435 MiB, 81920 MiB, 91 %, 159.78 W, 49
2026/09/08 10:53:33.338, 28435 MiB, 81920 MiB, 47 %, 155.34 W, 50
2026/09/08 10:54:03.338, 28435 MiB, 81920 MiB, 0 %, 166.24 W, 45
2026/09/08 10:54:33.340, 28435 MiB, 81920 MiB, 0 %, 108.19 W, 46
2026/09/08 10:55:03.341, 28435 MiB, 81920 MiB, 0 %, 69.47 W, 44
2026/09/08 10:55:33.342, 28435 MiB, 81920 MiB, 0 %, 82.94 W, 45
2026/09/08 10:56:03.344, 28435 MiB, 81920 MiB, 7 %, 115.10 W, 51
2026/09/08 10:56:33.346, 28435 MiB, 81920 MiB, 0 %, 83.37 W, 45
2026/09/08 10:57:03.349, 28435 MiB, 81920 MiB, 47 %, 281.78 W, 50
2026/09/08 10:57:33.350, 28435 MiB, 81920 MiB, 65 %, 283.55 W, 51
2026/09/08 10:58:03.351, 28435 MiB, 81920 MiB, 77 %, 83.56 W, 46
2026/09/08 10:58:33.352, 28435 MiB, 81920 MiB, 11 %, 67.81 W, 46
2026/09/08 10:59:03.353, 28435 MiB, 81920 MiB, 68 %, 111.58 W, 47
2026/09/08 10:59:33.355, 28435 MiB, 81920 MiB, 59 %, 83.81 W, 46
2026/09/08 11:00:03.356, 28435 MiB, 81920 MiB, 0 %, 82.27 W, 45
2026/09/08 11:00:33.357, 28435 MiB, 81920 MiB, 49 %, 84.86 W, 46
2026/09/08 11:01:03.359, 28435 MiB, 81920 MiB, 54 %, 117.50 W, 54
2026/09/08 11:01:33.360, 28435 MiB, 81920 MiB, 38 %, 150.24 W, 44
2026/09/08 11:02:03.365, 28435 MiB, 81920 MiB, 0 %, 83.29 W, 45
2026/09/08 11:02:33.366, 28435 MiB, 81920 MiB, 0 %, 67.43 W, 43
2026/09/08 11:03:03.368, 28435 MiB, 81920 MiB, 0 %, 82.79 W, 44
2026/09/08 11:03:33.370, 28435 MiB, 81920 MiB, 44 %, 99.45 W, 46
2026/09/08 11:04:03.371, 28435 MiB, 81920 MiB, 0 %, 83.05 W, 45
2026/09/08 11:04:33.372, 28435 MiB, 81920 MiB, 34 %, 135.41 W, 48
2026/09/08 11:05:03.373, 28435 MiB, 81920 MiB, 1 %, 135.68 W, 48
2026/09/08 11:05:33.374, 28435 MiB, 81920 MiB, 42 %, 82.86 W, 46
2026/09/08 11:06:03.377, 28435 MiB, 81920 MiB, 85 %, 149.44 W, 51
2026/09/08 11:06:33.380, 28435 MiB, 81920 MiB, 1 %, 146.20 W, 49
2026/09/08 11:07:03.385, 28435 MiB, 81920 MiB, 0 %, 81.93 W, 45
2026/09/08 11:07:33.387, 28435 MiB, 81920 MiB, 49 %, 83.37 W, 46
2026/09/08 11:08:03.388, 28435 MiB, 81920 MiB, 34 %, 85.19 W, 47
2026/09/08 11:08:33.389, 28435 MiB, 81920 MiB, 74 %, 83.37 W, 47
2026/09/08 11:09:03.392, 28435 MiB, 81920 MiB, 33 %, 170.45 W, 52
2026/09/08 11:09:33.394, 28435 MiB, 81920 MiB, 90 %, 287.08 W, 52
2026/09/08 11:10:03.396, 28435 MiB, 81920 MiB, 67 %, 287.40 W, 51
2026/09/08 11:10:33.397, 28435 MiB, 81920 MiB, 0 %, 82.35 W, 45
2026/09/08 11:11:03.399, 28435 MiB, 81920 MiB, 0 %, 82.18 W, 45
2026/09/08 11:11:33.401, 28435 MiB, 81920 MiB, 87 %, 171.74 W, 51
2026/09/08 11:12:03.402, 28435 MiB, 81920 MiB, 12 %, 91.72 W, 45
2026/09/08 11:12:33.403, 28435 MiB, 81920 MiB, 0 %, 83.14 W, 45
2026/09/08 11:13:03.404, 28435 MiB, 81920 MiB, 5 %, 226.73 W, 49
2026/09/08 11:13:33.407, 28435 MiB, 81920 MiB, 25 %, 85.61 W, 46
2026/09/08 11:14:03.408, 28435 MiB, 81920 MiB, 0 %, 83.05 W, 46
2026/09/08 11:14:33.410, 28435 MiB, 81920 MiB, 0 %, 67.33 W, 44
2026/09/08 11:15:03.412, 28435 MiB, 81920 MiB, 43 %, 292.42 W, 53
2026/09/08 11:15:33.413, 28435 MiB, 81920 MiB, 0 %, 66.95 W, 42
2026/09/08 11:16:03.414, 28435 MiB, 81920 MiB, 14 %, 123.56 W, 46
2026/09/08 11:16:33.416, 28435 MiB, 81920 MiB, 53 %, 82.62 W, 44
2026/09/08 11:17:03.417, 28435 MiB, 81920 MiB, 82 %, 82.43 W, 46
2026/09/08 11:17:33.419, 28435 MiB, 81920 MiB, 0 %, 67.40 W, 43
2026/09/08 11:18:03.420, 28435 MiB, 81920 MiB, 80 %, 248.99 W, 51
2026/09/08 11:18:33.462, 28435 MiB, 81920 MiB, 80 %, 104.66 W, 50
2026/09/08 11:19:03.464, 28435 MiB, 81920 MiB, 5 %, 83.90 W, 46
2026/09/08 11:19:33.469, 28435 MiB, 81920 MiB, 42 %, 96.15 W, 46
2026/09/08 11:20:03.478, 28435 MiB, 81920 MiB, 99 %, 166.49 W, 49
2026/09/08 11:20:33.480, 28435 MiB, 81920 MiB, 5 %, 82.00 W, 44
2026/09/08 11:21:03.482, 28435 MiB, 81920 MiB, 35 %, 82.53 W, 44
2026/09/08 11:21:33.484, 28435 MiB, 81920 MiB, 0 %, 82.36 W, 45
2026/09/08 11:22:03.485, 28435 MiB, 81920 MiB, 20 %, 287.39 W, 53
2026/09/08 11:22:33.487, 28435 MiB, 81920 MiB, 84 %, 317.03 W, 52
2026/09/08 11:23:03.489, 28435 MiB, 81920 MiB, 85 %, 101.43 W, 52
2026/09/08 11:23:33.490, 28435 MiB, 81920 MiB, 30 %, 84.77 W, 47
2026/09/08 11:24:03.491, 28435 MiB, 81920 MiB, 0 %, 82.61 W, 45
2026/09/08 11:24:33.493, 28435 MiB, 81920 MiB, 58 %, 239.86 W, 48
2026/09/08 11:25:03.494, 28435 MiB, 81920 MiB, 1 %, 141.89 W, 49
2026/09/08 11:25:33.496, 28435 MiB, 81920 MiB, 36 %, 149.89 W, 50
2026/09/08 11:26:03.498, 28435 MiB, 81920 MiB, 99 %, 132.60 W, 52
2026/09/08 11:26:33.499, 28435 MiB, 81920 MiB, 4 %, 89.47 W, 47
2026/09/08 11:27:03.500, 28435 MiB, 81920 MiB, 70 %, 83.22 W, 47
2026/09/08 11:27:33.502, 28435 MiB, 81920 MiB, 3 %, 82.62 W, 45
2026/09/08 11:28:03.503, 28435 MiB, 81920 MiB, 18 %, 83.46 W, 46
2026/09/08 11:28:33.505, 28435 MiB, 81920 MiB, 10 %, 290.31 W, 52
2026/09/08 11:29:03.506, 28435 MiB, 81920 MiB, 73 %, 271.44 W, 52
2026/09/08 11:29:33.508, 28435 MiB, 81920 MiB, 98 %, 112.76 W, 52
2026/09/08 11:30:03.509, 28435 MiB, 81920 MiB, 48 %, 204.48 W, 48
2026/09/08 11:30:33.511, 28435 MiB, 81920 MiB, 14 %, 83.73 W, 47
2026/09/08 11:31:03.513, 28435 MiB, 81920 MiB, 76 %, 111.84 W, 51
2026/09/08 11:31:33.515, 28435 MiB, 81920 MiB, 0 %, 82.45 W, 45
2026/09/08 11:32:03.517, 28435 MiB, 81920 MiB, 21 %, 90.02 W, 49
2026/09/08 11:32:33.518, 28435 MiB, 81920 MiB, 0 %, 82.62 W, 45
2026/09/08 11:33:03.520, 28435 MiB, 81920 MiB, 37 %, 86.99 W, 48
2026/09/08 11:33:33.521, 28435 MiB, 81920 MiB, 0 %, 82.45 W, 45
2026/09/08 11:34:03.523, 28435 MiB, 81920 MiB, 24 %, 179.45 W, 47
2026/09/08 11:34:33.528, 28435 MiB, 81920 MiB, 24 %, 157.40 W, 50
2026/09/08 11:35:03.529, 28435 MiB, 81920 MiB, 0 %, 82.45 W, 45
2026/09/08 11:35:33.531, 28435 MiB, 81920 MiB, 21 %, 179.26 W, 48
2026/09/08 11:36:03.532, 28435 MiB, 81920 MiB, 99 %, 241.95 W, 53
2026/09/08 11:36:33.533, 28435 MiB, 81920 MiB, 42 %, 232.59 W, 48
2026/09/08 11:37:03.535, 28435 MiB, 81920 MiB, 79 %, 123.09 W, 49
2026/09/08 11:37:33.545, 28435 MiB, 81920 MiB, 0 %, 82.62 W, 45
2026/09/08 11:38:03.546, 28435 MiB, 81920 MiB, 49 %, 86.63 W, 49
2026/09/08 11:38:33.548, 28435 MiB, 81920 MiB, 93 %, 294.76 W, 53
2026/09/08 11:39:03.549, 28435 MiB, 81920 MiB, 61 %, 83.05 W, 49
2026/09/08 11:39:33.552, 28435 MiB, 81920 MiB, 0 %, 67.47 W, 44
2026/09/08 11:40:03.553, 28435 MiB, 81920 MiB, 51 %, 103.46 W, 47
2026/09/08 11:40:33.554, 28435 MiB, 81920 MiB, 62 %, 237.16 W, 51
2026/09/08 11:41:03.557, 28435 MiB, 81920 MiB, 0 %, 82.94 W, 45
2026/09/08 11:41:33.559, 28435 MiB, 81920 MiB, 22 %, 125.49 W, 50
2026/09/08 11:42:03.561, 28435 MiB, 81920 MiB, 95 %, 240.43 W, 49
2026/09/08 11:42:33.562, 28435 MiB, 81920 MiB, 1 %, 234.77 W, 48
2026/09/08 11:43:03.563, 28435 MiB, 81920 MiB, 0 %, 100.04 W, 46
2026/09/08 11:43:33.564, 28435 MiB, 81920 MiB, 81 %, 84.14 W, 50
2026/09/08 11:44:03.566, 28435 MiB, 81920 MiB, 66 %, 205.85 W, 51
2026/09/08 11:44:33.567, 28435 MiB, 81920 MiB, 51 %, 186.44 W, 49
2026/09/08 11:45:03.569, 28435 MiB, 81920 MiB, 0 %, 82.53 W, 45
2026/09/08 11:45:33.577, 28435 MiB, 81920 MiB, 26 %, 90.81 W, 49
2026/09/08 11:46:03.579, 28435 MiB, 81920 MiB, 32 %, 92.10 W, 50
2026/09/08 11:46:33.581, 28435 MiB, 81920 MiB, 59 %, 172.88 W, 49
2026/09/08 11:47:03.582, 28435 MiB, 81920 MiB, 0 %, 82.52 W, 45
2026/09/08 11:47:33.583, 28435 MiB, 81920 MiB, 1 %, 257.77 W, 45
2026/09/08 11:48:03.584, 28435 MiB, 81920 MiB, 0 %, 67.09 W, 44
2026/09/08 11:48:33.587, 28435 MiB, 81920 MiB, 91 %, 100.80 W, 50
2026/09/08 11:49:03.588, 28435 MiB, 81920 MiB, 0 %, 81.85 W, 45
2026/09/08 11:49:33.589, 28435 MiB, 81920 MiB, 91 %, 158.92 W, 53
2026/09/08 11:50:03.591, 28435 MiB, 81920 MiB, 63 %, 147.82 W, 47
2026/09/08 11:50:33.592, 28435 MiB, 81920 MiB, 13 %, 151.81 W, 46
2026/09/08 11:51:03.599, 28435 MiB, 81920 MiB, 85 %, 147.25 W, 50
2026/09/08 11:51:33.605, 28435 MiB, 81920 MiB, 6 %, 82.86 W, 46
2026/09/08 11:52:03.607, 28435 MiB, 81920 MiB, 0 %, 69.88 W, 43
2026/09/08 11:52:33.608, 28435 MiB, 81920 MiB, 29 %, 89.93 W, 45
2026/09/08 11:53:03.609, 28435 MiB, 81920 MiB, 55 %, 85.37 W, 46
2026/09/08 11:53:33.612, 28435 MiB, 81920 MiB, 42 %, 134.21 W, 47
2026/09/08 11:54:03.613, 28435 MiB, 81920 MiB, 0 %, 82.77 W, 50
2026/09/08 11:54:33.615, 28435 MiB, 81920 MiB, 16 %, 82.96 W, 45
2026/09/08 11:55:03.620, 28435 MiB, 81920 MiB, 71 %, 293.89 W, 54
2026/09/08 11:55:33.623, 28435 MiB, 81920 MiB, 45 %, 119.43 W, 49
2026/09/08 11:56:03.624, 28435 MiB, 81920 MiB, 67 %, 83.55 W, 47
2026/09/08 11:56:33.626, 28435 MiB, 81920 MiB, 4 %, 82.71 W, 46
2026/09/08 11:57:03.627, 28435 MiB, 81920 MiB, 44 %, 278.17 W, 51
2026/09/08 11:57:33.629, 28435 MiB, 81920 MiB, 13 %, 89.38 W, 45
2026/09/08 11:58:03.631, 28435 MiB, 81920 MiB, 0 %, 82.36 W, 45
2026/09/08 11:58:33.632, 28435 MiB, 81920 MiB, 0 %, 99.72 W, 48
2026/09/08 11:59:03.637, 28435 MiB, 81920 MiB, 0 %, 82.86 W, 45
2026/09/08 11:59:33.639, 28435 MiB, 81920 MiB, 76 %, 249.78 W, 49
2026/09/08 12:00:03.640, 28435 MiB, 81920 MiB, 81 %, 83.55 W, 48
2026/09/08 12:00:33.641, 28435 MiB, 81920 MiB, 59 %, 83.14 W, 47
2026/09/08 12:01:03.643, 28435 MiB, 81920 MiB, 0 %, 105.15 W, 45
2026/09/08 12:01:33.652, 28435 MiB, 81920 MiB, 46 %, 108.25 W, 47
2026/09/08 12:02:03.653, 28435 MiB, 81920 MiB, 21 %, 259.56 W, 49
2026/09/08 12:02:33.654, 28435 MiB, 81920 MiB, 31 %, 248.13 W, 49
2026/09/08 12:03:03.656, 28435 MiB, 81920 MiB, 22 %, 112.76 W, 49
2026/09/08 12:03:33.657, 28435 MiB, 81920 MiB, 92 %, 257.83 W, 51
2026/09/08 12:04:03.658, 28435 MiB, 81920 MiB, 0 %, 82.43 W, 45
2026/09/08 12:04:33.659, 28435 MiB, 81920 MiB, 0 %, 82.62 W, 45
2026/09/08 12:05:03.660, 28435 MiB, 81920 MiB, 55 %, 189.70 W, 48
2026/09/08 12:05:33.661, 28435 MiB, 81920 MiB, 79 %, 143.39 W, 51
2026/09/08 12:06:03.663, 28435 MiB, 81920 MiB, 0 %, 82.77 W, 44
2026/09/08 12:06:33.664, 28435 MiB, 81920 MiB, 15 %, 67.67 W, 44
2026/09/08 12:07:03.665, 28435 MiB, 81920 MiB, 29 %, 82.45 W, 46
2026/09/08 12:07:33.666, 28435 MiB, 81920 MiB, 0 %, 67.47 W, 44
2026/09/08 12:08:03.667, 28435 MiB, 81920 MiB, 44 %, 199.76 W, 48
2026/09/08 12:08:33.668, 28435 MiB, 81920 MiB, 54 %, 83.14 W, 47
2026/09/08 12:09:03.670, 28435 MiB, 81920 MiB, 46 %, 83.22 W, 46
2026/09/08 12:09:33.671, 28435 MiB, 81920 MiB, 29 %, 222.77 W, 48
2026/09/08 12:10:03.673, 28435 MiB, 81920 MiB, 36 %, 281.44 W, 52
2026/09/08 12:10:33.675, 28435 MiB, 81920 MiB, 81 %, 310.78 W, 51
2026/09/08 12:11:03.677, 28435 MiB, 81920 MiB, 0 %, 82.62 W, 45
2026/09/08 12:11:33.685, 28435 MiB, 81920 MiB, 71 %, 295.96 W, 48
2026/09/08 12:12:03.686, 28435 MiB, 81920 MiB, 0 %, 67.40 W, 43
2026/09/08 12:12:33.688, 28435 MiB, 81920 MiB, 81 %, 104.77 W, 49
2026/09/08 12:13:03.689, 28435 MiB, 81920 MiB, 21 %, 83.97 W, 46
2026/09/08 12:13:33.690, 28435 MiB, 81920 MiB, 0 %, 82.18 W, 44
2026/09/08 12:14:03.691, 28435 MiB, 81920 MiB, 85 %, 83.73 W, 48
2026/09/08 12:14:33.692, 28435 MiB, 81920 MiB, 0 %, 67.54 W, 44
2026/09/08 12:15:03.693, 28435 MiB, 81920 MiB, 86 %, 248.32 W, 53
2026/09/08 12:15:33.695, 28435 MiB, 81920 MiB, 24 %, 114.11 W, 48
2026/09/08 12:16:03.696, 28435 MiB, 81920 MiB, 2 %, 200.80 W, 47
2026/09/08 12:16:33.698, 28435 MiB, 81920 MiB, 18 %, 83.73 W, 48
2026/09/08 12:17:03.700, 28435 MiB, 81920 MiB, 0 %, 82.02 W, 45
2026/09/08 12:17:33.702, 28435 MiB, 81920 MiB, 7 %, 82.35 W, 45
2026/09/08 12:18:03.703, 28435 MiB, 81920 MiB, 80 %, 83.82 W, 47
2026/09/08 12:18:33.704, 28435 MiB, 81920 MiB, 28 %, 91.81 W, 47
2026/09/08 12:19:03.706, 28435 MiB, 81920 MiB, 0 %, 82.86 W, 46
2026/09/08 12:19:33.709, 28435 MiB, 81920 MiB, 0 %, 82.53 W, 45
2026/09/08 12:20:03.711, 28435 MiB, 81920 MiB, 7 %, 116.78 W, 49
2026/09/08 12:20:33.712, 28435 MiB, 81920 MiB, 0 %, 66.21 W, 41
2026/09/08 12:21:03.715, 28435 MiB, 81920 MiB, 0 %, 66.35 W, 40
2026/09/08 12:21:33.717, 28435 MiB, 81920 MiB, 82 %, 81.66 W, 44
2026/09/08 12:22:03.719, 28435 MiB, 81920 MiB, 100 %, 265.54 W, 46
2026/09/08 12:22:33.720, 28435 MiB, 81920 MiB, 99 %, 279.08 W, 48
2026/09/08 12:23:03.721, 28435 MiB, 81920 MiB, 33 %, 82.35 W, 45
2026/09/08 12:23:33.722, 28435 MiB, 81920 MiB, 67 %, 118.46 W, 49
2026/09/08 12:24:03.724, 28435 MiB, 81920 MiB, 23 %, 117.14 W, 50
2026/09/08 12:24:33.728, 28435 MiB, 81920 MiB, 86 %, 83.31 W, 49
2026/09/08 12:25:03.730, 28435 MiB, 81920 MiB, 32 %, 68.68 W, 44
2026/09/08 12:25:33.731, 28435 MiB, 81920 MiB, 0 %, 87.17 W, 47
2026/09/08 12:26:03.732, 28435 MiB, 81920 MiB, 67 %, 84.93 W, 48
2026/09/08 12:26:33.733, 28435 MiB, 81920 MiB, 44 %, 147.40 W, 48
2026/09/08 12:27:03.735, 28435 MiB, 81920 MiB, 42 %, 85.61 W, 52
2026/09/08 12:27:33.742, 28435 MiB, 81920 MiB, 9 %, 215.52 W, 49
2026/09/08 12:28:03.743, 28435 MiB, 81920 MiB, 0 %, 82.53 W, 45
2026/09/08 12:28:33.746, 28435 MiB, 81920 MiB, 80 %, 229.06 W, 51
2026/09/08 12:29:03.748, 28435 MiB, 81920 MiB, 80 %, 148.54 W, 49
2026/09/08 12:29:33.749, 28435 MiB, 81920 MiB, 0 %, 67.68 W, 44
2026/09/08 12:30:03.751, 28435 MiB, 81920 MiB, 0 %, 82.69 W, 45
2026/09/08 12:30:33.752, 28435 MiB, 81920 MiB, 53 %, 82.61 W, 46
2026/09/08 12:31:03.754, 28435 MiB, 81920 MiB, 85 %, 89.94 W, 51
2026/09/08 12:31:33.755, 28435 MiB, 81920 MiB, 1 %, 202.81 W, 48
2026/09/08 12:32:03.757, 28435 MiB, 81920 MiB, 0 %, 82.86 W, 46
2026/09/08 12:32:33.759, 28435 MiB, 81920 MiB, 20 %, 83.98 W, 46
2026/09/08 12:33:03.761, 28435 MiB, 81920 MiB, 70 %, 235.58 W, 48
2026/09/08 12:33:33.762, 28435 MiB, 81920 MiB, 88 %, 276.66 W, 50
2026/09/08 12:34:03.764, 28435 MiB, 81920 MiB, 21 %, 165.88 W, 51
2026/09/08 12:34:33.770, 28435 MiB, 81920 MiB, 72 %, 112.75 W, 50
2026/09/08 12:35:03.771, 28435 MiB, 81920 MiB, 1 %, 82.69 W, 45
2026/09/08 12:35:33.772, 28435 MiB, 81920 MiB, 82 %, 294.20 W, 54
2026/09/08 12:36:03.774, 28435 MiB, 81920 MiB, 89 %, 274.91 W, 49
2026/09/08 12:36:33.775, 28435 MiB, 81920 MiB, 62 %, 175.51 W, 48
2026/09/08 12:37:03.776, 28435 MiB, 81920 MiB, 80 %, 275.82 W, 52
2026/09/08 12:37:33.778, 28435 MiB, 81920 MiB, 89 %, 170.63 W, 51
2026/09/08 12:38:03.780, 28435 MiB, 81920 MiB, 32 %, 98.74 W, 47
2026/09/08 12:38:33.781, 28435 MiB, 81920 MiB, 68 %, 275.53 W, 53
2026/09/08 12:39:03.783, 28435 MiB, 81920 MiB, 48 %, 104.55 W, 48
2026/09/08 12:39:33.784, 28435 MiB, 81920 MiB, 83 %, 277.31 W, 52
2026/09/08 12:40:03.786, 28435 MiB, 81920 MiB, 39 %, 102.21 W, 47
2026/09/08 12:40:33.791, 28435 MiB, 81920 MiB, 47 %, 84.86 W, 46
2026/09/08 12:41:03.793, 28435 MiB, 81920 MiB, 79 %, 210.03 W, 52
2026/09/08 12:41:33.794, 28435 MiB, 81920 MiB, 71 %, 83.72 W, 47
2026/09/08 12:42:03.795, 28435 MiB, 81920 MiB, 49 %, 82.86 W, 46
2026/09/08 12:42:33.797, 28435 MiB, 81920 MiB, 0 %, 82.53 W, 45
2026/09/08 12:43:03.801, 28435 MiB, 81920 MiB, 0 %, 82.77 W, 46
2026/09/08 12:43:33.802, 28435 MiB, 81920 MiB, 38 %, 223.23 W, 49
2026/09/08 12:44:03.804, 28435 MiB, 81920 MiB, 46 %, 203.08 W, 49
2026/09/08 12:44:33.805, 28435 MiB, 81920 MiB, 100 %, 145.13 W, 47
2026/09/08 12:45:03.806, 28435 MiB, 81920 MiB, 0 %, 83.46 W, 46
2026/09/08 12:45:33.809, 28435 MiB, 81920 MiB, 36 %, 114.86 W, 49
2026/09/08 12:46:03.811, 28435 MiB, 81920 MiB, 33 %, 142.19 W, 54
2026/09/08 12:46:33.812, 28435 MiB, 81920 MiB, 89 %, 295.61 W, 54
2026/09/08 12:47:03.813, 28435 MiB, 81920 MiB, 0 %, 83.46 W, 46
2026/09/08 12:47:33.814, 28435 MiB, 81920 MiB, 44 %, 151.21 W, 50
2026/09/08 12:48:03.816, 28435 MiB, 81920 MiB, 74 %, 308.62 W, 53
2026/09/08 12:48:33.818, 28435 MiB, 81920 MiB, 41 %, 83.22 W, 47
2026/09/08 12:49:03.819, 28435 MiB, 81920 MiB, 0 %, 83.14 W, 46
2026/09/08 12:49:33.820, 28435 MiB, 81920 MiB, 1 %, 86.81 W, 47
2026/09/08 12:50:03.822, 28435 MiB, 81920 MiB, 79 %, 111.45 W, 50
2026/09/08 12:50:33.824, 28435 MiB, 81920 MiB, 95 %, 291.23 W, 53
2026/09/08 12:51:03.825, 28435 MiB, 81920 MiB, 0 %, 67.08 W, 44
2026/09/08 12:51:33.826, 28435 MiB, 81920 MiB, 0 %, 82.94 W, 45
2026/09/08 12:52:03.828, 28435 MiB, 81920 MiB, 27 %, 84.14 W, 47
2026/09/08 12:52:33.830, 28435 MiB, 81920 MiB, 0 %, 67.81 W, 44
2026/09/08 12:53:03.831, 28435 MiB, 81920 MiB, 0 %, 82.26 W, 45
2026/09/08 12:53:33.832, 28435 MiB, 81920 MiB, 49 %, 293.59 W, 52
2026/09/08 12:54:03.834, 28435 MiB, 81920 MiB, 59 %, 82.71 W, 46
2026/09/08 12:54:33.835, 28435 MiB, 81920 MiB, 30 %, 88.97 W, 48
2026/09/08 12:55:03.836, 28435 MiB, 81920 MiB, 0 %, 68.90 W, 44
2026/09/08 12:55:33.838, 28435 MiB, 81920 MiB, 88 %, 215.10 W, 49
2026/09/08 12:56:03.839, 28435 MiB, 81920 MiB, 61 %, 82.86 W, 45
2026/09/08 12:56:33.844, 28435 MiB, 81920 MiB, 0 %, 82.35 W, 45
2026/09/08 12:57:03.846, 28435 MiB, 81920 MiB, 18 %, 126.08 W, 48
2026/09/08 12:57:33.850, 28435 MiB, 81920 MiB, 0 %, 82.26 W, 45
2026/09/08 12:58:03.852, 28435 MiB, 81920 MiB, 51 %, 276.44 W, 53
2026/09/08 12:58:33.853, 28435 MiB, 81920 MiB, 0 %, 82.26 W, 45
2026/09/08 12:59:03.855, 28435 MiB, 81920 MiB, 54 %, 261.63 W, 51
2026/09/08 12:59:33.856, 28435 MiB, 81920 MiB, 0 %, 67.01 W, 44
2026/09/08 13:00:03.858, 28435 MiB, 81920 MiB, 79 %, 112.05 W, 48
2026/09/08 13:00:33.868, 28435 MiB, 81920 MiB, 0 %, 82.62 W, 45
2026/09/08 13:01:03.874, 28435 MiB, 81920 MiB, 82 %, 221.94 W, 50
2026/09/08 13:01:33.876, 28435 MiB, 81920 MiB, 46 %, 82.86 W, 46
2026/09/08 13:02:03.877, 28435 MiB, 81920 MiB, 37 %, 82.53 W, 46
2026/09/08 13:02:33.879, 28435 MiB, 81920 MiB, 0 %, 88.97 W, 45
2026/09/08 13:03:03.880, 28435 MiB, 81920 MiB, 65 %, 93.61 W, 46
2026/09/08 13:03:33.883, 28435 MiB, 81920 MiB, 0 %, 82.53 W, 45
2026/09/08 13:04:03.885, 28435 MiB, 81920 MiB, 37 %, 306.56 W, 55
2026/09/08 13:04:33.886, 28435 MiB, 81920 MiB, 37 %, 83.14 W, 47
2026/09/08 13:05:03.888, 28435 MiB, 81920 MiB, 0 %, 82.94 W, 45
2026/09/08 13:05:33.889, 28435 MiB, 81920 MiB, 32 %, 85.89 W, 48
2026/09/08 13:06:03.899, 28435 MiB, 81920 MiB, 84 %, 242.73 W, 52
2026/09/08 13:06:33.900, 28435 MiB, 81920 MiB, 19 %, 82.26 W, 45
2026/09/08 13:07:03.902, 28435 MiB, 81920 MiB, 89 %, 108.90 W, 50
2026/09/08 13:07:33.903, 28435 MiB, 81920 MiB, 29 %, 171.47 W, 48
2026/09/08 13:08:03.906, 28435 MiB, 81920 MiB, 26 %, 271.69 W, 48
2026/09/08 13:08:33.908, 28435 MiB, 81920 MiB, 0 %, 82.52 W, 45
2026/09/08 13:09:03.910, 28435 MiB, 81920 MiB, 0 %, 247.44 W, 50
2026/09/08 13:09:33.911, 28435 MiB, 81920 MiB, 63 %, 83.46 W, 46
2026/09/08 13:10:03.912, 28435 MiB, 81920 MiB, 0 %, 82.45 W, 45
2026/09/08 13:10:33.913, 28435 MiB, 81920 MiB, 59 %, 197.88 W, 50
2026/09/08 13:11:03.915, 28435 MiB, 81920 MiB, 0 %, 66.88 W, 43
2026/09/08 13:11:33.921, 28435 MiB, 81920 MiB, 0 %, 67.74 W, 43
2026/09/08 13:12:03.922, 28435 MiB, 81920 MiB, 20 %, 103.36 W, 46
2026/09/08 13:12:33.924, 28435 MiB, 81920 MiB, 0 %, 82.02 W, 45
2026/09/08 13:13:03.927, 28435 MiB, 81920 MiB, 31 %, 83.22 W, 46
2026/09/08 13:13:33.928, 28435 MiB, 81920 MiB, 15 %, 82.45 W, 45
2026/09/08 13:14:03.930, 28435 MiB, 81920 MiB, 0 %, 82.26 W, 46
2026/09/08 13:14:33.931, 28435 MiB, 81920 MiB, 0 %, 82.53 W, 45
2026/09/08 13:15:03.933, 28435 MiB, 81920 MiB, 60 %, 304.21 W, 51
2026/09/08 13:15:33.935, 28435 MiB, 81920 MiB, 0 %, 82.35 W, 45
2026/09/08 13:16:03.936, 28435 MiB, 81920 MiB, 81 %, 83.37 W, 47
2026/09/08 13:16:33.946, 28435 MiB, 81920 MiB, 0 %, 67.54 W, 43
2026/09/08 13:17:03.948, 28435 MiB, 81920 MiB, 0 %, 82.26 W, 44
2026/09/08 13:17:33.949, 28435 MiB, 81920 MiB, 73 %, 325.75 W, 52
2026/09/08 13:18:03.950, 28435 MiB, 81920 MiB, 0 %, 82.02 W, 44
2026/09/08 13:18:34.002, 28435 MiB, 81920 MiB, 0 %, 81.93 W, 45
2026/09/08 13:19:04.003, 28435 MiB, 81920 MiB, 52 %, 82.77 W, 46
2026/09/08 13:19:34.005, 28435 MiB, 81920 MiB, 61 %, 92.15 W, 48
2026/09/08 13:20:04.011, 28435 MiB, 81920 MiB, 0 %, 82.86 W, 46
2026/09/08 13:20:34.015, 28435 MiB, 81920 MiB, 21 %, 241.16 W, 48
2026/09/08 13:21:04.017, 28435 MiB, 81920 MiB, 0 %, 68.76 W, 43
2026/09/08 13:21:34.017, 28435 MiB, 81920 MiB, 85 %, 90.12 W, 51
2026/09/08 13:22:04.019, 28435 MiB, 81920 MiB, 0 %, 82.53 W, 46
2026/09/08 13:22:34.020, 28435 MiB, 81920 MiB, 0 %, 83.55 W, 45
2026/09/08 13:23:04.022, 28435 MiB, 81920 MiB, 51 %, 119.18 W, 46
2026/09/08 13:23:34.024, 28435 MiB, 81920 MiB, 74 %, 243.71 W, 52
2026/09/08 13:24:04.028, 28435 MiB, 81920 MiB, 8 %, 83.29 W, 46
2026/09/08 13:24:34.030, 28435 MiB, 81920 MiB, 91 %, 279.68 W, 53
2026/09/08 13:25:04.032, 28435 MiB, 81920 MiB, 70 %, 156.85 W, 48
2026/09/08 13:25:34.033, 28435 MiB, 81920 MiB, 0 %, 65.95 W, 40
