timestamp, memory.used [MiB], memory.total [MiB], utilization.gpu [%], power.draw [W], temperature.gpu
2026/09/07 22:16:30.512, 0 MiB, 81920 MiB, 0 %, 59.83 W, 34
2026/09/07 22:17:00.522, 467 MiB, 81920 MiB, 0 %, 66.43 W, 34
2026/09/07 22:17:30.524, 25549 MiB, 81920 MiB, 86 %, 283.15 W, 42
2026/09/07 22:18:00.525, 25551 MiB, 81920 MiB, 90 %, 259.83 W, 47
2026/09/07 22:18:30.526, 25647 MiB, 81920 MiB, 83 %, 85.98 W, 47
2026/09/07 22:19:00.528, 25647 MiB, 81920 MiB, 91 %, 301.39 W, 48
2026/09/07 22:19:30.530, 25647 MiB, 81920 MiB, 77 %, 84.77 W, 43
2026/09/07 22:20:00.531, 25647 MiB, 81920 MiB, 81 %, 294.53 W, 49
2026/09/07 22:20:30.533, 25647 MiB, 81920 MiB, 96 %, 147.41 W, 48
2026/09/07 22:21:00.534, 26639 MiB, 81920 MiB, 64 %, 103.17 W, 45
2026/09/07 22:21:30.535, 26639 MiB, 81920 MiB, 91 %, 199.60 W, 49
2026/09/07 22:22:00.565, 27055 MiB, 81920 MiB, 64 %, 261.72 W, 46
2026/09/07 22:22:30.567, 27055 MiB, 81920 MiB, 43 %, 229.52 W, 45
2026/09/07 22:23:00.569, 27055 MiB, 81920 MiB, 92 %, 290.06 W, 51
2026/09/07 22:23:30.570, 27055 MiB, 81920 MiB, 70 %, 85.04 W, 43
2026/09/07 22:24:00.572, 27055 MiB, 81920 MiB, 53 %, 85.97 W, 45
2026/09/07 22:24:30.573, 27055 MiB, 81920 MiB, 54 %, 175.45 W, 45
2026/09/07 22:25:00.574, 27055 MiB, 81920 MiB, 72 %, 293.33 W, 50
2026/09/07 22:25:30.575, 27055 MiB, 81920 MiB, 100 %, 287.09 W, 46
2026/09/07 22:26:00.576, 27055 MiB, 81920 MiB, 24 %, 84.95 W, 42
2026/09/07 22:26:30.578, 27055 MiB, 81920 MiB, 90 %, 288.84 W, 48
2026/09/07 22:27:00.580, 27055 MiB, 81920 MiB, 70 %, 198.91 W, 46
2026/09/07 22:27:30.580, 27055 MiB, 81920 MiB, 78 %, 258.64 W, 50
2026/09/07 22:28:00.583, 27055 MiB, 81920 MiB, 12 %, 162.20 W, 44
2026/09/07 22:28:30.584, 27055 MiB, 81920 MiB, 59 %, 84.78 W, 43
2026/09/07 22:29:00.585, 27055 MiB, 81920 MiB, 65 %, 86.39 W, 42
2026/09/07 22:29:30.587, 27055 MiB, 81920 MiB, 90 %, 272.84 W, 45
2026/09/07 22:30:00.588, 27055 MiB, 81920 MiB, 70 %, 122.48 W, 46
2026/09/07 22:30:30.591, 27055 MiB, 81920 MiB, 0 %, 68.63 W, 40
2026/09/07 22:31:00.593, 27055 MiB, 81920 MiB, 2 %, 102.21 W, 42
2026/09/07 22:31:30.594, 27055 MiB, 81920 MiB, 83 %, 127.49 W, 48
2026/09/07 22:32:00.595, 27055 MiB, 81920 MiB, 1 %, 236.43 W, 42
2026/09/07 22:32:30.596, 27055 MiB, 81920 MiB, 74 %, 203.92 W, 47
2026/09/07 22:33:00.597, 27055 MiB, 81920 MiB, 14 %, 84.95 W, 43
2026/09/07 22:33:30.598, 27055 MiB, 81920 MiB, 0 %, 84.08 W, 41
2026/09/07 22:34:00.600, 27055 MiB, 81920 MiB, 0 %, 84.08 W, 41
2026/09/07 22:34:30.602, 27055 MiB, 81920 MiB, 100 %, 120.33 W, 45
2026/09/07 22:35:00.603, 27055 MiB, 81920 MiB, 75 %, 126.61 W, 44
2026/09/07 22:35:30.605, 27055 MiB, 81920 MiB, 33 %, 270.69 W, 44
2026/09/07 22:36:00.606, 27055 MiB, 81920 MiB, 3 %, 85.36 W, 46
2026/09/07 22:36:30.607, 27055 MiB, 81920 MiB, 38 %, 177.44 W, 44
2026/09/07 22:37:00.608, 27055 MiB, 81920 MiB, 0 %, 90.72 W, 42
2026/09/07 22:37:30.610, 27055 MiB, 81920 MiB, 33 %, 68.02 W, 41
2026/09/07 22:38:00.611, 27055 MiB, 81920 MiB, 100 %, 139.07 W, 49
2026/09/07 22:38:30.615, 27055 MiB, 81920 MiB, 2 %, 84.34 W, 42
2026/09/07 22:39:00.617, 27055 MiB, 81920 MiB, 69 %, 298.69 W, 49
2026/09/07 22:39:30.619, 27055 MiB, 81920 MiB, 26 %, 85.30 W, 42
2026/09/07 22:40:00.620, 27055 MiB, 81920 MiB, 73 %, 284.70 W, 47
2026/09/07 22:40:30.622, 27055 MiB, 81920 MiB, 83 %, 269.22 W, 50
2026/09/07 22:41:00.624, 27055 MiB, 81920 MiB, 51 %, 87.01 W, 45
2026/09/07 22:41:30.625, 27055 MiB, 81920 MiB, 29 %, 180.11 W, 48
2026/09/07 22:42:00.629, 27055 MiB, 81920 MiB, 14 %, 84.68 W, 42
2026/09/07 22:42:30.630, 27055 MiB, 81920 MiB, 1 %, 105.53 W, 45
2026/09/07 22:43:00.631, 27055 MiB, 81920 MiB, 72 %, 288.87 W, 49
2026/09/07 22:43:30.632, 27055 MiB, 81920 MiB, 8 %, 84.94 W, 43
2026/09/07 22:44:00.634, 27055 MiB, 81920 MiB, 20 %, 85.36 W, 43
2026/09/07 22:44:30.640, 27055 MiB, 81920 MiB, 0 %, 257.30 W, 47
2026/09/07 22:45:00.642, 27055 MiB, 81920 MiB, 0 %, 85.04 W, 42
2026/09/07 22:45:30.643, 27055 MiB, 81920 MiB, 51 %, 150.20 W, 50
2026/09/07 22:46:00.644, 27631 MiB, 81920 MiB, 78 %, 111.31 W, 45
2026/09/07 22:46:30.646, 27631 MiB, 81920 MiB, 0 %, 85.88 W, 43
2026/09/07 22:47:00.652, 27631 MiB, 81920 MiB, 0 %, 69.43 W, 41
2026/09/07 22:47:30.653, 27631 MiB, 81920 MiB, 32 %, 216.38 W, 45
2026/09/07 22:48:00.655, 27631 MiB, 81920 MiB, 41 %, 86.15 W, 43
2026/09/07 22:48:30.657, 27631 MiB, 81920 MiB, 0 %, 83.99 W, 41
2026/09/07 22:49:00.658, 27919 MiB, 81920 MiB, 82 %, 89.33 W, 44
2026/09/07 22:49:30.659, 27919 MiB, 81920 MiB, 99 %, 268.11 W, 49
2026/09/07 22:50:00.660, 27919 MiB, 81920 MiB, 52 %, 169.76 W, 46
2026/09/07 22:50:30.662, 27919 MiB, 81920 MiB, 51 %, 112.91 W, 44
2026/09/07 22:51:00.662, 27983 MiB, 81920 MiB, 55 %, 111.58 W, 43
2026/09/07 22:51:30.664, 27983 MiB, 81920 MiB, 56 %, 151.83 W, 45
2026/09/07 22:52:00.665, 27983 MiB, 81920 MiB, 67 %, 99.25 W, 44
2026/09/07 22:52:30.667, 27983 MiB, 81920 MiB, 59 %, 127.35 W, 45
2026/09/07 22:53:00.669, 27983 MiB, 81920 MiB, 90 %, 237.27 W, 47
2026/09/07 22:53:30.670, 27983 MiB, 81920 MiB, 71 %, 289.74 W, 49
2026/09/07 22:54:00.672, 27983 MiB, 81920 MiB, 33 %, 114.86 W, 43
2026/09/07 22:54:30.674, 27983 MiB, 81920 MiB, 0 %, 84.68 W, 42
2026/09/07 22:55:00.675, 27983 MiB, 81920 MiB, 49 %, 227.33 W, 44
2026/09/07 22:55:30.676, 27983 MiB, 81920 MiB, 61 %, 288.26 W, 46
2026/09/07 22:56:00.677, 27983 MiB, 81920 MiB, 87 %, 292.74 W, 47
2026/09/07 22:56:30.679, 27983 MiB, 81920 MiB, 38 %, 150.67 W, 44
2026/09/07 22:57:00.681, 27983 MiB, 81920 MiB, 0 %, 68.36 W, 40
2026/09/07 22:57:30.682, 27983 MiB, 81920 MiB, 53 %, 89.85 W, 46
2026/09/07 22:58:00.684, 27983 MiB, 81920 MiB, 94 %, 264.19 W, 44
2026/09/07 22:58:30.685, 27983 MiB, 81920 MiB, 71 %, 292.74 W, 47
2026/09/07 22:59:00.686, 27983 MiB, 81920 MiB, 0 %, 68.63 W, 40
2026/09/07 22:59:30.687, 27983 MiB, 81920 MiB, 39 %, 87.96 W, 42
2026/09/07 23:00:00.695, 27983 MiB, 81920 MiB, 16 %, 289.14 W, 47
2026/09/07 23:00:30.697, 27983 MiB, 81920 MiB, 76 %, 297.44 W, 47
2026/09/07 23:01:00.698, 27983 MiB, 81920 MiB, 21 %, 84.86 W, 42
2026/09/07 23:01:30.700, 27983 MiB, 81920 MiB, 65 %, 86.15 W, 45
2026/09/07 23:02:00.701, 27983 MiB, 81920 MiB, 43 %, 116.06 W, 44
2026/09/07 23:02:30.703, 27983 MiB, 81920 MiB, 64 %, 147.37 W, 44
2026/09/07 23:03:00.704, 27983 MiB, 81920 MiB, 17 %, 107.77 W, 44
2026/09/07 23:03:30.706, 27983 MiB, 81920 MiB, 0 %, 84.78 W, 43
2026/09/07 23:04:00.707, 27983 MiB, 81920 MiB, 88 %, 277.86 W, 47
2026/09/07 23:04:30.709, 27983 MiB, 81920 MiB, 61 %, 84.59 W, 42
2026/09/07 23:05:00.710, 27983 MiB, 81920 MiB, 35 %, 90.30 W, 43
2026/09/07 23:05:30.712, 27983 MiB, 81920 MiB, 6 %, 238.12 W, 44
2026/09/07 23:06:00.713, 27983 MiB, 81920 MiB, 10 %, 178.73 W, 46
2026/09/07 23:06:30.715, 27983 MiB, 81920 MiB, 30 %, 84.86 W, 44
2026/09/07 23:07:00.716, 27983 MiB, 81920 MiB, 75 %, 297.17 W, 50
2026/09/07 23:07:30.717, 27983 MiB, 81920 MiB, 33 %, 122.28 W, 47
2026/09/07 23:08:00.718, 27983 MiB, 81920 MiB, 91 %, 85.55 W, 44
2026/09/07 23:08:30.719, 27983 MiB, 81920 MiB, 0 %, 84.68 W, 42
2026/09/07 23:09:00.721, 27983 MiB, 81920 MiB, 2 %, 87.53 W, 41
2026/09/07 23:09:30.722, 27983 MiB, 81920 MiB, 55 %, 106.94 W, 43
2026/09/07 23:10:00.724, 27983 MiB, 81920 MiB, 83 %, 237.88 W, 45
2026/09/07 23:10:30.727, 27983 MiB, 81920 MiB, 66 %, 294.20 W, 46
2026/09/07 23:11:00.729, 27983 MiB, 81920 MiB, 12 %, 84.32 W, 42
2026/09/07 23:11:30.730, 27983 MiB, 81920 MiB, 59 %, 84.59 W, 43
2026/09/07 23:12:00.731, 27983 MiB, 81920 MiB, 69 %, 84.40 W, 42
2026/09/07 23:12:30.732, 27983 MiB, 81920 MiB, 0 %, 84.23 W, 41
2026/09/07 23:13:00.733, 27983 MiB, 81920 MiB, 3 %, 84.32 W, 43
2026/09/07 23:13:30.737, 27983 MiB, 81920 MiB, 0 %, 84.23 W, 41
2026/09/07 23:14:00.738, 27983 MiB, 81920 MiB, 38 %, 85.55 W, 44
2026/09/07 23:14:30.740, 27983 MiB, 81920 MiB, 50 %, 121.26 W, 44
2026/09/07 23:15:00.742, 27983 MiB, 81920 MiB, 88 %, 102.91 W, 46
2026/09/07 23:15:30.746, 27983 MiB, 81920 MiB, 0 %, 84.59 W, 42
2026/09/07 23:16:00.747, 27983 MiB, 81920 MiB, 18 %, 289.74 W, 49
2026/09/07 23:16:30.748, 27983 MiB, 81920 MiB, 0 %, 84.08 W, 42
2026/09/07 23:17:00.749, 27983 MiB, 81920 MiB, 0 %, 84.86 W, 41
2026/09/07 23:17:30.751, 27983 MiB, 81920 MiB, 1 %, 129.69 W, 46
2026/09/07 23:18:00.753, 27983 MiB, 81920 MiB, 0 %, 84.68 W, 41
2026/09/07 23:18:30.754, 27983 MiB, 81920 MiB, 87 %, 317.36 W, 47
2026/09/07 23:19:00.756, 27983 MiB, 81920 MiB, 69 %, 139.10 W, 44
2026/09/07 23:19:30.757, 27983 MiB, 81920 MiB, 31 %, 85.28 W, 42
2026/09/07 23:20:00.761, 27983 MiB, 81920 MiB, 100 %, 351.61 W, 49
2026/09/07 23:20:30.763, 27983 MiB, 81920 MiB, 0 %, 84.78 W, 41
2026/09/07 23:21:00.766, 27983 MiB, 81920 MiB, 56 %, 120.08 W, 44
2026/09/07 23:21:30.768, 27985 MiB, 81920 MiB, 0 %, 68.29 W, 39
2026/09/07 23:22:00.769, 27985 MiB, 81920 MiB, 0 %, 67.68 W, 37
2026/09/07 23:22:30.771, 27985 MiB, 81920 MiB, 0 %, 67.36 W, 36
2026/09/07 23:23:00.772, 27985 MiB, 81920 MiB, 97 %, 111.70 W, 42
2026/09/07 23:23:30.774, 27985 MiB, 81920 MiB, 0 %, 68.70 W, 39
2026/09/07 23:24:00.775, 27985 MiB, 81920 MiB, 37 %, 83.81 W, 41
2026/09/07 23:24:30.776, 27985 MiB, 81920 MiB, 9 %, 136.98 W, 44
2026/09/07 23:25:00.778, 27985 MiB, 81920 MiB, 0 %, 83.99 W, 41
2026/09/07 23:25:30.779, 27985 MiB, 81920 MiB, 0 %, 83.72 W, 41
2026/09/07 23:26:00.781, 27985 MiB, 81920 MiB, 81 %, 246.32 W, 45
2026/09/07 23:26:30.783, 27985 MiB, 81920 MiB, 76 %, 242.66 W, 47
2026/09/07 23:27:00.784, 27985 MiB, 81920 MiB, 100 %, 287.09 W, 47
2026/09/07 23:27:30.785, 27985 MiB, 81920 MiB, 0 %, 128.68 W, 43
2026/09/07 23:28:00.786, 27985 MiB, 81920 MiB, 25 %, 84.77 W, 42
2026/09/07 23:28:30.788, 27985 MiB, 81920 MiB, 3 %, 224.39 W, 42
2026/09/07 23:29:00.790, 27985 MiB, 81920 MiB, 0 %, 84.59 W, 42
2026/09/07 23:29:30.792, 27985 MiB, 81920 MiB, 22 %, 95.01 W, 43
2026/09/07 23:30:00.794, 27985 MiB, 81920 MiB, 39 %, 123.35 W, 45
2026/09/07 23:30:30.795, 27985 MiB, 81920 MiB, 59 %, 116.78 W, 46
2026/09/07 23:31:00.797, 27985 MiB, 81920 MiB, 92 %, 291.21 W, 49
2026/09/07 23:31:30.798, 27985 MiB, 81920 MiB, 50 %, 182.08 W, 45
2026/09/07 23:32:00.799, 27985 MiB, 81920 MiB, 0 %, 85.10 W, 42
2026/09/07 23:32:30.800, 27985 MiB, 81920 MiB, 45 %, 96.38 W, 42
2026/09/07 23:33:00.801, 27985 MiB, 81920 MiB, 89 %, 293.58 W, 48
2026/09/07 23:33:30.802, 27985 MiB, 81920 MiB, 0 %, 84.59 W, 42
2026/09/07 23:34:00.804, 27985 MiB, 81920 MiB, 3 %, 133.90 W, 43
2026/09/07 23:34:30.805, 27985 MiB, 81920 MiB, 30 %, 92.53 W, 46
2026/09/07 23:35:00.806, 27985 MiB, 81920 MiB, 73 %, 84.95 W, 43
2026/09/07 23:35:30.808, 27985 MiB, 81920 MiB, 38 %, 92.00 W, 43
2026/09/07 23:36:00.809, 27985 MiB, 81920 MiB, 44 %, 169.96 W, 44
2026/09/07 23:36:30.810, 27985 MiB, 81920 MiB, 0 %, 93.31 W, 42
2026/09/07 23:37:00.813, 27985 MiB, 81920 MiB, 2 %, 84.08 W, 41
2026/09/07 23:37:30.815, 27985 MiB, 81920 MiB, 91 %, 273.45 W, 49
2026/09/07 23:38:00.816, 27985 MiB, 81920 MiB, 32 %, 172.43 W, 44
2026/09/07 23:38:30.818, 27985 MiB, 81920 MiB, 72 %, 87.08 W, 45
2026/09/07 23:39:00.822, 27985 MiB, 81920 MiB, 86 %, 137.02 W, 47
2026/09/07 23:39:30.823, 27985 MiB, 81920 MiB, 27 %, 84.59 W, 42
2026/09/07 23:40:00.824, 27985 MiB, 81920 MiB, 0 %, 84.32 W, 42
2026/09/07 23:40:30.825, 27985 MiB, 81920 MiB, 59 %, 291.83 W, 48
2026/09/07 23:41:00.834, 27985 MiB, 81920 MiB, 33 %, 85.55 W, 45
2026/09/07 23:41:30.837, 27985 MiB, 81920 MiB, 12 %, 84.77 W, 42
2026/09/07 23:42:00.838, 27985 MiB, 81920 MiB, 74 %, 85.46 W, 42
2026/09/07 23:42:30.839, 27985 MiB, 81920 MiB, 21 %, 85.10 W, 42
2026/09/07 23:43:00.840, 27985 MiB, 81920 MiB, 42 %, 99.65 W, 43
2026/09/07 23:43:30.841, 27985 MiB, 81920 MiB, 100 %, 207.80 W, 45
2026/09/07 23:44:00.843, 27985 MiB, 81920 MiB, 65 %, 277.61 W, 47
2026/09/07 23:44:30.844, 27985 MiB, 81920 MiB, 80 %, 86.39 W, 47
2026/09/07 23:45:00.846, 27985 MiB, 81920 MiB, 0 %, 84.86 W, 42
2026/09/07 23:45:30.847, 27985 MiB, 81920 MiB, 55 %, 285.01 W, 47
2026/09/07 23:46:00.848, 27985 MiB, 81920 MiB, 99 %, 250.55 W, 49
2026/09/07 23:46:30.850, 27985 MiB, 81920 MiB, 0 %, 87.26 W, 47
2026/09/07 23:47:00.851, 27985 MiB, 81920 MiB, 0 %, 84.68 W, 42
2026/09/07 23:47:30.853, 27985 MiB, 81920 MiB, 9 %, 85.36 W, 45
2026/09/07 23:48:00.855, 27985 MiB, 81920 MiB, 83 %, 151.23 W, 45
2026/09/07 23:48:30.856, 27985 MiB, 81920 MiB, 48 %, 276.68 W, 50
2026/09/07 23:49:00.857, 27985 MiB, 81920 MiB, 48 %, 232.57 W, 45
2026/09/07 23:49:30.859, 27985 MiB, 81920 MiB, 70 %, 86.48 W, 44
2026/09/07 23:50:00.861, 27985 MiB, 81920 MiB, 66 %, 107.44 W, 44
2026/09/07 23:50:30.862, 27985 MiB, 81920 MiB, 19 %, 84.42 W, 42
2026/09/07 23:51:00.865, 27985 MiB, 81920 MiB, 0 %, 85.88 W, 42
2026/09/07 23:51:30.866, 27985 MiB, 81920 MiB, 88 %, 89.66 W, 45
2026/09/07 23:52:00.868, 27985 MiB, 81920 MiB, 70 %, 101.00 W, 44
2026/09/07 23:52:30.870, 27985 MiB, 81920 MiB, 30 %, 261.30 W, 45
2026/09/07 23:53:00.871, 27985 MiB, 81920 MiB, 94 %, 264.79 W, 48
2026/09/07 23:53:30.872, 27985 MiB, 81920 MiB, 33 %, 149.60 W, 45
2026/09/07 23:54:00.873, 27985 MiB, 81920 MiB, 83 %, 100.34 W, 47
2026/09/07 23:54:30.874, 27985 MiB, 81920 MiB, 0 %, 83.81 W, 41
2026/09/07 23:55:00.875, 27985 MiB, 81920 MiB, 30 %, 140.40 W, 45
2026/09/07 23:55:30.877, 27985 MiB, 81920 MiB, 61 %, 87.17 W, 43
2026/09/07 23:56:00.878, 27985 MiB, 81920 MiB, 44 %, 84.86 W, 43
2026/09/07 23:56:30.879, 27985 MiB, 81920 MiB, 0 %, 68.90 W, 41
2026/09/07 23:57:00.880, 27985 MiB, 81920 MiB, 30 %, 84.95 W, 41
2026/09/07 23:57:30.882, 27985 MiB, 81920 MiB, 0 %, 85.28 W, 41
2026/09/07 23:58:00.885, 27985 MiB, 81920 MiB, 42 %, 91.09 W, 43
2026/09/07 23:58:30.887, 27985 MiB, 81920 MiB, 0 %, 84.86 W, 41
2026/09/07 23:59:00.888, 27985 MiB, 81920 MiB, 36 %, 139.67 W, 44
2026/09/07 23:59:30.890, 27985 MiB, 81920 MiB, 0 %, 84.07 W, 41
2026/09/08 00:00:00.891, 27985 MiB, 81920 MiB, 78 %, 108.98 W, 45
2026/09/08 00:00:30.893, 27985 MiB, 81920 MiB, 67 %, 212.15 W, 47
2026/09/08 00:01:00.894, 27985 MiB, 81920 MiB, 65 %, 192.83 W, 47
2026/09/08 00:01:30.896, 27985 MiB, 81920 MiB, 53 %, 291.84 W, 48
2026/09/08 00:02:00.897, 27985 MiB, 81920 MiB, 90 %, 85.70 W, 44
2026/09/08 00:02:30.899, 27985 MiB, 81920 MiB, 71 %, 95.28 W, 42
2026/09/08 00:03:00.900, 27985 MiB, 81920 MiB, 0 %, 68.56 W, 40
2026/09/08 00:03:30.901, 27985 MiB, 81920 MiB, 91 %, 322.04 W, 49
2026/09/08 00:04:00.903, 27985 MiB, 81920 MiB, 90 %, 126.75 W, 48
2026/09/08 00:04:30.904, 27985 MiB, 81920 MiB, 0 %, 84.78 W, 42
2026/09/08 00:05:00.907, 27985 MiB, 81920 MiB, 53 %, 165.10 W, 43
2026/09/08 00:05:30.917, 27985 MiB, 81920 MiB, 47 %, 89.61 W, 44
2026/09/08 00:06:00.918, 27985 MiB, 81920 MiB, 40 %, 85.88 W, 45
2026/09/08 00:06:30.920, 27985 MiB, 81920 MiB, 55 %, 117.53 W, 44
2026/09/08 00:07:00.926, 27985 MiB, 81920 MiB, 59 %, 103.96 W, 43
2026/09/08 00:07:30.928, 27985 MiB, 81920 MiB, 93 %, 95.38 W, 47
2026/09/08 00:08:00.929, 27985 MiB, 81920 MiB, 2 %, 84.40 W, 42
2026/09/08 00:08:30.931, 27985 MiB, 81920 MiB, 3 %, 84.59 W, 42
2026/09/08 00:09:00.932, 27985 MiB, 81920 MiB, 0 %, 68.63 W, 41
2026/09/08 00:09:30.933, 27985 MiB, 81920 MiB, 55 %, 100.35 W, 42
2026/09/08 00:10:00.935, 27985 MiB, 81920 MiB, 78 %, 114.59 W, 47
2026/09/08 00:10:30.937, 27985 MiB, 81920 MiB, 57 %, 292.72 W, 50
2026/09/08 00:11:00.942, 27985 MiB, 81920 MiB, 41 %, 113.75 W, 44
2026/09/08 00:11:30.943, 27985 MiB, 81920 MiB, 16 %, 128.95 W, 44
2026/09/08 00:12:00.945, 27985 MiB, 81920 MiB, 0 %, 68.70 W, 40
2026/09/08 00:12:30.946, 27985 MiB, 81920 MiB, 14 %, 85.04 W, 42
2026/09/08 00:13:00.948, 27985 MiB, 81920 MiB, 11 %, 152.63 W, 43
2026/09/08 00:13:30.949, 27985 MiB, 81920 MiB, 0 %, 83.89 W, 41
2026/09/08 00:14:00.950, 27985 MiB, 81920 MiB, 2 %, 190.00 W, 42
2026/09/08 00:14:30.952, 27985 MiB, 81920 MiB, 92 %, 87.35 W, 44
2026/09/08 00:15:00.953, 27985 MiB, 81920 MiB, 73 %, 253.75 W, 46
2026/09/08 00:15:30.954, 27985 MiB, 81920 MiB, 96 %, 259.17 W, 50
2026/09/08 00:16:00.956, 27985 MiB, 81920 MiB, 34 %, 85.70 W, 43
2026/09/08 00:16:30.957, 27985 MiB, 81920 MiB, 83 %, 169.06 W, 48
2026/09/08 00:17:00.961, 27985 MiB, 81920 MiB, 0 %, 97.58 W, 41
2026/09/08 00:17:30.963, 27985 MiB, 81920 MiB, 1 %, 220.20 W, 44
2026/09/08 00:18:00.965, 27985 MiB, 81920 MiB, 44 %, 91.91 W, 43
2026/09/08 00:18:30.967, 27985 MiB, 81920 MiB, 73 %, 85.79 W, 44
2026/09/08 00:19:00.968, 27985 MiB, 81920 MiB, 99 %, 149.75 W, 48
2026/09/08 00:19:30.969, 27985 MiB, 81920 MiB, 0 %, 84.68 W, 41
2026/09/08 00:20:00.974, 27985 MiB, 81920 MiB, 91 %, 273.12 W, 47
2026/09/08 00:20:30.976, 27985 MiB, 81920 MiB, 0 %, 68.56 W, 40
2026/09/08 00:21:00.977, 27985 MiB, 81920 MiB, 0 %, 84.59 W, 41
2026/09/08 00:21:30.978, 27985 MiB, 81920 MiB, 99 %, 276.72 W, 49
2026/09/08 00:22:00.979, 27985 MiB, 81920 MiB, 31 %, 240.56 W, 43
2026/09/08 00:22:30.981, 27985 MiB, 81920 MiB, 64 %, 89.66 W, 44
2026/09/08 00:23:00.982, 27985 MiB, 81920 MiB, 45 %, 111.58 W, 43
2026/09/08 00:23:30.984, 27985 MiB, 81920 MiB, 55 %, 85.88 W, 46
2026/09/08 00:24:00.986, 27985 MiB, 81920 MiB, 75 %, 84.86 W, 43
2026/09/08 00:24:30.987, 27985 MiB, 81920 MiB, 0 %, 84.23 W, 41
2026/09/08 00:25:00.991, 27985 MiB, 81920 MiB, 38 %, 137.71 W, 44
2026/09/08 00:25:30.993, 27985 MiB, 81920 MiB, 79 %, 291.24 W, 50
2026/09/08 00:26:00.994, 27985 MiB, 81920 MiB, 89 %, 88.64 W, 47
2026/09/08 00:26:30.995, 27985 MiB, 81920 MiB, 60 %, 101.43 W, 45
2026/09/08 00:27:00.997, 27985 MiB, 81920 MiB, 92 %, 86.85 W, 46
2026/09/08 00:27:30.998, 27985 MiB, 81920 MiB, 76 %, 259.17 W, 48
2026/09/08 00:28:00.999, 27985 MiB, 81920 MiB, 0 %, 84.49 W, 42
2026/09/08 00:28:31.000, 27985 MiB, 81920 MiB, 0 %, 67.89 W, 38
2026/09/08 00:29:01.001, 27985 MiB, 81920 MiB, 91 %, 274.04 W, 45
2026/09/08 00:29:31.002, 27985 MiB, 81920 MiB, 0 %, 68.29 W, 39
2026/09/08 00:30:01.004, 27985 MiB, 81920 MiB, 15 %, 83.90 W, 45
2026/09/08 00:30:31.006, 27985 MiB, 81920 MiB, 9 %, 85.28 W, 42
2026/09/08 00:31:01.007, 27985 MiB, 81920 MiB, 0 %, 239.59 W, 44
2026/09/08 00:31:31.009, 27985 MiB, 81920 MiB, 30 %, 84.40 W, 42
2026/09/08 00:32:01.010, 27985 MiB, 81920 MiB, 0 %, 84.08 W, 41
2026/09/08 00:32:31.012, 27985 MiB, 81920 MiB, 2 %, 83.99 W, 41
2026/09/08 00:33:01.013, 27985 MiB, 81920 MiB, 42 %, 88.32 W, 42
2026/09/08 00:33:31.015, 27985 MiB, 81920 MiB, 9 %, 279.36 W, 46
2026/09/08 00:34:01.016, 27985 MiB, 81920 MiB, 3 %, 80.61 W, 40
2026/09/08 00:34:31.030, 27985 MiB, 81920 MiB, 44 %, 119.18 W, 43
2026/09/08 00:35:01.031, 27985 MiB, 81920 MiB, 0 %, 84.16 W, 42
2026/09/08 00:35:31.033, 27985 MiB, 81920 MiB, 38 %, 121.88 W, 44
2026/09/08 00:36:01.034, 27985 MiB, 81920 MiB, 92 %, 133.90 W, 48
2026/09/08 00:36:31.035, 27985 MiB, 81920 MiB, 73 %, 102.43 W, 46
2026/09/08 00:37:01.036, 27985 MiB, 81920 MiB, 0 %, 84.77 W, 43
2026/09/08 00:37:31.037, 27985 MiB, 81920 MiB, 8 %, 106.68 W, 45
2026/09/08 00:38:01.038, 27985 MiB, 81920 MiB, 86 %, 291.84 W, 50
2026/09/08 00:38:31.040, 27985 MiB, 81920 MiB, 58 %, 84.40 W, 42
2026/09/08 00:39:01.041, 27985 MiB, 81920 MiB, 0 %, 84.58 W, 42
2026/09/08 00:39:31.043, 27985 MiB, 81920 MiB, 27 %, 85.45 W, 46
2026/09/08 00:40:01.044, 27985 MiB, 81920 MiB, 0 %, 84.25 W, 42
2026/09/08 00:40:31.045, 27985 MiB, 81920 MiB, 12 %, 98.26 W, 42
2026/09/08 00:41:01.046, 27985 MiB, 81920 MiB, 1 %, 106.68 W, 44
2026/09/08 00:41:31.047, 27985 MiB, 81920 MiB, 44 %, 112.30 W, 44
2026/09/08 00:42:01.048, 27985 MiB, 81920 MiB, 24 %, 68.63 W, 42
2026/09/08 00:42:31.051, 27985 MiB, 81920 MiB, 0 %, 71.95 W, 41
2026/09/08 00:43:01.056, 27985 MiB, 81920 MiB, 20 %, 84.68 W, 41
2026/09/08 00:43:31.058, 27985 MiB, 81920 MiB, 44 %, 165.62 W, 43
2026/09/08 00:44:01.059, 27985 MiB, 81920 MiB, 92 %, 85.28 W, 43
2026/09/08 00:44:31.061, 27985 MiB, 81920 MiB, 34 %, 84.86 W, 42
2026/09/08 00:45:01.063, 27985 MiB, 81920 MiB, 65 %, 106.46 W, 47
2026/09/08 00:45:31.064, 27985 MiB, 81920 MiB, 26 %, 89.66 W, 44
2026/09/08 00:46:01.070, 27985 MiB, 81920 MiB, 0 %, 84.32 W, 42
2026/09/08 00:46:31.072, 27985 MiB, 81920 MiB, 35 %, 115.46 W, 44
2026/09/08 00:47:01.072, 27985 MiB, 81920 MiB, 82 %, 85.46 W, 44
2026/09/08 00:47:31.073, 27985 MiB, 81920 MiB, 24 %, 89.43 W, 43
2026/09/08 00:48:01.075, 27985 MiB, 81920 MiB, 48 %, 85.79 W, 43
2026/09/08 00:48:31.076, 27985 MiB, 81920 MiB, 21 %, 135.37 W, 45
2026/09/08 00:49:01.077, 27985 MiB, 81920 MiB, 99 %, 249.94 W, 47
2026/09/08 00:49:31.077, 27985 MiB, 81920 MiB, 99 %, 222.09 W, 48
2026/09/08 00:50:01.079, 27985 MiB, 81920 MiB, 0 %, 84.40 W, 42
2026/09/08 00:50:31.080, 27985 MiB, 81920 MiB, 38 %, 177.61 W, 43
2026/09/08 00:51:01.083, 27985 MiB, 81920 MiB, 38 %, 124.35 W, 45
2026/09/08 00:51:31.084, 27985 MiB, 81920 MiB, 76 %, 323.31 W, 49
2026/09/08 00:52:01.085, 27985 MiB, 81920 MiB, 0 %, 89.43 W, 44
2026/09/08 00:52:31.087, 27985 MiB, 81920 MiB, 56 %, 263.04 W, 45
2026/09/08 00:53:01.089, 27985 MiB, 81920 MiB, 67 %, 241.06 W, 45
2026/09/08 00:53:31.090, 27985 MiB, 81920 MiB, 0 %, 85.28 W, 43
2026/09/08 00:54:01.095, 27985 MiB, 81920 MiB, 69 %, 108.04 W, 45
2026/09/08 00:54:31.097, 27985 MiB, 81920 MiB, 41 %, 274.92 W, 48
2026/09/08 00:55:01.098, 27985 MiB, 81920 MiB, 0 %, 84.32 W, 42
2026/09/08 00:55:31.100, 27985 MiB, 81920 MiB, 59 %, 85.28 W, 42
2026/09/08 00:56:01.102, 27985 MiB, 81920 MiB, 63 %, 84.78 W, 43
2026/09/08 00:56:31.102, 27985 MiB, 81920 MiB, 0 %, 85.79 W, 43
2026/09/08 00:57:01.104, 27985 MiB, 81920 MiB, 57 %, 192.49 W, 45
2026/09/08 00:57:31.105, 27985 MiB, 81920 MiB, 60 %, 243.23 W, 48
2026/09/08 00:58:01.106, 27985 MiB, 81920 MiB, 70 %, 277.03 W, 49
2026/09/08 00:58:31.107, 27985 MiB, 81920 MiB, 14 %, 70.43 W, 41
2026/09/08 00:59:01.109, 27985 MiB, 81920 MiB, 55 %, 102.43 W, 44
2026/09/08 00:59:31.110, 27985 MiB, 81920 MiB, 0 %, 83.99 W, 42
2026/09/08 01:00:01.112, 27985 MiB, 81920 MiB, 73 %, 104.28 W, 45
2026/09/08 01:00:31.114, 27985 MiB, 81920 MiB, 0 %, 83.99 W, 41
2026/09/08 01:01:01.115, 27985 MiB, 81920 MiB, 26 %, 153.32 W, 45
2026/09/08 01:01:31.116, 27985 MiB, 81920 MiB, 88 %, 293.90 W, 49
2026/09/08 01:02:01.118, 27985 MiB, 81920 MiB, 51 %, 84.59 W, 42
2026/09/08 01:02:31.120, 27985 MiB, 81920 MiB, 48 %, 88.46 W, 42
2026/09/08 01:03:01.122, 27985 MiB, 81920 MiB, 31 %, 224.43 W, 47
2026/09/08 01:03:31.124, 27985 MiB, 81920 MiB, 0 %, 84.32 W, 41
2026/09/08 01:04:01.125, 27985 MiB, 81920 MiB, 36 %, 130.15 W, 45
2026/09/08 01:04:31.127, 27985 MiB, 81920 MiB, 64 %, 129.69 W, 44
2026/09/08 01:05:01.129, 27985 MiB, 81920 MiB, 68 %, 246.15 W, 46
2026/09/08 01:05:31.130, 27985 MiB, 81920 MiB, 68 %, 136.24 W, 44
2026/09/08 01:06:01.131, 27985 MiB, 81920 MiB, 0 %, 84.23 W, 42
2026/09/08 01:06:31.132, 27985 MiB, 81920 MiB, 2 %, 84.59 W, 42
2026/09/08 01:07:01.135, 27985 MiB, 81920 MiB, 75 %, 224.43 W, 44
2026/09/08 01:07:31.136, 27985 MiB, 81920 MiB, 0 %, 84.23 W, 42
2026/09/08 01:08:01.137, 27985 MiB, 81920 MiB, 0 %, 68.56 W, 40
2026/09/08 01:08:31.139, 27985 MiB, 81920 MiB, 48 %, 235.99 W, 45
2026/09/08 01:09:01.140, 27985 MiB, 81920 MiB, 11 %, 84.58 W, 41
2026/09/08 01:09:31.141, 27985 MiB, 81920 MiB, 32 %, 100.56 W, 44
2026/09/08 01:10:01.142, 27985 MiB, 81920 MiB, 80 %, 85.28 W, 42
2026/09/08 01:10:31.143, 27985 MiB, 81920 MiB, 75 %, 84.08 W, 42
2026/09/08 01:11:01.144, 27985 MiB, 81920 MiB, 69 %, 84.68 W, 43
2026/09/08 01:11:31.147, 27985 MiB, 81920 MiB, 28 %, 85.28 W, 42
2026/09/08 01:12:01.149, 27985 MiB, 81920 MiB, 26 %, 189.61 W, 44
2026/09/08 01:12:31.152, 27985 MiB, 81920 MiB, 37 %, 257.43 W, 45
2026/09/08 01:13:01.155, 27985 MiB, 81920 MiB, 2 %, 84.40 W, 42
2026/09/08 01:13:31.156, 27985 MiB, 81920 MiB, 0 %, 68.49 W, 40
2026/09/08 01:14:01.157, 27985 MiB, 81920 MiB, 0 %, 84.40 W, 42
2026/09/08 01:14:31.158, 27985 MiB, 81920 MiB, 32 %, 86.57 W, 46
2026/09/08 01:15:01.164, 27985 MiB, 81920 MiB, 79 %, 212.76 W, 46
2026/09/08 01:15:31.166, 27985 MiB, 81920 MiB, 6 %, 84.66 W, 43
2026/09/08 01:16:01.168, 27985 MiB, 81920 MiB, 0 %, 68.77 W, 40
2026/09/08 01:16:31.169, 27985 MiB, 81920 MiB, 83 %, 293.34 W, 48
2026/09/08 01:17:01.185, 27985 MiB, 81920 MiB, 58 %, 342.64 W, 48
2026/09/08 01:17:31.187, 27985 MiB, 81920 MiB, 91 %, 88.14 W, 46
2026/09/08 01:18:01.188, 27985 MiB, 81920 MiB, 55 %, 116.66 W, 44
2026/09/08 01:18:31.189, 27985 MiB, 81920 MiB, 38 %, 115.54 W, 45
2026/09/08 01:19:01.191, 27985 MiB, 81920 MiB, 34 %, 107.44 W, 44
2026/09/08 01:19:31.195, 27985 MiB, 81920 MiB, 0 %, 84.08 W, 41
2026/09/08 01:20:01.197, 27985 MiB, 81920 MiB, 0 %, 84.08 W, 41
2026/09/08 01:20:31.199, 27985 MiB, 81920 MiB, 76 %, 103.57 W, 48
2026/09/08 01:21:01.201, 27985 MiB, 81920 MiB, 1 %, 117.14 W, 45
2026/09/08 01:21:31.202, 27985 MiB, 81920 MiB, 88 %, 247.62 W, 48
2026/09/08 01:22:01.206, 27985 MiB, 81920 MiB, 34 %, 203.44 W, 44
2026/09/08 01:22:31.210, 27985 MiB, 81920 MiB, 0 %, 84.40 W, 41
2026/09/08 01:23:01.211, 27985 MiB, 81920 MiB, 0 %, 83.90 W, 41
2026/09/08 01:23:31.213, 27985 MiB, 81920 MiB, 78 %, 188.49 W, 46
2026/09/08 01:24:01.215, 27985 MiB, 81920 MiB, 0 %, 83.99 W, 41
2026/09/08 01:24:31.216, 27985 MiB, 81920 MiB, 37 %, 84.68 W, 45
2026/09/08 01:25:01.218, 27985 MiB, 81920 MiB, 0 %, 68.36 W, 40
2026/09/08 01:25:31.219, 27985 MiB, 81920 MiB, 52 %, 275.19 W, 48
2026/09/08 01:26:01.221, 27985 MiB, 81920 MiB, 37 %, 292.41 W, 47
2026/09/08 01:26:31.222, 27985 MiB, 81920 MiB, 36 %, 116.39 W, 44
2026/09/08 01:27:01.224, 27985 MiB, 81920 MiB, 35 %, 164.34 W, 45
2026/09/08 01:27:31.229, 27985 MiB, 81920 MiB, 80 %, 308.15 W, 48
2026/09/08 01:28:01.229, 27985 MiB, 81920 MiB, 0 %, 84.16 W, 41
2026/09/08 01:28:31.231, 27985 MiB, 81920 MiB, 0 %, 84.08 W, 41
2026/09/08 01:29:01.233, 27985 MiB, 81920 MiB, 11 %, 275.21 W, 43
2026/09/08 01:29:31.234, 27985 MiB, 81920 MiB, 50 %, 101.00 W, 44
2026/09/08 01:30:01.236, 27985 MiB, 81920 MiB, 0 %, 84.49 W, 42
2026/09/08 01:30:31.239, 27985 MiB, 81920 MiB, 83 %, 120.66 W, 45
2026/09/08 01:31:01.240, 27985 MiB, 81920 MiB, 0 %, 113.02 W, 44
2026/09/08 01:31:31.241, 27985 MiB, 81920 MiB, 0 %, 68.70 W, 41
2026/09/08 01:32:01.242, 27985 MiB, 81920 MiB, 70 %, 292.41 W, 48
2026/09/08 01:32:31.244, 27985 MiB, 81920 MiB, 0 %, 73.18 W, 39
2026/09/08 01:33:01.246, 27985 MiB, 81920 MiB, 86 %, 108.04 W, 46
2026/09/08 01:33:31.248, 27985 MiB, 81920 MiB, 28 %, 84.95 W, 43
2026/09/08 01:34:01.250, 27985 MiB, 81920 MiB, 0 %, 67.88 W, 38
2026/09/08 01:34:31.251, 27985 MiB, 81920 MiB, 0 %, 67.75 W, 38
2026/09/08 01:35:01.252, 27985 MiB, 81920 MiB, 60 %, 266.26 W, 48
2026/09/08 01:35:31.253, 27985 MiB, 81920 MiB, 0 %, 83.81 W, 40
2026/09/08 01:36:01.255, 27985 MiB, 81920 MiB, 62 %, 84.95 W, 43
2026/09/08 01:36:31.257, 27985 MiB, 81920 MiB, 5 %, 83.81 W, 41
2026/09/08 01:37:01.258, 27985 MiB, 81920 MiB, 0 %, 84.77 W, 42
2026/09/08 01:37:31.259, 27985 MiB, 81920 MiB, 0 %, 83.99 W, 41
2026/09/08 01:38:01.261, 27985 MiB, 81920 MiB, 56 %, 292.41 W, 48
2026/09/08 01:38:31.262, 27985 MiB, 81920 MiB, 0 %, 84.08 W, 41
2026/09/08 01:39:01.263, 27985 MiB, 81920 MiB, 92 %, 86.39 W, 43
2026/09/08 01:39:31.265, 27985 MiB, 81920 MiB, 0 %, 84.86 W, 41
2026/09/08 01:40:01.267, 27985 MiB, 81920 MiB, 3 %, 84.78 W, 41
2026/09/08 01:40:31.268, 27985 MiB, 81920 MiB, 51 %, 293.01 W, 48
2026/09/08 01:41:01.270, 27985 MiB, 81920 MiB, 88 %, 193.36 W, 46
2026/09/08 01:41:31.271, 27985 MiB, 81920 MiB, 44 %, 91.14 W, 47
2026/09/08 01:42:01.273, 27985 MiB, 81920 MiB, 0 %, 68.63 W, 41
2026/09/08 01:42:31.274, 27985 MiB, 81920 MiB, 1 %, 85.28 W, 42
2026/09/08 01:43:01.276, 27985 MiB, 81920 MiB, 43 %, 84.95 W, 42
2026/09/08 01:43:31.278, 27985 MiB, 81920 MiB, 61 %, 140.26 W, 44
2026/09/08 01:44:01.279, 27985 MiB, 81920 MiB, 56 %, 84.32 W, 43
2026/09/08 01:44:31.280, 27985 MiB, 81920 MiB, 53 %, 281.17 W, 46
2026/09/08 01:45:01.282, 27985 MiB, 81920 MiB, 58 %, 85.70 W, 46
2026/09/08 01:45:31.283, 27985 MiB, 81920 MiB, 50 %, 92.61 W, 45
2026/09/08 01:46:01.285, 27985 MiB, 81920 MiB, 55 %, 84.86 W, 42
2026/09/08 01:46:31.286, 27985 MiB, 81920 MiB, 46 %, 85.64 W, 47
2026/09/08 01:47:01.287, 27985 MiB, 81920 MiB, 85 %, 90.40 W, 47
2026/09/08 01:47:31.288, 27985 MiB, 81920 MiB, 0 %, 146.51 W, 43
2026/09/08 01:48:01.289, 27985 MiB, 81920 MiB, 2 %, 85.90 W, 42
2026/09/08 01:48:31.290, 27985 MiB, 81920 MiB, 0 %, 74.56 W, 41
2026/09/08 01:49:01.291, 27985 MiB, 81920 MiB, 58 %, 85.63 W, 46
2026/09/08 01:49:31.292, 27985 MiB, 81920 MiB, 0 %, 84.75 W, 41
2026/09/08 01:50:01.294, 27985 MiB, 81920 MiB, 2 %, 246.07 W, 45
2026/09/08 01:50:31.295, 27985 MiB, 81920 MiB, 77 %, 85.04 W, 43
2026/09/08 01:51:01.299, 27985 MiB, 81920 MiB, 69 %, 122.88 W, 44
2026/09/08 01:51:31.302, 27985 MiB, 81920 MiB, 74 %, 290.94 W, 49
2026/09/08 01:52:01.304, 27985 MiB, 81920 MiB, 81 %, 210.24 W, 44
2026/09/08 01:52:31.305, 27985 MiB, 81920 MiB, 86 %, 292.13 W, 50
2026/09/08 01:53:01.306, 27985 MiB, 81920 MiB, 0 %, 84.32 W, 42
2026/09/08 01:53:31.307, 27985 MiB, 81920 MiB, 70 %, 100.62 W, 45
2026/09/08 01:54:01.308, 27985 MiB, 81920 MiB, 32 %, 111.58 W, 46
2026/09/08 01:54:31.310, 27985 MiB, 81920 MiB, 22 %, 201.82 W, 46
2026/09/08 01:55:01.311, 27985 MiB, 81920 MiB, 59 %, 193.63 W, 46
2026/09/08 01:55:31.313, 27985 MiB, 81920 MiB, 0 %, 83.99 W, 41
2026/09/08 01:56:01.314, 27985 MiB, 81920 MiB, 65 %, 103.89 W, 48
2026/09/08 01:56:31.315, 27985 MiB, 81920 MiB, 5 %, 84.40 W, 42
2026/09/08 01:57:01.316, 27985 MiB, 81920 MiB, 55 %, 129.69 W, 43
2026/09/08 01:57:31.317, 27985 MiB, 81920 MiB, 0 %, 84.40 W, 42
2026/09/08 01:58:01.319, 27985 MiB, 81920 MiB, 0 %, 84.59 W, 42
2026/09/08 01:58:31.320, 27985 MiB, 81920 MiB, 32 %, 293.61 W, 49
2026/09/08 01:59:01.322, 27985 MiB, 81920 MiB, 76 %, 86.90 W, 44
2026/09/08 01:59:31.323, 27985 MiB, 81920 MiB, 13 %, 263.05 W, 48
2026/09/08 02:00:01.325, 27985 MiB, 81920 MiB, 66 %, 266.59 W, 47
2026/09/08 02:00:31.326, 27985 MiB, 81920 MiB, 53 %, 312.30 W, 47
2026/09/08 02:01:01.327, 27987 MiB, 81920 MiB, 52 %, 87.53 W, 46
2026/09/08 02:01:31.328, 27987 MiB, 81920 MiB, 35 %, 88.23 W, 44
2026/09/08 02:02:01.331, 27987 MiB, 81920 MiB, 2 %, 85.88 W, 42
2026/09/08 02:02:31.333, 27987 MiB, 81920 MiB, 0 %, 84.86 W, 42
2026/09/08 02:03:01.334, 27987 MiB, 81920 MiB, 0 %, 84.86 W, 42
2026/09/08 02:03:31.336, 27987 MiB, 81920 MiB, 0 %, 84.68 W, 42
2026/09/08 02:04:01.337, 27987 MiB, 81920 MiB, 0 %, 120.66 W, 45
2026/09/08 02:04:31.338, 27987 MiB, 81920 MiB, 91 %, 301.89 W, 47
2026/09/08 02:05:01.340, 27987 MiB, 81920 MiB, 21 %, 289.74 W, 49
2026/09/08 02:05:31.341, 27987 MiB, 81920 MiB, 41 %, 292.70 W, 48
2026/09/08 02:06:01.342, 27987 MiB, 81920 MiB, 0 %, 84.59 W, 42
2026/09/08 02:06:31.343, 27987 MiB, 81920 MiB, 37 %, 178.81 W, 45
2026/09/08 02:07:01.347, 27987 MiB, 81920 MiB, 1 %, 86.30 W, 42
2026/09/08 02:07:31.348, 27987 MiB, 81920 MiB, 0 %, 83.99 W, 41
2026/09/08 02:08:01.349, 27987 MiB, 81920 MiB, 0 %, 263.64 W, 41
2026/09/08 02:08:31.351, 27987 MiB, 81920 MiB, 88 %, 286.47 W, 48
2026/09/08 02:09:01.352, 27987 MiB, 81920 MiB, 87 %, 88.32 W, 43
2026/09/08 02:09:31.353, 27987 MiB, 81920 MiB, 76 %, 212.15 W, 47
2026/09/08 02:10:01.354, 27987 MiB, 81920 MiB, 0 %, 83.99 W, 42
2026/09/08 02:10:31.356, 27987 MiB, 81920 MiB, 0 %, 84.78 W, 42
2026/09/08 02:11:01.359, 27987 MiB, 81920 MiB, 76 %, 84.95 W, 44
2026/09/08 02:11:31.361, 27987 MiB, 81920 MiB, 27 %, 205.51 W, 45
2026/09/08 02:12:01.362, 27987 MiB, 81920 MiB, 28 %, 126.61 W, 44
2026/09/08 02:12:31.364, 27987 MiB, 81920 MiB, 59 %, 108.48 W, 45
2026/09/08 02:13:01.365, 27987 MiB, 81920 MiB, 0 %, 68.84 W, 42
2026/09/08 02:13:31.367, 27987 MiB, 81920 MiB, 95 %, 293.65 W, 49
2026/09/08 02:14:01.368, 27987 MiB, 81920 MiB, 89 %, 292.75 W, 50
2026/09/08 02:14:31.369, 27987 MiB, 81920 MiB, 99 %, 278.18 W, 47
2026/09/08 02:15:01.370, 27987 MiB, 81920 MiB, 1 %, 112.77 W, 44
2026/09/08 02:15:31.372, 27987 MiB, 81920 MiB, 74 %, 87.89 W, 46
2026/09/08 02:16:01.374, 27987 MiB, 81920 MiB, 0 %, 85.21 W, 42
2026/09/08 02:16:31.375, 27987 MiB, 81920 MiB, 92 %, 329.75 W, 48
2026/09/08 02:17:01.377, 27987 MiB, 81920 MiB, 81 %, 85.48 W, 43
2026/09/08 02:17:31.378, 27987 MiB, 81920 MiB, 91 %, 85.81 W, 45
2026/09/08 02:18:01.379, 27987 MiB, 81920 MiB, 0 %, 84.42 W, 41
2026/09/08 02:18:31.381, 27987 MiB, 81920 MiB, 19 %, 155.47 W, 44
2026/09/08 02:19:01.382, 27987 MiB, 81920 MiB, 50 %, 280.86 W, 49
2026/09/08 02:19:31.384, 27987 MiB, 81920 MiB, 0 %, 150.40 W, 45
2026/09/08 02:20:01.386, 27987 MiB, 81920 MiB, 22 %, 84.49 W, 42
2026/09/08 02:20:31.388, 27987 MiB, 81920 MiB, 91 %, 85.64 W, 44
2026/09/08 02:21:01.389, 27987 MiB, 81920 MiB, 68 %, 203.89 W, 48
2026/09/08 02:21:31.391, 27987 MiB, 81920 MiB, 54 %, 104.32 W, 42
2026/09/08 02:22:01.392, 27987 MiB, 81920 MiB, 48 %, 85.81 W, 43
2026/09/08 02:22:31.393, 27987 MiB, 81920 MiB, 0 %, 84.16 W, 42
2026/09/08 02:23:01.394, 27987 MiB, 81920 MiB, 3 %, 84.86 W, 42
2026/09/08 02:23:31.396, 27987 MiB, 81920 MiB, 15 %, 134.44 W, 44
2026/09/08 02:24:01.397, 27987 MiB, 81920 MiB, 67 %, 223.93 W, 44
2026/09/08 02:24:31.399, 27987 MiB, 81920 MiB, 93 %, 85.70 W, 43
2026/09/08 02:25:01.400, 27987 MiB, 81920 MiB, 29 %, 237.79 W, 45
2026/09/08 02:25:31.401, 27987 MiB, 81920 MiB, 0 %, 68.63 W, 40
2026/09/08 02:26:01.402, 27987 MiB, 81920 MiB, 0 %, 83.81 W, 41
2026/09/08 02:26:31.404, 27987 MiB, 81920 MiB, 0 %, 68.49 W, 40
2026/09/08 02:27:01.405, 27987 MiB, 81920 MiB, 0 %, 84.59 W, 41
2026/09/08 02:27:31.407, 27987 MiB, 81920 MiB, 33 %, 224.80 W, 44
2026/09/08 02:28:01.409, 27987 MiB, 81920 MiB, 98 %, 236.32 W, 49
2026/09/08 02:28:31.410, 27987 MiB, 81920 MiB, 0 %, 84.40 W, 41
2026/09/08 02:29:01.412, 27987 MiB, 81920 MiB, 61 %, 85.55 W, 43
2026/09/08 02:29:31.413, 27987 MiB, 81920 MiB, 58 %, 191.29 W, 44
2026/09/08 02:30:01.414, 27987 MiB, 81920 MiB, 22 %, 291.81 W, 47
2026/09/08 02:30:31.415, 27987 MiB, 81920 MiB, 0 %, 84.32 W, 41
2026/09/08 02:31:01.417, 27987 MiB, 81920 MiB, 53 %, 84.68 W, 42
2026/09/08 02:31:31.418, 27987 MiB, 81920 MiB, 87 %, 290.94 W, 49
2026/09/08 02:32:01.420, 27987 MiB, 81920 MiB, 62 %, 127.75 W, 46
2026/09/08 02:32:31.421, 27987 MiB, 81920 MiB, 25 %, 84.40 W, 42
2026/09/08 02:33:01.422, 27987 MiB, 81920 MiB, 0 %, 68.90 W, 41
2026/09/08 02:33:31.424, 27987 MiB, 81920 MiB, 86 %, 165.79 W, 47
2026/09/08 02:34:01.426, 27987 MiB, 81920 MiB, 51 %, 84.86 W, 43
2026/09/08 02:34:31.427, 27987 MiB, 81920 MiB, 0 %, 84.59 W, 41
2026/09/08 02:35:01.429, 27987 MiB, 81920 MiB, 42 %, 85.46 W, 42
2026/09/08 02:35:31.430, 27987 MiB, 81920 MiB, 51 %, 103.30 W, 45
2026/09/08 02:36:01.432, 27987 MiB, 81920 MiB, 17 %, 84.86 W, 42
2026/09/08 02:36:31.433, 27987 MiB, 81920 MiB, 38 %, 85.19 W, 43
2026/09/08 02:37:01.435, 27987 MiB, 81920 MiB, 39 %, 141.44 W, 46
2026/09/08 02:37:31.436, 27987 MiB, 81920 MiB, 70 %, 290.61 W, 49
2026/09/08 02:38:01.437, 27987 MiB, 81920 MiB, 0 %, 83.99 W, 41
2026/09/08 02:38:31.439, 27987 MiB, 81920 MiB, 0 %, 67.82 W, 38
2026/09/08 02:39:01.444, 27987 MiB, 81920 MiB, 85 %, 263.05 W, 46
2026/09/08 02:39:31.445, 27987 MiB, 81920 MiB, 95 %, 192.09 W, 45
2026/09/08 02:40:01.446, 27987 MiB, 81920 MiB, 4 %, 83.81 W, 41
2026/09/08 02:40:31.447, 27987 MiB, 81920 MiB, 84 %, 284.73 W, 46
2026/09/08 02:41:01.449, 27987 MiB, 81920 MiB, 31 %, 84.25 W, 42
2026/09/08 02:41:31.450, 27987 MiB, 81920 MiB, 98 %, 107.99 W, 46
2026/09/08 02:42:01.451, 27987 MiB, 81920 MiB, 42 %, 85.19 W, 42
2026/09/08 02:42:31.452, 27987 MiB, 81920 MiB, 3 %, 146.33 W, 45
2026/09/08 02:43:01.454, 27987 MiB, 81920 MiB, 76 %, 302.20 W, 46
2026/09/08 02:43:31.456, 27987 MiB, 81920 MiB, 0 %, 84.59 W, 41
2026/09/08 02:44:01.457, 27987 MiB, 81920 MiB, 70 %, 203.61 W, 43
2026/09/08 02:44:31.459, 27987 MiB, 81920 MiB, 29 %, 85.28 W, 42
2026/09/08 02:45:01.460, 27987 MiB, 81920 MiB, 56 %, 85.88 W, 42
2026/09/08 02:45:31.461, 27987 MiB, 81920 MiB, 36 %, 84.40 W, 42
2026/09/08 02:46:01.462, 27987 MiB, 81920 MiB, 61 %, 101.93 W, 42
2026/09/08 02:46:31.464, 27987 MiB, 81920 MiB, 83 %, 85.46 W, 44
2026/09/08 02:47:01.465, 27987 MiB, 81920 MiB, 0 %, 84.08 W, 41
2026/09/08 02:47:31.466, 27987 MiB, 81920 MiB, 81 %, 279.97 W, 48
2026/09/08 02:48:01.469, 27987 MiB, 81920 MiB, 20 %, 117.05 W, 45
2026/09/08 02:48:31.471, 27987 MiB, 81920 MiB, 81 %, 112.79 W, 48
2026/09/08 02:49:01.473, 27987 MiB, 81920 MiB, 75 %, 208.51 W, 44
2026/09/08 02:49:31.475, 27987 MiB, 81920 MiB, 4 %, 84.68 W, 42
2026/09/08 02:50:01.477, 27987 MiB, 81920 MiB, 97 %, 255.96 W, 47
2026/09/08 02:50:31.478, 27987 MiB, 81920 MiB, 7 %, 246.17 W, 44
2026/09/08 02:51:01.479, 27987 MiB, 81920 MiB, 45 %, 96.25 W, 43
2026/09/08 02:51:31.483, 27987 MiB, 81920 MiB, 32 %, 292.11 W, 47
2026/09/08 02:52:01.485, 27987 MiB, 81920 MiB, 57 %, 97.28 W, 43
2026/09/08 02:52:31.486, 27987 MiB, 81920 MiB, 7 %, 290.94 W, 46
2026/09/08 02:53:01.488, 27987 MiB, 81920 MiB, 16 %, 84.68 W, 42
2026/09/08 02:53:31.489, 27987 MiB, 81920 MiB, 97 %, 120.33 W, 46
2026/09/08 02:54:01.491, 27987 MiB, 81920 MiB, 69 %, 256.09 W, 44
2026/09/08 02:54:31.493, 27987 MiB, 81920 MiB, 15 %, 271.94 W, 46
2026/09/08 02:55:01.494, 27987 MiB, 81920 MiB, 73 %, 99.46 W, 45
2026/09/08 02:55:31.495, 27987 MiB, 81920 MiB, 40 %, 86.57 W, 45
2026/09/08 02:56:01.496, 27987 MiB, 81920 MiB, 36 %, 91.73 W, 42
2026/09/08 02:56:31.497, 27987 MiB, 81920 MiB, 58 %, 87.26 W, 42
2026/09/08 02:57:01.502, 27987 MiB, 81920 MiB, 4 %, 74.78 W, 41
2026/09/08 02:57:31.504, 27987 MiB, 81920 MiB, 65 %, 270.49 W, 48
2026/09/08 02:58:01.506, 27987 MiB, 81920 MiB, 2 %, 85.37 W, 42
2026/09/08 02:58:31.507, 27987 MiB, 81920 MiB, 85 %, 290.06 W, 47
2026/09/08 02:59:01.510, 27987 MiB, 81920 MiB, 0 %, 83.81 W, 41
2026/09/08 02:59:31.511, 27987 MiB, 81920 MiB, 59 %, 300.71 W, 48
2026/09/08 03:00:01.512, 27987 MiB, 81920 MiB, 0 %, 84.59 W, 41
2026/09/08 03:00:31.513, 27987 MiB, 81920 MiB, 0 %, 83.99 W, 41
2026/09/08 03:01:01.514, 27987 MiB, 81920 MiB, 71 %, 85.37 W, 43
2026/09/08 03:01:31.515, 27987 MiB, 81920 MiB, 37 %, 124.08 W, 45
2026/09/08 03:02:01.517, 27987 MiB, 81920 MiB, 35 %, 169.69 W, 45
2026/09/08 03:02:31.519, 27987 MiB, 81920 MiB, 83 %, 109.24 W, 44
2026/09/08 03:03:01.525, 27987 MiB, 81920 MiB, 20 %, 279.97 W, 44
2026/09/08 03:03:31.526, 27987 MiB, 81920 MiB, 12 %, 160.02 W, 45
2026/09/08 03:04:01.527, 27987 MiB, 81920 MiB, 67 %, 274.05 W, 48
2026/09/08 03:04:31.528, 27987 MiB, 81920 MiB, 71 %, 293.61 W, 48
2026/09/08 03:05:01.530, 27987 MiB, 81920 MiB, 51 %, 112.86 W, 45
2026/09/08 03:05:31.531, 27987 MiB, 81920 MiB, 27 %, 86.57 W, 47
2026/09/08 03:06:01.532, 27987 MiB, 81920 MiB, 20 %, 177.80 W, 45
2026/09/08 03:06:31.533, 27987 MiB, 81920 MiB, 30 %, 135.97 W, 45
2026/09/08 03:07:01.535, 27987 MiB, 81920 MiB, 69 %, 252.10 W, 49
2026/09/08 03:07:31.536, 27987 MiB, 81920 MiB, 56 %, 85.55 W, 43
2026/09/08 03:08:01.537, 27987 MiB, 81920 MiB, 88 %, 359.25 W, 46
2026/09/08 03:08:31.539, 27987 MiB, 81920 MiB, 80 %, 293.61 W, 48
2026/09/08 03:09:01.540, 27987 MiB, 81920 MiB, 61 %, 90.90 W, 44
2026/09/08 03:09:31.543, 27987 MiB, 81920 MiB, 36 %, 173.05 W, 43
2026/09/08 03:10:01.545, 27987 MiB, 81920 MiB, 67 %, 264.84 W, 48
2026/09/08 03:10:31.547, 27987 MiB, 81920 MiB, 0 %, 83.90 W, 41
2026/09/08 03:11:01.549, 27987 MiB, 81920 MiB, 0 %, 84.32 W, 41
2026/09/08 03:11:31.550, 27987 MiB, 81920 MiB, 0 %, 84.86 W, 41
2026/09/08 03:12:01.553, 27987 MiB, 81920 MiB, 91 %, 85.88 W, 44
2026/09/08 03:12:31.555, 27987 MiB, 81920 MiB, 71 %, 170.53 W, 44
2026/09/08 03:13:01.557, 27987 MiB, 81920 MiB, 0 %, 69.08 W, 41
2026/09/08 03:13:31.558, 27987 MiB, 81920 MiB, 0 %, 84.95 W, 42
2026/09/08 03:14:01.559, 27987 MiB, 81920 MiB, 68 %, 137.44 W, 48
2026/09/08 03:14:31.560, 27987 MiB, 81920 MiB, 36 %, 88.97 W, 43
2026/09/08 03:15:01.562, 27987 MiB, 81920 MiB, 0 %, 84.08 W, 42
2026/09/08 03:15:31.563, 27987 MiB, 81920 MiB, 77 %, 86.49 W, 43
2026/09/08 03:16:01.565, 27987 MiB, 81920 MiB, 33 %, 129.88 W, 44
2026/09/08 03:16:31.566, 27987 MiB, 81920 MiB, 0 %, 84.59 W, 42
2026/09/08 03:17:01.567, 27987 MiB, 81920 MiB, 0 %, 83.81 W, 41
2026/09/08 03:17:31.570, 27987 MiB, 81920 MiB, 0 %, 74.17 W, 40
2026/09/08 03:18:01.572, 27987 MiB, 81920 MiB, 0 %, 70.63 W, 40
2026/09/08 03:18:31.573, 27987 MiB, 81920 MiB, 53 %, 286.48 W, 48
2026/09/08 03:19:01.575, 27987 MiB, 81920 MiB, 1 %, 86.24 W, 42
2026/09/08 03:19:31.576, 27987 MiB, 81920 MiB, 90 %, 235.09 W, 48
2026/09/08 03:20:01.578, 27987 MiB, 81920 MiB, 2 %, 85.97 W, 42
2026/09/08 03:20:31.580, 27987 MiB, 81920 MiB, 3 %, 86.06 W, 45
2026/09/08 03:21:01.581, 27987 MiB, 81920 MiB, 88 %, 91.51 W, 45
2026/09/08 03:21:31.587, 27987 MiB, 81920 MiB, 80 %, 94.78 W, 44
2026/09/08 03:22:01.589, 27987 MiB, 81920 MiB, 33 %, 256.83 W, 44
2026/09/08 03:22:31.590, 27987 MiB, 81920 MiB, 2 %, 84.86 W, 41
2026/09/08 03:23:01.591, 27987 MiB, 81920 MiB, 0 %, 83.81 W, 40
2026/09/08 03:23:31.593, 27987 MiB, 81920 MiB, 53 %, 305.76 W, 49
2026/09/08 03:24:01.595, 27987 MiB, 81920 MiB, 3 %, 85.55 W, 41
2026/09/08 03:24:31.603, 27987 MiB, 81920 MiB, 0 %, 84.40 W, 41
2026/09/08 03:25:01.604, 27987 MiB, 81920 MiB, 64 %, 158.54 W, 44
2026/09/08 03:25:31.606, 27987 MiB, 81920 MiB, 95 %, 279.12 W, 47
2026/09/08 03:26:01.611, 27987 MiB, 81920 MiB, 77 %, 110.83 W, 44
2026/09/08 03:26:31.612, 27987 MiB, 81920 MiB, 0 %, 117.61 W, 42
2026/09/08 03:27:01.614, 27987 MiB, 81920 MiB, 24 %, 85.55 W, 44
2026/09/08 03:27:31.616, 27987 MiB, 81920 MiB, 0 %, 84.08 W, 41
2026/09/08 03:28:01.617, 27987 MiB, 81920 MiB, 0 %, 83.99 W, 41
2026/09/08 03:28:31.618, 27987 MiB, 81920 MiB, 0 %, 84.32 W, 42
2026/09/08 03:29:01.619, 27987 MiB, 81920 MiB, 63 %, 275.50 W, 47
2026/09/08 03:29:31.620, 27987 MiB, 81920 MiB, 89 %, 116.66 W, 46
2026/09/08 03:30:01.623, 27987 MiB, 81920 MiB, 19 %, 85.19 W, 42
2026/09/08 03:30:31.625, 27987 MiB, 81920 MiB, 59 %, 277.03 W, 45
2026/09/08 03:31:01.626, 27987 MiB, 81920 MiB, 25 %, 290.63 W, 48
2026/09/08 03:31:31.628, 27987 MiB, 81920 MiB, 92 %, 220.66 W, 46
2026/09/08 03:32:01.629, 27987 MiB, 81920 MiB, 25 %, 84.86 W, 46
2026/09/08 03:32:31.630, 27987 MiB, 81920 MiB, 78 %, 290.67 W, 46
2026/09/08 03:33:01.631, 27987 MiB, 81920 MiB, 3 %, 271.37 W, 44
2026/09/08 03:33:31.633, 27987 MiB, 81920 MiB, 0 %, 84.32 W, 41
2026/09/08 03:34:01.634, 27987 MiB, 81920 MiB, 2 %, 164.27 W, 44
2026/09/08 03:34:31.636, 27987 MiB, 81920 MiB, 47 %, 169.93 W, 45
2026/09/08 03:35:01.637, 27987 MiB, 81920 MiB, 0 %, 83.81 W, 41
2026/09/08 03:35:31.639, 27987 MiB, 81920 MiB, 55 %, 84.32 W, 41
2026/09/08 03:36:01.640, 27987 MiB, 81920 MiB, 79 %, 220.55 W, 48
2026/09/08 03:36:31.641, 27987 MiB, 81920 MiB, 33 %, 85.55 W, 46
2026/09/08 03:37:01.643, 27987 MiB, 81920 MiB, 0 %, 234.36 W, 43
2026/09/08 03:37:31.645, 27987 MiB, 81920 MiB, 0 %, 84.08 W, 41
2026/09/08 03:38:01.646, 27987 MiB, 81920 MiB, 55 %, 84.68 W, 42
2026/09/08 03:38:31.647, 27987 MiB, 81920 MiB, 88 %, 280.27 W, 47
2026/09/08 03:39:01.649, 27987 MiB, 81920 MiB, 28 %, 84.68 W, 42
2026/09/08 03:39:31.650, 27987 MiB, 81920 MiB, 0 %, 84.08 W, 41
2026/09/08 03:40:01.654, 27987 MiB, 81920 MiB, 0 %, 84.59 W, 42
2026/09/08 03:40:31.656, 27987 MiB, 81920 MiB, 0 %, 83.99 W, 41
2026/09/08 03:41:01.658, 27987 MiB, 81920 MiB, 5 %, 86.39 W, 42
2026/09/08 03:41:31.659, 27987 MiB, 81920 MiB, 27 %, 87.08 W, 45
2026/09/08 03:42:01.660, 27987 MiB, 81920 MiB, 50 %, 141.76 W, 45
2026/09/08 03:42:31.661, 27987 MiB, 81920 MiB, 100 %, 95.01 W, 42
2026/09/08 03:43:01.663, 27987 MiB, 81920 MiB, 0 %, 67.68 W, 38
2026/09/08 03:43:31.664, 27987 MiB, 81920 MiB, 0 %, 83.12 W, 38
2026/09/08 03:44:01.665, 27987 MiB, 81920 MiB, 0 %, 83.48 W, 39
2026/09/08 03:44:31.667, 27987 MiB, 81920 MiB, 57 %, 104.17 W, 44
2026/09/08 03:45:01.668, 27987 MiB, 81920 MiB, 72 %, 289.74 W, 48
2026/09/08 03:45:31.669, 27987 MiB, 81920 MiB, 44 %, 231.34 W, 47
2026/09/08 03:46:01.670, 27987 MiB, 81920 MiB, 0 %, 84.40 W, 41
2026/09/08 03:46:31.671, 27987 MiB, 81920 MiB, 64 %, 84.77 W, 42
2026/09/08 03:47:01.673, 27987 MiB, 81920 MiB, 0 %, 101.11 W, 41
2026/09/08 03:47:31.674, 27987 MiB, 81920 MiB, 0 %, 84.08 W, 42
2026/09/08 03:48:01.679, 27987 MiB, 81920 MiB, 11 %, 84.58 W, 41
2026/09/08 03:48:31.685, 27987 MiB, 81920 MiB, 99 %, 92.97 W, 44
2026/09/08 03:49:01.686, 27987 MiB, 81920 MiB, 33 %, 131.82 W, 43
2026/09/08 03:49:31.688, 27987 MiB, 81920 MiB, 49 %, 148.73 W, 44
2026/09/08 03:50:01.689, 27987 MiB, 81920 MiB, 98 %, 258.03 W, 47
2026/09/08 03:50:31.692, 27987 MiB, 81920 MiB, 52 %, 273.45 W, 46
2026/09/08 03:51:01.694, 27987 MiB, 81920 MiB, 66 %, 88.55 W, 44
2026/09/08 03:51:31.695, 27987 MiB, 81920 MiB, 0 %, 85.19 W, 42
2026/09/08 03:52:01.702, 27987 MiB, 81920 MiB, 2 %, 84.59 W, 42
2026/09/08 03:52:31.706, 27987 MiB, 81920 MiB, 71 %, 118.73 W, 44
2026/09/08 03:53:01.707, 27987 MiB, 81920 MiB, 60 %, 169.61 W, 44
2026/09/08 03:53:31.709, 27987 MiB, 81920 MiB, 2 %, 76.38 W, 41
2026/09/08 03:54:01.712, 27987 MiB, 81920 MiB, 2 %, 84.78 W, 42
2026/09/08 03:54:31.713, 27987 MiB, 81920 MiB, 2 %, 172.36 W, 43
2026/09/08 03:55:01.715, 27987 MiB, 81920 MiB, 91 %, 294.48 W, 47
2026/09/08 03:55:31.716, 27987 MiB, 81920 MiB, 0 %, 84.32 W, 41
2026/09/08 03:56:01.717, 27987 MiB, 81920 MiB, 74 %, 211.83 W, 45
2026/09/08 03:56:31.718, 27987 MiB, 81920 MiB, 0 %, 68.56 W, 40
2026/09/08 03:57:01.720, 27987 MiB, 81920 MiB, 0 %, 84.77 W, 42
2026/09/08 03:57:31.723, 27987 MiB, 81920 MiB, 26 %, 84.08 W, 41
2026/09/08 03:58:01.727, 27987 MiB, 81920 MiB, 41 %, 86.48 W, 43
2026/09/08 03:58:31.728, 27987 MiB, 81920 MiB, 0 %, 83.99 W, 41
2026/09/08 03:59:01.736, 27987 MiB, 81920 MiB, 61 %, 85.88 W, 43
2026/09/08 03:59:31.738, 27987 MiB, 81920 MiB, 0 %, 85.46 W, 42
2026/09/08 04:00:01.739, 27987 MiB, 81920 MiB, 66 %, 85.46 W, 42
2026/09/08 04:00:31.741, 27987 MiB, 81920 MiB, 54 %, 181.67 W, 45
2026/09/08 04:01:01.742, 27987 MiB, 81920 MiB, 3 %, 255.63 W, 45
2026/09/08 04:01:31.743, 27987 MiB, 81920 MiB, 100 %, 216.41 W, 46
2026/09/08 04:02:01.744, 27987 MiB, 81920 MiB, 46 %, 84.32 W, 42
2026/09/08 04:02:31.746, 27987 MiB, 81920 MiB, 0 %, 84.32 W, 41
2026/09/08 04:03:01.747, 27987 MiB, 81920 MiB, 57 %, 194.36 W, 45
2026/09/08 04:03:31.749, 27987 MiB, 81920 MiB, 0 %, 84.08 W, 41
2026/09/08 04:04:01.751, 27987 MiB, 81920 MiB, 76 %, 275.55 W, 49
2026/09/08 04:04:31.772, 27987 MiB, 81920 MiB, 16 %, 170.38 W, 44
2026/09/08 04:05:01.773, 27987 MiB, 81920 MiB, 86 %, 193.56 W, 46
2026/09/08 04:05:31.774, 27987 MiB, 81920 MiB, 55 %, 110.95 W, 44
2026/09/08 04:06:01.780, 27987 MiB, 81920 MiB, 67 %, 194.43 W, 48
2026/09/08 04:06:31.781, 27987 MiB, 81920 MiB, 81 %, 236.84 W, 48
2026/09/08 04:07:01.783, 27987 MiB, 81920 MiB, 58 %, 87.08 W, 45
2026/09/08 04:07:31.787, 27987 MiB, 81920 MiB, 33 %, 87.08 W, 47
2026/09/08 04:08:01.788, 27987 MiB, 81920 MiB, 0 %, 84.86 W, 42
2026/09/08 04:08:31.789, 27987 MiB, 81920 MiB, 31 %, 85.19 W, 42
2026/09/08 04:09:01.791, 27987 MiB, 81920 MiB, 41 %, 117.41 W, 43
2026/09/08 04:09:31.792, 27987 MiB, 81920 MiB, 86 %, 86.48 W, 48
2026/09/08 04:10:01.793, 27987 MiB, 81920 MiB, 40 %, 98.93 W, 44
2026/09/08 04:10:31.794, 27987 MiB, 81920 MiB, 78 %, 292.14 W, 48
2026/09/08 04:11:01.795, 27987 MiB, 81920 MiB, 0 %, 84.42 W, 42
2026/09/08 04:11:31.797, 27987 MiB, 81920 MiB, 0 %, 84.94 W, 42
2026/09/08 04:12:01.799, 27987 MiB, 81920 MiB, 0 %, 84.75 W, 42
2026/09/08 04:12:31.800, 27987 MiB, 81920 MiB, 46 %, 89.80 W, 45
2026/09/08 04:13:01.801, 27987 MiB, 81920 MiB, 72 %, 95.95 W, 46
2026/09/08 04:13:31.802, 27987 MiB, 81920 MiB, 55 %, 103.35 W, 45
2026/09/08 04:14:01.804, 27987 MiB, 81920 MiB, 97 %, 232.33 W, 47
2026/09/08 04:14:31.805, 27987 MiB, 81920 MiB, 67 %, 126.88 W, 43
2026/09/08 04:15:01.812, 27987 MiB, 81920 MiB, 36 %, 187.61 W, 44
2026/09/08 04:15:31.814, 27987 MiB, 81920 MiB, 0 %, 84.08 W, 41
2026/09/08 04:16:01.819, 27987 MiB, 81920 MiB, 47 %, 269.58 W, 44
2026/09/08 04:16:31.821, 27987 MiB, 81920 MiB, 0 %, 83.90 W, 41
2026/09/08 04:17:01.824, 27987 MiB, 81920 MiB, 0 %, 84.68 W, 41
2026/09/08 04:17:31.825, 27987 MiB, 81920 MiB, 0 %, 83.99 W, 41
2026/09/08 04:18:01.827, 27987 MiB, 81920 MiB, 72 %, 238.12 W, 46
2026/09/08 04:18:31.828, 27987 MiB, 81920 MiB, 37 %, 93.81 W, 46
2026/09/08 04:19:01.829, 27987 MiB, 81920 MiB, 49 %, 122.15 W, 44
2026/09/08 04:19:31.831, 27987 MiB, 81920 MiB, 95 %, 269.58 W, 49
2026/09/08 04:20:01.833, 27987 MiB, 81920 MiB, 0 %, 84.59 W, 41
2026/09/08 04:20:31.833, 27987 MiB, 81920 MiB, 33 %, 89.33 W, 41
2026/09/08 04:21:01.835, 27987 MiB, 81920 MiB, 76 %, 86.06 W, 44
2026/09/08 04:21:31.836, 27987 MiB, 81920 MiB, 45 %, 279.39 W, 48
2026/09/08 04:22:01.878, 27987 MiB, 81920 MiB, 76 %, 92.19 W, 46
2026/09/08 04:22:31.880, 27987 MiB, 81920 MiB, 60 %, 86.39 W, 43
2026/09/08 04:23:01.882, 27987 MiB, 81920 MiB, 100 %, 143.83 W, 47
2026/09/08 04:23:31.883, 27987 MiB, 81920 MiB, 0 %, 83.81 W, 41
2026/09/08 04:24:01.885, 27987 MiB, 81920 MiB, 39 %, 128.08 W, 44
2026/09/08 04:24:31.889, 27987 MiB, 81920 MiB, 19 %, 85.79 W, 43
2026/09/08 04:25:01.891, 27987 MiB, 81920 MiB, 60 %, 86.39 W, 43
2026/09/08 04:25:31.892, 27987 MiB, 81920 MiB, 45 %, 86.99 W, 42
2026/09/08 04:26:01.894, 27987 MiB, 81920 MiB, 38 %, 165.62 W, 44
2026/09/08 04:26:31.921, 27987 MiB, 81920 MiB, 100 %, 259.83 W, 46
2026/09/08 04:27:01.922, 27987 MiB, 81920 MiB, 83 %, 315.18 W, 49
2026/09/08 04:27:31.923, 27987 MiB, 81920 MiB, 54 %, 264.24 W, 47
2026/09/08 04:28:01.937, 27987 MiB, 81920 MiB, 0 %, 85.28 W, 42
2026/09/08 04:28:31.939, 27987 MiB, 81920 MiB, 84 %, 113.00 W, 45
2026/09/08 04:29:01.940, 27987 MiB, 81920 MiB, 54 %, 288.57 W, 45
2026/09/08 04:29:31.941, 27987 MiB, 81920 MiB, 40 %, 116.66 W, 47
2026/09/08 04:30:01.942, 27987 MiB, 81920 MiB, 66 %, 312.85 W, 49
2026/09/08 04:30:31.944, 27987 MiB, 81920 MiB, 0 %, 84.49 W, 41
2026/09/08 04:31:01.945, 27987 MiB, 81920 MiB, 51 %, 94.88 W, 44
2026/09/08 04:31:31.946, 27987 MiB, 81920 MiB, 77 %, 341.31 W, 48
2026/09/08 04:32:01.947, 27987 MiB, 81920 MiB, 43 %, 84.42 W, 42
2026/09/08 04:32:31.948, 27987 MiB, 81920 MiB, 78 %, 139.69 W, 46
2026/09/08 04:33:01.949, 27987 MiB, 81920 MiB, 99 %, 288.84 W, 46
2026/09/08 04:33:31.950, 27987 MiB, 81920 MiB, 0 %, 84.08 W, 41
2026/09/08 04:34:01.952, 27987 MiB, 81920 MiB, 4 %, 97.25 W, 41
2026/09/08 04:34:31.954, 27987 MiB, 81920 MiB, 70 %, 292.41 W, 47
2026/09/08 04:35:01.955, 27987 MiB, 81920 MiB, 35 %, 84.77 W, 42
2026/09/08 04:35:31.957, 27987 MiB, 81920 MiB, 79 %, 239.61 W, 49
2026/09/08 04:36:01.958, 27987 MiB, 81920 MiB, 55 %, 244.01 W, 45
2026/09/08 04:36:31.960, 27987 MiB, 81920 MiB, 0 %, 84.59 W, 42
2026/09/08 04:37:01.963, 27987 MiB, 81920 MiB, 86 %, 86.06 W, 43
2026/09/08 04:37:31.966, 27987 MiB, 81920 MiB, 81 %, 262.49 W, 50
2026/09/08 04:38:01.968, 27987 MiB, 81920 MiB, 72 %, 252.69 W, 48
2026/09/08 04:38:31.970, 27987 MiB, 81920 MiB, 79 %, 109.84 W, 45
2026/09/08 04:39:01.972, 27987 MiB, 81920 MiB, 52 %, 84.59 W, 42
2026/09/08 04:39:31.973, 27987 MiB, 81920 MiB, 33 %, 101.12 W, 44
2026/09/08 04:40:01.974, 27987 MiB, 81920 MiB, 90 %, 219.50 W, 48
2026/09/08 04:40:31.976, 27987 MiB, 81920 MiB, 49 %, 86.39 W, 41
2026/09/08 04:41:01.977, 27987 MiB, 81920 MiB, 0 %, 68.49 W, 40
2026/09/08 04:41:31.979, 27987 MiB, 81920 MiB, 0 %, 74.78 W, 41
2026/09/08 04:42:01.980, 27987 MiB, 81920 MiB, 82 %, 279.39 W, 49
2026/09/08 04:42:31.981, 27987 MiB, 81920 MiB, 99 %, 114.97 W, 46
2026/09/08 04:43:01.982, 27987 MiB, 81920 MiB, 0 %, 84.68 W, 41
2026/09/08 04:43:31.984, 27987 MiB, 81920 MiB, 95 %, 205.33 W, 49
2026/09/08 04:44:01.987, 27987 MiB, 81920 MiB, 81 %, 103.14 W, 47
2026/09/08 04:44:31.989, 27987 MiB, 81920 MiB, 77 %, 218.25 W, 46
2026/09/08 04:45:01.990, 27987 MiB, 81920 MiB, 0 %, 68.56 W, 40
2026/09/08 04:45:31.992, 27987 MiB, 81920 MiB, 41 %, 104.00 W, 46
2026/09/08 04:46:01.993, 27987 MiB, 81920 MiB, 0 %, 84.59 W, 41
2026/09/08 04:46:31.994, 27987 MiB, 81920 MiB, 0 %, 84.16 W, 41
2026/09/08 04:47:01.995, 27987 MiB, 81920 MiB, 0 %, 85.19 W, 42
2026/09/08 04:47:31.996, 27987 MiB, 81920 MiB, 0 %, 84.40 W, 42
2026/09/08 04:48:01.997, 27987 MiB, 81920 MiB, 0 %, 67.68 W, 38
2026/09/08 04:48:31.999, 27987 MiB, 81920 MiB, 90 %, 191.56 W, 47
2026/09/08 04:49:02.008, 27987 MiB, 81920 MiB, 0 %, 83.81 W, 40
2026/09/08 04:49:32.009, 27987 MiB, 81920 MiB, 0 %, 68.49 W, 39
2026/09/08 04:50:02.010, 27987 MiB, 81920 MiB, 50 %, 90.90 W, 42
2026/09/08 04:50:32.012, 27987 MiB, 81920 MiB, 0 %, 83.99 W, 41
2026/09/08 04:51:02.014, 27987 MiB, 81920 MiB, 28 %, 110.72 W, 44
2026/09/08 04:51:32.015, 27987 MiB, 81920 MiB, 13 %, 84.40 W, 41
2026/09/08 04:52:02.017, 27987 MiB, 81920 MiB, 85 %, 128.68 W, 43
2026/09/08 04:52:32.018, 27987 MiB, 81920 MiB, 82 %, 143.96 W, 43
2026/09/08 04:53:02.019, 27987 MiB, 81920 MiB, 67 %, 114.38 W, 45
2026/09/08 04:53:32.021, 27987 MiB, 81920 MiB, 79 %, 242.01 W, 46
2026/09/08 04:54:02.022, 27987 MiB, 81920 MiB, 0 %, 84.32 W, 41
2026/09/08 04:54:32.023, 27987 MiB, 81920 MiB, 87 %, 139.55 W, 47
2026/09/08 04:55:02.024, 27987 MiB, 81920 MiB, 69 %, 100.90 W, 42
2026/09/08 04:55:32.025, 27987 MiB, 81920 MiB, 85 %, 149.62 W, 45
2026/09/08 04:56:02.027, 27987 MiB, 81920 MiB, 83 %, 299.84 W, 46
2026/09/08 04:56:32.028, 27987 MiB, 81920 MiB, 57 %, 141.73 W, 43
2026/09/08 04:57:02.030, 27987 MiB, 81920 MiB, 0 %, 120.06 W, 44
2026/09/08 04:57:32.032, 27987 MiB, 81920 MiB, 81 %, 86.06 W, 45
2026/09/08 04:58:02.033, 27987 MiB, 81920 MiB, 55 %, 85.36 W, 42
2026/09/08 04:58:32.035, 27987 MiB, 81920 MiB, 36 %, 142.20 W, 43
2026/09/08 04:59:02.035, 27987 MiB, 81920 MiB, 0 %, 109.96 W, 44
2026/09/08 04:59:32.037, 27987 MiB, 81920 MiB, 30 %, 227.74 W, 45
2026/09/08 05:00:02.038, 27987 MiB, 81920 MiB, 66 %, 159.86 W, 49
2026/09/08 05:00:32.039, 27987 MiB, 81920 MiB, 68 %, 84.95 W, 43
2026/09/08 05:01:02.040, 27987 MiB, 81920 MiB, 25 %, 84.77 W, 42
2026/09/08 05:01:32.041, 27987 MiB, 81920 MiB, 26 %, 276.99 W, 49
2026/09/08 05:02:02.043, 27987 MiB, 81920 MiB, 0 %, 85.19 W, 42
2026/09/08 05:02:32.044, 27987 MiB, 81920 MiB, 30 %, 85.79 W, 42
2026/09/08 05:03:02.045, 27987 MiB, 81920 MiB, 0 %, 84.86 W, 42
2026/09/08 05:03:32.046, 27987 MiB, 81920 MiB, 72 %, 86.67 W, 43
2026/09/08 05:04:02.048, 27987 MiB, 81920 MiB, 12 %, 90.21 W, 42
2026/09/08 05:04:32.050, 27987 MiB, 81920 MiB, 72 %, 278.19 W, 49
2026/09/08 05:05:02.052, 27987 MiB, 81920 MiB, 74 %, 358.28 W, 48
2026/09/08 05:05:32.054, 27987 MiB, 81920 MiB, 2 %, 84.40 W, 42
2026/09/08 05:06:02.055, 27987 MiB, 81920 MiB, 56 %, 84.69 W, 42
2026/09/08 05:06:32.058, 27987 MiB, 81920 MiB, 0 %, 84.08 W, 41
2026/09/08 05:07:02.060, 27987 MiB, 81920 MiB, 2 %, 91.73 W, 42
2026/09/08 05:07:32.062, 27987 MiB, 81920 MiB, 59 %, 126.75 W, 45
2026/09/08 05:08:02.063, 27987 MiB, 81920 MiB, 83 %, 100.03 W, 46
2026/09/08 05:08:32.065, 27987 MiB, 81920 MiB, 17 %, 269.58 W, 48
2026/09/08 05:09:02.066, 27987 MiB, 81920 MiB, 45 %, 223.59 W, 45
2026/09/08 05:09:32.067, 27987 MiB, 81920 MiB, 8 %, 100.35 W, 42
2026/09/08 05:10:02.068, 27987 MiB, 81920 MiB, 0 %, 85.28 W, 42
2026/09/08 05:10:32.070, 27987 MiB, 81920 MiB, 5 %, 86.39 W, 42
2026/09/08 05:11:02.071, 27987 MiB, 81920 MiB, 44 %, 90.30 W, 44
2026/09/08 05:11:32.073, 27987 MiB, 81920 MiB, 54 %, 222.96 W, 48
2026/09/08 05:12:02.075, 27987 MiB, 81920 MiB, 66 %, 125.89 W, 46
2026/09/08 05:12:32.078, 27987 MiB, 81920 MiB, 4 %, 98.33 W, 41
2026/09/08 05:13:02.079, 27987 MiB, 81920 MiB, 0 %, 94.41 W, 45
2026/09/08 05:13:32.080, 27987 MiB, 81920 MiB, 33 %, 155.87 W, 45
2026/09/08 05:14:02.081, 27987 MiB, 81920 MiB, 0 %, 88.14 W, 42
2026/09/08 05:14:32.083, 27987 MiB, 81920 MiB, 76 %, 85.55 W, 43
2026/09/08 05:15:02.084, 27987 MiB, 81920 MiB, 90 %, 141.58 W, 44
2026/09/08 05:15:32.085, 27987 MiB, 81920 MiB, 58 %, 85.46 W, 47
2026/09/08 05:16:02.086, 27987 MiB, 81920 MiB, 81 %, 133.76 W, 48
2026/09/08 05:16:32.087, 27987 MiB, 81920 MiB, 2 %, 86.06 W, 46
2026/09/08 05:17:02.088, 27987 MiB, 81920 MiB, 90 %, 290.33 W, 50
2026/09/08 05:17:32.090, 27987 MiB, 81920 MiB, 0 %, 84.23 W, 41
2026/09/08 05:18:02.092, 27987 MiB, 81920 MiB, 79 %, 86.76 W, 44
2026/09/08 05:18:32.093, 27987 MiB, 81920 MiB, 74 %, 86.06 W, 44
2026/09/08 05:19:02.095, 27987 MiB, 81920 MiB, 88 %, 85.46 W, 44
2026/09/08 05:19:32.098, 27987 MiB, 81920 MiB, 68 %, 85.88 W, 43
2026/09/08 05:20:02.100, 27987 MiB, 81920 MiB, 77 %, 178.73 W, 47
2026/09/08 05:20:32.103, 27987 MiB, 81920 MiB, 0 %, 84.23 W, 41
2026/09/08 05:21:02.104, 27987 MiB, 81920 MiB, 49 %, 93.48 W, 43
2026/09/08 05:21:32.106, 27987 MiB, 81920 MiB, 57 %, 138.95 W, 46
2026/09/08 05:22:02.107, 27987 MiB, 81920 MiB, 18 %, 85.28 W, 43
2026/09/08 05:22:32.108, 27987 MiB, 81920 MiB, 0 %, 68.36 W, 39
2026/09/08 05:23:02.109, 27987 MiB, 81920 MiB, 70 %, 357.95 W, 45
2026/09/08 05:23:32.111, 27987 MiB, 81920 MiB, 0 %, 139.24 W, 44
2026/09/08 05:24:02.112, 27987 MiB, 81920 MiB, 1 %, 178.31 W, 45
2026/09/08 05:24:32.113, 27987 MiB, 81920 MiB, 1 %, 94.27 W, 42
2026/09/08 05:25:02.114, 27987 MiB, 81920 MiB, 96 %, 139.38 W, 48
2026/09/08 05:25:32.115, 27987 MiB, 81920 MiB, 78 %, 85.64 W, 45
2026/09/08 05:26:02.116, 27987 MiB, 81920 MiB, 1 %, 84.40 W, 41
2026/09/08 05:26:32.117, 27987 MiB, 81920 MiB, 39 %, 70.17 W, 40
2026/09/08 05:27:02.118, 27987 MiB, 81920 MiB, 0 %, 68.49 W, 40
2026/09/08 05:27:32.121, 27987 MiB, 81920 MiB, 14 %, 68.49 W, 39
2026/09/08 05:28:02.123, 27987 MiB, 81920 MiB, 49 %, 226.83 W, 46
2026/09/08 05:28:32.124, 27987 MiB, 81920 MiB, 81 %, 280.57 W, 46
2026/09/08 05:29:02.126, 27987 MiB, 81920 MiB, 0 %, 84.59 W, 41
2026/09/08 05:29:32.127, 27987 MiB, 81920 MiB, 40 %, 93.90 W, 41
2026/09/08 05:30:02.131, 27987 MiB, 81920 MiB, 0 %, 85.04 W, 42
2026/09/08 05:30:32.132, 27987 MiB, 81920 MiB, 0 %, 91.79 W, 43
2026/09/08 05:31:02.135, 27987 MiB, 81920 MiB, 50 %, 85.21 W, 42
2026/09/08 05:31:32.136, 27987 MiB, 81920 MiB, 93 %, 259.10 W, 49
2026/09/08 05:32:02.137, 27987 MiB, 81920 MiB, 41 %, 241.10 W, 46
2026/09/08 05:32:32.139, 27987 MiB, 81920 MiB, 0 %, 85.13 W, 42
2026/09/08 05:33:02.143, 27987 MiB, 81920 MiB, 29 %, 165.98 W, 43
2026/09/08 05:33:32.145, 27987 MiB, 81920 MiB, 5 %, 291.52 W, 48
2026/09/08 05:34:02.146, 27987 MiB, 81920 MiB, 69 %, 182.95 W, 47
2026/09/08 05:34:32.148, 27987 MiB, 81920 MiB, 46 %, 272.84 W, 47
2026/09/08 05:35:02.149, 27987 MiB, 81920 MiB, 20 %, 85.19 W, 42
2026/09/08 05:35:32.151, 27987 MiB, 81920 MiB, 42 %, 273.12 W, 50
2026/09/08 05:36:02.152, 27987 MiB, 81920 MiB, 43 %, 100.62 W, 44
2026/09/08 05:36:32.154, 27987 MiB, 81920 MiB, 7 %, 87.44 W, 42
2026/09/08 05:37:02.156, 27987 MiB, 81920 MiB, 90 %, 164.44 W, 44
2026/09/08 05:37:32.164, 27987 MiB, 81920 MiB, 81 %, 327.10 W, 48
2026/09/08 05:38:02.166, 27987 MiB, 81920 MiB, 0 %, 68.63 W, 40
2026/09/08 05:38:32.167, 27987 MiB, 81920 MiB, 53 %, 276.70 W, 47
2026/09/08 05:39:02.168, 27987 MiB, 81920 MiB, 91 %, 291.53 W, 49
2026/09/08 05:39:32.169, 27987 MiB, 81920 MiB, 30 %, 93.21 W, 44
2026/09/08 05:40:02.171, 27987 MiB, 81920 MiB, 34 %, 237.90 W, 44
2026/09/08 05:40:32.173, 27987 MiB, 81920 MiB, 65 %, 85.19 W, 44
2026/09/08 05:41:02.174, 27987 MiB, 81920 MiB, 34 %, 85.88 W, 41
2026/09/08 05:41:32.176, 27987 MiB, 81920 MiB, 0 %, 83.99 W, 41
2026/09/08 05:42:02.178, 27987 MiB, 81920 MiB, 85 %, 88.64 W, 48
2026/09/08 05:42:32.180, 27987 MiB, 81920 MiB, 33 %, 68.63 W, 40
2026/09/08 05:43:02.181, 27987 MiB, 81920 MiB, 0 %, 85.19 W, 42
2026/09/08 05:43:32.182, 27987 MiB, 81920 MiB, 48 %, 134.63 W, 43
2026/09/08 05:44:02.183, 27987 MiB, 81920 MiB, 97 %, 293.03 W, 46
2026/09/08 05:44:32.184, 27987 MiB, 81920 MiB, 9 %, 290.94 W, 44
2026/09/08 05:45:02.186, 27987 MiB, 81920 MiB, 58 %, 84.16 W, 43
2026/09/08 05:45:32.187, 27987 MiB, 81920 MiB, 81 %, 84.25 W, 42
2026/09/08 05:46:02.188, 27987 MiB, 81920 MiB, 0 %, 83.98 W, 41
2026/09/08 05:46:32.189, 27987 MiB, 81920 MiB, 0 %, 85.19 W, 41
2026/09/08 05:47:02.191, 27987 MiB, 81920 MiB, 72 %, 158.38 W, 46
2026/09/08 05:47:32.192, 27987 MiB, 81920 MiB, 20 %, 86.39 W, 43
2026/09/08 05:48:02.196, 27987 MiB, 81920 MiB, 74 %, 94.31 W, 42
2026/09/08 05:48:32.202, 27987 MiB, 81920 MiB, 0 %, 84.32 W, 41
2026/09/08 05:49:02.205, 27987 MiB, 81920 MiB, 83 %, 217.98 W, 46
2026/09/08 05:49:32.207, 27987 MiB, 81920 MiB, 89 %, 87.26 W, 44
2026/09/08 05:50:02.209, 27987 MiB, 81920 MiB, 53 %, 137.76 W, 44
2026/09/08 05:50:32.210, 27987 MiB, 81920 MiB, 69 %, 257.76 W, 50
2026/09/08 05:51:02.215, 27987 MiB, 81920 MiB, 89 %, 291.52 W, 48
2026/09/08 05:51:32.216, 27987 MiB, 81920 MiB, 69 %, 94.58 W, 43
2026/09/08 05:52:02.218, 27987 MiB, 81920 MiB, 70 %, 402.64 W, 50
2026/09/08 05:52:32.219, 27987 MiB, 81920 MiB, 0 %, 68.36 W, 39
2026/09/08 05:53:02.221, 27987 MiB, 81920 MiB, 0 %, 67.43 W, 37
2026/09/08 05:53:32.222, 27987 MiB, 81920 MiB, 97 %, 305.20 W, 47
2026/09/08 05:54:02.223, 27987 MiB, 81920 MiB, 51 %, 86.75 W, 42
2026/09/08 05:54:32.224, 27987 MiB, 81920 MiB, 0 %, 83.98 W, 41
2026/09/08 05:55:02.225, 27987 MiB, 81920 MiB, 0 %, 68.50 W, 40
2026/09/08 05:55:32.227, 27987 MiB, 81920 MiB, 91 %, 290.06 W, 44
2026/09/08 05:56:02.231, 27987 MiB, 81920 MiB, 2 %, 184.51 W, 41
2026/09/08 05:56:32.233, 27987 MiB, 81920 MiB, 3 %, 84.42 W, 41
2026/09/08 05:57:02.235, 27987 MiB, 81920 MiB, 1 %, 84.25 W, 41
2026/09/08 05:57:32.236, 27987 MiB, 81920 MiB, 44 %, 120.30 W, 47
2026/09/08 05:58:02.239, 27987 MiB, 81920 MiB, 91 %, 324.98 W, 48
2026/09/08 05:58:32.240, 27987 MiB, 81920 MiB, 0 %, 84.86 W, 42
2026/09/08 05:59:02.242, 27987 MiB, 81920 MiB, 12 %, 91.83 W, 46
2026/09/08 05:59:32.243, 27987 MiB, 81920 MiB, 26 %, 279.10 W, 49
2026/09/08 06:00:02.245, 27987 MiB, 81920 MiB, 2 %, 86.48 W, 42
2026/09/08 06:00:32.246, 27987 MiB, 81920 MiB, 80 %, 353.45 W, 46
2026/09/08 06:01:02.248, 27987 MiB, 81920 MiB, 69 %, 205.24 W, 45
2026/09/08 06:01:32.250, 27987 MiB, 81920 MiB, 17 %, 84.59 W, 45
2026/09/08 06:02:02.253, 27987 MiB, 81920 MiB, 35 %, 291.84 W, 47
2026/09/08 06:02:32.254, 27987 MiB, 81920 MiB, 0 %, 88.55 W, 44
2026/09/08 06:03:02.257, 27987 MiB, 81920 MiB, 28 %, 170.55 W, 47
2026/09/08 06:03:32.259, 27987 MiB, 81920 MiB, 0 %, 83.72 W, 41
2026/09/08 06:04:02.260, 27987 MiB, 81920 MiB, 34 %, 160.45 W, 45
2026/09/08 06:04:32.263, 27987 MiB, 81920 MiB, 62 %, 170.38 W, 46
2026/09/08 06:05:02.264, 27987 MiB, 81920 MiB, 95 %, 255.36 W, 47
2026/09/08 06:05:32.265, 27987 MiB, 81920 MiB, 0 %, 84.59 W, 42
2026/09/08 06:06:02.268, 27987 MiB, 81920 MiB, 2 %, 85.37 W, 43
2026/09/08 06:06:32.269, 27987 MiB, 81920 MiB, 59 %, 273.45 W, 49
2026/09/08 06:07:02.271, 27987 MiB, 81920 MiB, 57 %, 94.68 W, 43
2026/09/08 06:07:32.272, 27987 MiB, 81920 MiB, 0 %, 84.32 W, 41
2026/09/08 06:08:02.274, 27987 MiB, 81920 MiB, 57 %, 114.47 W, 45
2026/09/08 06:08:32.275, 27987 MiB, 81920 MiB, 69 %, 111.54 W, 46
2026/09/08 06:09:02.278, 27987 MiB, 81920 MiB, 0 %, 84.32 W, 41
2026/09/08 06:09:32.279, 27987 MiB, 81920 MiB, 32 %, 116.06 W, 48
2026/09/08 06:10:02.281, 27987 MiB, 81920 MiB, 78 %, 102.80 W, 46
2026/09/08 06:10:32.282, 27987 MiB, 81920 MiB, 64 %, 86.15 W, 44
2026/09/08 06:11:02.284, 27987 MiB, 81920 MiB, 2 %, 85.04 W, 42
2026/09/08 06:11:32.285, 27987 MiB, 81920 MiB, 23 %, 175.45 W, 44
2026/09/08 06:12:02.286, 27987 MiB, 81920 MiB, 85 %, 98.22 W, 47
2026/09/08 06:12:32.288, 27987 MiB, 81920 MiB, 96 %, 284.71 W, 48
2026/09/08 06:13:02.289, 27987 MiB, 81920 MiB, 0 %, 84.08 W, 41
2026/09/08 06:13:32.291, 27987 MiB, 81920 MiB, 14 %, 87.62 W, 42
2026/09/08 06:14:02.293, 27987 MiB, 81920 MiB, 60 %, 164.44 W, 46
2026/09/08 06:14:32.294, 27987 MiB, 81920 MiB, 0 %, 84.95 W, 41
2026/09/08 06:15:02.295, 27987 MiB, 81920 MiB, 32 %, 85.36 W, 43
2026/09/08 06:15:32.297, 27987 MiB, 81920 MiB, 26 %, 279.95 W, 49
2026/09/08 06:16:02.298, 27987 MiB, 81920 MiB, 67 %, 255.69 W, 48
2026/09/08 06:16:32.299, 27987 MiB, 81920 MiB, 0 %, 84.59 W, 42
2026/09/08 06:17:02.302, 27987 MiB, 81920 MiB, 68 %, 84.95 W, 43
2026/09/08 06:17:32.304, 27987 MiB, 81920 MiB, 45 %, 85.88 W, 44
2026/09/08 06:18:02.305, 27987 MiB, 81920 MiB, 66 %, 141.27 W, 45
2026/09/08 06:18:32.306, 27987 MiB, 81920 MiB, 4 %, 84.77 W, 42
2026/09/08 06:19:02.308, 27987 MiB, 81920 MiB, 65 %, 236.32 W, 48
2026/09/08 06:19:32.311, 27987 MiB, 81920 MiB, 91 %, 275.50 W, 46
2026/09/08 06:20:02.313, 27987 MiB, 81920 MiB, 92 %, 86.99 W, 45
2026/09/08 06:20:32.315, 27987 MiB, 81920 MiB, 99 %, 285.01 W, 49
2026/09/08 06:21:02.317, 27987 MiB, 81920 MiB, 47 %, 98.06 W, 44
2026/09/08 06:21:32.318, 27987 MiB, 81920 MiB, 68 %, 84.95 W, 43
2026/09/08 06:22:02.319, 27987 MiB, 81920 MiB, 40 %, 292.11 W, 49
2026/09/08 06:22:32.320, 27987 MiB, 81920 MiB, 80 %, 196.63 W, 46
2026/09/08 06:23:02.322, 27987 MiB, 81920 MiB, 64 %, 127.68 W, 47
2026/09/08 06:23:32.324, 27987 MiB, 81920 MiB, 42 %, 291.83 W, 48
2026/09/08 06:24:02.326, 27987 MiB, 81920 MiB, 55 %, 187.63 W, 44
2026/09/08 06:24:32.327, 27987 MiB, 81920 MiB, 0 %, 84.78 W, 42
2026/09/08 06:25:02.329, 27987 MiB, 81920 MiB, 0 %, 92.34 W, 42
2026/09/08 06:25:32.329, 27987 MiB, 81920 MiB, 66 %, 119.34 W, 46
2026/09/08 06:26:02.331, 27987 MiB, 81920 MiB, 51 %, 85.46 W, 45
2026/09/08 06:26:32.332, 27987 MiB, 81920 MiB, 28 %, 84.58 W, 42
2026/09/08 06:27:02.334, 27987 MiB, 81920 MiB, 62 %, 223.88 W, 44
2026/09/08 06:27:32.335, 27987 MiB, 81920 MiB, 19 %, 236.09 W, 46
2026/09/08 06:28:02.337, 27987 MiB, 81920 MiB, 0 %, 68.84 W, 40
2026/09/08 06:28:32.338, 27987 MiB, 81920 MiB, 55 %, 85.30 W, 42
2026/09/08 06:29:02.339, 27987 MiB, 81920 MiB, 56 %, 104.65 W, 47
2026/09/08 06:29:32.341, 27987 MiB, 81920 MiB, 25 %, 233.65 W, 43
2026/09/08 06:30:02.347, 27987 MiB, 81920 MiB, 4 %, 160.07 W, 41
2026/09/08 06:30:32.348, 27987 MiB, 81920 MiB, 0 %, 85.13 W, 42
2026/09/08 06:31:02.350, 27987 MiB, 81920 MiB, 44 %, 282.63 W, 48
2026/09/08 06:31:32.352, 27987 MiB, 81920 MiB, 0 %, 84.58 W, 41
2026/09/08 06:32:02.353, 27987 MiB, 81920 MiB, 0 %, 68.43 W, 40
2026/09/08 06:32:32.355, 27987 MiB, 81920 MiB, 100 %, 218.81 W, 44
2026/09/08 06:33:02.357, 27987 MiB, 81920 MiB, 0 %, 68.57 W, 40
2026/09/08 06:33:32.358, 27987 MiB, 81920 MiB, 0 %, 114.70 W, 42
2026/09/08 06:34:02.359, 27987 MiB, 81920 MiB, 0 %, 68.70 W, 41
2026/09/08 06:34:32.369, 27987 MiB, 81920 MiB, 0 %, 84.68 W, 42
2026/09/08 06:35:02.370, 27987 MiB, 81920 MiB, 3 %, 84.59 W, 41
2026/09/08 06:35:32.372, 27987 MiB, 81920 MiB, 48 %, 130.02 W, 44
2026/09/08 06:36:02.373, 27987 MiB, 81920 MiB, 7 %, 89.75 W, 41
2026/09/08 06:36:32.374, 27987 MiB, 81920 MiB, 93 %, 86.42 W, 44
2026/09/08 06:37:02.376, 27987 MiB, 81920 MiB, 27 %, 292.12 W, 49
2026/09/08 06:37:32.377, 27987 MiB, 81920 MiB, 25 %, 88.17 W, 41
2026/09/08 06:38:02.378, 27987 MiB, 81920 MiB, 22 %, 104.32 W, 45
2026/09/08 06:38:32.380, 27987 MiB, 81920 MiB, 43 %, 92.81 W, 43
2026/09/08 06:39:02.381, 27987 MiB, 81920 MiB, 38 %, 75.08 W, 42
2026/09/08 06:39:32.382, 27987 MiB, 81920 MiB, 55 %, 229.52 W, 47
2026/09/08 06:40:02.383, 27987 MiB, 81920 MiB, 75 %, 120.55 W, 44
2026/09/08 06:40:32.388, 27987 MiB, 81920 MiB, 39 %, 146.93 W, 45
2026/09/08 06:41:02.390, 27987 MiB, 81920 MiB, 0 %, 84.94 W, 42
2026/09/08 06:41:32.391, 27987 MiB, 81920 MiB, 24 %, 85.36 W, 42
2026/09/08 06:42:02.392, 27987 MiB, 81920 MiB, 2 %, 84.40 W, 41
2026/09/08 06:42:32.394, 27987 MiB, 81920 MiB, 87 %, 85.89 W, 47
2026/09/08 06:43:02.395, 27987 MiB, 81920 MiB, 60 %, 98.12 W, 43
2026/09/08 06:43:32.397, 27987 MiB, 81920 MiB, 2 %, 85.19 W, 42
2026/09/08 06:44:02.399, 27987 MiB, 81920 MiB, 80 %, 92.24 W, 43
2026/09/08 06:44:32.400, 27987 MiB, 81920 MiB, 16 %, 70.56 W, 40
2026/09/08 06:45:02.401, 27987 MiB, 81920 MiB, 28 %, 135.97 W, 44
2026/09/08 06:45:32.403, 27987 MiB, 81920 MiB, 4 %, 85.19 W, 43
2026/09/08 06:46:02.405, 27987 MiB, 81920 MiB, 0 %, 84.77 W, 42
2026/09/08 06:46:32.406, 27987 MiB, 81920 MiB, 0 %, 84.32 W, 41
2026/09/08 06:47:02.407, 27987 MiB, 81920 MiB, 57 %, 249.42 W, 43
2026/09/08 06:47:32.408, 27987 MiB, 81920 MiB, 39 %, 139.65 W, 43
2026/09/08 06:48:02.410, 27987 MiB, 81920 MiB, 32 %, 86.15 W, 41
2026/09/08 06:48:32.411, 27987 MiB, 81920 MiB, 47 %, 139.82 W, 45
2026/09/08 06:49:02.415, 27987 MiB, 81920 MiB, 49 %, 252.10 W, 46
2026/09/08 06:49:32.417, 27987 MiB, 81920 MiB, 1 %, 109.01 W, 42
2026/09/08 06:50:02.418, 27987 MiB, 81920 MiB, 38 %, 85.79 W, 43
2026/09/08 06:50:32.419, 27987 MiB, 81920 MiB, 80 %, 293.58 W, 46
2026/09/08 06:51:02.422, 27987 MiB, 81920 MiB, 85 %, 84.86 W, 43
2026/09/08 06:51:32.423, 27987 MiB, 81920 MiB, 87 %, 249.69 W, 46
2026/09/08 06:52:02.425, 27987 MiB, 81920 MiB, 6 %, 85.97 W, 45
2026/09/08 06:52:32.426, 27987 MiB, 81920 MiB, 40 %, 93.69 W, 45
2026/09/08 06:53:02.427, 27987 MiB, 81920 MiB, 68 %, 217.19 W, 49
2026/09/08 06:53:32.429, 27987 MiB, 81920 MiB, 0 %, 84.86 W, 42
2026/09/08 06:54:02.431, 27987 MiB, 81920 MiB, 0 %, 84.25 W, 42
2026/09/08 06:54:32.433, 27987 MiB, 81920 MiB, 21 %, 134.91 W, 43
2026/09/08 06:55:02.434, 27987 MiB, 81920 MiB, 0 %, 84.32 W, 42
2026/09/08 06:55:32.436, 27987 MiB, 81920 MiB, 7 %, 238.74 W, 45
2026/09/08 06:56:02.437, 27987 MiB, 81920 MiB, 33 %, 85.97 W, 43
2026/09/08 06:56:32.439, 27987 MiB, 81920 MiB, 52 %, 98.86 W, 44
2026/09/08 06:57:02.440, 27987 MiB, 81920 MiB, 0 %, 68.23 W, 38
2026/09/08 06:57:32.441, 27987 MiB, 81920 MiB, 0 %, 67.57 W, 38
2026/09/08 06:58:02.443, 27987 MiB, 81920 MiB, 36 %, 138.18 W, 43
2026/09/08 06:58:32.444, 27987 MiB, 81920 MiB, 63 %, 148.59 W, 43
2026/09/08 06:59:02.445, 27987 MiB, 81920 MiB, 54 %, 85.72 W, 43
2026/09/08 06:59:32.446, 27987 MiB, 81920 MiB, 23 %, 288.26 W, 46
2026/09/08 07:00:02.448, 27987 MiB, 81920 MiB, 54 %, 209.44 W, 45
2026/09/08 07:00:32.449, 27987 MiB, 81920 MiB, 0 %, 83.90 W, 41
2026/09/08 07:01:02.451, 27987 MiB, 81920 MiB, 7 %, 68.36 W, 40
2026/09/08 07:01:32.453, 27987 MiB, 81920 MiB, 90 %, 105.37 W, 47
2026/09/08 07:02:02.454, 27987 MiB, 81920 MiB, 51 %, 164.61 W, 42
2026/09/08 07:02:32.456, 27987 MiB, 81920 MiB, 46 %, 109.24 W, 43
2026/09/08 07:03:02.458, 27987 MiB, 81920 MiB, 95 %, 287.09 W, 48
2026/09/08 07:03:32.460, 27987 MiB, 81920 MiB, 93 %, 264.57 W, 50
2026/09/08 07:04:02.462, 27987 MiB, 81920 MiB, 15 %, 84.95 W, 41
2026/09/08 07:04:32.462, 27987 MiB, 81920 MiB, 40 %, 146.95 W, 44
2026/09/08 07:05:02.464, 27987 MiB, 81920 MiB, 22 %, 84.59 W, 42
2026/09/08 07:05:32.466, 27987 MiB, 81920 MiB, 31 %, 85.64 W, 42
2026/09/08 07:06:02.467, 27987 MiB, 81920 MiB, 0 %, 83.99 W, 41
2026/09/08 07:06:32.468, 27987 MiB, 81920 MiB, 0 %, 84.59 W, 42
2026/09/08 07:07:02.470, 27987 MiB, 81920 MiB, 18 %, 112.07 W, 42
2026/09/08 07:07:32.471, 27987 MiB, 81920 MiB, 82 %, 273.12 W, 50
2026/09/08 07:08:02.473, 27987 MiB, 81920 MiB, 66 %, 181.21 W, 47
2026/09/08 07:08:32.474, 27987 MiB, 81920 MiB, 66 %, 84.51 W, 42
2026/09/08 07:09:02.475, 27987 MiB, 81920 MiB, 46 %, 98.93 W, 42
2026/09/08 07:09:32.477, 27987 MiB, 81920 MiB, 47 %, 85.28 W, 44
2026/09/08 07:10:02.478, 27987 MiB, 81920 MiB, 0 %, 84.51 W, 41
2026/09/08 07:10:32.479, 27987 MiB, 81920 MiB, 60 %, 111.43 W, 46
2026/09/08 07:11:02.480, 27987 MiB, 81920 MiB, 0 %, 84.08 W, 41
2026/09/08 07:11:32.482, 27987 MiB, 81920 MiB, 0 %, 69.43 W, 40
2026/09/08 07:12:02.483, 27987 MiB, 81920 MiB, 34 %, 191.56 W, 45
2026/09/08 07:12:32.485, 27987 MiB, 81920 MiB, 0 %, 85.19 W, 41
2026/09/08 07:13:02.487, 27987 MiB, 81920 MiB, 58 %, 166.76 W, 46
2026/09/08 07:13:32.488, 27987 MiB, 81920 MiB, 68 %, 132.36 W, 48
2026/09/08 07:14:02.489, 27987 MiB, 81920 MiB, 4 %, 84.58 W, 42
2026/09/08 07:14:32.491, 27987 MiB, 81920 MiB, 84 %, 286.47 W, 48
2026/09/08 07:15:02.492, 27987 MiB, 81920 MiB, 62 %, 224.52 W, 48
2026/09/08 07:15:32.493, 27987 MiB, 81920 MiB, 65 %, 189.61 W, 47
2026/09/08 07:16:02.494, 27987 MiB, 81920 MiB, 80 %, 103.68 W, 45
2026/09/08 07:16:32.495, 27987 MiB, 81920 MiB, 0 %, 83.89 W, 41
2026/09/08 07:17:02.496, 27987 MiB, 81920 MiB, 87 %, 292.72 W, 47
2026/09/08 07:17:32.498, 27987 MiB, 81920 MiB, 98 %, 209.04 W, 44
2026/09/08 07:18:02.499, 27987 MiB, 81920 MiB, 90 %, 221.25 W, 47
2026/09/08 07:18:32.501, 27987 MiB, 81920 MiB, 12 %, 160.02 W, 44
2026/09/08 07:19:02.502, 27987 MiB, 81920 MiB, 61 %, 103.68 W, 45
2026/09/08 07:19:32.504, 27987 MiB, 81920 MiB, 0 %, 84.40 W, 42
2026/09/08 07:20:02.506, 27987 MiB, 81920 MiB, 0 %, 69.50 W, 41
2026/09/08 07:20:32.507, 27987 MiB, 81920 MiB, 3 %, 86.30 W, 43
2026/09/08 07:21:02.508, 27987 MiB, 81920 MiB, 48 %, 293.57 W, 47
2026/09/08 07:21:32.510, 27987 MiB, 81920 MiB, 91 %, 210.57 W, 48
2026/09/08 07:22:02.513, 27987 MiB, 81920 MiB, 73 %, 138.31 W, 49
2026/09/08 07:22:32.514, 27987 MiB, 81920 MiB, 0 %, 70.03 W, 41
2026/09/08 07:23:02.516, 27987 MiB, 81920 MiB, 23 %, 85.70 W, 43
2026/09/08 07:23:32.518, 27987 MiB, 81920 MiB, 0 %, 96.65 W, 42
2026/09/08 07:24:02.519, 27987 MiB, 81920 MiB, 0 %, 84.59 W, 42
2026/09/08 07:24:32.520, 27987 MiB, 81920 MiB, 69 %, 327.64 W, 47
2026/09/08 07:25:02.522, 27987 MiB, 81920 MiB, 58 %, 190.76 W, 45
2026/09/08 07:25:32.523, 27987 MiB, 81920 MiB, 57 %, 290.94 W, 47
2026/09/08 07:26:02.527, 27987 MiB, 81920 MiB, 0 %, 68.91 W, 41
2026/09/08 07:26:32.528, 27987 MiB, 81920 MiB, 0 %, 91.88 W, 42
2026/09/08 07:27:02.529, 27987 MiB, 81920 MiB, 0 %, 68.91 W, 41
2026/09/08 07:27:32.531, 27987 MiB, 81920 MiB, 37 %, 277.50 W, 48
2026/09/08 07:28:02.533, 27987 MiB, 81920 MiB, 85 %, 85.03 W, 43
2026/09/08 07:28:32.534, 27987 MiB, 81920 MiB, 96 %, 88.59 W, 46
2026/09/08 07:29:02.536, 27987 MiB, 81920 MiB, 38 %, 154.38 W, 44
2026/09/08 07:29:32.537, 27987 MiB, 81920 MiB, 60 %, 85.99 W, 43
2026/09/08 07:30:02.538, 27987 MiB, 81920 MiB, 56 %, 132.23 W, 44
2026/09/08 07:30:32.539, 27987 MiB, 81920 MiB, 90 %, 186.53 W, 48
2026/09/08 07:31:02.541, 27987 MiB, 81920 MiB, 98 %, 92.29 W, 47
2026/09/08 07:31:32.544, 27987 MiB, 81920 MiB, 84 %, 176.09 W, 45
2026/09/08 07:32:02.547, 27987 MiB, 81920 MiB, 18 %, 274.85 W, 46
2026/09/08 07:32:32.549, 27987 MiB, 81920 MiB, 74 %, 196.45 W, 46
2026/09/08 07:33:02.551, 27987 MiB, 81920 MiB, 31 %, 240.50 W, 44
2026/09/08 07:33:32.552, 27987 MiB, 81920 MiB, 0 %, 83.82 W, 41
2026/09/08 07:34:02.555, 27987 MiB, 81920 MiB, 84 %, 300.77 W, 47
2026/09/08 07:34:32.556, 27987 MiB, 81920 MiB, 3 %, 84.24 W, 42
2026/09/08 07:35:02.561, 27987 MiB, 81920 MiB, 0 %, 84.51 W, 41
2026/09/08 07:35:32.563, 27987 MiB, 81920 MiB, 60 %, 90.77 W, 42
2026/09/08 07:36:02.565, 27987 MiB, 81920 MiB, 0 %, 85.72 W, 42
2026/09/08 07:36:32.566, 27987 MiB, 81920 MiB, 0 %, 83.91 W, 41
2026/09/08 07:37:02.568, 27987 MiB, 81920 MiB, 0 %, 68.71 W, 40
2026/09/08 07:37:32.569, 27987 MiB, 81920 MiB, 0 %, 84.07 W, 41
2026/09/08 07:38:02.571, 27987 MiB, 81920 MiB, 0 %, 84.24 W, 41
2026/09/08 07:38:32.573, 27987 MiB, 81920 MiB, 63 %, 90.91 W, 43
2026/09/08 07:39:02.574, 27987 MiB, 81920 MiB, 13 %, 308.47 W, 47
2026/09/08 07:39:32.575, 27987 MiB, 81920 MiB, 27 %, 86.24 W, 46
2026/09/08 07:40:02.576, 27987 MiB, 81920 MiB, 80 %, 85.55 W, 42
2026/09/08 07:40:32.578, 27987 MiB, 81920 MiB, 88 %, 287.06 W, 48
2026/09/08 07:41:02.580, 27987 MiB, 81920 MiB, 33 %, 154.07 W, 44
2026/09/08 07:41:32.581, 27987 MiB, 81920 MiB, 72 %, 271.66 W, 48
2026/09/08 07:42:02.598, 27987 MiB, 81920 MiB, 30 %, 84.95 W, 43
2026/09/08 07:42:32.599, 27987 MiB, 81920 MiB, 49 %, 280.27 W, 49
2026/09/08 07:43:02.600, 27987 MiB, 81920 MiB, 83 %, 85.97 W, 44
2026/09/08 07:43:32.602, 27987 MiB, 81920 MiB, 7 %, 178.26 W, 44
2026/09/08 07:44:02.603, 27987 MiB, 81920 MiB, 80 %, 109.48 W, 45
2026/09/08 07:44:32.604, 27987 MiB, 81920 MiB, 0 %, 85.12 W, 42
2026/09/08 07:45:02.606, 27987 MiB, 81920 MiB, 71 %, 111.89 W, 42
2026/09/08 07:45:32.607, 27987 MiB, 81920 MiB, 0 %, 84.51 W, 41
2026/09/08 07:46:02.609, 27987 MiB, 81920 MiB, 64 %, 253.93 W, 47
2026/09/08 07:46:32.611, 27987 MiB, 81920 MiB, 46 %, 275.46 W, 50
2026/09/08 07:47:02.613, 27987 MiB, 81920 MiB, 55 %, 85.30 W, 42
2026/09/08 07:47:32.614, 27987 MiB, 81920 MiB, 42 %, 131.76 W, 44
2026/09/08 07:48:02.615, 27987 MiB, 81920 MiB, 61 %, 97.89 W, 42
2026/09/08 07:48:32.617, 27987 MiB, 81920 MiB, 92 %, 84.86 W, 42
2026/09/08 07:49:02.618, 27987 MiB, 81920 MiB, 0 %, 83.99 W, 41
2026/09/08 07:49:32.620, 27987 MiB, 81920 MiB, 0 %, 84.59 W, 41
2026/09/08 07:50:02.621, 27987 MiB, 81920 MiB, 28 %, 267.55 W, 44
2026/09/08 07:50:32.622, 27987 MiB, 81920 MiB, 0 %, 68.56 W, 40
2026/09/08 07:51:02.623, 27987 MiB, 81920 MiB, 0 %, 68.36 W, 40
2026/09/08 07:51:32.625, 27987 MiB, 81920 MiB, 90 %, 170.38 W, 49
2026/09/08 07:52:02.626, 27987 MiB, 81920 MiB, 0 %, 84.32 W, 42
2026/09/08 07:52:32.627, 27987 MiB, 81920 MiB, 57 %, 230.77 W, 47
2026/09/08 07:53:02.640, 27987 MiB, 81920 MiB, 14 %, 266.63 W, 46
2026/09/08 07:53:32.641, 27987 MiB, 81920 MiB, 82 %, 157.95 W, 44
2026/09/08 07:54:02.642, 27987 MiB, 81920 MiB, 0 %, 84.32 W, 41
2026/09/08 07:54:32.644, 27987 MiB, 81920 MiB, 0 %, 104.17 W, 44
2026/09/08 07:55:02.645, 27987 MiB, 81920 MiB, 68 %, 88.46 W, 46
2026/09/08 07:55:32.648, 27987 MiB, 81920 MiB, 98 %, 123.01 W, 44
2026/09/08 07:56:02.649, 27987 MiB, 81920 MiB, 77 %, 304.29 W, 46
2026/09/08 07:56:32.654, 27987 MiB, 81920 MiB, 85 %, 280.86 W, 45
2026/09/08 07:57:02.659, 27987 MiB, 81920 MiB, 95 %, 183.54 W, 49
2026/09/08 07:57:32.661, 27987 MiB, 81920 MiB, 62 %, 91.46 W, 46
2026/09/08 07:58:02.662, 27987 MiB, 81920 MiB, 0 %, 85.12 W, 42
2026/09/08 07:58:32.664, 27987 MiB, 81920 MiB, 99 %, 226.05 W, 47
2026/09/08 07:59:02.666, 27987 MiB, 81920 MiB, 0 %, 84.41 W, 42
2026/09/08 07:59:32.667, 27987 MiB, 81920 MiB, 45 %, 122.61 W, 45
2026/09/08 08:00:02.673, 27987 MiB, 81920 MiB, 86 %, 130.96 W, 46
2026/09/08 08:00:32.674, 27987 MiB, 81920 MiB, 0 %, 84.84 W, 42
2026/09/08 08:01:02.675, 27987 MiB, 81920 MiB, 0 %, 68.30 W, 40
2026/09/08 08:01:32.676, 27987 MiB, 81920 MiB, 97 %, 368.52 W, 56
2026/09/08 08:02:02.678, 27987 MiB, 81920 MiB, 0 %, 67.64 W, 38
2026/09/08 08:02:32.679, 27987 MiB, 81920 MiB, 62 %, 269.55 W, 46
2026/09/08 08:03:02.681, 27987 MiB, 81920 MiB, 2 %, 162.26 W, 43
2026/09/08 08:03:32.685, 27987 MiB, 81920 MiB, 51 %, 87.44 W, 42
2026/09/08 08:04:02.686, 27987 MiB, 81920 MiB, 79 %, 291.52 W, 49
2026/09/08 08:04:32.687, 27987 MiB, 81920 MiB, 99 %, 271.62 W, 48
2026/09/08 08:05:02.688, 27987 MiB, 81920 MiB, 0 %, 68.29 W, 40
2026/09/08 08:05:32.690, 27987 MiB, 81920 MiB, 32 %, 84.95 W, 41
2026/09/08 08:06:02.691, 27987 MiB, 81920 MiB, 92 %, 198.78 W, 50
2026/09/08 08:06:32.693, 27987 MiB, 81920 MiB, 87 %, 85.10 W, 45
2026/09/08 08:07:02.694, 27987 MiB, 81920 MiB, 54 %, 85.10 W, 42
2026/09/08 08:07:32.695, 27987 MiB, 81920 MiB, 92 %, 134.77 W, 47
2026/09/08 08:08:02.696, 27987 MiB, 81920 MiB, 0 %, 230.89 W, 44
2026/09/08 08:08:32.697, 27987 MiB, 81920 MiB, 43 %, 146.78 W, 44
2026/09/08 08:09:02.700, 27987 MiB, 81920 MiB, 2 %, 85.46 W, 42
2026/09/08 08:09:32.702, 27987 MiB, 81920 MiB, 0 %, 85.55 W, 43
2026/09/08 08:10:02.705, 27987 MiB, 81920 MiB, 89 %, 212.05 W, 47
2026/09/08 08:10:32.710, 27987 MiB, 81920 MiB, 0 %, 68.56 W, 40
2026/09/08 08:11:02.711, 27987 MiB, 81920 MiB, 0 %, 84.78 W, 42
2026/09/08 08:11:32.712, 27987 MiB, 81920 MiB, 75 %, 85.37 W, 43
2026/09/08 08:12:02.713, 27987 MiB, 81920 MiB, 85 %, 86.39 W, 45
2026/09/08 08:12:32.714, 27987 MiB, 81920 MiB, 69 %, 165.81 W, 47
2026/09/08 08:13:02.719, 27987 MiB, 81920 MiB, 86 %, 291.51 W, 49
2026/09/08 08:13:32.721, 27987 MiB, 81920 MiB, 66 %, 84.59 W, 42
2026/09/08 08:14:02.723, 27987 MiB, 81920 MiB, 0 %, 84.32 W, 41
2026/09/08 08:14:32.725, 27987 MiB, 81920 MiB, 20 %, 84.95 W, 42
2026/09/08 08:15:02.727, 27987 MiB, 81920 MiB, 17 %, 117.14 W, 44
2026/09/08 08:15:32.729, 27987 MiB, 81920 MiB, 47 %, 226.23 W, 47
2026/09/08 08:16:02.730, 27987 MiB, 81920 MiB, 0 %, 85.19 W, 42
2026/09/08 08:16:32.732, 27987 MiB, 81920 MiB, 0 %, 288.86 W, 46
2026/09/08 08:17:02.734, 27987 MiB, 81920 MiB, 7 %, 85.19 W, 42
2026/09/08 08:17:32.736, 27987 MiB, 81920 MiB, 51 %, 219.73 W, 45
2026/09/08 08:18:02.736, 27987 MiB, 81920 MiB, 0 %, 84.59 W, 41
2026/09/08 08:18:32.738, 27987 MiB, 81920 MiB, 32 %, 239.69 W, 46
2026/09/08 08:19:02.741, 27987 MiB, 81920 MiB, 83 %, 205.89 W, 46
2026/09/08 08:19:32.742, 27987 MiB, 81920 MiB, 28 %, 155.23 W, 45
2026/09/08 08:20:02.744, 27987 MiB, 81920 MiB, 7 %, 90.30 W, 41
2026/09/08 08:20:32.745, 27987 MiB, 81920 MiB, 0 %, 85.46 W, 42
2026/09/08 08:21:02.747, 27987 MiB, 81920 MiB, 78 %, 88.32 W, 48
2026/09/08 08:21:32.749, 27987 MiB, 81920 MiB, 47 %, 84.95 W, 42
2026/09/08 08:22:02.750, 27987 MiB, 81920 MiB, 92 %, 215.37 W, 46
2026/09/08 08:22:32.752, 27987 MiB, 81920 MiB, 62 %, 97.08 W, 43
2026/09/08 08:23:02.754, 27987 MiB, 81920 MiB, 49 %, 291.24 W, 47
2026/09/08 08:23:32.760, 27987 MiB, 81920 MiB, 8 %, 74.70 W, 40
2026/09/08 08:24:02.762, 27987 MiB, 81920 MiB, 0 %, 137.42 W, 43
2026/09/08 08:24:32.763, 27987 MiB, 81920 MiB, 3 %, 85.28 W, 43
2026/09/08 08:25:02.764, 27987 MiB, 81920 MiB, 80 %, 147.22 W, 50
2026/09/08 08:25:32.767, 27987 MiB, 81920 MiB, 38 %, 293.61 W, 49
2026/09/08 08:26:02.769, 27987 MiB, 81920 MiB, 17 %, 85.79 W, 43
2026/09/08 08:26:32.770, 27987 MiB, 81920 MiB, 90 %, 106.68 W, 48
2026/09/08 08:27:02.772, 27987 MiB, 81920 MiB, 83 %, 293.65 W, 48
2026/09/08 08:27:32.789, 27987 MiB, 81920 MiB, 37 %, 279.04 W, 48
2026/09/08 08:28:02.791, 27987 MiB, 81920 MiB, 0 %, 68.90 W, 41
2026/09/08 08:28:32.792, 27987 MiB, 81920 MiB, 15 %, 86.15 W, 45
2026/09/08 08:29:02.793, 27987 MiB, 81920 MiB, 97 %, 135.63 W, 45
2026/09/08 08:29:32.795, 27987 MiB, 81920 MiB, 80 %, 261.03 W, 48
2026/09/08 08:30:02.797, 27987 MiB, 81920 MiB, 59 %, 238.99 W, 47
2026/09/08 08:30:32.798, 27987 MiB, 81920 MiB, 8 %, 125.55 W, 44
2026/09/08 08:31:02.799, 27987 MiB, 81920 MiB, 87 %, 85.97 W, 44
2026/09/08 08:31:32.800, 27987 MiB, 81920 MiB, 91 %, 275.55 W, 50
2026/09/08 08:32:02.801, 27987 MiB, 81920 MiB, 0 %, 84.59 W, 41
2026/09/08 08:32:32.803, 27987 MiB, 81920 MiB, 45 %, 162.36 W, 46
2026/09/08 08:33:02.804, 27987 MiB, 81920 MiB, 14 %, 188.81 W, 44
2026/09/08 08:33:32.806, 27987 MiB, 81920 MiB, 41 %, 293.31 W, 48
2026/09/08 08:34:02.808, 27987 MiB, 81920 MiB, 90 %, 132.56 W, 47
2026/09/08 08:34:32.810, 27987 MiB, 81920 MiB, 56 %, 134.90 W, 42
2026/09/08 08:35:02.812, 27987 MiB, 81920 MiB, 100 %, 135.63 W, 49
2026/09/08 08:35:32.813, 27987 MiB, 81920 MiB, 57 %, 84.69 W, 42
2026/09/08 08:36:02.816, 27987 MiB, 81920 MiB, 30 %, 90.03 W, 40
2026/09/08 08:36:32.817, 27987 MiB, 81920 MiB, 35 %, 96.85 W, 45
2026/09/08 08:37:02.821, 27987 MiB, 81920 MiB, 31 %, 99.25 W, 45
2026/09/08 08:37:32.823, 27987 MiB, 81920 MiB, 55 %, 97.45 W, 42
2026/09/08 08:38:02.824, 27987 MiB, 81920 MiB, 71 %, 223.83 W, 44
2026/09/08 08:38:32.825, 27987 MiB, 81920 MiB, 0 %, 84.68 W, 41
2026/09/08 08:39:02.827, 27987 MiB, 81920 MiB, 80 %, 290.06 W, 48
2026/09/08 08:39:32.828, 27987 MiB, 81920 MiB, 22 %, 276.99 W, 48
2026/09/08 08:40:02.830, 27987 MiB, 81920 MiB, 26 %, 84.86 W, 42
2026/09/08 08:40:32.831, 27987 MiB, 81920 MiB, 0 %, 84.68 W, 41
2026/09/08 08:41:02.832, 27987 MiB, 81920 MiB, 0 %, 68.36 W, 40
2026/09/08 08:41:32.834, 27987 MiB, 81920 MiB, 0 %, 83.63 W, 40
2026/09/08 08:42:02.836, 27987 MiB, 81920 MiB, 0 %, 84.51 W, 44
2026/09/08 08:42:32.837, 27987 MiB, 81920 MiB, 76 %, 86.06 W, 42
2026/09/08 08:43:02.838, 27987 MiB, 81920 MiB, 85 %, 139.80 W, 45
2026/09/08 08:43:32.839, 27987 MiB, 81920 MiB, 85 %, 96.25 W, 45
2026/09/08 08:44:02.840, 27987 MiB, 81920 MiB, 82 %, 303.37 W, 47
2026/09/08 08:44:32.844, 27987 MiB, 81920 MiB, 54 %, 148.73 W, 44
2026/09/08 08:45:02.846, 27987 MiB, 81920 MiB, 0 %, 84.78 W, 41
2026/09/08 08:45:32.847, 27987 MiB, 81920 MiB, 0 %, 84.95 W, 41
2026/09/08 08:46:02.848, 27987 MiB, 81920 MiB, 10 %, 88.46 W, 41
2026/09/08 08:46:32.849, 27987 MiB, 81920 MiB, 0 %, 85.28 W, 42
2026/09/08 08:47:02.850, 27987 MiB, 81920 MiB, 0 %, 84.16 W, 41
2026/09/08 08:47:32.852, 27987 MiB, 81920 MiB, 34 %, 126.28 W, 45
2026/09/08 08:48:02.853, 27987 MiB, 81920 MiB, 32 %, 85.36 W, 42
2026/09/08 08:48:32.855, 27987 MiB, 81920 MiB, 57 %, 126.74 W, 42
2026/09/08 08:49:02.857, 27987 MiB, 81920 MiB, 68 %, 85.45 W, 44
2026/09/08 08:49:32.858, 27987 MiB, 81920 MiB, 40 %, 85.54 W, 42
2026/09/08 08:50:02.860, 27987 MiB, 81920 MiB, 11 %, 85.21 W, 42
2026/09/08 08:50:32.861, 27987 MiB, 81920 MiB, 0 %, 84.16 W, 42
2026/09/08 08:51:02.863, 27987 MiB, 81920 MiB, 0 %, 85.45 W, 42
2026/09/08 08:51:32.865, 27987 MiB, 81920 MiB, 2 %, 84.15 W, 41
2026/09/08 08:52:02.866, 27987 MiB, 81920 MiB, 23 %, 274.90 W, 49
2026/09/08 08:52:32.868, 27987 MiB, 81920 MiB, 0 %, 85.54 W, 43
2026/09/08 08:53:02.870, 27987 MiB, 81920 MiB, 0 %, 68.77 W, 40
2026/09/08 08:53:32.871, 27987 MiB, 81920 MiB, 0 %, 68.50 W, 40
2026/09/08 08:54:02.873, 27987 MiB, 81920 MiB, 89 %, 170.11 W, 48
2026/09/08 08:54:32.874, 27987 MiB, 81920 MiB, 78 %, 205.49 W, 46
2026/09/08 08:55:02.875, 27987 MiB, 81920 MiB, 0 %, 68.77 W, 40
2026/09/08 08:55:32.876, 27987 MiB, 81920 MiB, 0 %, 68.63 W, 40
2026/09/08 08:56:02.878, 27987 MiB, 81920 MiB, 77 %, 209.16 W, 47
2026/09/08 08:56:32.879, 27987 MiB, 81920 MiB, 0 %, 84.49 W, 41
2026/09/08 08:57:02.880, 27987 MiB, 81920 MiB, 65 %, 177.20 W, 46
2026/09/08 08:57:32.881, 27987 MiB, 81920 MiB, 3 %, 144.43 W, 44
2026/09/08 08:58:02.883, 27987 MiB, 81920 MiB, 0 %, 84.15 W, 41
2026/09/08 08:58:32.885, 27987 MiB, 81920 MiB, 93 %, 125.79 W, 46
2026/09/08 08:59:02.887, 27987 MiB, 81920 MiB, 0 %, 69.11 W, 40
2026/09/08 08:59:32.889, 27987 MiB, 81920 MiB, 0 %, 84.16 W, 41
2026/09/08 09:00:02.890, 27987 MiB, 81920 MiB, 16 %, 88.64 W, 41
2026/09/08 09:00:32.892, 27987 MiB, 81920 MiB, 54 %, 99.76 W, 43
2026/09/08 09:01:02.893, 27987 MiB, 81920 MiB, 48 %, 234.27 W, 45
2026/09/08 09:01:32.894, 27987 MiB, 81920 MiB, 51 %, 85.46 W, 42
2026/09/08 09:02:02.896, 27987 MiB, 81920 MiB, 22 %, 135.83 W, 46
2026/09/08 09:02:32.898, 27987 MiB, 81920 MiB, 87 %, 122.75 W, 47
2026/09/08 09:03:02.899, 27987 MiB, 81920 MiB, 86 %, 182.27 W, 47
2026/09/08 09:03:32.900, 27987 MiB, 81920 MiB, 34 %, 222.54 W, 45
2026/09/08 09:04:02.904, 27987 MiB, 81920 MiB, 14 %, 155.26 W, 45
2026/09/08 09:04:32.909, 27987 MiB, 81920 MiB, 0 %, 83.89 W, 41
2026/09/08 09:05:02.911, 27987 MiB, 81920 MiB, 35 %, 88.55 W, 43
2026/09/08 09:05:32.913, 27987 MiB, 81920 MiB, 98 %, 85.37 W, 43
2026/09/08 09:06:02.916, 27987 MiB, 81920 MiB, 0 %, 68.29 W, 39
2026/09/08 09:06:32.918, 27987 MiB, 81920 MiB, 0 %, 67.29 W, 37
2026/09/08 09:07:02.919, 27987 MiB, 81920 MiB, 29 %, 67.75 W, 38
2026/09/08 09:07:32.921, 27987 MiB, 81920 MiB, 0 %, 84.08 W, 41
2026/09/08 09:08:02.925, 27987 MiB, 81920 MiB, 2 %, 84.32 W, 40
2026/09/08 09:08:32.926, 27987 MiB, 81920 MiB, 76 %, 111.80 W, 46
2026/09/08 09:09:02.928, 27987 MiB, 81920 MiB, 79 %, 160.12 W, 45
2026/09/08 09:09:32.929, 27987 MiB, 81920 MiB, 0 %, 68.49 W, 40
2026/09/08 09:10:02.932, 27987 MiB, 81920 MiB, 61 %, 137.57 W, 47
2026/09/08 09:10:32.935, 27987 MiB, 81920 MiB, 27 %, 84.95 W, 44
2026/09/08 09:11:02.936, 27987 MiB, 81920 MiB, 79 %, 84.59 W, 42
2026/09/08 09:11:32.938, 27987 MiB, 81920 MiB, 0 %, 83.89 W, 41
2026/09/08 09:12:02.939, 27987 MiB, 81920 MiB, 44 %, 216.83 W, 48
2026/09/08 09:12:32.940, 27987 MiB, 81920 MiB, 90 %, 266.36 W, 46
2026/09/08 09:13:02.941, 27987 MiB, 81920 MiB, 25 %, 115.46 W, 47
2026/09/08 09:13:32.942, 27987 MiB, 81920 MiB, 18 %, 84.32 W, 42
2026/09/08 09:14:02.943, 27987 MiB, 81920 MiB, 31 %, 180.24 W, 43
2026/09/08 09:14:32.947, 27987 MiB, 81920 MiB, 22 %, 160.62 W, 44
2026/09/08 09:15:02.948, 27987 MiB, 81920 MiB, 74 %, 150.37 W, 45
2026/09/08 09:15:32.950, 27987 MiB, 81920 MiB, 89 %, 300.71 W, 48
2026/09/08 09:16:02.951, 27987 MiB, 81920 MiB, 12 %, 84.49 W, 42
2026/09/08 09:16:32.953, 27987 MiB, 81920 MiB, 0 %, 84.08 W, 41
2026/09/08 09:17:02.954, 27987 MiB, 81920 MiB, 65 %, 85.36 W, 44
2026/09/08 09:17:32.956, 27987 MiB, 81920 MiB, 32 %, 175.49 W, 44
2026/09/08 09:18:02.957, 27987 MiB, 81920 MiB, 0 %, 84.07 W, 42
2026/09/08 09:18:32.958, 27987 MiB, 81920 MiB, 33 %, 177.62 W, 44
2026/09/08 09:19:02.965, 27987 MiB, 81920 MiB, 17 %, 84.94 W, 41
2026/09/08 09:19:32.966, 27987 MiB, 81920 MiB, 81 %, 207.24 W, 49
2026/09/08 09:20:02.967, 27987 MiB, 81920 MiB, 49 %, 145.63 W, 44
2026/09/08 09:20:32.969, 27987 MiB, 81920 MiB, 3 %, 84.07 W, 45
2026/09/08 09:21:02.971, 27987 MiB, 81920 MiB, 0 %, 84.86 W, 42
2026/09/08 09:21:32.972, 27987 MiB, 81920 MiB, 83 %, 97.89 W, 44
2026/09/08 09:22:02.974, 27987 MiB, 81920 MiB, 0 %, 84.58 W, 42
2026/09/08 09:22:32.975, 27987 MiB, 81920 MiB, 27 %, 249.61 W, 44
2026/09/08 09:23:02.976, 27987 MiB, 81920 MiB, 5 %, 105.48 W, 41
2026/09/08 09:23:32.978, 27987 MiB, 81920 MiB, 95 %, 224.39 W, 47
2026/09/08 09:24:02.983, 27987 MiB, 81920 MiB, 0 %, 83.98 W, 41
2026/09/08 09:24:32.984, 27987 MiB, 81920 MiB, 100 %, 103.41 W, 45
2026/09/08 09:25:02.985, 27987 MiB, 81920 MiB, 65 %, 268.99 W, 46
2026/09/08 09:25:32.987, 27987 MiB, 81920 MiB, 0 %, 85.45 W, 42
2026/09/08 09:26:02.989, 27987 MiB, 81920 MiB, 66 %, 102.31 W, 46
2026/09/08 09:26:32.990, 27987 MiB, 81920 MiB, 22 %, 107.66 W, 45
2026/09/08 09:27:02.991, 27987 MiB, 81920 MiB, 70 %, 85.19 W, 42
2026/09/08 09:27:32.993, 27987 MiB, 81920 MiB, 85 %, 167.01 W, 47
2026/09/08 09:28:02.995, 27987 MiB, 81920 MiB, 0 %, 68.36 W, 40
2026/09/08 09:28:32.997, 27987 MiB, 81920 MiB, 0 %, 85.19 W, 42
2026/09/08 09:29:02.998, 27987 MiB, 81920 MiB, 20 %, 188.29 W, 43
2026/09/08 09:29:33.000, 27987 MiB, 81920 MiB, 44 %, 154.67 W, 45
2026/09/08 09:30:03.002, 27987 MiB, 81920 MiB, 83 %, 287.67 W, 50
2026/09/08 09:30:33.003, 27987 MiB, 81920 MiB, 41 %, 97.25 W, 44
2026/09/08 09:31:03.004, 27987 MiB, 81920 MiB, 96 %, 227.47 W, 49
2026/09/08 09:31:33.006, 27987 MiB, 81920 MiB, 14 %, 289.74 W, 49
2026/09/08 09:32:03.007, 27987 MiB, 81920 MiB, 29 %, 85.88 W, 47
2026/09/08 09:32:33.008, 27987 MiB, 81920 MiB, 0 %, 84.42 W, 42
2026/09/08 09:33:03.009, 27987 MiB, 81920 MiB, 20 %, 104.17 W, 42
2026/09/08 09:33:33.011, 27987 MiB, 81920 MiB, 52 %, 85.37 W, 43
2026/09/08 09:34:03.012, 27987 MiB, 81920 MiB, 0 %, 85.19 W, 43
2026/09/08 09:34:33.014, 27987 MiB, 81920 MiB, 82 %, 292.74 W, 51
2026/09/08 09:35:03.015, 27987 MiB, 81920 MiB, 73 %, 147.08 W, 46
2026/09/08 09:35:33.017, 27987 MiB, 81920 MiB, 86 %, 194.96 W, 47
2026/09/08 09:36:03.019, 27987 MiB, 81920 MiB, 1 %, 124.46 W, 45
2026/09/08 09:36:33.020, 27987 MiB, 81920 MiB, 34 %, 193.03 W, 44
2026/09/08 09:37:03.021, 27987 MiB, 81920 MiB, 0 %, 84.77 W, 41
2026/09/08 09:37:33.023, 27987 MiB, 81920 MiB, 0 %, 68.36 W, 40
2026/09/08 09:38:03.027, 27987 MiB, 81920 MiB, 0 %, 68.64 W, 40
2026/09/08 09:38:33.029, 27987 MiB, 81920 MiB, 30 %, 290.06 W, 46
2026/09/08 09:39:03.030, 27987 MiB, 81920 MiB, 0 %, 68.57 W, 40
2026/09/08 09:39:33.031, 27987 MiB, 81920 MiB, 16 %, 109.32 W, 43
2026/09/08 09:40:03.032, 27987 MiB, 81920 MiB, 0 %, 83.82 W, 41
2026/09/08 09:40:33.035, 27987 MiB, 81920 MiB, 32 %, 284.39 W, 47
2026/09/08 09:41:03.037, 27987 MiB, 81920 MiB, 0 %, 85.04 W, 42
2026/09/08 09:41:33.039, 27987 MiB, 81920 MiB, 0 %, 83.90 W, 41
2026/09/08 09:42:03.041, 27987 MiB, 81920 MiB, 42 %, 283.81 W, 48
2026/09/08 09:42:33.043, 27987 MiB, 81920 MiB, 49 %, 172.18 W, 46
2026/09/08 09:43:03.045, 27987 MiB, 81920 MiB, 41 %, 102.80 W, 44
2026/09/08 09:43:33.046, 27987 MiB, 81920 MiB, 0 %, 68.36 W, 40
2026/09/08 09:44:03.048, 27987 MiB, 81920 MiB, 0 %, 84.40 W, 41
2026/09/08 09:44:33.049, 27987 MiB, 81920 MiB, 89 %, 277.30 W, 50
2026/09/08 09:45:03.050, 27987 MiB, 81920 MiB, 28 %, 140.11 W, 46
2026/09/08 09:45:33.051, 27987 MiB, 81920 MiB, 0 %, 84.49 W, 42
2026/09/08 09:46:03.053, 27987 MiB, 81920 MiB, 33 %, 170.63 W, 43
2026/09/08 09:46:33.054, 27987 MiB, 81920 MiB, 64 %, 274.93 W, 49
2026/09/08 09:47:03.056, 27987 MiB, 81920 MiB, 0 %, 83.89 W, 41
2026/09/08 09:47:33.058, 27987 MiB, 81920 MiB, 3 %, 84.49 W, 44
2026/09/08 09:48:03.060, 27987 MiB, 81920 MiB, 43 %, 85.72 W, 43
2026/09/08 09:48:33.061, 27987 MiB, 81920 MiB, 0 %, 84.68 W, 41
2026/09/08 09:49:03.063, 27987 MiB, 81920 MiB, 0 %, 84.77 W, 41
2026/09/08 09:49:33.064, 27987 MiB, 81920 MiB, 53 %, 275.84 W, 49
2026/09/08 09:50:03.066, 27987 MiB, 81920 MiB, 71 %, 274.04 W, 47
2026/09/08 09:50:33.067, 27987 MiB, 81920 MiB, 81 %, 169.23 W, 45
2026/09/08 09:51:03.068, 27987 MiB, 81920 MiB, 0 %, 68.56 W, 40
2026/09/08 09:51:33.072, 27987 MiB, 81920 MiB, 71 %, 294.20 W, 47
2026/09/08 09:52:03.074, 27987 MiB, 81920 MiB, 21 %, 129.02 W, 44
2026/09/08 09:52:33.075, 27987 MiB, 81920 MiB, 81 %, 129.09 W, 45
2026/09/08 09:53:03.077, 27987 MiB, 81920 MiB, 88 %, 235.45 W, 45
2026/09/08 09:53:33.079, 27987 MiB, 81920 MiB, 0 %, 84.51 W, 41
2026/09/08 09:54:03.080, 27987 MiB, 81920 MiB, 75 %, 91.73 W, 43
2026/09/08 09:54:33.082, 27987 MiB, 81920 MiB, 0 %, 84.51 W, 41
2026/09/08 09:55:03.084, 27987 MiB, 81920 MiB, 90 %, 292.13 W, 45
2026/09/08 09:55:33.086, 27987 MiB, 81920 MiB, 36 %, 99.53 W, 43
2026/09/08 09:56:03.087, 27987 MiB, 81920 MiB, 82 %, 86.99 W, 46
2026/09/08 09:56:33.089, 27987 MiB, 81920 MiB, 3 %, 236.91 W, 44
2026/09/08 09:57:03.090, 27987 MiB, 81920 MiB, 99 %, 206.38 W, 50
2026/09/08 09:57:33.091, 27987 MiB, 81920 MiB, 0 %, 68.63 W, 40
2026/09/08 09:58:03.092, 27987 MiB, 81920 MiB, 31 %, 68.56 W, 40
2026/09/08 09:58:33.094, 27987 MiB, 81920 MiB, 0 %, 83.72 W, 41
2026/09/08 09:59:03.095, 27987 MiB, 81920 MiB, 57 %, 277.86 W, 46
2026/09/08 09:59:33.096, 27987 MiB, 81920 MiB, 47 %, 85.19 W, 43
2026/09/08 10:00:03.098, 27987 MiB, 81920 MiB, 0 %, 68.90 W, 41
2026/09/08 10:00:33.104, 27987 MiB, 81920 MiB, 30 %, 84.59 W, 42
2026/09/08 10:01:03.105, 27987 MiB, 81920 MiB, 1 %, 83.72 W, 41
2026/09/08 10:01:33.106, 27987 MiB, 81920 MiB, 1 %, 84.86 W, 41
2026/09/08 10:02:03.107, 27987 MiB, 81920 MiB, 61 %, 231.01 W, 44
2026/09/08 10:02:33.152, 27987 MiB, 81920 MiB, 4 %, 233.16 W, 42
2026/09/08 10:03:03.153, 27987 MiB, 81920 MiB, 0 %, 83.72 W, 41
2026/09/08 10:03:33.154, 27987 MiB, 81920 MiB, 64 %, 262.44 W, 46
2026/09/08 10:04:03.155, 27987 MiB, 81920 MiB, 0 %, 83.89 W, 41
2026/09/08 10:04:33.157, 27987 MiB, 81920 MiB, 77 %, 84.77 W, 43
2026/09/08 10:05:03.159, 27987 MiB, 81920 MiB, 15 %, 135.92 W, 42
2026/09/08 10:05:33.161, 27987 MiB, 81920 MiB, 68 %, 109.96 W, 46
2026/09/08 10:06:03.178, 27987 MiB, 81920 MiB, 0 %, 68.70 W, 40
2026/09/08 10:06:33.180, 27987 MiB, 81920 MiB, 90 %, 85.97 W, 43
2026/09/08 10:07:03.181, 27987 MiB, 81920 MiB, 1 %, 84.51 W, 42
2026/09/08 10:07:33.182, 27987 MiB, 81920 MiB, 76 %, 338.39 W, 46
2026/09/08 10:08:03.184, 27987 MiB, 81920 MiB, 0 %, 84.40 W, 41
2026/09/08 10:08:33.188, 27987 MiB, 81920 MiB, 0 %, 68.63 W, 40
2026/09/08 10:09:03.189, 27987 MiB, 81920 MiB, 100 %, 189.42 W, 49
2026/09/08 10:09:33.191, 27987 MiB, 81920 MiB, 0 %, 240.22 W, 42
2026/09/08 10:10:03.193, 27987 MiB, 81920 MiB, 97 %, 150.20 W, 49
2026/09/08 10:10:33.194, 27987 MiB, 81920 MiB, 0 %, 68.09 W, 39
2026/09/08 10:11:03.196, 27987 MiB, 81920 MiB, 0 %, 67.57 W, 37
2026/09/08 10:11:33.197, 27987 MiB, 81920 MiB, 36 %, 84.07 W, 40
2026/09/08 10:12:03.198, 27987 MiB, 81920 MiB, 68 %, 108.59 W, 41
2026/09/08 10:12:33.199, 27987 MiB, 81920 MiB, 46 %, 93.90 W, 44
2026/09/08 10:13:03.203, 27987 MiB, 81920 MiB, 0 %, 85.55 W, 41
2026/09/08 10:13:33.204, 27987 MiB, 81920 MiB, 100 %, 218.86 W, 44
2026/09/08 10:14:03.206, 27987 MiB, 81920 MiB, 98 %, 133.15 W, 48
2026/09/08 10:14:33.207, 27987 MiB, 81920 MiB, 0 %, 96.58 W, 43
2026/09/08 10:15:03.209, 27987 MiB, 81920 MiB, 100 %, 134.16 W, 48
2026/09/08 10:15:33.211, 27987 MiB, 81920 MiB, 73 %, 120.54 W, 47
2026/09/08 10:16:03.213, 27987 MiB, 81920 MiB, 82 %, 131.22 W, 44
2026/09/08 10:16:33.215, 27987 MiB, 81920 MiB, 18 %, 123.60 W, 43
2026/09/08 10:17:03.219, 27987 MiB, 81920 MiB, 3 %, 85.28 W, 42
2026/09/08 10:17:33.221, 27987 MiB, 81920 MiB, 52 %, 84.68 W, 43
2026/09/08 10:18:03.222, 27987 MiB, 81920 MiB, 52 %, 172.18 W, 46
2026/09/08 10:18:33.224, 27987 MiB, 81920 MiB, 31 %, 135.35 W, 45
2026/09/08 10:19:03.225, 27987 MiB, 81920 MiB, 0 %, 84.32 W, 41
2026/09/08 10:19:33.227, 27987 MiB, 81920 MiB, 0 %, 183.33 W, 45
2026/09/08 10:20:03.229, 27987 MiB, 81920 MiB, 94 %, 360.72 W, 47
2026/09/08 10:20:33.230, 27987 MiB, 81920 MiB, 15 %, 118.01 W, 44
2026/09/08 10:21:03.232, 27987 MiB, 81920 MiB, 47 %, 84.77 W, 42
2026/09/08 10:21:33.235, 27987 MiB, 81920 MiB, 21 %, 99.25 W, 46
2026/09/08 10:22:03.246, 27987 MiB, 81920 MiB, 98 %, 178.91 W, 46
2026/09/08 10:22:33.248, 27987 MiB, 81920 MiB, 51 %, 85.04 W, 42
2026/09/08 10:23:03.249, 27987 MiB, 81920 MiB, 44 %, 169.06 W, 43
2026/09/08 10:23:33.250, 27987 MiB, 81920 MiB, 0 %, 68.90 W, 40
2026/09/08 10:24:03.251, 27987 MiB, 81920 MiB, 58 %, 98.53 W, 44
2026/09/08 10:24:33.253, 27987 MiB, 81920 MiB, 58 %, 138.56 W, 46
2026/09/08 10:25:03.255, 27987 MiB, 81920 MiB, 0 %, 84.51 W, 41
2026/09/08 10:25:33.256, 27987 MiB, 81920 MiB, 0 %, 84.08 W, 41
2026/09/08 10:26:03.257, 27987 MiB, 81920 MiB, 57 %, 85.01 W, 42
2026/09/08 10:26:33.259, 27987 MiB, 81920 MiB, 45 %, 84.68 W, 42
2026/09/08 10:27:03.260, 27987 MiB, 81920 MiB, 66 %, 85.72 W, 43
2026/09/08 10:27:33.261, 27987 MiB, 81920 MiB, 32 %, 139.48 W, 44
2026/09/08 10:28:03.262, 27987 MiB, 81920 MiB, 0 %, 85.63 W, 41
2026/09/08 10:28:33.263, 27987 MiB, 81920 MiB, 78 %, 85.72 W, 44
2026/09/08 10:29:03.264, 27987 MiB, 81920 MiB, 12 %, 269.26 W, 45
2026/09/08 10:29:33.265, 27987 MiB, 81920 MiB, 53 %, 84.40 W, 41
2026/09/08 10:30:03.267, 27987 MiB, 81920 MiB, 0 %, 84.23 W, 41
2026/09/08 10:30:33.268, 27987 MiB, 81920 MiB, 66 %, 85.46 W, 42
2026/09/08 10:31:03.270, 27987 MiB, 81920 MiB, 0 %, 83.99 W, 41
2026/09/08 10:31:33.271, 27987 MiB, 81920 MiB, 100 %, 288.86 W, 48
2026/09/08 10:32:03.273, 27987 MiB, 81920 MiB, 100 %, 231.24 W, 47
2026/09/08 10:32:33.274, 27987 MiB, 81920 MiB, 0 %, 108.04 W, 46
2026/09/08 10:33:03.276, 27987 MiB, 81920 MiB, 30 %, 130.02 W, 45
2026/09/08 10:33:33.278, 27987 MiB, 81920 MiB, 54 %, 146.78 W, 48
2026/09/08 10:34:03.280, 27987 MiB, 81920 MiB, 0 %, 84.23 W, 42
2026/09/08 10:34:33.281, 27987 MiB, 81920 MiB, 87 %, 233.44 W, 48
2026/09/08 10:35:03.285, 27987 MiB, 81920 MiB, 39 %, 85.55 W, 43
2026/09/08 10:35:33.286, 27987 MiB, 81920 MiB, 0 %, 84.23 W, 42
2026/09/08 10:36:03.287, 27987 MiB, 81920 MiB, 33 %, 125.42 W, 45
2026/09/08 10:36:33.289, 27987 MiB, 81920 MiB, 0 %, 85.79 W, 43
2026/09/08 10:37:03.290, 27987 MiB, 81920 MiB, 48 %, 290.33 W, 49
2026/09/08 10:37:33.291, 27987 MiB, 81920 MiB, 83 %, 162.95 W, 45
2026/09/08 10:38:03.294, 27987 MiB, 81920 MiB, 88 %, 300.71 W, 48
2026/09/08 10:38:33.296, 27987 MiB, 81920 MiB, 0 %, 85.45 W, 42
2026/09/08 10:39:03.297, 27987 MiB, 81920 MiB, 74 %, 102.31 W, 47
2026/09/08 10:39:33.299, 27987 MiB, 81920 MiB, 61 %, 183.66 W, 47
2026/09/08 10:40:03.300, 27987 MiB, 81920 MiB, 69 %, 212.27 W, 44
2026/09/08 10:40:33.302, 27987 MiB, 81920 MiB, 0 %, 84.40 W, 41
2026/09/08 10:41:03.303, 27987 MiB, 81920 MiB, 93 %, 110.44 W, 47
2026/09/08 10:41:33.305, 27987 MiB, 81920 MiB, 13 %, 114.26 W, 46
2026/09/08 10:42:03.306, 27987 MiB, 81920 MiB, 0 %, 84.40 W, 42
2026/09/08 10:42:33.307, 27987 MiB, 81920 MiB, 2 %, 238.66 W, 45
2026/09/08 10:43:03.309, 27987 MiB, 81920 MiB, 0 %, 97.08 W, 41
2026/09/08 10:43:33.311, 27987 MiB, 81920 MiB, 0 %, 84.23 W, 41
2026/09/08 10:44:03.311, 27987 MiB, 81920 MiB, 0 %, 85.19 W, 41
2026/09/08 10:44:33.314, 27987 MiB, 81920 MiB, 86 %, 114.59 W, 47
2026/09/08 10:45:03.316, 27987 MiB, 81920 MiB, 94 %, 298.60 W, 48
2026/09/08 10:45:33.317, 27987 MiB, 81920 MiB, 3 %, 85.28 W, 41
2026/09/08 10:46:03.319, 27987 MiB, 81920 MiB, 11 %, 84.32 W, 41
2026/09/08 10:46:33.321, 27987 MiB, 81920 MiB, 41 %, 111.92 W, 43
2026/09/08 10:47:03.322, 27987 MiB, 81920 MiB, 71 %, 231.61 W, 44
2026/09/08 10:47:33.324, 27987 MiB, 81920 MiB, 0 %, 83.99 W, 41
2026/09/08 10:48:03.325, 27987 MiB, 81920 MiB, 81 %, 314.42 W, 48
2026/09/08 10:48:33.326, 27987 MiB, 81920 MiB, 62 %, 102.10 W, 43
2026/09/08 10:49:03.328, 27987 MiB, 81920 MiB, 0 %, 85.10 W, 42
2026/09/08 10:49:33.329, 27987 MiB, 81920 MiB, 76 %, 86.06 W, 44
2026/09/08 10:50:03.330, 27987 MiB, 81920 MiB, 2 %, 86.30 W, 42
2026/09/08 10:50:33.331, 27987 MiB, 81920 MiB, 30 %, 258.90 W, 45
2026/09/08 10:51:03.333, 27987 MiB, 81920 MiB, 40 %, 84.95 W, 42
2026/09/08 10:51:33.334, 27987 MiB, 81920 MiB, 52 %, 224.52 W, 43
2026/09/08 10:52:03.335, 27987 MiB, 81920 MiB, 82 %, 269.85 W, 47
2026/09/08 10:52:33.339, 27987 MiB, 81920 MiB, 45 %, 86.76 W, 41
2026/09/08 10:53:03.341, 27987 MiB, 81920 MiB, 0 %, 83.82 W, 41
2026/09/08 10:53:33.344, 27987 MiB, 81920 MiB, 62 %, 116.39 W, 42
2026/09/08 10:54:03.345, 27987 MiB, 81920 MiB, 41 %, 86.06 W, 43
2026/09/08 10:54:33.347, 27987 MiB, 81920 MiB, 92 %, 115.79 W, 45
2026/09/08 10:55:03.350, 27987 MiB, 81920 MiB, 0 %, 84.86 W, 42
2026/09/08 10:55:33.351, 27987 MiB, 81920 MiB, 0 %, 84.08 W, 41
2026/09/08 10:56:03.352, 27987 MiB, 81920 MiB, 89 %, 86.58 W, 46
2026/09/08 10:56:33.354, 27987 MiB, 81920 MiB, 1 %, 244.10 W, 45
2026/09/08 10:57:03.357, 27987 MiB, 81920 MiB, 0 %, 68.56 W, 40
2026/09/08 10:57:33.358, 27987 MiB, 81920 MiB, 86 %, 88.73 W, 43
2026/09/08 10:58:03.360, 27987 MiB, 81920 MiB, 42 %, 134.35 W, 44
2026/09/08 10:58:33.363, 27987 MiB, 81920 MiB, 1 %, 92.53 W, 43
2026/09/08 10:59:03.367, 27987 MiB, 81920 MiB, 20 %, 114.06 W, 44
2026/09/08 10:59:33.368, 27987 MiB, 81920 MiB, 86 %, 164.24 W, 45
2026/09/08 11:00:03.370, 27987 MiB, 81920 MiB, 0 %, 84.42 W, 42
2026/09/08 11:00:33.371, 27987 MiB, 81920 MiB, 6 %, 84.51 W, 42
2026/09/08 11:01:03.372, 27987 MiB, 81920 MiB, 0 %, 68.38 W, 40
2026/09/08 11:01:33.393, 27987 MiB, 81920 MiB, 54 %, 272.13 W, 48
2026/09/08 11:02:03.395, 27987 MiB, 81920 MiB, 70 %, 115.79 W, 47
2026/09/08 11:02:33.397, 27987 MiB, 81920 MiB, 93 %, 89.19 W, 44
2026/09/08 11:03:03.398, 27987 MiB, 81920 MiB, 81 %, 273.97 W, 48
2026/09/08 11:03:33.417, 27987 MiB, 81920 MiB, 21 %, 268.71 W, 44
2026/09/08 11:04:03.419, 27987 MiB, 81920 MiB, 41 %, 258.03 W, 43
2026/09/08 11:04:33.421, 27987 MiB, 81920 MiB, 43 %, 151.24 W, 44
2026/09/08 11:05:03.422, 27987 MiB, 81920 MiB, 60 %, 138.46 W, 44
2026/09/08 11:05:33.423, 27987 MiB, 81920 MiB, 49 %, 141.27 W, 46
2026/09/08 11:06:03.426, 27987 MiB, 81920 MiB, 0 %, 68.97 W, 40
2026/09/08 11:06:33.427, 27987 MiB, 81920 MiB, 0 %, 68.63 W, 39
2026/09/08 11:07:03.428, 27987 MiB, 81920 MiB, 57 %, 99.53 W, 42
2026/09/08 11:07:33.429, 27987 MiB, 81920 MiB, 82 %, 84.86 W, 44
2026/09/08 11:08:03.430, 27987 MiB, 81920 MiB, 46 %, 216.14 W, 43
2026/09/08 11:08:33.431, 27987 MiB, 81920 MiB, 91 %, 338.99 W, 48
2026/09/08 11:09:03.433, 27987 MiB, 81920 MiB, 0 %, 83.99 W, 41
2026/09/08 11:09:33.435, 27987 MiB, 81920 MiB, 0 %, 68.83 W, 41
2026/09/08 11:10:03.436, 27987 MiB, 81920 MiB, 78 %, 221.11 W, 46
2026/09/08 11:10:33.438, 27987 MiB, 81920 MiB, 89 %, 118.98 W, 46
2026/09/08 11:11:03.439, 27987 MiB, 81920 MiB, 66 %, 85.19 W, 45
2026/09/08 11:11:33.441, 27987 MiB, 81920 MiB, 24 %, 277.59 W, 48
2026/09/08 11:12:03.442, 27987 MiB, 81920 MiB, 97 %, 203.38 W, 46
2026/09/08 11:12:33.443, 27987 MiB, 81920 MiB, 30 %, 86.06 W, 44
2026/09/08 11:13:03.445, 27987 MiB, 81920 MiB, 0 %, 84.95 W, 41
2026/09/08 11:13:33.447, 27987 MiB, 81920 MiB, 0 %, 84.32 W, 41
2026/09/08 11:14:03.449, 27987 MiB, 81920 MiB, 80 %, 209.98 W, 44
2026/09/08 11:14:33.450, 27987 MiB, 81920 MiB, 95 %, 276.41 W, 49
2026/09/08 11:15:03.452, 27987 MiB, 81920 MiB, 0 %, 68.29 W, 40
2026/09/08 11:15:33.453, 27987 MiB, 81920 MiB, 0 %, 67.75 W, 37
2026/09/08 11:16:03.461, 27987 MiB, 81920 MiB, 36 %, 182.68 W, 43
2026/09/08 11:16:33.463, 27987 MiB, 81920 MiB, 0 %, 83.81 W, 40
2026/09/08 11:17:03.464, 27987 MiB, 81920 MiB, 59 %, 85.64 W, 41
2026/09/08 11:17:33.465, 27987 MiB, 81920 MiB, 2 %, 83.90 W, 40
2026/09/08 11:18:03.467, 27987 MiB, 81920 MiB, 80 %, 290.04 W, 46
2026/09/08 11:18:33.469, 27987 MiB, 81920 MiB, 0 %, 85.36 W, 42
2026/09/08 11:19:03.470, 27987 MiB, 81920 MiB, 25 %, 85.04 W, 41
2026/09/08 11:19:33.471, 27987 MiB, 81920 MiB, 57 %, 265.06 W, 44
2026/09/08 11:20:03.472, 27987 MiB, 81920 MiB, 25 %, 273.69 W, 45
2026/09/08 11:20:33.474, 27987 MiB, 81920 MiB, 67 %, 168.40 W, 44
2026/09/08 11:21:03.475, 27987 MiB, 81920 MiB, 65 %, 127.94 W, 44
2026/09/08 11:21:33.476, 27987 MiB, 81920 MiB, 94 %, 126.33 W, 46
2026/09/08 11:22:03.477, 27987 MiB, 81920 MiB, 0 %, 83.63 W, 41
2026/09/08 11:22:33.479, 27987 MiB, 81920 MiB, 82 %, 290.34 W, 50
2026/09/08 11:23:03.480, 27987 MiB, 81920 MiB, 0 %, 84.75 W, 42
2026/09/08 11:23:33.481, 27987 MiB, 81920 MiB, 84 %, 85.63 W, 46
2026/09/08 11:24:03.483, 27987 MiB, 81920 MiB, 72 %, 150.55 W, 45
2026/09/08 11:24:33.484, 27987 MiB, 81920 MiB, 48 %, 86.93 W, 44
2026/09/08 11:25:03.486, 27987 MiB, 81920 MiB, 33 %, 99.25 W, 45
2026/09/08 11:25:33.487, 27987 MiB, 81920 MiB, 88 %, 157.78 W, 46
2026/09/08 11:26:03.489, 27987 MiB, 81920 MiB, 38 %, 85.10 W, 45
2026/09/08 11:26:33.496, 27987 MiB, 81920 MiB, 0 %, 84.68 W, 41
2026/09/08 11:27:03.497, 27987 MiB, 81920 MiB, 6 %, 112.30 W, 43
2026/09/08 11:27:33.498, 27987 MiB, 81920 MiB, 44 %, 85.79 W, 43
2026/09/08 11:28:03.500, 27987 MiB, 81920 MiB, 25 %, 157.62 W, 44
2026/09/08 11:28:33.502, 27987 MiB, 81920 MiB, 0 %, 84.59 W, 41
2026/09/08 11:29:03.503, 27987 MiB, 81920 MiB, 91 %, 209.38 W, 47
2026/09/08 11:29:33.505, 27987 MiB, 81920 MiB, 33 %, 85.46 W, 41
2026/09/08 11:30:03.506, 27987 MiB, 81920 MiB, 0 %, 70.36 W, 40
2026/09/08 11:30:33.507, 27987 MiB, 81920 MiB, 0 %, 89.43 W, 42
2026/09/08 11:31:03.512, 27987 MiB, 81920 MiB, 70 %, 97.35 W, 46
2026/09/08 11:31:33.520, 27987 MiB, 81920 MiB, 0 %, 68.56 W, 40
2026/09/08 11:32:03.522, 27987 MiB, 81920 MiB, 0 %, 84.59 W, 41
2026/09/08 11:32:33.524, 27987 MiB, 81920 MiB, 79 %, 280.26 W, 47
2026/09/08 11:33:03.526, 27987 MiB, 81920 MiB, 65 %, 85.46 W, 42
2026/09/08 11:33:33.528, 27987 MiB, 81920 MiB, 77 %, 129.56 W, 47
2026/09/08 11:34:03.529, 27987 MiB, 81920 MiB, 10 %, 144.71 W, 45
2026/09/08 11:34:33.531, 27987 MiB, 81920 MiB, 9 %, 233.76 W, 46
2026/09/08 11:35:03.532, 27987 MiB, 81920 MiB, 67 %, 85.70 W, 44
2026/09/08 11:35:33.533, 27987 MiB, 81920 MiB, 6 %, 85.28 W, 42
2026/09/08 11:36:03.534, 27987 MiB, 81920 MiB, 86 %, 205.30 W, 48
2026/09/08 11:36:33.535, 27987 MiB, 81920 MiB, 37 %, 188.62 W, 44
2026/09/08 11:37:03.540, 27987 MiB, 81920 MiB, 73 %, 217.28 W, 46
2026/09/08 11:37:33.541, 27987 MiB, 81920 MiB, 0 %, 84.32 W, 41
2026/09/08 11:38:03.542, 27987 MiB, 81920 MiB, 43 %, 85.46 W, 43
2026/09/08 11:38:33.543, 27987 MiB, 81920 MiB, 39 %, 103.03 W, 45
2026/09/08 11:39:03.545, 27987 MiB, 81920 MiB, 83 %, 237.90 W, 48
2026/09/08 11:39:33.547, 27987 MiB, 81920 MiB, 10 %, 257.71 W, 46
2026/09/08 11:40:03.548, 27987 MiB, 81920 MiB, 0 %, 200.17 W, 43
2026/09/08 11:40:33.554, 27987 MiB, 81920 MiB, 0 %, 85.70 W, 42
2026/09/08 11:41:03.557, 27987 MiB, 81920 MiB, 65 %, 128.08 W, 45
2026/09/08 11:41:33.561, 27987 MiB, 81920 MiB, 44 %, 100.13 W, 45
2026/09/08 11:42:03.563, 27987 MiB, 81920 MiB, 100 %, 121.61 W, 48
2026/09/08 11:42:33.565, 27987 MiB, 81920 MiB, 0 %, 85.37 W, 42
2026/09/08 11:43:03.566, 27987 MiB, 81920 MiB, 0 %, 85.28 W, 42
2026/09/08 11:43:33.568, 27987 MiB, 81920 MiB, 2 %, 274.04 W, 43
2026/09/08 11:44:03.572, 27987 MiB, 81920 MiB, 41 %, 318.77 W, 50
2026/09/08 11:44:33.574, 27987 MiB, 81920 MiB, 79 %, 89.94 W, 46
2026/09/08 11:45:03.575, 27987 MiB, 81920 MiB, 78 %, 146.48 W, 47
2026/09/08 11:45:33.578, 27987 MiB, 81920 MiB, 81 %, 322.51 W, 49
2026/09/08 11:46:03.579, 27987 MiB, 81920 MiB, 1 %, 230.49 W, 45
2026/09/08 11:46:33.580, 27987 MiB, 81920 MiB, 35 %, 115.67 W, 44
2026/09/08 11:47:03.582, 27987 MiB, 81920 MiB, 22 %, 179.55 W, 42
2026/09/08 11:47:33.583, 27987 MiB, 81920 MiB, 67 %, 370.54 W, 48
2026/09/08 11:48:03.584, 27987 MiB, 81920 MiB, 85 %, 91.69 W, 44
2026/09/08 11:48:33.586, 27987 MiB, 81920 MiB, 0 %, 84.16 W, 41
2026/09/08 11:49:03.587, 27987 MiB, 81920 MiB, 16 %, 91.14 W, 41
2026/09/08 11:49:33.588, 27987 MiB, 81920 MiB, 0 %, 71.15 W, 41
2026/09/08 11:50:03.590, 27987 MiB, 81920 MiB, 0 %, 84.16 W, 42
2026/09/08 11:50:33.592, 27987 MiB, 81920 MiB, 0 %, 84.51 W, 41
2026/09/08 11:51:03.593, 27987 MiB, 81920 MiB, 5 %, 84.86 W, 42
2026/09/08 11:51:33.594, 27987 MiB, 81920 MiB, 2 %, 84.86 W, 41
2026/09/08 11:52:03.596, 27987 MiB, 81920 MiB, 2 %, 85.46 W, 42
2026/09/08 11:52:33.597, 27987 MiB, 81920 MiB, 52 %, 275.19 W, 46
2026/09/08 11:53:03.599, 27987 MiB, 81920 MiB, 2 %, 85.46 W, 42
2026/09/08 11:53:33.600, 27987 MiB, 81920 MiB, 0 %, 84.78 W, 42
2026/09/08 11:54:03.602, 27987 MiB, 81920 MiB, 48 %, 191.29 W, 44
2026/09/08 11:54:33.603, 27987 MiB, 81920 MiB, 0 %, 83.63 W, 41
2026/09/08 11:55:03.620, 27987 MiB, 81920 MiB, 0 %, 84.59 W, 42
2026/09/08 11:55:33.621, 27987 MiB, 81920 MiB, 39 %, 274.04 W, 42
2026/09/08 11:56:03.622, 27987 MiB, 81920 MiB, 0 %, 68.70 W, 40
2026/09/08 11:56:33.624, 27987 MiB, 81920 MiB, 0 %, 78.54 W, 41
2026/09/08 11:57:03.626, 27987 MiB, 81920 MiB, 27 %, 202.66 W, 47
2026/09/08 11:57:33.627, 27987 MiB, 81920 MiB, 33 %, 243.46 W, 44
2026/09/08 11:58:03.629, 27987 MiB, 81920 MiB, 0 %, 83.99 W, 41
2026/09/08 11:58:33.630, 27987 MiB, 81920 MiB, 86 %, 95.01 W, 46
2026/09/08 11:59:03.632, 27987 MiB, 81920 MiB, 20 %, 176.92 W, 44
2026/09/08 11:59:33.633, 27987 MiB, 81920 MiB, 74 %, 91.60 W, 44
2026/09/08 12:00:03.635, 27987 MiB, 81920 MiB, 0 %, 68.43 W, 40
2026/09/08 12:00:33.636, 27987 MiB, 81920 MiB, 70 %, 86.06 W, 42
2026/09/08 12:01:03.637, 27987 MiB, 81920 MiB, 0 %, 68.56 W, 40
2026/09/08 12:01:33.638, 27987 MiB, 81920 MiB, 47 %, 140.40 W, 46
2026/09/08 12:02:03.640, 27987 MiB, 81920 MiB, 0 %, 85.28 W, 41
2026/09/08 12:02:33.641, 27987 MiB, 81920 MiB, 54 %, 146.18 W, 43
2026/09/08 12:03:03.643, 27987 MiB, 81920 MiB, 55 %, 205.45 W, 46
2026/09/08 12:03:33.644, 27987 MiB, 81920 MiB, 99 %, 303.08 W, 47
2026/09/08 12:04:03.645, 27987 MiB, 81920 MiB, 47 %, 94.27 W, 43
2026/09/08 12:04:33.646, 27987 MiB, 81920 MiB, 4 %, 84.40 W, 42
2026/09/08 12:05:03.648, 27987 MiB, 81920 MiB, 46 %, 98.12 W, 45
2026/09/08 12:05:33.649, 27987 MiB, 81920 MiB, 81 %, 141.58 W, 49
2026/09/08 12:06:03.650, 27987 MiB, 81920 MiB, 44 %, 291.81 W, 49
2026/09/08 12:06:33.651, 27987 MiB, 81920 MiB, 56 %, 228.10 W, 47
2026/09/08 12:07:03.653, 27987 MiB, 81920 MiB, 0 %, 83.90 W, 41
2026/09/08 12:07:33.654, 27987 MiB, 81920 MiB, 73 %, 303.40 W, 47
2026/09/08 12:08:03.655, 27987 MiB, 81920 MiB, 15 %, 291.54 W, 48
2026/09/08 12:08:33.657, 27987 MiB, 81920 MiB, 0 %, 74.50 W, 41
2026/09/08 12:09:03.659, 27987 MiB, 81920 MiB, 55 %, 119.58 W, 45
2026/09/08 12:09:33.660, 27987 MiB, 81920 MiB, 4 %, 84.77 W, 42
2026/09/08 12:10:03.662, 27987 MiB, 81920 MiB, 58 %, 84.77 W, 42
2026/09/08 12:10:33.664, 27987 MiB, 81920 MiB, 76 %, 262.11 W, 47
2026/09/08 12:11:03.665, 27987 MiB, 81920 MiB, 49 %, 129.69 W, 46
2026/09/08 12:11:33.666, 27987 MiB, 81920 MiB, 0 %, 68.43 W, 40
2026/09/08 12:12:03.667, 27987 MiB, 81920 MiB, 12 %, 231.37 W, 44
2026/09/08 12:12:33.668, 27987 MiB, 81920 MiB, 80 %, 140.11 W, 48
2026/09/08 12:13:03.678, 27987 MiB, 81920 MiB, 69 %, 212.92 W, 48
2026/09/08 12:13:33.679, 27987 MiB, 81920 MiB, 83 %, 333.58 W, 48
2026/09/08 12:14:03.680, 27987 MiB, 81920 MiB, 95 %, 115.79 W, 48
2026/09/08 12:14:33.682, 27987 MiB, 81920 MiB, 0 %, 84.95 W, 41
2026/09/08 12:15:03.684, 27987 MiB, 81920 MiB, 0 %, 68.56 W, 40
2026/09/08 12:15:33.685, 27987 MiB, 81920 MiB, 73 %, 310.17 W, 46
2026/09/08 12:16:03.686, 27987 MiB, 81920 MiB, 0 %, 84.32 W, 42
2026/09/08 12:16:33.688, 27987 MiB, 81920 MiB, 26 %, 179.55 W, 43
2026/09/08 12:17:03.689, 27987 MiB, 81920 MiB, 8 %, 292.11 W, 45
2026/09/08 12:17:33.690, 27987 MiB, 81920 MiB, 0 %, 84.49 W, 42
2026/09/08 12:18:03.692, 27987 MiB, 81920 MiB, 72 %, 136.38 W, 44
2026/09/08 12:18:33.693, 27987 MiB, 81920 MiB, 12 %, 85.55 W, 43
2026/09/08 12:19:03.695, 27987 MiB, 81920 MiB, 39 %, 99.25 W, 47
2026/09/08 12:19:33.696, 27987 MiB, 81920 MiB, 0 %, 68.21 W, 39
2026/09/08 12:20:03.697, 27987 MiB, 81920 MiB, 77 %, 245.02 W, 43
2026/09/08 12:20:33.699, 27987 MiB, 81920 MiB, 0 %, 83.39 W, 40
2026/09/08 12:21:03.701, 27987 MiB, 81920 MiB, 0 %, 84.32 W, 40
2026/09/08 12:21:33.702, 27987 MiB, 81920 MiB, 0 %, 68.02 W, 39
2026/09/08 12:22:03.704, 27987 MiB, 81920 MiB, 50 %, 85.10 W, 42
2026/09/08 12:22:33.711, 27987 MiB, 81920 MiB, 21 %, 82.27 W, 41
2026/09/08 12:23:03.716, 27987 MiB, 81920 MiB, 74 %, 297.19 W, 48
2026/09/08 12:23:33.718, 27987 MiB, 81920 MiB, 96 %, 293.02 W, 47
2026/09/08 12:24:03.723, 27987 MiB, 81920 MiB, 57 %, 207.02 W, 43
2026/09/08 12:24:33.725, 27987 MiB, 81920 MiB, 82 %, 119.30 W, 50
2026/09/08 12:25:03.726, 27987 MiB, 81920 MiB, 84 %, 235.36 W, 49
2026/09/08 12:25:33.729, 27987 MiB, 81920 MiB, 0 %, 85.04 W, 42
2026/09/08 12:26:03.731, 27987 MiB, 81920 MiB, 56 %, 86.67 W, 44
2026/09/08 12:26:33.733, 27987 MiB, 81920 MiB, 55 %, 256.23 W, 44
2026/09/08 12:27:03.734, 27987 MiB, 81920 MiB, 51 %, 88.73 W, 47
2026/09/08 12:27:33.736, 27987 MiB, 81920 MiB, 0 %, 85.28 W, 42
2026/09/08 12:28:03.737, 27987 MiB, 81920 MiB, 58 %, 104.07 W, 43
2026/09/08 12:28:33.739, 27987 MiB, 81920 MiB, 72 %, 88.55 W, 44
2026/09/08 12:29:03.740, 27987 MiB, 81920 MiB, 86 %, 118.10 W, 46
2026/09/08 12:29:33.741, 27987 MiB, 81920 MiB, 93 %, 289.73 W, 48
2026/09/08 12:30:03.749, 27987 MiB, 81920 MiB, 49 %, 85.03 W, 43
2026/09/08 12:30:33.751, 27987 MiB, 81920 MiB, 59 %, 107.28 W, 47
2026/09/08 12:31:03.753, 27987 MiB, 81920 MiB, 0 %, 69.05 W, 41
2026/09/08 12:31:33.754, 27987 MiB, 81920 MiB, 39 %, 91.19 W, 43
2026/09/08 12:32:03.756, 27987 MiB, 81920 MiB, 33 %, 85.72 W, 43
2026/09/08 12:32:33.757, 27987 MiB, 81920 MiB, 27 %, 114.42 W, 43
2026/09/08 12:33:03.760, 27987 MiB, 81920 MiB, 0 %, 84.24 W, 42
2026/09/08 12:33:33.765, 27987 MiB, 81920 MiB, 0 %, 84.00 W, 41
2026/09/08 12:34:03.767, 27987 MiB, 81920 MiB, 21 %, 84.51 W, 43
2026/09/08 12:34:33.767, 27987 MiB, 81920 MiB, 0 %, 85.12 W, 42
2026/09/08 12:35:03.769, 27987 MiB, 81920 MiB, 87 %, 93.09 W, 43
2026/09/08 12:35:33.771, 27987 MiB, 81920 MiB, 22 %, 87.35 W, 45
2026/09/08 12:36:03.772, 27987 MiB, 81920 MiB, 59 %, 134.44 W, 45
2026/09/08 12:36:33.773, 27987 MiB, 81920 MiB, 82 %, 151.71 W, 46
2026/09/08 12:37:03.774, 27987 MiB, 81920 MiB, 82 %, 119.93 W, 46
2026/09/08 12:37:33.776, 27987 MiB, 81920 MiB, 61 %, 136.38 W, 43
2026/09/08 12:38:03.777, 27987 MiB, 81920 MiB, 78 %, 294.20 W, 47
2026/09/08 12:38:33.778, 27987 MiB, 81920 MiB, 12 %, 132.36 W, 45
2026/09/08 12:39:03.780, 27987 MiB, 81920 MiB, 26 %, 229.74 W, 46
2026/09/08 12:39:33.781, 27987 MiB, 81920 MiB, 67 %, 86.06 W, 43
2026/09/08 12:40:03.787, 27987 MiB, 81920 MiB, 0 %, 84.95 W, 41
2026/09/08 12:40:33.788, 27987 MiB, 81920 MiB, 13 %, 85.21 W, 42
2026/09/08 12:41:03.790, 27987 MiB, 81920 MiB, 100 %, 263.64 W, 48
2026/09/08 12:41:33.798, 27987 MiB, 81920 MiB, 24 %, 277.27 W, 49
2026/09/08 12:42:03.800, 27987 MiB, 81920 MiB, 23 %, 274.32 W, 49
2026/09/08 12:42:33.801, 27987 MiB, 81920 MiB, 0 %, 123.93 W, 45
2026/09/08 12:43:03.801, 27987 MiB, 81920 MiB, 23 %, 274.05 W, 46
2026/09/08 12:43:33.802, 27987 MiB, 81920 MiB, 83 %, 257.44 W, 50
2026/09/08 12:44:03.804, 27987 MiB, 81920 MiB, 26 %, 85.79 W, 43
2026/09/08 12:44:33.806, 27987 MiB, 81920 MiB, 0 %, 84.86 W, 42
2026/09/08 12:45:03.808, 27987 MiB, 81920 MiB, 61 %, 92.61 W, 46
2026/09/08 12:45:33.809, 27987 MiB, 81920 MiB, 93 %, 297.17 W, 49
2026/09/08 12:46:03.811, 27987 MiB, 81920 MiB, 42 %, 273.75 W, 48
2026/09/08 12:46:33.811, 27987 MiB, 81920 MiB, 48 %, 246.84 W, 49
2026/09/08 12:47:03.813, 27987 MiB, 81920 MiB, 99 %, 278.79 W, 49
2026/09/08 12:47:33.814, 27987 MiB, 81920 MiB, 68 %, 145.30 W, 45
2026/09/08 12:48:03.816, 27987 MiB, 81920 MiB, 93 %, 236.10 W, 47
2026/09/08 12:48:33.817, 27987 MiB, 81920 MiB, 0 %, 68.83 W, 41
2026/09/08 12:49:03.820, 27987 MiB, 81920 MiB, 0 %, 85.79 W, 42
2026/09/08 12:49:33.821, 27987 MiB, 81920 MiB, 0 %, 68.70 W, 41
2026/09/08 12:50:03.822, 27987 MiB, 81920 MiB, 89 %, 290.63 W, 49
2026/09/08 12:50:33.823, 27987 MiB, 81920 MiB, 40 %, 85.79 W, 41
2026/09/08 12:51:03.825, 27987 MiB, 81920 MiB, 93 %, 292.13 W, 47
2026/09/08 12:51:33.827, 27987 MiB, 81920 MiB, 16 %, 85.88 W, 42
2026/09/08 12:52:03.829, 27987 MiB, 81920 MiB, 0 %, 93.58 W, 41
2026/09/08 12:52:33.831, 27987 MiB, 81920 MiB, 88 %, 86.15 W, 44
2026/09/08 12:53:03.832, 27987 MiB, 81920 MiB, 67 %, 270.46 W, 46
2026/09/08 12:53:33.833, 27987 MiB, 81920 MiB, 38 %, 87.08 W, 44
2026/09/08 12:54:03.835, 27987 MiB, 81920 MiB, 84 %, 249.01 W, 48
2026/09/08 12:54:33.836, 27987 MiB, 81920 MiB, 55 %, 299.29 W, 47
2026/09/08 12:55:03.837, 27987 MiB, 81920 MiB, 4 %, 136.80 W, 43
2026/09/08 12:55:33.838, 27987 MiB, 81920 MiB, 3 %, 69.22 W, 40
2026/09/08 12:56:03.840, 27987 MiB, 81920 MiB, 99 %, 288.84 W, 48
2026/09/08 12:56:33.841, 27987 MiB, 81920 MiB, 83 %, 103.41 W, 44
2026/09/08 12:57:03.842, 27987 MiB, 81920 MiB, 0 %, 84.95 W, 41
2026/09/08 12:57:33.854, 27987 MiB, 81920 MiB, 85 %, 113.99 W, 46
2026/09/08 12:58:03.855, 27987 MiB, 81920 MiB, 58 %, 85.10 W, 43
2026/09/08 12:58:33.860, 27987 MiB, 81920 MiB, 0 %, 83.99 W, 41
2026/09/08 12:59:03.864, 27987 MiB, 81920 MiB, 0 %, 84.59 W, 41
2026/09/08 12:59:33.866, 27987 MiB, 81920 MiB, 64 %, 164.42 W, 44
2026/09/08 13:00:03.870, 27987 MiB, 81920 MiB, 0 %, 83.99 W, 41
2026/09/08 13:00:33.872, 27987 MiB, 81920 MiB, 0 %, 84.40 W, 41
2026/09/08 13:01:03.874, 27987 MiB, 81920 MiB, 0 %, 84.95 W, 41
2026/09/08 13:01:33.875, 27987 MiB, 81920 MiB, 2 %, 84.32 W, 42
2026/09/08 13:02:03.876, 27987 MiB, 81920 MiB, 29 %, 108.37 W, 45
2026/09/08 13:02:33.877, 27987 MiB, 81920 MiB, 3 %, 104.50 W, 44
2026/09/08 13:03:03.878, 27987 MiB, 81920 MiB, 51 %, 85.55 W, 43
2026/09/08 13:03:33.880, 27987 MiB, 81920 MiB, 35 %, 256.83 W, 45
2026/09/08 13:04:03.882, 27987 MiB, 81920 MiB, 98 %, 199.30 W, 46
2026/09/08 13:04:33.883, 27987 MiB, 81920 MiB, 36 %, 167.88 W, 44
2026/09/08 13:05:03.885, 27987 MiB, 81920 MiB, 21 %, 86.76 W, 42
2026/09/08 13:05:33.888, 27987 MiB, 81920 MiB, 0 %, 68.63 W, 41
2026/09/08 13:06:03.892, 27987 MiB, 81920 MiB, 85 %, 260.10 W, 48
2026/09/08 13:06:33.894, 27987 MiB, 81920 MiB, 2 %, 223.55 W, 42
2026/09/08 13:07:03.895, 27987 MiB, 81920 MiB, 24 %, 291.24 W, 49
2026/09/08 13:07:33.896, 27987 MiB, 81920 MiB, 93 %, 294.20 W, 48
2026/09/08 13:08:03.898, 27987 MiB, 81920 MiB, 35 %, 232.44 W, 46
2026/09/08 13:08:33.899, 27987 MiB, 81920 MiB, 0 %, 84.25 W, 42
2026/09/08 13:09:03.901, 27987 MiB, 81920 MiB, 0 %, 84.40 W, 41
2026/09/08 13:09:33.904, 27987 MiB, 81920 MiB, 8 %, 68.90 W, 40
2026/09/08 13:10:03.905, 27987 MiB, 81920 MiB, 41 %, 85.10 W, 45
2026/09/08 13:10:33.906, 27987 MiB, 81920 MiB, 21 %, 164.42 W, 44
2026/09/08 13:11:03.907, 27987 MiB, 81920 MiB, 56 %, 84.86 W, 42
2026/09/08 13:11:33.910, 27987 MiB, 81920 MiB, 38 %, 175.27 W, 44
2026/09/08 13:12:03.912, 27987 MiB, 81920 MiB, 0 %, 85.97 W, 42
2026/09/08 13:12:33.913, 27987 MiB, 81920 MiB, 83 %, 88.23 W, 44
2026/09/08 13:13:03.914, 27987 MiB, 81920 MiB, 38 %, 84.77 W, 43
2026/09/08 13:13:33.916, 27987 MiB, 81920 MiB, 90 %, 85.46 W, 43
2026/09/08 13:14:03.917, 27987 MiB, 81920 MiB, 70 %, 156.75 W, 45
2026/09/08 13:14:33.918, 27987 MiB, 81920 MiB, 54 %, 86.39 W, 43
2026/09/08 13:15:03.920, 27987 MiB, 81920 MiB, 23 %, 105.48 W, 47
2026/09/08 13:15:33.921, 27987 MiB, 81920 MiB, 0 %, 84.08 W, 41
2026/09/08 13:16:03.922, 27987 MiB, 81920 MiB, 0 %, 84.32 W, 41
2026/09/08 13:16:33.924, 27987 MiB, 81920 MiB, 0 %, 84.68 W, 41
2026/09/08 13:17:03.925, 27987 MiB, 81920 MiB, 24 %, 84.68 W, 42
2026/09/08 13:17:33.927, 27987 MiB, 81920 MiB, 43 %, 277.90 W, 47
2026/09/08 13:18:03.928, 27987 MiB, 81920 MiB, 63 %, 85.55 W, 43
2026/09/08 13:18:33.929, 27987 MiB, 81920 MiB, 3 %, 151.23 W, 45
2026/09/08 13:19:03.931, 27987 MiB, 81920 MiB, 2 %, 84.78 W, 42
2026/09/08 13:19:33.932, 27987 MiB, 81920 MiB, 93 %, 335.10 W, 47
2026/09/08 13:20:03.933, 27987 MiB, 81920 MiB, 19 %, 84.78 W, 43
2026/09/08 13:20:33.935, 27987 MiB, 81920 MiB, 0 %, 68.70 W, 40
2026/09/08 13:21:03.939, 27987 MiB, 81920 MiB, 0 %, 68.50 W, 40
2026/09/08 13:21:33.941, 27987 MiB, 81920 MiB, 10 %, 85.28 W, 42
2026/09/08 13:22:03.943, 27987 MiB, 81920 MiB, 26 %, 238.77 W, 45
2026/09/08 13:22:33.947, 27987 MiB, 81920 MiB, 29 %, 87.44 W, 44
2026/09/08 13:23:03.948, 27987 MiB, 81920 MiB, 64 %, 145.00 W, 43
2026/09/08 13:23:33.949, 27987 MiB, 81920 MiB, 52 %, 86.83 W, 44
2026/09/08 13:24:03.950, 27987 MiB, 81920 MiB, 0 %, 68.03 W, 39
