timestamp, memory.used [MiB], memory.total [MiB], utilization.gpu [%], power.draw [W], temperature.gpu
2026/09/07 22:18:00.888, 0 MiB, 81920 MiB, 0 %, 57.83 W, 33
2026/09/07 22:18:30.900, 433 MiB, 81920 MiB, 0 %, 64.95 W, 33
2026/09/07 22:19:00.901, 10643 MiB, 81920 MiB, 0 %, 65.28 W, 33
2026/09/07 22:19:30.902, 25647 MiB, 81920 MiB, 70 %, 174.52 W, 43
2026/09/07 22:20:00.906, 25647 MiB, 81920 MiB, 57 %, 223.32 W, 46
2026/09/07 22:20:30.908, 25647 MiB, 81920 MiB, 33 %, 289.46 W, 47
2026/09/07 22:21:00.909, 25647 MiB, 81920 MiB, 72 %, 241.31 W, 45
2026/09/07 22:21:30.910, 25647 MiB, 81920 MiB, 89 %, 303.37 W, 48
2026/09/07 22:22:00.915, 25647 MiB, 81920 MiB, 45 %, 114.97 W, 42
2026/09/07 22:22:30.917, 25647 MiB, 81920 MiB, 6 %, 271.97 W, 49
2026/09/07 22:23:00.923, 26639 MiB, 81920 MiB, 0 %, 80.63 W, 40
2026/09/07 22:23:30.926, 26639 MiB, 81920 MiB, 2 %, 82.86 W, 41
2026/09/07 22:24:00.927, 26641 MiB, 81920 MiB, 0 %, 80.98 W, 42
2026/09/07 22:24:30.929, 26641 MiB, 81920 MiB, 83 %, 144.55 W, 49
2026/09/07 22:25:00.930, 26641 MiB, 81920 MiB, 85 %, 264.34 W, 50
2026/09/07 22:25:30.932, 26641 MiB, 81920 MiB, 73 %, 81.07 W, 41
2026/09/07 22:26:00.937, 26641 MiB, 81920 MiB, 0 %, 66.21 W, 40
2026/09/07 22:26:30.939, 26641 MiB, 81920 MiB, 100 %, 189.90 W, 46
2026/09/07 22:27:00.940, 26641 MiB, 81920 MiB, 33 %, 289.71 W, 48
2026/09/07 22:27:30.941, 26641 MiB, 81920 MiB, 27 %, 81.76 W, 42
2026/09/07 22:28:00.943, 26641 MiB, 81920 MiB, 0 %, 65.95 W, 39
2026/09/07 22:28:30.944, 26641 MiB, 81920 MiB, 0 %, 80.82 W, 41
2026/09/07 22:29:00.946, 26641 MiB, 81920 MiB, 62 %, 156.04 W, 46
2026/09/07 22:29:30.947, 26641 MiB, 81920 MiB, 96 %, 108.01 W, 46
2026/09/07 22:30:00.949, 26641 MiB, 81920 MiB, 0 %, 80.62 W, 40
2026/09/07 22:30:30.950, 26641 MiB, 81920 MiB, 0 %, 80.98 W, 40
2026/09/07 22:31:00.951, 26641 MiB, 81920 MiB, 0 %, 65.89 W, 40
2026/09/07 22:31:30.952, 26641 MiB, 81920 MiB, 37 %, 270.28 W, 46
2026/09/07 22:32:00.953, 26641 MiB, 81920 MiB, 0 %, 80.90 W, 41
2026/09/07 22:32:30.954, 26641 MiB, 81920 MiB, 49 %, 81.49 W, 42
2026/09/07 22:33:00.956, 26641 MiB, 81920 MiB, 0 %, 80.79 W, 41
2026/09/07 22:33:30.957, 26641 MiB, 81920 MiB, 69 %, 205.64 W, 46
2026/09/07 22:34:00.959, 26641 MiB, 81920 MiB, 76 %, 148.11 W, 44
2026/09/07 22:34:30.962, 26737 MiB, 81920 MiB, 2 %, 80.71 W, 40
2026/09/07 22:35:00.967, 26737 MiB, 81920 MiB, 87 %, 120.31 W, 46
2026/09/07 22:35:30.968, 26737 MiB, 81920 MiB, 0 %, 80.79 W, 41
2026/09/07 22:36:00.970, 26737 MiB, 81920 MiB, 8 %, 108.31 W, 43
2026/09/07 22:36:30.973, 26737 MiB, 81920 MiB, 68 %, 81.07 W, 42
2026/09/07 22:37:00.976, 26737 MiB, 81920 MiB, 0 %, 81.07 W, 41
2026/09/07 22:37:30.982, 26737 MiB, 81920 MiB, 0 %, 66.21 W, 39
2026/09/07 22:38:00.983, 26737 MiB, 81920 MiB, 77 %, 89.24 W, 44
2026/09/07 22:38:30.984, 26737 MiB, 81920 MiB, 25 %, 82.10 W, 43
2026/09/07 22:39:00.985, 26737 MiB, 81920 MiB, 11 %, 81.75 W, 43
2026/09/07 22:39:30.986, 26737 MiB, 81920 MiB, 0 %, 81.24 W, 41
2026/09/07 22:40:00.988, 26737 MiB, 81920 MiB, 8 %, 82.71 W, 40
2026/09/07 22:40:30.989, 26737 MiB, 81920 MiB, 0 %, 81.13 W, 40
2026/09/07 22:41:00.990, 26737 MiB, 81920 MiB, 78 %, 82.19 W, 43
2026/09/07 22:41:30.992, 26737 MiB, 81920 MiB, 0 %, 81.49 W, 42
2026/09/07 22:42:00.993, 26737 MiB, 81920 MiB, 9 %, 172.81 W, 42
2026/09/07 22:42:30.995, 26737 MiB, 81920 MiB, 38 %, 131.82 W, 43
2026/09/07 22:43:00.996, 26737 MiB, 81920 MiB, 49 %, 82.61 W, 43
2026/09/07 22:43:31.000, 26737 MiB, 81920 MiB, 58 %, 121.40 W, 44
2026/09/07 22:44:01.002, 26737 MiB, 81920 MiB, 32 %, 274.07 W, 49
2026/09/07 22:44:31.004, 26737 MiB, 81920 MiB, 19 %, 220.24 W, 44
2026/09/07 22:45:01.005, 26737 MiB, 81920 MiB, 35 %, 82.45 W, 43
2026/09/07 22:45:31.008, 26737 MiB, 81920 MiB, 26 %, 166.14 W, 44
2026/09/07 22:46:01.010, 26737 MiB, 81920 MiB, 83 %, 308.58 W, 46
2026/09/07 22:46:31.012, 26737 MiB, 81920 MiB, 0 %, 80.79 W, 41
2026/09/07 22:47:01.013, 26737 MiB, 81920 MiB, 70 %, 84.43 W, 43
2026/09/07 22:47:31.017, 26737 MiB, 81920 MiB, 61 %, 85.26 W, 45
2026/09/07 22:48:01.021, 26737 MiB, 81920 MiB, 0 %, 81.31 W, 41
2026/09/07 22:48:31.022, 27665 MiB, 81920 MiB, 58 %, 287.64 W, 46
2026/09/07 22:49:01.024, 27665 MiB, 81920 MiB, 71 %, 81.58 W, 43
2026/09/07 22:49:31.026, 27665 MiB, 81920 MiB, 42 %, 267.04 W, 47
2026/09/07 22:50:01.028, 27665 MiB, 81920 MiB, 98 %, 293.26 W, 51
2026/09/07 22:50:31.029, 27665 MiB, 81920 MiB, 61 %, 81.31 W, 41
2026/09/07 22:51:01.030, 27665 MiB, 81920 MiB, 0 %, 91.53 W, 41
2026/09/07 22:51:31.032, 27953 MiB, 81920 MiB, 94 %, 138.79 W, 46
2026/09/07 22:52:01.033, 27953 MiB, 81920 MiB, 2 %, 80.98 W, 44
2026/09/07 22:52:31.034, 27953 MiB, 81920 MiB, 82 %, 269.37 W, 51
2026/09/07 22:53:01.035, 28049 MiB, 81920 MiB, 78 %, 82.09 W, 43
2026/09/07 22:53:31.037, 28049 MiB, 81920 MiB, 0 %, 80.62 W, 40
2026/09/07 22:54:01.038, 28049 MiB, 81920 MiB, 41 %, 81.41 W, 42
2026/09/07 22:54:31.039, 28049 MiB, 81920 MiB, 50 %, 162.62 W, 49
2026/09/07 22:55:01.041, 28049 MiB, 81920 MiB, 49 %, 81.39 W, 41
2026/09/07 22:55:31.042, 28049 MiB, 81920 MiB, 0 %, 80.88 W, 40
2026/09/07 22:56:01.044, 28049 MiB, 81920 MiB, 28 %, 149.89 W, 44
2026/09/07 22:56:31.045, 28049 MiB, 81920 MiB, 88 %, 287.07 W, 46
2026/09/07 22:57:01.047, 28049 MiB, 81920 MiB, 77 %, 222.63 W, 49
2026/09/07 22:57:31.048, 28049 MiB, 81920 MiB, 53 %, 189.10 W, 44
2026/09/07 22:58:01.049, 28049 MiB, 81920 MiB, 4 %, 282.94 W, 48
2026/09/07 22:58:31.051, 28049 MiB, 81920 MiB, 15 %, 178.77 W, 43
2026/09/07 22:59:01.052, 28049 MiB, 81920 MiB, 61 %, 229.18 W, 44
2026/09/07 22:59:31.054, 28049 MiB, 81920 MiB, 86 %, 116.18 W, 48
2026/09/07 23:00:01.055, 28049 MiB, 81920 MiB, 0 %, 81.07 W, 41
2026/09/07 23:00:31.056, 28049 MiB, 81920 MiB, 2 %, 269.69 W, 44
2026/09/07 23:01:01.057, 28049 MiB, 81920 MiB, 26 %, 91.16 W, 41
2026/09/07 23:01:31.058, 28049 MiB, 81920 MiB, 0 %, 65.95 W, 40
2026/09/07 23:02:01.059, 28049 MiB, 81920 MiB, 0 %, 66.14 W, 40
2026/09/07 23:02:31.061, 28049 MiB, 81920 MiB, 62 %, 89.20 W, 47
2026/09/07 23:03:01.062, 28049 MiB, 81920 MiB, 22 %, 81.49 W, 44
2026/09/07 23:03:31.064, 28049 MiB, 81920 MiB, 23 %, 288.26 W, 48
2026/09/07 23:04:01.065, 28049 MiB, 81920 MiB, 70 %, 82.77 W, 43
2026/09/07 23:04:31.066, 28049 MiB, 81920 MiB, 97 %, 243.16 W, 48
2026/09/07 23:05:01.067, 28049 MiB, 81920 MiB, 10 %, 90.67 W, 45
2026/09/07 23:05:31.074, 28049 MiB, 81920 MiB, 0 %, 65.89 W, 40
2026/09/07 23:06:01.075, 28049 MiB, 81920 MiB, 62 %, 240.51 W, 48
2026/09/07 23:06:31.077, 28049 MiB, 81920 MiB, 71 %, 83.37 W, 42
2026/09/07 23:07:01.078, 28049 MiB, 81920 MiB, 0 %, 80.98 W, 41
2026/09/07 23:07:31.079, 28049 MiB, 81920 MiB, 4 %, 81.31 W, 42
2026/09/07 23:08:01.081, 28049 MiB, 81920 MiB, 64 %, 83.05 W, 42
2026/09/07 23:08:31.082, 28049 MiB, 81920 MiB, 33 %, 81.31 W, 41
2026/09/07 23:09:01.084, 28049 MiB, 81920 MiB, 25 %, 81.14 W, 42
2026/09/07 23:09:31.086, 28049 MiB, 81920 MiB, 35 %, 103.85 W, 47
2026/09/07 23:10:01.088, 28049 MiB, 81920 MiB, 62 %, 334.75 W, 46
2026/09/07 23:10:31.090, 28049 MiB, 81920 MiB, 28 %, 188.31 W, 45
2026/09/07 23:11:01.094, 28049 MiB, 81920 MiB, 4 %, 80.90 W, 41
2026/09/07 23:11:31.096, 28049 MiB, 81920 MiB, 56 %, 88.87 W, 43
2026/09/07 23:12:01.097, 28049 MiB, 81920 MiB, 74 %, 81.76 W, 45
2026/09/07 23:12:31.098, 28049 MiB, 81920 MiB, 74 %, 234.61 W, 49
2026/09/07 23:13:01.100, 28049 MiB, 81920 MiB, 6 %, 83.56 W, 43
2026/09/07 23:13:31.101, 28049 MiB, 81920 MiB, 5 %, 134.20 W, 44
2026/09/07 23:14:01.103, 28049 MiB, 81920 MiB, 0 %, 81.31 W, 41
2026/09/07 23:14:31.105, 28049 MiB, 81920 MiB, 36 %, 157.13 W, 43
2026/09/07 23:15:01.106, 28049 MiB, 81920 MiB, 49 %, 153.87 W, 42
2026/09/07 23:15:31.107, 28049 MiB, 81920 MiB, 80 %, 81.58 W, 42
2026/09/07 23:16:01.109, 28049 MiB, 81920 MiB, 33 %, 119.56 W, 44
2026/09/07 23:16:31.113, 28049 MiB, 81920 MiB, 0 %, 68.00 W, 39
2026/09/07 23:17:01.115, 28049 MiB, 81920 MiB, 21 %, 81.31 W, 42
2026/09/07 23:17:31.116, 28049 MiB, 81920 MiB, 42 %, 109.50 W, 43
2026/09/07 23:18:01.117, 28049 MiB, 81920 MiB, 0 %, 80.98 W, 41
2026/09/07 23:18:31.119, 28049 MiB, 81920 MiB, 0 %, 66.94 W, 40
2026/09/07 23:19:01.120, 28049 MiB, 81920 MiB, 92 %, 248.47 W, 47
2026/09/07 23:19:31.121, 28049 MiB, 81920 MiB, 11 %, 82.18 W, 42
2026/09/07 23:20:01.122, 28049 MiB, 81920 MiB, 72 %, 81.22 W, 41
2026/09/07 23:20:31.123, 28049 MiB, 81920 MiB, 0 %, 88.51 W, 40
2026/09/07 23:21:01.125, 28049 MiB, 81920 MiB, 97 %, 229.57 W, 48
2026/09/07 23:21:31.126, 28049 MiB, 81920 MiB, 36 %, 280.60 W, 47
2026/09/07 23:22:01.127, 28049 MiB, 81920 MiB, 0 %, 65.75 W, 39
2026/09/07 23:22:31.129, 28049 MiB, 81920 MiB, 1 %, 80.98 W, 42
2026/09/07 23:23:01.131, 28051 MiB, 81920 MiB, 0 %, 65.61 W, 38
2026/09/07 23:23:31.132, 28051 MiB, 81920 MiB, 0 %, 64.81 W, 36
2026/09/07 23:24:01.133, 28051 MiB, 81920 MiB, 0 %, 64.88 W, 35
2026/09/07 23:24:31.134, 28051 MiB, 81920 MiB, 91 %, 80.38 W, 39
2026/09/07 23:25:01.137, 28051 MiB, 81920 MiB, 0 %, 65.54 W, 38
2026/09/07 23:25:31.138, 28051 MiB, 81920 MiB, 23 %, 81.58 W, 41
2026/09/07 23:26:01.143, 28051 MiB, 81920 MiB, 59 %, 286.80 W, 42
2026/09/07 23:26:31.145, 28051 MiB, 81920 MiB, 92 %, 98.12 W, 46
2026/09/07 23:27:01.146, 28051 MiB, 81920 MiB, 74 %, 99.65 W, 45
2026/09/07 23:27:31.148, 28051 MiB, 81920 MiB, 0 %, 80.79 W, 40
2026/09/07 23:28:01.150, 28051 MiB, 81920 MiB, 67 %, 270.25 W, 46
2026/09/07 23:28:31.153, 28051 MiB, 81920 MiB, 87 %, 272.32 W, 47
2026/09/07 23:29:01.155, 28051 MiB, 81920 MiB, 23 %, 197.07 W, 45
2026/09/07 23:29:31.156, 28051 MiB, 81920 MiB, 50 %, 134.07 W, 44
2026/09/07 23:30:01.157, 28051 MiB, 81920 MiB, 12 %, 70.00 W, 40
2026/09/07 23:30:31.159, 28051 MiB, 81920 MiB, 89 %, 130.95 W, 47
2026/09/07 23:31:01.160, 28051 MiB, 81920 MiB, 0 %, 80.90 W, 41
2026/09/07 23:31:31.163, 28051 MiB, 81920 MiB, 34 %, 291.79 W, 48
2026/09/07 23:32:01.165, 28051 MiB, 81920 MiB, 0 %, 80.98 W, 46
2026/09/07 23:32:31.167, 28051 MiB, 81920 MiB, 0 %, 82.18 W, 41
2026/09/07 23:33:01.169, 28051 MiB, 81920 MiB, 27 %, 178.07 W, 45
2026/09/07 23:33:31.171, 28051 MiB, 81920 MiB, 1 %, 243.76 W, 42
2026/09/07 23:34:01.173, 28051 MiB, 81920 MiB, 3 %, 204.77 W, 44
2026/09/07 23:34:31.175, 28051 MiB, 81920 MiB, 5 %, 81.39 W, 42
2026/09/07 23:35:01.178, 28051 MiB, 81920 MiB, 0 %, 66.55 W, 40
2026/09/07 23:35:31.179, 28051 MiB, 81920 MiB, 61 %, 81.31 W, 41
2026/09/07 23:36:01.181, 28051 MiB, 81920 MiB, 0 %, 80.90 W, 41
2026/09/07 23:36:31.182, 28051 MiB, 81920 MiB, 0 %, 66.14 W, 39
2026/09/07 23:37:01.183, 28051 MiB, 81920 MiB, 98 %, 116.45 W, 47
2026/09/07 23:37:31.186, 28051 MiB, 81920 MiB, 0 %, 80.82 W, 40
2026/09/07 23:38:01.188, 28051 MiB, 81920 MiB, 73 %, 81.49 W, 42
2026/09/07 23:38:31.193, 28051 MiB, 81920 MiB, 74 %, 206.45 W, 47
2026/09/07 23:39:01.197, 28051 MiB, 81920 MiB, 65 %, 99.24 W, 44
2026/09/07 23:39:31.198, 28051 MiB, 81920 MiB, 1 %, 159.29 W, 45
2026/09/07 23:40:01.200, 28051 MiB, 81920 MiB, 37 %, 115.19 W, 45
2026/09/07 23:40:31.201, 28051 MiB, 81920 MiB, 0 %, 81.14 W, 41
2026/09/07 23:41:01.202, 28051 MiB, 81920 MiB, 72 %, 290.62 W, 48
2026/09/07 23:41:31.203, 28051 MiB, 81920 MiB, 70 %, 120.31 W, 44
2026/09/07 23:42:01.204, 28051 MiB, 81920 MiB, 1 %, 205.32 W, 44
2026/09/07 23:42:31.205, 28051 MiB, 81920 MiB, 0 %, 80.82 W, 41
2026/09/07 23:43:01.206, 28051 MiB, 81920 MiB, 27 %, 288.84 W, 46
2026/09/07 23:43:31.208, 28051 MiB, 81920 MiB, 26 %, 212.26 W, 43
2026/09/07 23:44:01.211, 28051 MiB, 81920 MiB, 71 %, 81.76 W, 42
2026/09/07 23:44:31.212, 28051 MiB, 81920 MiB, 0 %, 80.38 W, 41
2026/09/07 23:45:01.213, 28051 MiB, 81920 MiB, 52 %, 88.27 W, 47
2026/09/07 23:45:31.214, 28051 MiB, 81920 MiB, 48 %, 112.89 W, 44
2026/09/07 23:46:01.216, 28051 MiB, 81920 MiB, 63 %, 82.18 W, 43
2026/09/07 23:46:31.218, 28051 MiB, 81920 MiB, 30 %, 300.89 W, 47
2026/09/07 23:47:01.219, 28051 MiB, 81920 MiB, 26 %, 81.49 W, 42
2026/09/07 23:47:31.220, 28051 MiB, 81920 MiB, 50 %, 81.58 W, 42
2026/09/07 23:48:01.221, 28051 MiB, 81920 MiB, 0 %, 81.39 W, 42
2026/09/07 23:48:31.223, 28051 MiB, 81920 MiB, 30 %, 82.18 W, 43
2026/09/07 23:49:01.224, 28051 MiB, 81920 MiB, 71 %, 238.80 W, 48
2026/09/07 23:49:31.226, 28051 MiB, 81920 MiB, 78 %, 96.85 W, 48
2026/09/07 23:50:01.227, 28051 MiB, 81920 MiB, 89 %, 267.31 W, 49
2026/09/07 23:50:31.231, 28051 MiB, 81920 MiB, 75 %, 117.73 W, 48
2026/09/07 23:51:01.232, 28051 MiB, 81920 MiB, 32 %, 272.30 W, 50
2026/09/07 23:51:31.234, 28051 MiB, 81920 MiB, 69 %, 132.01 W, 44
2026/09/07 23:52:01.235, 28051 MiB, 81920 MiB, 32 %, 113.28 W, 44
2026/09/07 23:52:31.238, 28051 MiB, 81920 MiB, 84 %, 81.58 W, 43
2026/09/07 23:53:01.239, 28051 MiB, 81920 MiB, 32 %, 81.66 W, 43
2026/09/07 23:53:31.243, 28051 MiB, 81920 MiB, 74 %, 291.79 W, 49
2026/09/07 23:54:01.245, 28051 MiB, 81920 MiB, 0 %, 159.20 W, 44
2026/09/07 23:54:31.247, 28051 MiB, 81920 MiB, 81 %, 213.95 W, 46
2026/09/07 23:55:01.248, 28051 MiB, 81920 MiB, 38 %, 81.07 W, 41
2026/09/07 23:55:31.249, 28051 MiB, 81920 MiB, 31 %, 155.77 W, 43
2026/09/07 23:56:01.251, 28051 MiB, 81920 MiB, 76 %, 111.22 W, 44
2026/09/07 23:56:31.252, 28051 MiB, 81920 MiB, 82 %, 312.80 W, 49
2026/09/07 23:57:01.256, 28051 MiB, 81920 MiB, 12 %, 272.92 W, 47
2026/09/07 23:57:31.260, 28051 MiB, 81920 MiB, 92 %, 271.72 W, 47
2026/09/07 23:58:01.262, 28051 MiB, 81920 MiB, 10 %, 184.70 W, 45
2026/09/07 23:58:31.263, 28051 MiB, 81920 MiB, 21 %, 81.24 W, 41
2026/09/07 23:59:01.265, 28051 MiB, 81920 MiB, 0 %, 66.02 W, 40
2026/09/07 23:59:31.267, 28051 MiB, 81920 MiB, 0 %, 81.04 W, 41
2026/09/08 00:00:01.270, 28051 MiB, 81920 MiB, 0 %, 66.09 W, 39
2026/09/08 00:00:31.272, 28051 MiB, 81920 MiB, 3 %, 80.71 W, 41
2026/09/08 00:01:01.273, 28051 MiB, 81920 MiB, 92 %, 375.22 W, 49
2026/09/08 00:01:31.275, 28051 MiB, 81920 MiB, 39 %, 81.22 W, 42
2026/09/08 00:02:01.279, 28051 MiB, 81920 MiB, 71 %, 84.75 W, 47
2026/09/08 00:02:31.281, 28051 MiB, 81920 MiB, 0 %, 80.62 W, 40
2026/09/08 00:03:01.282, 28051 MiB, 81920 MiB, 0 %, 80.82 W, 40
2026/09/08 00:03:31.283, 28051 MiB, 81920 MiB, 0 %, 66.07 W, 39
2026/09/08 00:04:01.284, 28051 MiB, 81920 MiB, 0 %, 80.62 W, 40
2026/09/08 00:04:31.285, 28051 MiB, 81920 MiB, 90 %, 285.88 W, 46
2026/09/08 00:05:01.287, 28051 MiB, 81920 MiB, 73 %, 231.45 W, 51
2026/09/08 00:05:31.288, 28051 MiB, 81920 MiB, 33 %, 84.05 W, 43
2026/09/08 00:06:01.296, 28051 MiB, 81920 MiB, 0 %, 80.38 W, 40
2026/09/08 00:06:31.297, 28051 MiB, 81920 MiB, 0 %, 73.25 W, 40
2026/09/08 00:07:01.298, 28051 MiB, 81920 MiB, 88 %, 81.31 W, 43
2026/09/08 00:07:31.303, 28051 MiB, 81920 MiB, 41 %, 233.88 W, 45
2026/09/08 00:08:01.306, 28051 MiB, 81920 MiB, 0 %, 81.85 W, 40
2026/09/08 00:08:31.308, 28051 MiB, 81920 MiB, 50 %, 290.32 W, 45
2026/09/08 00:09:01.312, 28051 MiB, 81920 MiB, 85 %, 93.52 W, 47
2026/09/08 00:09:31.314, 28051 MiB, 81920 MiB, 69 %, 146.05 W, 47
2026/09/08 00:10:01.315, 28051 MiB, 81920 MiB, 49 %, 92.59 W, 44
2026/09/08 00:10:31.316, 28051 MiB, 81920 MiB, 2 %, 80.90 W, 44
2026/09/08 00:11:01.318, 28051 MiB, 81920 MiB, 40 %, 81.76 W, 42
2026/09/08 00:11:31.320, 28051 MiB, 81920 MiB, 3 %, 216.16 W, 44
2026/09/08 00:12:01.321, 28051 MiB, 81920 MiB, 5 %, 212.36 W, 44
2026/09/08 00:12:31.322, 28051 MiB, 81920 MiB, 0 %, 81.07 W, 41
2026/09/08 00:13:01.323, 28051 MiB, 81920 MiB, 20 %, 292.43 W, 47
2026/09/08 00:13:31.327, 28051 MiB, 81920 MiB, 44 %, 81.15 W, 42
2026/09/08 00:14:01.328, 28051 MiB, 81920 MiB, 29 %, 84.69 W, 42
2026/09/08 00:14:31.329, 28051 MiB, 81920 MiB, 0 %, 80.88 W, 40
2026/09/08 00:15:01.331, 28051 MiB, 81920 MiB, 3 %, 203.61 W, 44
2026/09/08 00:15:31.332, 28051 MiB, 81920 MiB, 51 %, 110.85 W, 46
2026/09/08 00:16:01.334, 28051 MiB, 81920 MiB, 44 %, 81.22 W, 42
2026/09/08 00:16:31.336, 28051 MiB, 81920 MiB, 30 %, 81.22 W, 41
2026/09/08 00:17:01.338, 28051 MiB, 81920 MiB, 66 %, 284.69 W, 46
2026/09/08 00:17:31.339, 28051 MiB, 81920 MiB, 92 %, 247.61 W, 48
2026/09/08 00:18:01.340, 28051 MiB, 81920 MiB, 100 %, 179.86 W, 49
2026/09/08 00:18:31.342, 28051 MiB, 81920 MiB, 0 %, 80.82 W, 40
2026/09/08 00:19:01.343, 28051 MiB, 81920 MiB, 83 %, 82.18 W, 44
2026/09/08 00:19:31.345, 28051 MiB, 81920 MiB, 72 %, 273.79 W, 49
2026/09/08 00:20:01.346, 28051 MiB, 81920 MiB, 31 %, 202.33 W, 42
2026/09/08 00:20:31.347, 28051 MiB, 81920 MiB, 0 %, 80.90 W, 41
2026/09/08 00:21:01.348, 28051 MiB, 81920 MiB, 74 %, 166.24 W, 47
2026/09/08 00:21:31.349, 28051 MiB, 81920 MiB, 72 %, 80.98 W, 41
2026/09/08 00:22:01.351, 28051 MiB, 81920 MiB, 78 %, 125.95 W, 45
2026/09/08 00:22:31.353, 28051 MiB, 81920 MiB, 0 %, 80.62 W, 41
2026/09/08 00:23:01.356, 28051 MiB, 81920 MiB, 0 %, 80.98 W, 41
2026/09/08 00:23:31.357, 28051 MiB, 81920 MiB, 51 %, 81.76 W, 42
2026/09/08 00:24:01.358, 28051 MiB, 81920 MiB, 0 %, 80.71 W, 40
2026/09/08 00:24:31.359, 28051 MiB, 81920 MiB, 83 %, 184.12 W, 45
2026/09/08 00:25:01.361, 28051 MiB, 81920 MiB, 45 %, 81.22 W, 42
2026/09/08 00:25:31.362, 28051 MiB, 81920 MiB, 48 %, 89.20 W, 42
2026/09/08 00:26:01.363, 28051 MiB, 81920 MiB, 77 %, 149.75 W, 47
2026/09/08 00:26:31.365, 28051 MiB, 81920 MiB, 89 %, 97.65 W, 45
2026/09/08 00:27:01.369, 28051 MiB, 81920 MiB, 0 %, 81.39 W, 41
2026/09/08 00:27:31.371, 28051 MiB, 81920 MiB, 98 %, 91.81 W, 45
2026/09/08 00:28:01.375, 28051 MiB, 81920 MiB, 29 %, 112.32 W, 45
2026/09/08 00:28:31.377, 28051 MiB, 81920 MiB, 0 %, 65.47 W, 38
2026/09/08 00:29:01.379, 28051 MiB, 81920 MiB, 73 %, 248.65 W, 44
2026/09/08 00:29:31.382, 28051 MiB, 81920 MiB, 54 %, 90.07 W, 44
2026/09/08 00:30:01.383, 28051 MiB, 81920 MiB, 24 %, 145.42 W, 42
2026/09/08 00:30:31.385, 28051 MiB, 81920 MiB, 66 %, 80.90 W, 41
2026/09/08 00:31:01.387, 28051 MiB, 81920 MiB, 0 %, 66.21 W, 39
2026/09/08 00:31:31.388, 28051 MiB, 81920 MiB, 16 %, 87.17 W, 42
2026/09/08 00:32:01.390, 28051 MiB, 81920 MiB, 0 %, 80.71 W, 40
2026/09/08 00:32:31.391, 28051 MiB, 81920 MiB, 62 %, 269.37 W, 47
2026/09/08 00:33:01.393, 28051 MiB, 81920 MiB, 32 %, 148.23 W, 42
2026/09/08 00:33:31.394, 28051 MiB, 81920 MiB, 0 %, 81.39 W, 41
2026/09/08 00:34:01.399, 28051 MiB, 81920 MiB, 94 %, 85.80 W, 48
2026/09/08 00:34:31.400, 28051 MiB, 81920 MiB, 0 %, 77.81 W, 40
2026/09/08 00:35:01.401, 28051 MiB, 81920 MiB, 56 %, 80.98 W, 41
2026/09/08 00:35:31.403, 28051 MiB, 81920 MiB, 88 %, 159.78 W, 47
2026/09/08 00:36:01.404, 28051 MiB, 81920 MiB, 69 %, 151.81 W, 46
2026/09/08 00:36:31.405, 28051 MiB, 81920 MiB, 3 %, 271.71 W, 46
2026/09/08 00:37:01.407, 28051 MiB, 81920 MiB, 73 %, 87.59 W, 43
2026/09/08 00:37:31.408, 28051 MiB, 81920 MiB, 35 %, 81.93 W, 42
2026/09/08 00:38:01.409, 28051 MiB, 81920 MiB, 0 %, 81.39 W, 41
2026/09/08 00:38:31.411, 28051 MiB, 81920 MiB, 36 %, 137.28 W, 46
2026/09/08 00:39:01.413, 28051 MiB, 81920 MiB, 10 %, 81.56 W, 41
2026/09/08 00:39:31.414, 28051 MiB, 81920 MiB, 14 %, 153.27 W, 42
2026/09/08 00:40:01.415, 28051 MiB, 81920 MiB, 51 %, 131.82 W, 44
2026/09/08 00:40:31.417, 28051 MiB, 81920 MiB, 0 %, 80.98 W, 41
2026/09/08 00:41:01.418, 28051 MiB, 81920 MiB, 56 %, 280.60 W, 46
2026/09/08 00:41:31.419, 28051 MiB, 81920 MiB, 2 %, 80.79 W, 43
2026/09/08 00:42:01.421, 28051 MiB, 81920 MiB, 0 %, 81.39 W, 41
2026/09/08 00:42:31.422, 28051 MiB, 81920 MiB, 27 %, 127.56 W, 48
2026/09/08 00:43:01.423, 28051 MiB, 81920 MiB, 0 %, 80.54 W, 40
2026/09/08 00:43:31.424, 28051 MiB, 81920 MiB, 69 %, 95.99 W, 46
2026/09/08 00:44:01.425, 28051 MiB, 81920 MiB, 32 %, 189.38 W, 45
2026/09/08 00:44:31.426, 28051 MiB, 81920 MiB, 7 %, 81.31 W, 41
2026/09/08 00:45:01.428, 28051 MiB, 81920 MiB, 20 %, 261.41 W, 44
2026/09/08 00:45:31.432, 28051 MiB, 81920 MiB, 22 %, 174.04 W, 42
2026/09/08 00:46:01.434, 28051 MiB, 81920 MiB, 76 %, 128.75 W, 44
2026/09/08 00:46:31.435, 28051 MiB, 81920 MiB, 0 %, 80.62 W, 40
2026/09/08 00:47:01.437, 28051 MiB, 81920 MiB, 0 %, 81.39 W, 42
2026/09/08 00:47:31.438, 28051 MiB, 81920 MiB, 0 %, 80.82 W, 41
2026/09/08 00:48:01.440, 28051 MiB, 81920 MiB, 86 %, 274.69 W, 46
2026/09/08 00:48:31.441, 28051 MiB, 81920 MiB, 0 %, 80.90 W, 40
2026/09/08 00:49:01.443, 28051 MiB, 81920 MiB, 80 %, 230.29 W, 44
2026/09/08 00:49:31.445, 28051 MiB, 81920 MiB, 39 %, 86.54 W, 43
2026/09/08 00:50:01.446, 28051 MiB, 81920 MiB, 3 %, 120.18 W, 44
2026/09/08 00:50:31.449, 28051 MiB, 81920 MiB, 0 %, 80.62 W, 40
2026/09/08 00:51:01.451, 28051 MiB, 81920 MiB, 70 %, 155.50 W, 49
2026/09/08 00:51:31.452, 28051 MiB, 81920 MiB, 90 %, 297.98 W, 49
2026/09/08 00:52:01.456, 28051 MiB, 81920 MiB, 1 %, 98.52 W, 43
2026/09/08 00:52:31.458, 28051 MiB, 81920 MiB, 27 %, 109.87 W, 42
2026/09/08 00:53:01.459, 28051 MiB, 81920 MiB, 77 %, 238.45 W, 49
2026/09/08 00:53:31.461, 28051 MiB, 81920 MiB, 89 %, 215.40 W, 49
2026/09/08 00:54:01.462, 28051 MiB, 81920 MiB, 81 %, 143.84 W, 48
2026/09/08 00:54:31.463, 28051 MiB, 81920 MiB, 59 %, 92.82 W, 42
2026/09/08 00:55:01.465, 28051 MiB, 81920 MiB, 74 %, 196.87 W, 47
2026/09/08 00:55:31.467, 28051 MiB, 81920 MiB, 3 %, 231.09 W, 44
2026/09/08 00:56:01.468, 28051 MiB, 81920 MiB, 74 %, 202.33 W, 45
2026/09/08 00:56:31.469, 28051 MiB, 81920 MiB, 76 %, 206.51 W, 49
2026/09/08 00:57:01.471, 28051 MiB, 81920 MiB, 0 %, 66.21 W, 40
2026/09/08 00:57:31.472, 28051 MiB, 81920 MiB, 0 %, 80.82 W, 41
2026/09/08 00:58:01.477, 28051 MiB, 81920 MiB, 2 %, 81.76 W, 42
2026/09/08 00:58:31.479, 28051 MiB, 81920 MiB, 32 %, 164.51 W, 42
2026/09/08 00:59:01.480, 28051 MiB, 81920 MiB, 27 %, 87.68 W, 44
2026/09/08 00:59:31.481, 28051 MiB, 81920 MiB, 31 %, 65.95 W, 39
2026/09/08 01:00:01.483, 28051 MiB, 81920 MiB, 51 %, 271.14 W, 47
2026/09/08 01:00:31.491, 28051 MiB, 81920 MiB, 52 %, 81.58 W, 42
2026/09/08 01:01:01.493, 28051 MiB, 81920 MiB, 7 %, 84.07 W, 40
2026/09/08 01:01:31.494, 28051 MiB, 81920 MiB, 0 %, 116.06 W, 42
2026/09/08 01:02:01.497, 28051 MiB, 81920 MiB, 98 %, 129.48 W, 45
2026/09/08 01:02:31.499, 28051 MiB, 81920 MiB, 0 %, 80.82 W, 40
2026/09/08 01:03:01.500, 28051 MiB, 81920 MiB, 0 %, 80.30 W, 40
2026/09/08 01:03:31.502, 28051 MiB, 81920 MiB, 36 %, 81.22 W, 40
2026/09/08 01:04:01.503, 28051 MiB, 81920 MiB, 19 %, 145.30 W, 43
2026/09/08 01:04:31.504, 28051 MiB, 81920 MiB, 39 %, 84.43 W, 43
2026/09/08 01:05:01.505, 28051 MiB, 81920 MiB, 0 %, 80.90 W, 41
2026/09/08 01:05:31.506, 28051 MiB, 81920 MiB, 0 %, 81.49 W, 42
2026/09/08 01:06:01.507, 28051 MiB, 81920 MiB, 32 %, 81.58 W, 43
2026/09/08 01:06:31.510, 28051 MiB, 81920 MiB, 78 %, 100.48 W, 44
2026/09/08 01:07:01.512, 28051 MiB, 81920 MiB, 82 %, 299.43 W, 49
2026/09/08 01:07:31.514, 28051 MiB, 81920 MiB, 70 %, 287.05 W, 47
2026/09/08 01:08:01.515, 28051 MiB, 81920 MiB, 2 %, 80.71 W, 40
2026/09/08 01:08:31.516, 28051 MiB, 81920 MiB, 0 %, 65.89 W, 39
2026/09/08 01:09:01.517, 28051 MiB, 81920 MiB, 0 %, 65.95 W, 39
2026/09/08 01:09:31.519, 28051 MiB, 81920 MiB, 0 %, 80.47 W, 40
2026/09/08 01:10:01.520, 28051 MiB, 81920 MiB, 0 %, 81.07 W, 41
2026/09/08 01:10:31.522, 28051 MiB, 81920 MiB, 0 %, 74.47 W, 39
2026/09/08 01:11:01.524, 28051 MiB, 81920 MiB, 33 %, 124.63 W, 43
2026/09/08 01:11:31.525, 28051 MiB, 81920 MiB, 0 %, 83.56 W, 40
2026/09/08 01:12:01.526, 28051 MiB, 81920 MiB, 18 %, 80.98 W, 41
2026/09/08 01:12:31.527, 28051 MiB, 81920 MiB, 86 %, 223.50 W, 47
2026/09/08 01:13:01.528, 28051 MiB, 81920 MiB, 29 %, 81.58 W, 42
2026/09/08 01:13:31.530, 28051 MiB, 81920 MiB, 72 %, 114.14 W, 45
2026/09/08 01:14:01.531, 28051 MiB, 81920 MiB, 44 %, 265.53 W, 45
2026/09/08 01:14:31.532, 28051 MiB, 81920 MiB, 72 %, 248.65 W, 46
2026/09/08 01:15:01.533, 28051 MiB, 81920 MiB, 73 %, 81.58 W, 43
2026/09/08 01:15:31.534, 28051 MiB, 81920 MiB, 38 %, 81.07 W, 41
2026/09/08 01:16:01.536, 28051 MiB, 81920 MiB, 98 %, 164.68 W, 49
2026/09/08 01:16:31.538, 28051 MiB, 81920 MiB, 30 %, 81.31 W, 43
2026/09/08 01:17:01.539, 28051 MiB, 81920 MiB, 0 %, 81.15 W, 40
2026/09/08 01:17:31.540, 28051 MiB, 81920 MiB, 91 %, 276.44 W, 47
2026/09/08 01:18:01.541, 28051 MiB, 81920 MiB, 82 %, 236.81 W, 45
2026/09/08 01:18:31.543, 28051 MiB, 81920 MiB, 87 %, 287.35 W, 50
2026/09/08 01:19:01.544, 28051 MiB, 81920 MiB, 1 %, 123.90 W, 43
2026/09/08 01:19:31.546, 28051 MiB, 81920 MiB, 90 %, 270.25 W, 50
2026/09/08 01:20:01.548, 28051 MiB, 81920 MiB, 62 %, 118.69 W, 44
2026/09/08 01:20:31.551, 28051 MiB, 81920 MiB, 68 %, 81.66 W, 42
2026/09/08 01:21:01.553, 28051 MiB, 81920 MiB, 95 %, 140.11 W, 45
2026/09/08 01:21:31.554, 28051 MiB, 81920 MiB, 0 %, 66.14 W, 39
2026/09/08 01:22:01.556, 28051 MiB, 81920 MiB, 2 %, 80.90 W, 41
2026/09/08 01:22:31.557, 28051 MiB, 81920 MiB, 2 %, 68.27 W, 39
2026/09/08 01:23:01.558, 28051 MiB, 81920 MiB, 51 %, 82.01 W, 42
2026/09/08 01:23:31.560, 28051 MiB, 81920 MiB, 74 %, 290.03 W, 48
2026/09/08 01:24:01.561, 28051 MiB, 81920 MiB, 0 %, 107.10 W, 40
2026/09/08 01:24:31.569, 28051 MiB, 81920 MiB, 0 %, 80.82 W, 40
2026/09/08 01:25:01.574, 28051 MiB, 81920 MiB, 83 %, 218.32 W, 46
2026/09/08 01:25:31.576, 28051 MiB, 81920 MiB, 0 %, 80.62 W, 41
2026/09/08 01:26:01.577, 28051 MiB, 81920 MiB, 0 %, 81.58 W, 41
2026/09/08 01:26:31.578, 28051 MiB, 81920 MiB, 54 %, 106.61 W, 43
2026/09/08 01:27:01.579, 28051 MiB, 81920 MiB, 43 %, 87.59 W, 44
2026/09/08 01:27:31.581, 28051 MiB, 81920 MiB, 0 %, 80.55 W, 40
2026/09/08 01:28:01.583, 28051 MiB, 81920 MiB, 0 %, 66.62 W, 40
2026/09/08 01:28:31.585, 28051 MiB, 81920 MiB, 70 %, 149.13 W, 47
2026/09/08 01:29:01.588, 28051 MiB, 81920 MiB, 32 %, 243.59 W, 48
2026/09/08 01:29:31.590, 28051 MiB, 81920 MiB, 0 %, 81.39 W, 44
2026/09/08 01:30:01.591, 28051 MiB, 81920 MiB, 0 %, 80.71 W, 40
2026/09/08 01:30:31.592, 28051 MiB, 81920 MiB, 34 %, 97.38 W, 42
2026/09/08 01:31:01.593, 28051 MiB, 81920 MiB, 64 %, 125.63 W, 49
2026/09/08 01:31:31.595, 28051 MiB, 81920 MiB, 8 %, 66.62 W, 40
2026/09/08 01:32:01.596, 28051 MiB, 81920 MiB, 42 %, 81.07 W, 42
2026/09/08 01:32:31.598, 28051 MiB, 81920 MiB, 0 %, 81.22 W, 42
2026/09/08 01:33:01.599, 28051 MiB, 81920 MiB, 0 %, 65.82 W, 39
2026/09/08 01:33:31.600, 28051 MiB, 81920 MiB, 0 %, 81.31 W, 42
2026/09/08 01:34:01.602, 28051 MiB, 81920 MiB, 0 %, 65.54 W, 37
2026/09/08 01:34:31.604, 28051 MiB, 81920 MiB, 0 %, 65.40 W, 37
2026/09/08 01:35:01.605, 28051 MiB, 81920 MiB, 76 %, 83.14 W, 43
2026/09/08 01:35:31.606, 28051 MiB, 81920 MiB, 77 %, 106.89 W, 44
2026/09/08 01:36:01.608, 28051 MiB, 81920 MiB, 7 %, 88.36 W, 44
2026/09/08 01:36:31.609, 28051 MiB, 81920 MiB, 0 %, 80.71 W, 40
2026/09/08 01:37:01.610, 28051 MiB, 81920 MiB, 22 %, 268.19 W, 47
2026/09/08 01:37:31.612, 28051 MiB, 81920 MiB, 0 %, 80.62 W, 40
2026/09/08 01:38:01.631, 28051 MiB, 81920 MiB, 65 %, 127.88 W, 44
2026/09/08 01:38:31.632, 28051 MiB, 81920 MiB, 4 %, 81.49 W, 41
2026/09/08 01:39:01.633, 28051 MiB, 81920 MiB, 0 %, 65.82 W, 39
2026/09/08 01:39:31.634, 28051 MiB, 81920 MiB, 0 %, 80.98 W, 40
2026/09/08 01:40:01.636, 28051 MiB, 81920 MiB, 63 %, 82.36 W, 47
2026/09/08 01:40:31.637, 28051 MiB, 81920 MiB, 14 %, 81.76 W, 46
2026/09/08 01:41:01.638, 28051 MiB, 81920 MiB, 43 %, 84.16 W, 41
2026/09/08 01:41:31.639, 28051 MiB, 81920 MiB, 15 %, 105.15 W, 44
2026/09/08 01:42:01.641, 28051 MiB, 81920 MiB, 61 %, 217.35 W, 47
2026/09/08 01:42:31.643, 28051 MiB, 81920 MiB, 0 %, 80.71 W, 40
2026/09/08 01:43:01.644, 28051 MiB, 81920 MiB, 80 %, 112.65 W, 45
2026/09/08 01:43:31.645, 28051 MiB, 81920 MiB, 0 %, 80.98 W, 41
2026/09/08 01:44:01.647, 28051 MiB, 81920 MiB, 82 %, 139.39 W, 44
2026/09/08 01:44:31.649, 28051 MiB, 81920 MiB, 29 %, 84.93 W, 43
2026/09/08 01:45:01.650, 28051 MiB, 81920 MiB, 0 %, 80.90 W, 40
2026/09/08 01:45:31.652, 28051 MiB, 81920 MiB, 59 %, 81.49 W, 43
2026/09/08 01:46:01.653, 28051 MiB, 81920 MiB, 26 %, 118.12 W, 45
2026/09/08 01:46:31.654, 28051 MiB, 81920 MiB, 0 %, 80.47 W, 40
2026/09/08 01:47:01.655, 28051 MiB, 81920 MiB, 0 %, 80.79 W, 41
2026/09/08 01:47:31.657, 28051 MiB, 81920 MiB, 30 %, 271.09 W, 44
2026/09/08 01:48:01.658, 28051 MiB, 81920 MiB, 0 %, 81.04 W, 42
2026/09/08 01:48:31.660, 28051 MiB, 81920 MiB, 53 %, 301.89 W, 47
2026/09/08 01:49:01.661, 28051 MiB, 81920 MiB, 89 %, 121.75 W, 44
2026/09/08 01:49:31.662, 28051 MiB, 81920 MiB, 1 %, 158.49 W, 45
2026/09/08 01:50:01.663, 28051 MiB, 81920 MiB, 60 %, 188.90 W, 46
2026/09/08 01:50:31.664, 28051 MiB, 81920 MiB, 0 %, 81.39 W, 45
2026/09/08 01:51:01.665, 28051 MiB, 81920 MiB, 51 %, 81.85 W, 43
2026/09/08 01:51:31.667, 28051 MiB, 81920 MiB, 0 %, 80.98 W, 41
2026/09/08 01:52:01.671, 28051 MiB, 81920 MiB, 0 %, 80.88 W, 41
2026/09/08 01:52:31.673, 28051 MiB, 81920 MiB, 81 %, 291.83 W, 48
2026/09/08 01:53:01.674, 28051 MiB, 81920 MiB, 0 %, 66.14 W, 40
2026/09/08 01:53:31.675, 28051 MiB, 81920 MiB, 50 %, 230.97 W, 44
2026/09/08 01:54:01.676, 28051 MiB, 81920 MiB, 0 %, 65.89 W, 39
2026/09/08 01:54:31.678, 28051 MiB, 81920 MiB, 41 %, 81.59 W, 42
2026/09/08 01:55:01.679, 28051 MiB, 81920 MiB, 2 %, 224.23 W, 44
2026/09/08 01:55:31.681, 28051 MiB, 81920 MiB, 0 %, 80.62 W, 40
2026/09/08 01:56:01.682, 28051 MiB, 81920 MiB, 56 %, 277.92 W, 50
2026/09/08 01:56:31.684, 28051 MiB, 81920 MiB, 14 %, 269.38 W, 43
2026/09/08 01:57:01.685, 28051 MiB, 81920 MiB, 0 %, 66.14 W, 40
2026/09/08 01:57:31.686, 28051 MiB, 81920 MiB, 0 %, 80.98 W, 42
2026/09/08 01:58:01.687, 28051 MiB, 81920 MiB, 0 %, 235.12 W, 44
2026/09/08 01:58:31.688, 28051 MiB, 81920 MiB, 23 %, 77.64 W, 40
2026/09/08 01:59:01.706, 28051 MiB, 81920 MiB, 76 %, 304.77 W, 48
2026/09/08 01:59:31.708, 28051 MiB, 81920 MiB, 0 %, 80.98 W, 41
2026/09/08 02:00:01.708, 28051 MiB, 81920 MiB, 80 %, 202.00 W, 48
2026/09/08 02:00:31.709, 28051 MiB, 81920 MiB, 70 %, 268.46 W, 49
2026/09/08 02:01:01.711, 28051 MiB, 81920 MiB, 33 %, 213.46 W, 44
2026/09/08 02:01:31.712, 28051 MiB, 81920 MiB, 85 %, 290.62 W, 49
2026/09/08 02:02:01.713, 28051 MiB, 81920 MiB, 59 %, 82.09 W, 47
2026/09/08 02:02:31.718, 28051 MiB, 81920 MiB, 25 %, 206.45 W, 46
2026/09/08 02:03:01.720, 28051 MiB, 81920 MiB, 3 %, 81.85 W, 42
2026/09/08 02:03:31.721, 28051 MiB, 81920 MiB, 2 %, 80.98 W, 41
2026/09/08 02:04:01.724, 28051 MiB, 81920 MiB, 73 %, 235.10 W, 48
2026/09/08 02:04:31.726, 28051 MiB, 81920 MiB, 85 %, 289.73 W, 48
2026/09/08 02:05:01.726, 28051 MiB, 81920 MiB, 33 %, 90.67 W, 46
2026/09/08 02:05:31.728, 28051 MiB, 81920 MiB, 92 %, 274.98 W, 50
2026/09/08 02:06:01.729, 28051 MiB, 81920 MiB, 84 %, 214.57 W, 49
2026/09/08 02:06:31.730, 28051 MiB, 81920 MiB, 80 %, 81.31 W, 42
2026/09/08 02:07:01.732, 28051 MiB, 81920 MiB, 44 %, 85.94 W, 42
2026/09/08 02:07:31.733, 28051 MiB, 81920 MiB, 0 %, 85.11 W, 41
2026/09/08 02:08:01.734, 28051 MiB, 81920 MiB, 60 %, 80.98 W, 41
2026/09/08 02:08:31.736, 28051 MiB, 81920 MiB, 0 %, 80.79 W, 40
2026/09/08 02:09:01.737, 28051 MiB, 81920 MiB, 0 %, 80.79 W, 41
2026/09/08 02:09:31.739, 28051 MiB, 81920 MiB, 0 %, 80.98 W, 40
2026/09/08 02:10:01.741, 28051 MiB, 81920 MiB, 70 %, 292.09 W, 48
2026/09/08 02:10:31.743, 28051 MiB, 81920 MiB, 84 %, 197.07 W, 48
2026/09/08 02:11:01.745, 28051 MiB, 81920 MiB, 0 %, 80.71 W, 41
2026/09/08 02:11:31.746, 28051 MiB, 81920 MiB, 49 %, 80.62 W, 45
2026/09/08 02:12:01.749, 28051 MiB, 81920 MiB, 0 %, 81.22 W, 41
2026/09/08 02:12:31.750, 28051 MiB, 81920 MiB, 18 %, 114.38 W, 43
2026/09/08 02:13:01.752, 28051 MiB, 81920 MiB, 66 %, 150.22 W, 45
2026/09/08 02:13:31.754, 28051 MiB, 81920 MiB, 0 %, 81.04 W, 41
2026/09/08 02:14:01.756, 28051 MiB, 81920 MiB, 35 %, 82.36 W, 45
2026/09/08 02:14:31.763, 28051 MiB, 81920 MiB, 97 %, 138.46 W, 46
2026/09/08 02:15:01.765, 28051 MiB, 81920 MiB, 86 %, 290.97 W, 49
2026/09/08 02:15:31.766, 28051 MiB, 81920 MiB, 33 %, 177.98 W, 45
2026/09/08 02:16:01.767, 28051 MiB, 81920 MiB, 50 %, 81.21 W, 41
2026/09/08 02:16:31.768, 28051 MiB, 81920 MiB, 0 %, 81.21 W, 41
2026/09/08 02:17:01.770, 28051 MiB, 81920 MiB, 95 %, 81.49 W, 43
2026/09/08 02:17:31.771, 28051 MiB, 81920 MiB, 71 %, 166.66 W, 43
2026/09/08 02:18:01.772, 28051 MiB, 81920 MiB, 34 %, 272.84 W, 48
2026/09/08 02:18:31.774, 28051 MiB, 81920 MiB, 74 %, 81.40 W, 42
2026/09/08 02:19:01.775, 28051 MiB, 81920 MiB, 74 %, 81.75 W, 43
2026/09/08 02:19:31.776, 28051 MiB, 81920 MiB, 82 %, 92.15 W, 45
2026/09/08 02:20:01.781, 28051 MiB, 81920 MiB, 38 %, 133.93 W, 45
2026/09/08 02:20:31.783, 28051 MiB, 81920 MiB, 7 %, 80.88 W, 41
2026/09/08 02:21:01.785, 28051 MiB, 81920 MiB, 0 %, 80.72 W, 41
2026/09/08 02:21:31.787, 28051 MiB, 81920 MiB, 49 %, 81.24 W, 42
2026/09/08 02:22:01.788, 28051 MiB, 81920 MiB, 0 %, 81.56 W, 41
2026/09/08 02:22:31.790, 28051 MiB, 81920 MiB, 0 %, 81.75 W, 42
2026/09/08 02:23:01.792, 28051 MiB, 81920 MiB, 3 %, 227.60 W, 45
2026/09/08 02:23:31.793, 28051 MiB, 81920 MiB, 36 %, 83.37 W, 43
2026/09/08 02:24:01.798, 28051 MiB, 81920 MiB, 83 %, 172.75 W, 47
2026/09/08 02:24:31.799, 28051 MiB, 81920 MiB, 72 %, 303.86 W, 44
2026/09/08 02:25:01.799, 28051 MiB, 81920 MiB, 49 %, 291.52 W, 47
2026/09/08 02:25:31.801, 28051 MiB, 81920 MiB, 76 %, 81.07 W, 42
2026/09/08 02:26:01.802, 28051 MiB, 81920 MiB, 0 %, 189.31 W, 43
2026/09/08 02:26:31.803, 28051 MiB, 81920 MiB, 46 %, 292.12 W, 49
2026/09/08 02:27:01.805, 28051 MiB, 81920 MiB, 41 %, 199.93 W, 44
2026/09/08 02:27:31.807, 28051 MiB, 81920 MiB, 59 %, 200.42 W, 46
2026/09/08 02:28:01.809, 28051 MiB, 81920 MiB, 1 %, 80.79 W, 41
2026/09/08 02:28:31.810, 28051 MiB, 81920 MiB, 3 %, 228.22 W, 41
2026/09/08 02:29:01.812, 28051 MiB, 81920 MiB, 76 %, 82.18 W, 46
2026/09/08 02:29:31.813, 28051 MiB, 81920 MiB, 5 %, 253.78 W, 45
2026/09/08 02:30:01.820, 28051 MiB, 81920 MiB, 31 %, 81.68 W, 44
2026/09/08 02:30:31.824, 28051 MiB, 81920 MiB, 92 %, 160.65 W, 46
2026/09/08 02:31:01.826, 28051 MiB, 81920 MiB, 81 %, 89.97 W, 47
2026/09/08 02:31:31.827, 28051 MiB, 81920 MiB, 21 %, 272.32 W, 48
2026/09/08 02:32:01.829, 28051 MiB, 81920 MiB, 0 %, 66.28 W, 40
2026/09/08 02:32:31.830, 28051 MiB, 81920 MiB, 3 %, 203.68 W, 43
2026/09/08 02:33:01.831, 28051 MiB, 81920 MiB, 0 %, 66.74 W, 40
2026/09/08 02:33:31.832, 28051 MiB, 81920 MiB, 88 %, 83.88 W, 48
2026/09/08 02:34:01.833, 28051 MiB, 81920 MiB, 0 %, 80.98 W, 40
2026/09/08 02:34:31.836, 28051 MiB, 81920 MiB, 67 %, 83.29 W, 43
2026/09/08 02:35:01.837, 28051 MiB, 81920 MiB, 0 %, 80.98 W, 41
2026/09/08 02:35:31.843, 28051 MiB, 81920 MiB, 93 %, 232.82 W, 47
2026/09/08 02:36:01.844, 28051 MiB, 81920 MiB, 28 %, 131.14 W, 45
2026/09/08 02:36:31.846, 28051 MiB, 81920 MiB, 58 %, 81.76 W, 42
2026/09/08 02:37:01.847, 28051 MiB, 81920 MiB, 87 %, 279.67 W, 47
2026/09/08 02:37:31.849, 28051 MiB, 81920 MiB, 56 %, 276.42 W, 48
2026/09/08 02:38:01.854, 28051 MiB, 81920 MiB, 96 %, 313.01 W, 58
2026/09/08 02:38:31.857, 28051 MiB, 81920 MiB, 0 %, 65.40 W, 37
2026/09/08 02:39:01.858, 28051 MiB, 81920 MiB, 0 %, 65.27 W, 37
2026/09/08 02:39:31.859, 28051 MiB, 81920 MiB, 89 %, 83.79 W, 42
2026/09/08 02:40:01.861, 28051 MiB, 81920 MiB, 26 %, 138.38 W, 43
2026/09/08 02:40:31.862, 28051 MiB, 81920 MiB, 40 %, 105.69 W, 46
2026/09/08 02:41:01.864, 28051 MiB, 81920 MiB, 32 %, 81.75 W, 42
2026/09/08 02:41:31.865, 28051 MiB, 81920 MiB, 69 %, 239.22 W, 45
2026/09/08 02:42:01.867, 28051 MiB, 81920 MiB, 71 %, 91.96 W, 44
2026/09/08 02:42:31.868, 28051 MiB, 81920 MiB, 0 %, 65.61 W, 39
2026/09/08 02:43:01.869, 28051 MiB, 81920 MiB, 87 %, 303.31 W, 48
2026/09/08 02:43:31.871, 28051 MiB, 81920 MiB, 14 %, 118.99 W, 42
2026/09/08 02:44:01.872, 28051 MiB, 81920 MiB, 90 %, 223.40 W, 48
2026/09/08 02:44:31.873, 28051 MiB, 81920 MiB, 37 %, 96.85 W, 45
2026/09/08 02:45:01.877, 28051 MiB, 81920 MiB, 20 %, 205.32 W, 47
2026/09/08 02:45:31.878, 28051 MiB, 81920 MiB, 0 %, 81.49 W, 41
2026/09/08 02:46:01.881, 28051 MiB, 81920 MiB, 0 %, 81.22 W, 41
2026/09/08 02:46:31.883, 28051 MiB, 81920 MiB, 6 %, 291.22 W, 49
2026/09/08 02:47:01.884, 28051 MiB, 81920 MiB, 19 %, 80.71 W, 40
2026/09/08 02:47:31.888, 28051 MiB, 81920 MiB, 25 %, 81.31 W, 41
2026/09/08 02:48:01.890, 28051 MiB, 81920 MiB, 52 %, 103.96 W, 42
2026/09/08 02:48:31.892, 28051 MiB, 81920 MiB, 74 %, 299.16 W, 48
2026/09/08 02:49:01.893, 28051 MiB, 81920 MiB, 0 %, 80.62 W, 41
2026/09/08 02:49:31.896, 28051 MiB, 81920 MiB, 45 %, 86.03 W, 44
2026/09/08 02:50:01.898, 28051 MiB, 81920 MiB, 0 %, 81.41 W, 42
2026/09/08 02:50:31.899, 28051 MiB, 81920 MiB, 86 %, 288.84 W, 48
2026/09/08 02:51:01.900, 28051 MiB, 81920 MiB, 0 %, 107.81 W, 45
2026/09/08 02:51:31.902, 28051 MiB, 81920 MiB, 11 %, 289.71 W, 46
2026/09/08 02:52:01.903, 28051 MiB, 81920 MiB, 79 %, 107.71 W, 48
2026/09/08 02:52:31.904, 28051 MiB, 81920 MiB, 0 %, 80.62 W, 43
2026/09/08 02:53:01.906, 28051 MiB, 81920 MiB, 0 %, 80.71 W, 40
2026/09/08 02:53:31.907, 28051 MiB, 81920 MiB, 0 %, 80.71 W, 41
2026/09/08 02:54:01.909, 28051 MiB, 81920 MiB, 47 %, 116.93 W, 44
2026/09/08 02:54:31.912, 28051 MiB, 81920 MiB, 0 %, 81.15 W, 41
2026/09/08 02:55:01.913, 28051 MiB, 81920 MiB, 21 %, 273.51 W, 47
2026/09/08 02:55:31.914, 28051 MiB, 81920 MiB, 89 %, 99.34 W, 46
2026/09/08 02:56:01.915, 28051 MiB, 81920 MiB, 0 %, 95.55 W, 40
2026/09/08 02:56:31.918, 28051 MiB, 81920 MiB, 78 %, 204.39 W, 47
2026/09/08 02:57:01.920, 28051 MiB, 81920 MiB, 0 %, 81.22 W, 41
2026/09/08 02:57:31.922, 28051 MiB, 81920 MiB, 35 %, 81.14 W, 45
2026/09/08 02:58:01.923, 28051 MiB, 81920 MiB, 10 %, 81.85 W, 46
2026/09/08 02:58:31.924, 28051 MiB, 81920 MiB, 51 %, 184.86 W, 45
2026/09/08 02:59:01.926, 28051 MiB, 81920 MiB, 25 %, 117.64 W, 43
2026/09/08 02:59:31.927, 28051 MiB, 81920 MiB, 73 %, 164.51 W, 44
2026/09/08 03:00:01.928, 28051 MiB, 81920 MiB, 65 %, 81.31 W, 41
2026/09/08 03:00:31.931, 28051 MiB, 81920 MiB, 69 %, 84.75 W, 43
2026/09/08 03:01:01.933, 28051 MiB, 81920 MiB, 99 %, 291.81 W, 48
2026/09/08 03:01:31.935, 28051 MiB, 81920 MiB, 89 %, 185.39 W, 47
2026/09/08 03:02:01.937, 28051 MiB, 81920 MiB, 15 %, 81.39 W, 42
2026/09/08 03:02:31.938, 28051 MiB, 81920 MiB, 0 %, 80.62 W, 41
2026/09/08 03:03:01.940, 28051 MiB, 81920 MiB, 91 %, 290.00 W, 48
2026/09/08 03:03:31.942, 28051 MiB, 81920 MiB, 59 %, 95.99 W, 42
2026/09/08 03:04:01.943, 28051 MiB, 81920 MiB, 64 %, 121.64 W, 46
2026/09/08 03:04:31.946, 28051 MiB, 81920 MiB, 96 %, 157.29 W, 49
2026/09/08 03:05:01.948, 28051 MiB, 81920 MiB, 0 %, 101.29 W, 42
2026/09/08 03:05:31.950, 28051 MiB, 81920 MiB, 1 %, 233.04 W, 45
2026/09/08 03:06:01.951, 28051 MiB, 81920 MiB, 32 %, 66.28 W, 42
2026/09/08 03:06:31.952, 28051 MiB, 81920 MiB, 0 %, 81.49 W, 42
2026/09/08 03:07:01.954, 28051 MiB, 81920 MiB, 45 %, 169.83 W, 44
2026/09/08 03:07:31.955, 28051 MiB, 81920 MiB, 90 %, 277.29 W, 48
2026/09/08 03:08:01.956, 28051 MiB, 81920 MiB, 85 %, 292.99 W, 50
2026/09/08 03:08:31.958, 28051 MiB, 81920 MiB, 1 %, 273.51 W, 50
2026/09/08 03:09:01.959, 28051 MiB, 81920 MiB, 0 %, 142.79 W, 41
2026/09/08 03:09:31.960, 28051 MiB, 81920 MiB, 75 %, 302.94 W, 45
2026/09/08 03:10:01.962, 28051 MiB, 81920 MiB, 94 %, 273.77 W, 51
2026/09/08 03:10:31.965, 28051 MiB, 81920 MiB, 0 %, 65.82 W, 39
2026/09/08 03:11:01.967, 28051 MiB, 81920 MiB, 88 %, 141.63 W, 46
2026/09/08 03:11:31.968, 28051 MiB, 81920 MiB, 56 %, 227.12 W, 47
2026/09/08 03:12:01.970, 28051 MiB, 81920 MiB, 0 %, 80.98 W, 40
2026/09/08 03:12:31.971, 28051 MiB, 81920 MiB, 0 %, 80.38 W, 40
2026/09/08 03:13:01.973, 28051 MiB, 81920 MiB, 88 %, 84.43 W, 43
2026/09/08 03:13:31.974, 28051 MiB, 81920 MiB, 0 %, 68.20 W, 40
2026/09/08 03:14:01.976, 28051 MiB, 81920 MiB, 31 %, 161.69 W, 44
2026/09/08 03:14:31.977, 28051 MiB, 81920 MiB, 34 %, 82.28 W, 44
2026/09/08 03:15:01.978, 28051 MiB, 81920 MiB, 53 %, 163.91 W, 46
2026/09/08 03:15:31.979, 28051 MiB, 81920 MiB, 69 %, 103.03 W, 47
2026/09/08 03:16:01.981, 28051 MiB, 81920 MiB, 88 %, 134.80 W, 48
2026/09/08 03:16:31.983, 28051 MiB, 81920 MiB, 78 %, 377.28 W, 48
2026/09/08 03:17:01.984, 28051 MiB, 81920 MiB, 18 %, 177.99 W, 42
2026/09/08 03:17:31.984, 28051 MiB, 81920 MiB, 0 %, 80.62 W, 40
2026/09/08 03:18:01.986, 28051 MiB, 81920 MiB, 0 %, 84.07 W, 41
2026/09/08 03:18:31.988, 28051 MiB, 81920 MiB, 0 %, 65.95 W, 39
2026/09/08 03:19:01.989, 28051 MiB, 81920 MiB, 88 %, 272.27 W, 50
2026/09/08 03:19:31.991, 28051 MiB, 81920 MiB, 98 %, 183.20 W, 49
2026/09/08 03:20:01.994, 28051 MiB, 81920 MiB, 68 %, 170.18 W, 47
2026/09/08 03:20:31.995, 28051 MiB, 81920 MiB, 51 %, 186.96 W, 44
2026/09/08 03:21:01.996, 28051 MiB, 81920 MiB, 39 %, 82.43 W, 42
2026/09/08 03:21:31.999, 28051 MiB, 81920 MiB, 2 %, 228.08 W, 42
2026/09/08 03:22:02.000, 28051 MiB, 81920 MiB, 65 %, 285.61 W, 51
2026/09/08 03:22:32.002, 28051 MiB, 81920 MiB, 13 %, 81.85 W, 41
2026/09/08 03:23:02.003, 28051 MiB, 81920 MiB, 0 %, 65.82 W, 39
2026/09/08 03:23:32.005, 28051 MiB, 81920 MiB, 0 %, 65.82 W, 39
2026/09/08 03:24:02.006, 28051 MiB, 81920 MiB, 49 %, 83.37 W, 41
2026/09/08 03:24:32.008, 28051 MiB, 81920 MiB, 0 %, 81.07 W, 41
2026/09/08 03:25:02.009, 28051 MiB, 81920 MiB, 73 %, 82.36 W, 43
2026/09/08 03:25:32.010, 28051 MiB, 81920 MiB, 60 %, 81.41 W, 44
2026/09/08 03:26:02.011, 28051 MiB, 81920 MiB, 97 %, 282.66 W, 48
2026/09/08 03:26:32.013, 28051 MiB, 81920 MiB, 45 %, 81.68 W, 43
2026/09/08 03:27:02.014, 28051 MiB, 81920 MiB, 56 %, 81.14 W, 42
2026/09/08 03:27:32.016, 28051 MiB, 81920 MiB, 45 %, 81.31 W, 42
2026/09/08 03:28:02.019, 28051 MiB, 81920 MiB, 0 %, 139.11 W, 43
2026/09/08 03:28:32.032, 28051 MiB, 81920 MiB, 0 %, 65.89 W, 39
2026/09/08 03:29:02.034, 28051 MiB, 81920 MiB, 0 %, 80.90 W, 40
2026/09/08 03:29:32.035, 28051 MiB, 81920 MiB, 46 %, 290.30 W, 49
2026/09/08 03:30:02.036, 28051 MiB, 81920 MiB, 86 %, 136.32 W, 51
2026/09/08 03:30:32.038, 28051 MiB, 81920 MiB, 26 %, 150.62 W, 42
2026/09/08 03:31:02.040, 28051 MiB, 81920 MiB, 67 %, 81.32 W, 41
2026/09/08 03:31:32.041, 28051 MiB, 81920 MiB, 76 %, 94.51 W, 44
2026/09/08 03:32:02.042, 28051 MiB, 81920 MiB, 99 %, 258.49 W, 48
2026/09/08 03:32:32.044, 28051 MiB, 81920 MiB, 50 %, 195.88 W, 44
2026/09/08 03:33:02.047, 28051 MiB, 81920 MiB, 68 %, 104.83 W, 43
2026/09/08 03:33:32.049, 28051 MiB, 81920 MiB, 0 %, 80.90 W, 40
2026/09/08 03:34:02.050, 28051 MiB, 81920 MiB, 16 %, 95.65 W, 44
2026/09/08 03:34:32.051, 28051 MiB, 81920 MiB, 0 %, 81.22 W, 41
2026/09/08 03:35:02.053, 28051 MiB, 81920 MiB, 0 %, 65.61 W, 39
2026/09/08 03:35:32.054, 28051 MiB, 81920 MiB, 61 %, 254.90 W, 44
2026/09/08 03:36:02.055, 28051 MiB, 81920 MiB, 10 %, 111.45 W, 45
2026/09/08 03:36:32.057, 28051 MiB, 81920 MiB, 93 %, 189.50 W, 50
2026/09/08 03:37:02.059, 28051 MiB, 81920 MiB, 72 %, 81.68 W, 43
2026/09/08 03:37:32.059, 28051 MiB, 81920 MiB, 61 %, 89.57 W, 46
2026/09/08 03:38:02.061, 28051 MiB, 81920 MiB, 52 %, 106.61 W, 45
2026/09/08 03:38:32.063, 28051 MiB, 81920 MiB, 0 %, 80.79 W, 41
2026/09/08 03:39:02.065, 28051 MiB, 81920 MiB, 83 %, 282.93 W, 43
2026/09/08 03:39:32.066, 28051 MiB, 81920 MiB, 41 %, 137.47 W, 43
2026/09/08 03:40:02.067, 28051 MiB, 81920 MiB, 0 %, 80.98 W, 41
2026/09/08 03:40:32.067, 28051 MiB, 81920 MiB, 47 %, 115.93 W, 45
2026/09/08 03:41:02.069, 28051 MiB, 81920 MiB, 88 %, 287.64 W, 45
2026/09/08 03:41:32.071, 28051 MiB, 81920 MiB, 0 %, 80.98 W, 41
2026/09/08 03:42:02.073, 28051 MiB, 81920 MiB, 7 %, 106.89 W, 41
2026/09/08 03:42:32.077, 28051 MiB, 81920 MiB, 60 %, 107.00 W, 47
2026/09/08 03:43:02.079, 28051 MiB, 81920 MiB, 0 %, 65.75 W, 38
2026/09/08 03:43:32.080, 28051 MiB, 81920 MiB, 0 %, 64.95 W, 36
2026/09/08 03:44:02.082, 28051 MiB, 81920 MiB, 87 %, 225.69 W, 43
2026/09/08 03:44:32.083, 28051 MiB, 81920 MiB, 41 %, 82.77 W, 43
2026/09/08 03:45:02.085, 28051 MiB, 81920 MiB, 44 %, 80.90 W, 42
2026/09/08 03:45:32.086, 28051 MiB, 81920 MiB, 74 %, 306.84 W, 47
2026/09/08 03:46:02.088, 28051 MiB, 81920 MiB, 81 %, 205.32 W, 48
2026/09/08 03:46:32.089, 28051 MiB, 81920 MiB, 83 %, 101.78 W, 46
2026/09/08 03:47:02.090, 28051 MiB, 81920 MiB, 5 %, 82.18 W, 41
2026/09/08 03:47:32.092, 28051 MiB, 81920 MiB, 17 %, 80.55 W, 40
2026/09/08 03:48:02.094, 28051 MiB, 81920 MiB, 0 %, 80.71 W, 40
2026/09/08 03:48:32.095, 28051 MiB, 81920 MiB, 98 %, 91.35 W, 44
2026/09/08 03:49:02.097, 28051 MiB, 81920 MiB, 86 %, 83.97 W, 43
2026/09/08 03:49:32.098, 28051 MiB, 81920 MiB, 0 %, 80.82 W, 41
2026/09/08 03:50:02.099, 28051 MiB, 81920 MiB, 0 %, 80.98 W, 41
2026/09/08 03:50:32.101, 28051 MiB, 81920 MiB, 67 %, 271.43 W, 43
2026/09/08 03:51:02.102, 28051 MiB, 81920 MiB, 2 %, 73.00 W, 40
2026/09/08 03:51:32.103, 28051 MiB, 81920 MiB, 0 %, 66.48 W, 40
2026/09/08 03:52:02.104, 28051 MiB, 81920 MiB, 1 %, 81.31 W, 41
2026/09/08 03:52:32.106, 28051 MiB, 81920 MiB, 97 %, 136.85 W, 45
2026/09/08 03:53:02.107, 28051 MiB, 81920 MiB, 60 %, 82.45 W, 43
2026/09/08 03:53:32.108, 28051 MiB, 81920 MiB, 68 %, 86.81 W, 44
2026/09/08 03:54:02.110, 28051 MiB, 81920 MiB, 89 %, 84.43 W, 45
2026/09/08 03:54:32.111, 28051 MiB, 81920 MiB, 60 %, 290.01 W, 48
2026/09/08 03:55:02.113, 28051 MiB, 81920 MiB, 81 %, 100.21 W, 45
2026/09/08 03:55:32.114, 28051 MiB, 81920 MiB, 0 %, 110.58 W, 41
2026/09/08 03:56:02.116, 28051 MiB, 81920 MiB, 16 %, 190.89 W, 43
2026/09/08 03:56:32.117, 28051 MiB, 81920 MiB, 88 %, 288.26 W, 47
2026/09/08 03:57:02.118, 28051 MiB, 81920 MiB, 70 %, 178.07 W, 45
2026/09/08 03:57:32.122, 28051 MiB, 81920 MiB, 0 %, 80.90 W, 41
2026/09/08 03:58:02.122, 28051 MiB, 81920 MiB, 47 %, 204.66 W, 47
2026/09/08 03:58:32.124, 28051 MiB, 81920 MiB, 88 %, 82.88 W, 44
2026/09/08 03:59:02.129, 28051 MiB, 81920 MiB, 32 %, 81.66 W, 43
2026/09/08 03:59:32.131, 28051 MiB, 81920 MiB, 0 %, 80.38 W, 40
2026/09/08 04:00:02.133, 28051 MiB, 81920 MiB, 37 %, 242.23 W, 45
2026/09/08 04:00:32.134, 28051 MiB, 81920 MiB, 0 %, 231.84 W, 43
2026/09/08 04:01:02.136, 28051 MiB, 81920 MiB, 88 %, 101.89 W, 47
2026/09/08 04:01:32.137, 28051 MiB, 81920 MiB, 0 %, 81.39 W, 41
2026/09/08 04:02:02.139, 28051 MiB, 81920 MiB, 31 %, 159.45 W, 46
2026/09/08 04:02:32.143, 28051 MiB, 81920 MiB, 0 %, 80.82 W, 41
2026/09/08 04:03:02.145, 28051 MiB, 81920 MiB, 38 %, 240.18 W, 45
2026/09/08 04:03:32.147, 28051 MiB, 81920 MiB, 78 %, 83.97 W, 45
2026/09/08 04:04:02.148, 28051 MiB, 81920 MiB, 0 %, 80.62 W, 40
2026/09/08 04:04:32.150, 28051 MiB, 81920 MiB, 7 %, 81.39 W, 43
2026/09/08 04:05:02.151, 28051 MiB, 81920 MiB, 70 %, 91.22 W, 43
2026/09/08 04:05:32.152, 28051 MiB, 81920 MiB, 61 %, 139.68 W, 47
2026/09/08 04:06:02.154, 28051 MiB, 81920 MiB, 54 %, 81.58 W, 42
2026/09/08 04:06:32.155, 28051 MiB, 81920 MiB, 35 %, 162.46 W, 47
2026/09/08 04:07:02.157, 28051 MiB, 81920 MiB, 0 %, 81.31 W, 42
2026/09/08 04:07:32.158, 28051 MiB, 81920 MiB, 4 %, 192.23 W, 42
2026/09/08 04:08:02.159, 28051 MiB, 81920 MiB, 34 %, 81.58 W, 43
2026/09/08 04:08:32.161, 28051 MiB, 81920 MiB, 0 %, 106.89 W, 46
2026/09/08 04:09:02.162, 28051 MiB, 81920 MiB, 61 %, 245.81 W, 48
2026/09/08 04:09:32.164, 28051 MiB, 81920 MiB, 6 %, 93.69 W, 41
2026/09/08 04:10:02.165, 28051 MiB, 81920 MiB, 0 %, 80.98 W, 41
2026/09/08 04:10:32.167, 28051 MiB, 81920 MiB, 93 %, 311.00 W, 49
2026/09/08 04:11:02.169, 28051 MiB, 81920 MiB, 75 %, 132.36 W, 45
2026/09/08 04:11:32.171, 28051 MiB, 81920 MiB, 78 %, 97.78 W, 47
2026/09/08 04:12:02.173, 28051 MiB, 81920 MiB, 32 %, 290.06 W, 47
2026/09/08 04:12:32.174, 28051 MiB, 81920 MiB, 83 %, 190.69 W, 46
2026/09/08 04:13:02.175, 28051 MiB, 81920 MiB, 81 %, 257.50 W, 48
2026/09/08 04:13:32.177, 28051 MiB, 81920 MiB, 20 %, 216.61 W, 44
2026/09/08 04:14:02.180, 28051 MiB, 81920 MiB, 18 %, 94.88 W, 44
2026/09/08 04:14:32.182, 28051 MiB, 81920 MiB, 28 %, 178.67 W, 43
2026/09/08 04:15:02.184, 28051 MiB, 81920 MiB, 0 %, 81.58 W, 41
2026/09/08 04:15:32.185, 28051 MiB, 81920 MiB, 0 %, 80.71 W, 40
2026/09/08 04:16:02.188, 28051 MiB, 81920 MiB, 92 %, 119.19 W, 46
2026/09/08 04:16:32.189, 28051 MiB, 81920 MiB, 40 %, 136.59 W, 40
2026/09/08 04:17:02.192, 28051 MiB, 81920 MiB, 61 %, 81.31 W, 41
2026/09/08 04:17:32.193, 28051 MiB, 81920 MiB, 58 %, 291.81 W, 48
2026/09/08 04:18:02.195, 28051 MiB, 81920 MiB, 37 %, 82.53 W, 44
2026/09/08 04:18:32.196, 28051 MiB, 81920 MiB, 20 %, 290.60 W, 46
2026/09/08 04:19:02.197, 28051 MiB, 81920 MiB, 92 %, 98.32 W, 46
2026/09/08 04:19:32.199, 28051 MiB, 81920 MiB, 55 %, 86.22 W, 43
2026/09/08 04:20:02.200, 28051 MiB, 81920 MiB, 9 %, 80.98 W, 41
2026/09/08 04:20:32.202, 28051 MiB, 81920 MiB, 64 %, 90.76 W, 45
2026/09/08 04:21:02.203, 28051 MiB, 81920 MiB, 61 %, 93.00 W, 44
2026/09/08 04:21:32.204, 28051 MiB, 81920 MiB, 6 %, 81.22 W, 41
2026/09/08 04:22:02.205, 28051 MiB, 81920 MiB, 39 %, 92.32 W, 42
2026/09/08 04:22:32.207, 28051 MiB, 81920 MiB, 14 %, 96.68 W, 43
2026/09/08 04:23:02.208, 28051 MiB, 81920 MiB, 0 %, 66.07 W, 40
2026/09/08 04:23:32.209, 28051 MiB, 81920 MiB, 0 %, 65.89 W, 39
2026/09/08 04:24:02.210, 28051 MiB, 81920 MiB, 23 %, 137.60 W, 44
2026/09/08 04:24:32.212, 28051 MiB, 81920 MiB, 0 %, 80.90 W, 40
2026/09/08 04:25:02.213, 28051 MiB, 81920 MiB, 51 %, 81.49 W, 42
2026/09/08 04:25:32.214, 28051 MiB, 81920 MiB, 61 %, 312.47 W, 46
2026/09/08 04:26:02.216, 28051 MiB, 81920 MiB, 62 %, 81.41 W, 42
2026/09/08 04:26:32.217, 28051 MiB, 81920 MiB, 67 %, 256.16 W, 44
2026/09/08 04:27:02.218, 28051 MiB, 81920 MiB, 0 %, 80.90 W, 41
2026/09/08 04:27:32.219, 28051 MiB, 81920 MiB, 50 %, 80.90 W, 41
2026/09/08 04:28:02.224, 28051 MiB, 81920 MiB, 46 %, 299.74 W, 47
2026/09/08 04:28:32.226, 28051 MiB, 81920 MiB, 89 %, 196.21 W, 49
2026/09/08 04:29:02.227, 28051 MiB, 81920 MiB, 31 %, 201.58 W, 44
2026/09/08 04:29:32.229, 28051 MiB, 81920 MiB, 0 %, 80.90 W, 41
2026/09/08 04:30:02.231, 28051 MiB, 81920 MiB, 3 %, 99.94 W, 44
2026/09/08 04:30:32.232, 28051 MiB, 81920 MiB, 0 %, 81.48 W, 41
2026/09/08 04:31:02.233, 28051 MiB, 81920 MiB, 75 %, 296.24 W, 49
2026/09/08 04:31:32.235, 28051 MiB, 81920 MiB, 40 %, 81.85 W, 42
2026/09/08 04:32:02.236, 28051 MiB, 81920 MiB, 58 %, 261.68 W, 48
2026/09/08 04:32:32.238, 28051 MiB, 81920 MiB, 0 %, 80.82 W, 41
2026/09/08 04:33:02.240, 28051 MiB, 81920 MiB, 77 %, 290.32 W, 50
2026/09/08 04:33:32.242, 28051 MiB, 81920 MiB, 71 %, 146.17 W, 45
2026/09/08 04:34:02.243, 28051 MiB, 81920 MiB, 0 %, 66.07 W, 39
2026/09/08 04:34:32.245, 28051 MiB, 81920 MiB, 0 %, 80.54 W, 40
2026/09/08 04:35:02.247, 28051 MiB, 81920 MiB, 2 %, 80.79 W, 40
2026/09/08 04:35:32.248, 28051 MiB, 81920 MiB, 66 %, 80.62 W, 41
2026/09/08 04:36:02.249, 28051 MiB, 81920 MiB, 31 %, 113.24 W, 44
2026/09/08 04:36:32.250, 28051 MiB, 81920 MiB, 85 %, 90.07 W, 44
2026/09/08 04:37:02.252, 28051 MiB, 81920 MiB, 1 %, 80.62 W, 40
2026/09/08 04:37:32.254, 28051 MiB, 81920 MiB, 0 %, 66.14 W, 40
2026/09/08 04:38:02.256, 28051 MiB, 81920 MiB, 3 %, 81.31 W, 41
2026/09/08 04:38:32.257, 28051 MiB, 81920 MiB, 96 %, 292.09 W, 50
2026/09/08 04:39:02.258, 28051 MiB, 81920 MiB, 93 %, 290.92 W, 49
2026/09/08 04:39:32.259, 28051 MiB, 81920 MiB, 57 %, 162.28 W, 45
2026/09/08 04:40:02.260, 28051 MiB, 81920 MiB, 85 %, 321.83 W, 48
2026/09/08 04:40:32.261, 28051 MiB, 81920 MiB, 91 %, 185.58 W, 48
2026/09/08 04:41:02.268, 28051 MiB, 81920 MiB, 80 %, 86.22 W, 44
2026/09/08 04:41:32.270, 28051 MiB, 81920 MiB, 0 %, 80.62 W, 40
2026/09/08 04:42:02.272, 28051 MiB, 81920 MiB, 35 %, 81.58 W, 44
2026/09/08 04:42:32.273, 28051 MiB, 81920 MiB, 0 %, 80.90 W, 41
2026/09/08 04:43:02.275, 28051 MiB, 81920 MiB, 0 %, 66.14 W, 39
2026/09/08 04:43:32.276, 28051 MiB, 81920 MiB, 0 %, 65.89 W, 40
2026/09/08 04:44:02.277, 28051 MiB, 81920 MiB, 0 %, 66.21 W, 39
2026/09/08 04:44:32.279, 28051 MiB, 81920 MiB, 35 %, 80.98 W, 41
2026/09/08 04:45:02.280, 28051 MiB, 81920 MiB, 0 %, 80.71 W, 40
2026/09/08 04:45:32.283, 28051 MiB, 81920 MiB, 17 %, 80.98 W, 41
2026/09/08 04:46:02.285, 28051 MiB, 81920 MiB, 80 %, 124.76 W, 45
2026/09/08 04:46:32.293, 28051 MiB, 81920 MiB, 14 %, 258.10 W, 45
2026/09/08 04:47:02.296, 28051 MiB, 81920 MiB, 21 %, 86.72 W, 42
2026/09/08 04:47:32.297, 28051 MiB, 81920 MiB, 59 %, 102.76 W, 44
2026/09/08 04:48:02.301, 28051 MiB, 81920 MiB, 0 %, 80.62 W, 40
2026/09/08 04:48:32.303, 28051 MiB, 81920 MiB, 0 %, 65.34 W, 36
2026/09/08 04:49:02.306, 28051 MiB, 81920 MiB, 65 %, 119.43 W, 43
2026/09/08 04:49:32.308, 28051 MiB, 81920 MiB, 70 %, 128.49 W, 44
2026/09/08 04:50:02.309, 28051 MiB, 81920 MiB, 87 %, 289.16 W, 42
2026/09/08 04:50:32.311, 28051 MiB, 81920 MiB, 65 %, 82.01 W, 41
2026/09/08 04:51:02.312, 28051 MiB, 81920 MiB, 100 %, 263.47 W, 44
2026/09/08 04:51:32.314, 28051 MiB, 81920 MiB, 2 %, 80.90 W, 41
2026/09/08 04:52:02.315, 28051 MiB, 81920 MiB, 0 %, 81.31 W, 41
2026/09/08 04:52:32.316, 28051 MiB, 81920 MiB, 0 %, 80.90 W, 41
2026/09/08 04:53:02.318, 28051 MiB, 81920 MiB, 0 %, 81.58 W, 42
2026/09/08 04:53:32.319, 28051 MiB, 81920 MiB, 25 %, 81.76 W, 41
2026/09/08 04:54:02.321, 28051 MiB, 81920 MiB, 35 %, 119.91 W, 43
2026/09/08 04:54:32.323, 28051 MiB, 81920 MiB, 74 %, 206.88 W, 45
2026/09/08 04:55:02.325, 28051 MiB, 81920 MiB, 0 %, 81.22 W, 41
2026/09/08 04:55:32.327, 28051 MiB, 81920 MiB, 78 %, 103.25 W, 44
2026/09/08 04:56:02.328, 28051 MiB, 81920 MiB, 0 %, 89.29 W, 41
2026/09/08 04:56:32.329, 28051 MiB, 81920 MiB, 58 %, 81.58 W, 43
2026/09/08 04:57:02.331, 28051 MiB, 81920 MiB, 3 %, 80.90 W, 42
2026/09/08 04:57:32.339, 28051 MiB, 81920 MiB, 0 %, 81.15 W, 40
2026/09/08 04:58:02.341, 28051 MiB, 81920 MiB, 59 %, 236.07 W, 47
2026/09/08 04:58:32.341, 28051 MiB, 81920 MiB, 65 %, 81.93 W, 42
2026/09/08 04:59:02.344, 28051 MiB, 81920 MiB, 7 %, 81.93 W, 41
2026/09/08 04:59:32.346, 28051 MiB, 81920 MiB, 76 %, 115.10 W, 44
2026/09/08 05:00:02.348, 28051 MiB, 81920 MiB, 0 %, 66.14 W, 40
2026/09/08 05:00:32.349, 28051 MiB, 81920 MiB, 22 %, 81.93 W, 43
2026/09/08 05:01:02.350, 28051 MiB, 81920 MiB, 37 %, 81.07 W, 41
2026/09/08 05:01:32.352, 28051 MiB, 81920 MiB, 81 %, 208.18 W, 45
2026/09/08 05:02:02.353, 28051 MiB, 81920 MiB, 20 %, 82.36 W, 45
2026/09/08 05:02:32.355, 28051 MiB, 81920 MiB, 71 %, 241.95 W, 48
2026/09/08 05:03:02.356, 28051 MiB, 81920 MiB, 57 %, 295.32 W, 45
2026/09/08 05:03:32.357, 28051 MiB, 81920 MiB, 50 %, 128.49 W, 43
2026/09/08 05:04:02.359, 28051 MiB, 81920 MiB, 1 %, 98.52 W, 42
2026/09/08 05:04:32.361, 28051 MiB, 81920 MiB, 32 %, 273.79 W, 46
2026/09/08 05:05:02.362, 28051 MiB, 81920 MiB, 0 %, 80.71 W, 40
2026/09/08 05:05:32.364, 28051 MiB, 81920 MiB, 1 %, 134.66 W, 44
2026/09/08 05:06:02.365, 28051 MiB, 81920 MiB, 69 %, 81.31 W, 42
2026/09/08 05:06:32.367, 28051 MiB, 81920 MiB, 0 %, 66.81 W, 39
2026/09/08 05:07:02.368, 28051 MiB, 81920 MiB, 29 %, 80.62 W, 40
2026/09/08 05:07:32.370, 28051 MiB, 81920 MiB, 0 %, 80.90 W, 41
2026/09/08 05:08:02.371, 28051 MiB, 81920 MiB, 15 %, 271.44 W, 42
2026/09/08 05:08:32.373, 28051 MiB, 81920 MiB, 0 %, 80.98 W, 41
2026/09/08 05:09:02.379, 28051 MiB, 81920 MiB, 0 %, 80.90 W, 40
2026/09/08 05:09:32.381, 28051 MiB, 81920 MiB, 61 %, 119.19 W, 46
2026/09/08 05:10:02.382, 28051 MiB, 81920 MiB, 27 %, 179.35 W, 45
2026/09/08 05:10:32.383, 28051 MiB, 81920 MiB, 68 %, 82.60 W, 42
2026/09/08 05:11:02.384, 28051 MiB, 81920 MiB, 81 %, 83.37 W, 45
2026/09/08 05:11:32.386, 28051 MiB, 81920 MiB, 93 %, 83.29 W, 43
2026/09/08 05:12:02.387, 28051 MiB, 81920 MiB, 5 %, 210.73 W, 44
2026/09/08 05:12:32.389, 28051 MiB, 81920 MiB, 1 %, 80.71 W, 41
2026/09/08 05:13:02.390, 28051 MiB, 81920 MiB, 0 %, 81.39 W, 41
2026/09/08 05:13:32.392, 28051 MiB, 81920 MiB, 52 %, 119.93 W, 43
2026/09/08 05:14:02.393, 28051 MiB, 81920 MiB, 26 %, 271.73 W, 49
2026/09/08 05:14:32.394, 28051 MiB, 81920 MiB, 43 %, 115.31 W, 43
2026/09/08 05:15:02.395, 28051 MiB, 81920 MiB, 77 %, 188.71 W, 46
2026/09/08 05:15:32.396, 28051 MiB, 81920 MiB, 22 %, 196.48 W, 46
2026/09/08 05:16:02.398, 28051 MiB, 81920 MiB, 74 %, 139.66 W, 46
2026/09/08 05:16:32.399, 28051 MiB, 81920 MiB, 79 %, 84.24 W, 45
2026/09/08 05:17:02.401, 28051 MiB, 81920 MiB, 37 %, 105.58 W, 44
2026/09/08 05:17:32.402, 28051 MiB, 81920 MiB, 39 %, 101.47 W, 44
2026/09/08 05:18:02.403, 28051 MiB, 81920 MiB, 4 %, 81.76 W, 45
2026/09/08 05:18:32.417, 28051 MiB, 81920 MiB, 0 %, 80.82 W, 41
2026/09/08 05:19:02.419, 28051 MiB, 81920 MiB, 0 %, 80.62 W, 41
2026/09/08 05:19:32.434, 28051 MiB, 81920 MiB, 94 %, 117.85 W, 46
2026/09/08 05:20:02.436, 28051 MiB, 81920 MiB, 46 %, 195.68 W, 46
2026/09/08 05:20:32.441, 28051 MiB, 81920 MiB, 16 %, 66.14 W, 39
2026/09/08 05:21:02.442, 28051 MiB, 81920 MiB, 67 %, 133.20 W, 46
2026/09/08 05:21:32.445, 28051 MiB, 81920 MiB, 71 %, 132.01 W, 44
2026/09/08 05:22:02.446, 28051 MiB, 81920 MiB, 1 %, 106.89 W, 44
2026/09/08 05:22:32.447, 28051 MiB, 81920 MiB, 0 %, 80.71 W, 41
2026/09/08 05:23:02.449, 28051 MiB, 81920 MiB, 0 %, 66.14 W, 39
2026/09/08 05:23:32.450, 28051 MiB, 81920 MiB, 0 %, 65.89 W, 39
2026/09/08 05:24:02.452, 28051 MiB, 81920 MiB, 82 %, 250.11 W, 45
2026/09/08 05:24:32.453, 28051 MiB, 81920 MiB, 0 %, 80.98 W, 41
2026/09/08 05:25:02.455, 28051 MiB, 81920 MiB, 0 %, 81.49 W, 44
2026/09/08 05:25:32.455, 28051 MiB, 81920 MiB, 7 %, 273.18 W, 49
2026/09/08 05:26:02.458, 28051 MiB, 81920 MiB, 72 %, 314.80 W, 47
2026/09/08 05:26:32.460, 28051 MiB, 81920 MiB, 0 %, 81.14 W, 41
2026/09/08 05:27:02.466, 28051 MiB, 81920 MiB, 45 %, 82.36 W, 44
2026/09/08 05:27:32.467, 28051 MiB, 81920 MiB, 43 %, 173.58 W, 44
2026/09/08 05:28:02.469, 28051 MiB, 81920 MiB, 0 %, 80.71 W, 40
2026/09/08 05:28:32.471, 28051 MiB, 81920 MiB, 0 %, 80.90 W, 41
2026/09/08 05:29:02.472, 28051 MiB, 81920 MiB, 76 %, 80.98 W, 42
2026/09/08 05:29:32.479, 28051 MiB, 81920 MiB, 36 %, 81.85 W, 43
2026/09/08 05:30:02.481, 28051 MiB, 81920 MiB, 71 %, 266.68 W, 47
2026/09/08 05:30:32.482, 28051 MiB, 81920 MiB, 24 %, 179.00 W, 43
2026/09/08 05:31:02.484, 28051 MiB, 81920 MiB, 32 %, 81.48 W, 41
2026/09/08 05:31:32.485, 28051 MiB, 81920 MiB, 22 %, 65.74 W, 40
2026/09/08 05:32:02.487, 28051 MiB, 81920 MiB, 14 %, 120.81 W, 43
2026/09/08 05:32:32.488, 28051 MiB, 81920 MiB, 0 %, 84.14 W, 40
2026/09/08 05:33:02.489, 28051 MiB, 81920 MiB, 0 %, 80.96 W, 40
2026/09/08 05:33:32.490, 28051 MiB, 81920 MiB, 50 %, 267.00 W, 45
2026/09/08 05:34:02.491, 28051 MiB, 81920 MiB, 40 %, 81.41 W, 41
2026/09/08 05:34:32.492, 28051 MiB, 81920 MiB, 46 %, 116.32 W, 48
2026/09/08 05:35:02.494, 28051 MiB, 81920 MiB, 78 %, 268.78 W, 48
2026/09/08 05:35:32.496, 28051 MiB, 81920 MiB, 66 %, 270.01 W, 46
2026/09/08 05:36:02.497, 28051 MiB, 81920 MiB, 47 %, 310.62 W, 47
2026/09/08 05:36:32.499, 28051 MiB, 81920 MiB, 22 %, 82.60 W, 42
2026/09/08 05:37:02.500, 28051 MiB, 81920 MiB, 53 %, 123.04 W, 45
2026/09/08 05:37:32.502, 28051 MiB, 81920 MiB, 29 %, 176.88 W, 45
2026/09/08 05:38:02.503, 28051 MiB, 81920 MiB, 0 %, 80.90 W, 41
2026/09/08 05:38:32.504, 28051 MiB, 81920 MiB, 0 %, 80.90 W, 41
2026/09/08 05:39:02.506, 28051 MiB, 81920 MiB, 86 %, 293.28 W, 44
2026/09/08 05:39:32.508, 28051 MiB, 81920 MiB, 91 %, 81.58 W, 43
2026/09/08 05:40:02.512, 28051 MiB, 81920 MiB, 53 %, 176.34 W, 45
2026/09/08 05:40:32.513, 28051 MiB, 81920 MiB, 31 %, 124.76 W, 45
2026/09/08 05:41:02.514, 28051 MiB, 81920 MiB, 8 %, 81.31 W, 42
2026/09/08 05:41:32.516, 28051 MiB, 81920 MiB, 0 %, 80.71 W, 40
2026/09/08 05:42:02.518, 28051 MiB, 81920 MiB, 0 %, 80.98 W, 41
2026/09/08 05:42:32.519, 28051 MiB, 81920 MiB, 4 %, 81.31 W, 43
2026/09/08 05:43:02.521, 28051 MiB, 81920 MiB, 59 %, 81.22 W, 42
2026/09/08 05:43:32.523, 28051 MiB, 81920 MiB, 100 %, 178.26 W, 47
2026/09/08 05:44:02.525, 28051 MiB, 81920 MiB, 73 %, 102.76 W, 46
2026/09/08 05:44:32.526, 28051 MiB, 81920 MiB, 25 %, 82.96 W, 42
2026/09/08 05:45:02.528, 28051 MiB, 81920 MiB, 31 %, 81.66 W, 44
2026/09/08 05:45:32.530, 28051 MiB, 81920 MiB, 0 %, 81.07 W, 41
2026/09/08 05:46:02.531, 28051 MiB, 81920 MiB, 0 %, 65.74 W, 39
2026/09/08 05:46:32.532, 28051 MiB, 81920 MiB, 9 %, 81.31 W, 41
2026/09/08 05:47:02.534, 28051 MiB, 81920 MiB, 26 %, 271.43 W, 45
2026/09/08 05:47:32.535, 28051 MiB, 81920 MiB, 45 %, 105.31 W, 44
2026/09/08 05:48:02.536, 28051 MiB, 81920 MiB, 0 %, 75.91 W, 40
2026/09/08 05:48:32.538, 28051 MiB, 81920 MiB, 25 %, 229.18 W, 46
2026/09/08 05:49:02.540, 28051 MiB, 81920 MiB, 69 %, 171.02 W, 48
2026/09/08 05:49:32.540, 28051 MiB, 81920 MiB, 9 %, 81.49 W, 45
2026/09/08 05:50:02.542, 28051 MiB, 81920 MiB, 41 %, 90.34 W, 47
2026/09/08 05:50:32.543, 28051 MiB, 81920 MiB, 52 %, 274.96 W, 47
2026/09/08 05:51:02.544, 28051 MiB, 81920 MiB, 32 %, 81.85 W, 43
2026/09/08 05:51:32.545, 28051 MiB, 81920 MiB, 0 %, 81.22 W, 43
2026/09/08 05:52:02.547, 28051 MiB, 81920 MiB, 75 %, 135.53 W, 48
2026/09/08 05:52:32.548, 28051 MiB, 81920 MiB, 52 %, 231.24 W, 45
2026/09/08 05:53:02.550, 28051 MiB, 81920 MiB, 0 %, 65.61 W, 38
2026/09/08 05:53:32.552, 28051 MiB, 81920 MiB, 0 %, 65.74 W, 37
2026/09/08 05:54:02.554, 28051 MiB, 81920 MiB, 55 %, 80.96 W, 41
2026/09/08 05:54:32.555, 28051 MiB, 81920 MiB, 54 %, 83.46 W, 44
2026/09/08 05:55:02.558, 28051 MiB, 81920 MiB, 0 %, 235.93 W, 43
2026/09/08 05:55:32.559, 28051 MiB, 81920 MiB, 24 %, 83.12 W, 43
2026/09/08 05:56:02.561, 28051 MiB, 81920 MiB, 2 %, 81.04 W, 41
2026/09/08 05:56:32.563, 28051 MiB, 81920 MiB, 0 %, 98.06 W, 40
2026/09/08 05:57:02.566, 28051 MiB, 81920 MiB, 1 %, 80.63 W, 43
2026/09/08 05:57:32.568, 28051 MiB, 81920 MiB, 21 %, 80.88 W, 40
2026/09/08 05:58:02.570, 28051 MiB, 81920 MiB, 73 %, 290.01 W, 47
2026/09/08 05:58:32.577, 28051 MiB, 81920 MiB, 0 %, 80.82 W, 41
2026/09/08 05:59:02.578, 28051 MiB, 81920 MiB, 38 %, 117.37 W, 42
2026/09/08 05:59:32.579, 28051 MiB, 81920 MiB, 39 %, 292.38 W, 49
2026/09/08 06:00:02.580, 28051 MiB, 81920 MiB, 0 %, 152.52 W, 45
2026/09/08 06:00:32.584, 28051 MiB, 81920 MiB, 3 %, 142.91 W, 44
2026/09/08 06:01:02.586, 28051 MiB, 81920 MiB, 5 %, 251.65 W, 47
2026/09/08 06:01:32.588, 28051 MiB, 81920 MiB, 95 %, 99.24 W, 47
2026/09/08 06:02:02.589, 28051 MiB, 81920 MiB, 37 %, 86.63 W, 43
2026/09/08 06:02:32.590, 28051 MiB, 81920 MiB, 94 %, 292.68 W, 49
2026/09/08 06:03:02.591, 28051 MiB, 81920 MiB, 0 %, 80.71 W, 40
2026/09/08 06:03:32.592, 28051 MiB, 81920 MiB, 50 %, 81.49 W, 42
2026/09/08 06:04:02.593, 28051 MiB, 81920 MiB, 40 %, 242.48 W, 47
2026/09/08 06:04:32.594, 28051 MiB, 81920 MiB, 0 %, 81.22 W, 41
2026/09/08 06:05:02.595, 28051 MiB, 81920 MiB, 0 %, 81.22 W, 41
2026/09/08 06:05:32.603, 28051 MiB, 81920 MiB, 0 %, 81.22 W, 42
2026/09/08 06:06:02.604, 28051 MiB, 81920 MiB, 32 %, 280.57 W, 46
2026/09/08 06:06:32.606, 28051 MiB, 81920 MiB, 45 %, 87.50 W, 43
2026/09/08 06:07:02.607, 28051 MiB, 81920 MiB, 3 %, 80.30 W, 43
2026/09/08 06:07:32.613, 28051 MiB, 81920 MiB, 8 %, 66.21 W, 42
2026/09/08 06:08:02.615, 28051 MiB, 81920 MiB, 30 %, 267.91 W, 49
2026/09/08 06:08:32.616, 28051 MiB, 81920 MiB, 0 %, 96.25 W, 41
2026/09/08 06:09:02.618, 28051 MiB, 81920 MiB, 73 %, 301.52 W, 49
2026/09/08 06:09:32.619, 28051 MiB, 81920 MiB, 50 %, 82.36 W, 42
2026/09/08 06:10:02.628, 28051 MiB, 81920 MiB, 83 %, 305.64 W, 46
2026/09/08 06:10:32.632, 28051 MiB, 81920 MiB, 30 %, 132.60 W, 42
2026/09/08 06:11:02.634, 28051 MiB, 81920 MiB, 13 %, 272.63 W, 49
2026/09/08 06:11:32.635, 28051 MiB, 81920 MiB, 67 %, 296.53 W, 47
2026/09/08 06:12:02.637, 28051 MiB, 81920 MiB, 0 %, 81.31 W, 41
2026/09/08 06:12:32.639, 28051 MiB, 81920 MiB, 56 %, 234.01 W, 44
2026/09/08 06:13:02.641, 28051 MiB, 81920 MiB, 25 %, 107.69 W, 44
2026/09/08 06:13:32.643, 28051 MiB, 81920 MiB, 32 %, 176.42 W, 42
2026/09/08 06:14:02.644, 28051 MiB, 81920 MiB, 0 %, 82.28 W, 40
2026/09/08 06:14:32.646, 28051 MiB, 81920 MiB, 83 %, 95.95 W, 47
2026/09/08 06:15:02.647, 28051 MiB, 81920 MiB, 28 %, 289.14 W, 50
2026/09/08 06:15:32.648, 28051 MiB, 81920 MiB, 77 %, 106.13 W, 46
2026/09/08 06:16:02.649, 28051 MiB, 81920 MiB, 86 %, 288.86 W, 49
2026/09/08 06:16:32.650, 28051 MiB, 81920 MiB, 30 %, 82.69 W, 46
2026/09/08 06:17:02.652, 28051 MiB, 81920 MiB, 73 %, 95.06 W, 45
2026/09/08 06:17:32.653, 28051 MiB, 81920 MiB, 41 %, 81.58 W, 42
2026/09/08 06:18:02.654, 28051 MiB, 81920 MiB, 0 %, 81.39 W, 41
2026/09/08 06:18:32.657, 28051 MiB, 81920 MiB, 2 %, 81.49 W, 45
2026/09/08 06:19:02.658, 28051 MiB, 81920 MiB, 4 %, 94.61 W, 42
2026/09/08 06:19:32.659, 28051 MiB, 81920 MiB, 99 %, 141.75 W, 49
2026/09/08 06:20:02.661, 28051 MiB, 81920 MiB, 98 %, 176.69 W, 49
2026/09/08 06:20:32.662, 28051 MiB, 81920 MiB, 0 %, 80.82 W, 41
2026/09/08 06:21:02.663, 28051 MiB, 81920 MiB, 0 %, 81.14 W, 42
2026/09/08 06:21:32.664, 28051 MiB, 81920 MiB, 2 %, 79.35 W, 41
2026/09/08 06:22:02.665, 28051 MiB, 81920 MiB, 59 %, 266.76 W, 47
2026/09/08 06:22:32.666, 28051 MiB, 81920 MiB, 55 %, 92.13 W, 44
2026/09/08 06:23:02.670, 28051 MiB, 81920 MiB, 83 %, 248.73 W, 48
2026/09/08 06:23:32.672, 28051 MiB, 81920 MiB, 96 %, 88.87 W, 46
2026/09/08 06:24:02.673, 28051 MiB, 81920 MiB, 86 %, 113.40 W, 46
2026/09/08 06:24:32.677, 28051 MiB, 81920 MiB, 81 %, 192.03 W, 47
2026/09/08 06:25:02.679, 28051 MiB, 81920 MiB, 46 %, 270.29 W, 48
2026/09/08 06:25:32.680, 28051 MiB, 81920 MiB, 91 %, 202.56 W, 46
2026/09/08 06:26:02.681, 28051 MiB, 81920 MiB, 96 %, 317.18 W, 48
2026/09/08 06:26:32.683, 28051 MiB, 81920 MiB, 78 %, 267.00 W, 50
2026/09/08 06:27:02.684, 28051 MiB, 81920 MiB, 0 %, 80.96 W, 40
2026/09/08 06:27:32.687, 28051 MiB, 81920 MiB, 76 %, 128.82 W, 44
2026/09/08 06:28:02.689, 28051 MiB, 81920 MiB, 72 %, 97.08 W, 45
2026/09/08 06:28:32.691, 28051 MiB, 81920 MiB, 0 %, 80.80 W, 40
2026/09/08 06:29:02.692, 28051 MiB, 81920 MiB, 1 %, 81.40 W, 41
2026/09/08 06:29:32.693, 28051 MiB, 81920 MiB, 0 %, 81.21 W, 41
2026/09/08 06:30:02.695, 28051 MiB, 81920 MiB, 0 %, 81.24 W, 40
2026/09/08 06:30:32.696, 28051 MiB, 81920 MiB, 0 %, 80.63 W, 40
2026/09/08 06:31:02.697, 28051 MiB, 81920 MiB, 61 %, 166.93 W, 49
2026/09/08 06:31:32.698, 28051 MiB, 81920 MiB, 4 %, 82.02 W, 41
2026/09/08 06:32:02.700, 28051 MiB, 81920 MiB, 66 %, 81.75 W, 42
2026/09/08 06:32:32.701, 28051 MiB, 81920 MiB, 23 %, 162.79 W, 47
2026/09/08 06:33:02.706, 28051 MiB, 81920 MiB, 83 %, 288.54 W, 50
2026/09/08 06:33:32.708, 28051 MiB, 81920 MiB, 0 %, 69.07 W, 41
2026/09/08 06:34:02.709, 28051 MiB, 81920 MiB, 0 %, 66.09 W, 39
2026/09/08 06:34:32.710, 28051 MiB, 81920 MiB, 0 %, 80.71 W, 40
2026/09/08 06:35:02.718, 28051 MiB, 81920 MiB, 77 %, 99.34 W, 48
2026/09/08 06:35:32.719, 28051 MiB, 81920 MiB, 20 %, 82.36 W, 42
2026/09/08 06:36:02.721, 28051 MiB, 81920 MiB, 75 %, 269.69 W, 47
2026/09/08 06:36:32.724, 28051 MiB, 81920 MiB, 68 %, 81.65 W, 42
2026/09/08 06:37:02.726, 28051 MiB, 81920 MiB, 80 %, 138.76 W, 46
2026/09/08 06:37:32.727, 28051 MiB, 81920 MiB, 35 %, 81.40 W, 43
2026/09/08 06:38:02.730, 28051 MiB, 81920 MiB, 0 %, 81.13 W, 40
2026/09/08 06:38:32.731, 28051 MiB, 81920 MiB, 0 %, 81.32 W, 41
2026/09/08 06:39:02.732, 28051 MiB, 81920 MiB, 82 %, 257.16 W, 48
2026/09/08 06:39:32.733, 28051 MiB, 81920 MiB, 77 %, 82.52 W, 46
2026/09/08 06:40:02.734, 28051 MiB, 81920 MiB, 34 %, 65.88 W, 39
2026/09/08 06:40:32.735, 28051 MiB, 81920 MiB, 0 %, 81.65 W, 40
2026/09/08 06:41:02.737, 28051 MiB, 81920 MiB, 0 %, 80.63 W, 45
2026/09/08 06:41:32.738, 28051 MiB, 81920 MiB, 0 %, 85.11 W, 41
2026/09/08 06:42:02.739, 28051 MiB, 81920 MiB, 26 %, 81.68 W, 42
2026/09/08 06:42:32.741, 28051 MiB, 81920 MiB, 99 %, 221.71 W, 48
2026/09/08 06:43:02.742, 28051 MiB, 81920 MiB, 42 %, 210.40 W, 43
2026/09/08 06:43:32.743, 28051 MiB, 81920 MiB, 54 %, 224.59 W, 45
2026/09/08 06:44:02.744, 28051 MiB, 81920 MiB, 0 %, 80.62 W, 40
2026/09/08 06:44:32.746, 28051 MiB, 81920 MiB, 66 %, 83.79 W, 47
2026/09/08 06:45:02.747, 28051 MiB, 81920 MiB, 3 %, 214.85 W, 43
2026/09/08 06:45:32.749, 28051 MiB, 81920 MiB, 0 %, 80.71 W, 40
2026/09/08 06:46:02.750, 28051 MiB, 81920 MiB, 0 %, 82.77 W, 40
2026/09/08 06:46:32.751, 28051 MiB, 81920 MiB, 0 %, 81.07 W, 41
2026/09/08 06:47:02.753, 28051 MiB, 81920 MiB, 0 %, 81.31 W, 41
2026/09/08 06:47:32.754, 28051 MiB, 81920 MiB, 46 %, 87.41 W, 42
2026/09/08 06:48:02.757, 28051 MiB, 81920 MiB, 0 %, 65.89 W, 39
2026/09/08 06:48:32.759, 28051 MiB, 81920 MiB, 0 %, 80.13 W, 40
2026/09/08 06:49:02.762, 28051 MiB, 81920 MiB, 0 %, 81.06 W, 41
2026/09/08 06:49:32.764, 28051 MiB, 81920 MiB, 70 %, 83.37 W, 43
2026/09/08 06:50:02.765, 28051 MiB, 81920 MiB, 6 %, 82.36 W, 44
2026/09/08 06:50:32.767, 28051 MiB, 81920 MiB, 90 %, 102.87 W, 46
2026/09/08 06:51:02.768, 28051 MiB, 81920 MiB, 89 %, 219.18 W, 46
2026/09/08 06:51:32.769, 28051 MiB, 81920 MiB, 30 %, 261.36 W, 47
2026/09/08 06:52:02.771, 28051 MiB, 81920 MiB, 81 %, 261.58 W, 46
2026/09/08 06:52:32.773, 28051 MiB, 81920 MiB, 66 %, 109.51 W, 47
2026/09/08 06:53:02.774, 28051 MiB, 81920 MiB, 42 %, 122.95 W, 43
2026/09/08 06:53:32.776, 28051 MiB, 81920 MiB, 0 %, 81.48 W, 42
2026/09/08 06:54:02.779, 28051 MiB, 81920 MiB, 86 %, 203.50 W, 45
2026/09/08 06:54:32.780, 28051 MiB, 81920 MiB, 42 %, 209.44 W, 44
2026/09/08 06:55:02.781, 28051 MiB, 81920 MiB, 92 %, 91.72 W, 46
2026/09/08 06:55:32.782, 28051 MiB, 81920 MiB, 70 %, 105.04 W, 46
2026/09/08 06:56:02.784, 28051 MiB, 81920 MiB, 99 %, 263.42 W, 49
2026/09/08 06:56:32.786, 28051 MiB, 81920 MiB, 99 %, 352.71 W, 52
2026/09/08 06:57:02.787, 28051 MiB, 81920 MiB, 0 %, 66.09 W, 40
2026/09/08 06:57:32.788, 28051 MiB, 81920 MiB, 0 %, 65.15 W, 37
2026/09/08 06:58:02.789, 28051 MiB, 81920 MiB, 76 %, 101.61 W, 45
2026/09/08 06:58:32.790, 28051 MiB, 81920 MiB, 51 %, 80.96 W, 41
2026/09/08 06:59:02.791, 28051 MiB, 81920 MiB, 87 %, 82.43 W, 43
2026/09/08 06:59:32.793, 28051 MiB, 81920 MiB, 32 %, 104.55 W, 42
2026/09/08 07:00:02.794, 28051 MiB, 81920 MiB, 18 %, 80.62 W, 41
2026/09/08 07:00:32.795, 28051 MiB, 81920 MiB, 27 %, 81.31 W, 41
2026/09/08 07:01:02.797, 28051 MiB, 81920 MiB, 75 %, 81.75 W, 43
2026/09/08 07:01:32.798, 28051 MiB, 81920 MiB, 0 %, 81.22 W, 41
2026/09/08 07:02:02.800, 28051 MiB, 81920 MiB, 95 %, 266.40 W, 49
2026/09/08 07:02:32.801, 28051 MiB, 81920 MiB, 35 %, 272.94 W, 49
2026/09/08 07:03:02.810, 28051 MiB, 81920 MiB, 0 %, 81.22 W, 42
2026/09/08 07:03:32.816, 28051 MiB, 81920 MiB, 72 %, 127.15 W, 45
2026/09/08 07:04:02.817, 28051 MiB, 81920 MiB, 82 %, 94.88 W, 45
2026/09/08 07:04:32.819, 28051 MiB, 81920 MiB, 0 %, 80.90 W, 41
2026/09/08 07:05:02.820, 28051 MiB, 81920 MiB, 89 %, 258.15 W, 47
2026/09/08 07:05:32.821, 28051 MiB, 81920 MiB, 0 %, 66.21 W, 40
2026/09/08 07:06:02.822, 28051 MiB, 81920 MiB, 81 %, 104.94 W, 44
2026/09/08 07:06:32.823, 28051 MiB, 81920 MiB, 100 %, 308.90 W, 48
2026/09/08 07:07:02.824, 28051 MiB, 81920 MiB, 1 %, 81.31 W, 41
2026/09/08 07:07:32.826, 28051 MiB, 81920 MiB, 28 %, 262.87 W, 47
2026/09/08 07:08:02.828, 28051 MiB, 81920 MiB, 0 %, 80.62 W, 40
2026/09/08 07:08:32.829, 28051 MiB, 81920 MiB, 91 %, 83.29 W, 45
2026/09/08 07:09:02.831, 28051 MiB, 81920 MiB, 8 %, 80.98 W, 41
2026/09/08 07:09:32.832, 28051 MiB, 81920 MiB, 31 %, 134.66 W, 46
2026/09/08 07:10:02.833, 28051 MiB, 81920 MiB, 61 %, 132.74 W, 46
2026/09/08 07:10:32.834, 28051 MiB, 81920 MiB, 0 %, 80.98 W, 41
2026/09/08 07:11:02.836, 28051 MiB, 81920 MiB, 0 %, 80.82 W, 41
2026/09/08 07:11:32.838, 28051 MiB, 81920 MiB, 14 %, 177.48 W, 43
2026/09/08 07:12:02.839, 28051 MiB, 81920 MiB, 0 %, 80.71 W, 41
2026/09/08 07:12:32.843, 28051 MiB, 81920 MiB, 90 %, 88.00 W, 44
2026/09/08 07:13:02.844, 28051 MiB, 81920 MiB, 41 %, 82.60 W, 45
2026/09/08 07:13:32.845, 28051 MiB, 81920 MiB, 0 %, 80.71 W, 40
2026/09/08 07:14:02.847, 28051 MiB, 81920 MiB, 0 %, 80.98 W, 41
2026/09/08 07:14:32.848, 28051 MiB, 81920 MiB, 2 %, 80.71 W, 41
2026/09/08 07:15:02.850, 28051 MiB, 81920 MiB, 63 %, 218.32 W, 46
2026/09/08 07:15:32.851, 28051 MiB, 81920 MiB, 53 %, 81.58 W, 42
2026/09/08 07:16:02.853, 28051 MiB, 81920 MiB, 85 %, 136.14 W, 44
2026/09/08 07:16:32.854, 28051 MiB, 81920 MiB, 66 %, 293.58 W, 48
2026/09/08 07:17:02.901, 28051 MiB, 81920 MiB, 56 %, 81.65 W, 42
2026/09/08 07:17:32.902, 28051 MiB, 81920 MiB, 2 %, 80.96 W, 41
2026/09/08 07:18:02.905, 28051 MiB, 81920 MiB, 84 %, 83.22 W, 45
2026/09/08 07:18:32.906, 28051 MiB, 81920 MiB, 0 %, 81.15 W, 40
2026/09/08 07:19:02.908, 28051 MiB, 81920 MiB, 77 %, 87.26 W, 47
2026/09/08 07:19:32.909, 28051 MiB, 81920 MiB, 46 %, 247.21 W, 48
2026/09/08 07:20:02.911, 28051 MiB, 81920 MiB, 0 %, 80.71 W, 41
2026/09/08 07:20:32.913, 28051 MiB, 81920 MiB, 0 %, 81.49 W, 42
2026/09/08 07:21:02.916, 28051 MiB, 81920 MiB, 65 %, 117.52 W, 45
2026/09/08 07:21:32.918, 28051 MiB, 81920 MiB, 99 %, 292.65 W, 49
2026/09/08 07:22:02.918, 28051 MiB, 81920 MiB, 4 %, 83.29 W, 41
2026/09/08 07:22:32.920, 28051 MiB, 81920 MiB, 2 %, 81.58 W, 43
2026/09/08 07:23:02.922, 28051 MiB, 81920 MiB, 71 %, 89.74 W, 44
2026/09/08 07:23:32.923, 28051 MiB, 81920 MiB, 72 %, 203.58 W, 50
2026/09/08 07:24:02.925, 28051 MiB, 81920 MiB, 6 %, 82.18 W, 42
2026/09/08 07:24:32.927, 28051 MiB, 81920 MiB, 83 %, 111.72 W, 45
2026/09/08 07:25:02.928, 28051 MiB, 81920 MiB, 17 %, 82.77 W, 43
2026/09/08 07:25:32.935, 28051 MiB, 81920 MiB, 56 %, 328.23 W, 46
2026/09/08 07:26:02.947, 28051 MiB, 81920 MiB, 29 %, 126.35 W, 43
2026/09/08 07:26:32.950, 28051 MiB, 81920 MiB, 30 %, 260.70 W, 46
2026/09/08 07:27:02.951, 28051 MiB, 81920 MiB, 29 %, 83.90 W, 45
2026/09/08 07:27:32.953, 28051 MiB, 81920 MiB, 7 %, 157.46 W, 43
2026/09/08 07:28:02.954, 28051 MiB, 81920 MiB, 0 %, 81.32 W, 43
2026/09/08 07:28:32.958, 28051 MiB, 81920 MiB, 39 %, 129.15 W, 44
2026/09/08 07:29:02.960, 28051 MiB, 81920 MiB, 86 %, 362.92 W, 47
2026/09/08 07:29:32.961, 28051 MiB, 81920 MiB, 67 %, 88.04 W, 43
2026/09/08 07:30:02.962, 28051 MiB, 81920 MiB, 59 %, 320.24 W, 49
2026/09/08 07:30:32.963, 28051 MiB, 81920 MiB, 92 %, 82.43 W, 44
2026/09/08 07:31:02.964, 28051 MiB, 81920 MiB, 0 %, 82.10 W, 42
2026/09/08 07:31:32.966, 28051 MiB, 81920 MiB, 78 %, 264.93 W, 49
2026/09/08 07:32:02.967, 28051 MiB, 81920 MiB, 23 %, 290.90 W, 47
2026/09/08 07:32:32.968, 28051 MiB, 81920 MiB, 0 %, 81.13 W, 40
2026/09/08 07:33:02.970, 28051 MiB, 81920 MiB, 91 %, 163.29 W, 46
2026/09/08 07:33:32.971, 28051 MiB, 81920 MiB, 76 %, 146.81 W, 50
2026/09/08 07:34:02.974, 28051 MiB, 81920 MiB, 85 %, 160.89 W, 47
2026/09/08 07:34:32.976, 28051 MiB, 81920 MiB, 78 %, 82.52 W, 43
2026/09/08 07:35:02.977, 28051 MiB, 81920 MiB, 2 %, 81.40 W, 42
2026/09/08 07:35:32.979, 28051 MiB, 81920 MiB, 0 %, 80.80 W, 40
2026/09/08 07:36:02.980, 28051 MiB, 81920 MiB, 31 %, 209.65 W, 44
2026/09/08 07:36:32.981, 28051 MiB, 81920 MiB, 98 %, 256.51 W, 46
2026/09/08 07:37:02.982, 28051 MiB, 81920 MiB, 88 %, 291.81 W, 49
2026/09/08 07:37:32.984, 28051 MiB, 81920 MiB, 69 %, 333.65 W, 45
2026/09/08 07:38:02.985, 28051 MiB, 81920 MiB, 0 %, 81.04 W, 41
2026/09/08 07:38:32.987, 28051 MiB, 81920 MiB, 98 %, 198.91 W, 49
2026/09/08 07:39:02.988, 28051 MiB, 81920 MiB, 0 %, 80.79 W, 41
2026/09/08 07:39:32.989, 28051 MiB, 81920 MiB, 86 %, 82.62 W, 47
2026/09/08 07:40:02.991, 28051 MiB, 81920 MiB, 76 %, 81.93 W, 43
2026/09/08 07:40:32.993, 28051 MiB, 81920 MiB, 0 %, 66.14 W, 40
2026/09/08 07:41:02.995, 28051 MiB, 81920 MiB, 86 %, 264.06 W, 44
2026/09/08 07:41:32.996, 28051 MiB, 81920 MiB, 24 %, 108.24 W, 42
2026/09/08 07:42:02.997, 28051 MiB, 81920 MiB, 73 %, 101.19 W, 44
2026/09/08 07:42:33.001, 28051 MiB, 81920 MiB, 3 %, 80.79 W, 44
2026/09/08 07:43:03.003, 28051 MiB, 81920 MiB, 69 %, 125.76 W, 44
2026/09/08 07:43:33.004, 28051 MiB, 81920 MiB, 29 %, 273.18 W, 49
2026/09/08 07:44:03.005, 28051 MiB, 81920 MiB, 69 %, 153.32 W, 48
2026/09/08 07:44:33.006, 28051 MiB, 81920 MiB, 37 %, 175.82 W, 42
2026/09/08 07:45:03.007, 28051 MiB, 81920 MiB, 68 %, 217.01 W, 49
2026/09/08 07:45:33.009, 28051 MiB, 81920 MiB, 49 %, 186.14 W, 44
2026/09/08 07:46:03.011, 28051 MiB, 81920 MiB, 18 %, 166.41 W, 44
2026/09/08 07:46:33.012, 28051 MiB, 81920 MiB, 27 %, 81.32 W, 41
2026/09/08 07:47:03.014, 28051 MiB, 81920 MiB, 13 %, 81.15 W, 44
2026/09/08 07:47:33.015, 28051 MiB, 81920 MiB, 0 %, 81.56 W, 41
2026/09/08 07:48:03.016, 28051 MiB, 81920 MiB, 64 %, 82.53 W, 45
2026/09/08 07:48:33.018, 28051 MiB, 81920 MiB, 44 %, 132.28 W, 43
2026/09/08 07:49:03.019, 28051 MiB, 81920 MiB, 87 %, 89.10 W, 45
2026/09/08 07:49:33.021, 28051 MiB, 81920 MiB, 84 %, 105.15 W, 45
2026/09/08 07:50:03.022, 28051 MiB, 81920 MiB, 5 %, 78.56 W, 40
2026/09/08 07:50:33.023, 28051 MiB, 81920 MiB, 18 %, 288.26 W, 49
2026/09/08 07:51:03.024, 28051 MiB, 81920 MiB, 0 %, 80.71 W, 40
2026/09/08 07:51:33.024, 28051 MiB, 81920 MiB, 66 %, 82.96 W, 42
2026/09/08 07:52:03.026, 28051 MiB, 81920 MiB, 40 %, 81.68 W, 42
2026/09/08 07:52:33.027, 28051 MiB, 81920 MiB, 33 %, 82.28 W, 43
2026/09/08 07:53:03.028, 28051 MiB, 81920 MiB, 43 %, 84.66 W, 41
2026/09/08 07:53:33.030, 28051 MiB, 81920 MiB, 93 %, 224.23 W, 48
2026/09/08 07:54:03.033, 28051 MiB, 81920 MiB, 89 %, 160.76 W, 51
2026/09/08 07:54:33.035, 28051 MiB, 81920 MiB, 0 %, 65.82 W, 40
2026/09/08 07:55:03.045, 28051 MiB, 81920 MiB, 36 %, 139.98 W, 45
2026/09/08 07:55:33.046, 28051 MiB, 81920 MiB, 42 %, 89.38 W, 43
2026/09/08 07:56:03.049, 28051 MiB, 81920 MiB, 0 %, 81.07 W, 41
2026/09/08 07:56:33.050, 28051 MiB, 81920 MiB, 33 %, 80.88 W, 40
2026/09/08 07:57:03.051, 28051 MiB, 81920 MiB, 55 %, 81.32 W, 42
2026/09/08 07:57:33.053, 28051 MiB, 81920 MiB, 0 %, 66.29 W, 39
2026/09/08 07:58:03.054, 28051 MiB, 81920 MiB, 40 %, 241.06 W, 44
2026/09/08 07:58:33.056, 28051 MiB, 81920 MiB, 76 %, 134.77 W, 45
2026/09/08 07:59:03.057, 28051 MiB, 81920 MiB, 54 %, 133.11 W, 44
2026/09/08 07:59:33.059, 28051 MiB, 81920 MiB, 0 %, 81.21 W, 41
2026/09/08 08:00:03.065, 28051 MiB, 81920 MiB, 0 %, 80.61 W, 40
2026/09/08 08:00:33.067, 28051 MiB, 81920 MiB, 0 %, 81.04 W, 41
2026/09/08 08:01:03.071, 28051 MiB, 81920 MiB, 96 %, 146.93 W, 51
2026/09/08 08:01:33.078, 28051 MiB, 81920 MiB, 0 %, 65.81 W, 39
2026/09/08 08:02:03.080, 28051 MiB, 81920 MiB, 0 %, 65.15 W, 36
2026/09/08 08:02:33.081, 28051 MiB, 81920 MiB, 18 %, 80.28 W, 40
2026/09/08 08:03:03.083, 28051 MiB, 81920 MiB, 98 %, 290.01 W, 50
2026/09/08 08:03:33.084, 28051 MiB, 81920 MiB, 0 %, 80.71 W, 41
2026/09/08 08:04:03.086, 28051 MiB, 81920 MiB, 54 %, 104.55 W, 44
2026/09/08 08:04:33.087, 28051 MiB, 81920 MiB, 0 %, 80.88 W, 41
2026/09/08 08:05:03.088, 28051 MiB, 81920 MiB, 5 %, 80.71 W, 40
2026/09/08 08:05:33.089, 28051 MiB, 81920 MiB, 32 %, 173.49 W, 43
2026/09/08 08:06:03.090, 28051 MiB, 81920 MiB, 10 %, 202.66 W, 46
2026/09/08 08:06:33.092, 28051 MiB, 81920 MiB, 73 %, 84.24 W, 47
2026/09/08 08:07:03.093, 28051 MiB, 81920 MiB, 69 %, 100.60 W, 46
2026/09/08 08:07:33.095, 28051 MiB, 81920 MiB, 58 %, 81.58 W, 43
2026/09/08 08:08:03.096, 28051 MiB, 81920 MiB, 79 %, 177.66 W, 47
2026/09/08 08:08:33.097, 28051 MiB, 81920 MiB, 54 %, 238.73 W, 47
2026/09/08 08:09:03.098, 28051 MiB, 81920 MiB, 79 %, 233.50 W, 46
2026/09/08 08:09:33.099, 28051 MiB, 81920 MiB, 85 %, 109.75 W, 47
2026/09/08 08:10:03.101, 28051 MiB, 81920 MiB, 0 %, 81.49 W, 41
2026/09/08 08:10:33.104, 28051 MiB, 81920 MiB, 3 %, 209.48 W, 45
2026/09/08 08:11:03.106, 28051 MiB, 81920 MiB, 31 %, 265.85 W, 46
2026/09/08 08:11:33.109, 28051 MiB, 81920 MiB, 26 %, 81.49 W, 43
2026/09/08 08:12:03.111, 28051 MiB, 81920 MiB, 86 %, 82.77 W, 44
2026/09/08 08:12:33.114, 28051 MiB, 81920 MiB, 72 %, 92.22 W, 45
2026/09/08 08:13:03.115, 28051 MiB, 81920 MiB, 66 %, 193.75 W, 42
2026/09/08 08:13:33.116, 28051 MiB, 81920 MiB, 0 %, 80.98 W, 41
2026/09/08 08:14:03.118, 28051 MiB, 81920 MiB, 55 %, 276.15 W, 46
2026/09/08 08:14:33.120, 28051 MiB, 81920 MiB, 61 %, 83.05 W, 44
2026/09/08 08:15:03.121, 28051 MiB, 81920 MiB, 18 %, 81.31 W, 42
2026/09/08 08:15:33.122, 28051 MiB, 81920 MiB, 87 %, 214.43 W, 45
2026/09/08 08:16:03.123, 28051 MiB, 81920 MiB, 0 %, 159.29 W, 44
2026/09/08 08:16:33.125, 28051 MiB, 81920 MiB, 75 %, 330.12 W, 46
2026/09/08 08:17:03.126, 28051 MiB, 81920 MiB, 40 %, 121.52 W, 44
2026/09/08 08:17:33.128, 28051 MiB, 81920 MiB, 68 %, 81.49 W, 43
2026/09/08 08:18:03.129, 28051 MiB, 81920 MiB, 23 %, 250.80 W, 46
2026/09/08 08:18:33.132, 28051 MiB, 81920 MiB, 43 %, 81.22 W, 42
2026/09/08 08:19:03.133, 28051 MiB, 81920 MiB, 4 %, 80.90 W, 42
2026/09/08 08:19:33.134, 28051 MiB, 81920 MiB, 90 %, 113.67 W, 46
2026/09/08 08:20:03.136, 28051 MiB, 81920 MiB, 35 %, 82.69 W, 44
2026/09/08 08:20:33.137, 28051 MiB, 81920 MiB, 72 %, 81.31 W, 42
2026/09/08 08:21:03.138, 28051 MiB, 81920 MiB, 14 %, 179.18 W, 45
2026/09/08 08:21:33.140, 28051 MiB, 81920 MiB, 0 %, 80.71 W, 41
2026/09/08 08:22:03.141, 28051 MiB, 81920 MiB, 30 %, 114.26 W, 45
2026/09/08 08:22:33.142, 28051 MiB, 81920 MiB, 88 %, 150.62 W, 44
2026/09/08 08:23:03.143, 28051 MiB, 81920 MiB, 37 %, 294.44 W, 46
2026/09/08 08:23:33.144, 28051 MiB, 81920 MiB, 70 %, 115.55 W, 45
2026/09/08 08:24:03.146, 28051 MiB, 81920 MiB, 0 %, 81.68 W, 46
2026/09/08 08:24:33.147, 28051 MiB, 81920 MiB, 0 %, 84.24 W, 42
2026/09/08 08:25:03.149, 28051 MiB, 81920 MiB, 50 %, 197.01 W, 46
2026/09/08 08:25:33.151, 28051 MiB, 81920 MiB, 99 %, 267.63 W, 48
2026/09/08 08:26:03.154, 28051 MiB, 81920 MiB, 100 %, 151.65 W, 46
2026/09/08 08:26:33.156, 28051 MiB, 81920 MiB, 72 %, 104.94 W, 48
2026/09/08 08:27:03.160, 28051 MiB, 81920 MiB, 8 %, 202.66 W, 50
2026/09/08 08:27:33.163, 28051 MiB, 81920 MiB, 0 %, 80.98 W, 41
2026/09/08 08:28:03.164, 28051 MiB, 81920 MiB, 24 %, 83.29 W, 43
2026/09/08 08:28:33.166, 28051 MiB, 81920 MiB, 37 %, 82.28 W, 46
2026/09/08 08:29:03.171, 28051 MiB, 81920 MiB, 74 %, 83.56 W, 44
2026/09/08 08:29:33.172, 28051 MiB, 81920 MiB, 72 %, 81.76 W, 43
2026/09/08 08:30:03.173, 28051 MiB, 81920 MiB, 36 %, 82.01 W, 43
2026/09/08 08:30:33.174, 28051 MiB, 81920 MiB, 0 %, 80.90 W, 41
2026/09/08 08:31:03.175, 28051 MiB, 81920 MiB, 19 %, 122.57 W, 46
2026/09/08 08:31:33.177, 28051 MiB, 81920 MiB, 0 %, 81.06 W, 41
2026/09/08 08:32:03.181, 28051 MiB, 81920 MiB, 93 %, 83.79 W, 45
2026/09/08 08:32:33.184, 28051 MiB, 81920 MiB, 98 %, 143.84 W, 47
2026/09/08 08:33:03.186, 28051 MiB, 81920 MiB, 91 %, 297.40 W, 49
2026/09/08 08:33:33.187, 28051 MiB, 81920 MiB, 58 %, 267.59 W, 49
2026/09/08 08:34:03.189, 28051 MiB, 81920 MiB, 41 %, 286.75 W, 49
2026/09/08 08:34:33.192, 28051 MiB, 81920 MiB, 0 %, 82.09 W, 41
2026/09/08 08:35:03.193, 28051 MiB, 81920 MiB, 8 %, 170.84 W, 46
2026/09/08 08:35:33.194, 28051 MiB, 81920 MiB, 74 %, 251.65 W, 48
2026/09/08 08:36:03.196, 28051 MiB, 81920 MiB, 83 %, 171.20 W, 48
2026/09/08 08:36:33.197, 28051 MiB, 81920 MiB, 97 %, 239.47 W, 46
2026/09/08 08:37:03.198, 28051 MiB, 81920 MiB, 93 %, 82.18 W, 43
2026/09/08 08:37:33.219, 28051 MiB, 81920 MiB, 0 %, 80.98 W, 41
2026/09/08 08:38:03.221, 28051 MiB, 81920 MiB, 46 %, 81.58 W, 42
2026/09/08 08:38:33.224, 28051 MiB, 81920 MiB, 0 %, 80.71 W, 40
2026/09/08 08:39:03.226, 28051 MiB, 81920 MiB, 88 %, 83.05 W, 43
2026/09/08 08:39:33.227, 28051 MiB, 81920 MiB, 90 %, 82.18 W, 42
2026/09/08 08:40:03.228, 28051 MiB, 81920 MiB, 0 %, 101.36 W, 45
2026/09/08 08:40:33.230, 28051 MiB, 81920 MiB, 0 %, 80.62 W, 41
2026/09/08 08:41:03.239, 28051 MiB, 81920 MiB, 14 %, 131.41 W, 44
2026/09/08 08:41:33.241, 28051 MiB, 81920 MiB, 3 %, 80.90 W, 41
2026/09/08 08:42:03.243, 28051 MiB, 81920 MiB, 48 %, 176.83 W, 48
2026/09/08 08:42:33.244, 28051 MiB, 81920 MiB, 0 %, 80.62 W, 40
2026/09/08 08:43:03.245, 28051 MiB, 81920 MiB, 91 %, 83.22 W, 45
2026/09/08 08:43:33.247, 28051 MiB, 81920 MiB, 66 %, 144.43 W, 45
2026/09/08 08:44:03.248, 28051 MiB, 81920 MiB, 92 %, 122.57 W, 45
2026/09/08 08:44:33.252, 28051 MiB, 81920 MiB, 83 %, 81.76 W, 42
2026/09/08 08:45:03.253, 28051 MiB, 81920 MiB, 19 %, 82.18 W, 42
2026/09/08 08:45:33.255, 28051 MiB, 81920 MiB, 0 %, 81.58 W, 41
2026/09/08 08:46:03.259, 28051 MiB, 81920 MiB, 31 %, 89.01 W, 42
2026/09/08 08:46:33.260, 28051 MiB, 81920 MiB, 24 %, 81.07 W, 41
2026/09/08 08:47:03.261, 28051 MiB, 81920 MiB, 0 %, 80.71 W, 41
2026/09/08 08:47:33.262, 28051 MiB, 81920 MiB, 0 %, 81.07 W, 41
2026/09/08 08:48:03.264, 28051 MiB, 81920 MiB, 42 %, 209.32 W, 42
2026/09/08 08:48:33.265, 28051 MiB, 81920 MiB, 0 %, 81.39 W, 42
2026/09/08 08:49:03.267, 28051 MiB, 81920 MiB, 0 %, 82.35 W, 40
2026/09/08 08:49:33.268, 28051 MiB, 81920 MiB, 75 %, 148.85 W, 45
2026/09/08 08:50:03.270, 28051 MiB, 81920 MiB, 81 %, 272.56 W, 49
2026/09/08 08:50:33.272, 28051 MiB, 81920 MiB, 0 %, 80.55 W, 40
2026/09/08 08:51:03.274, 28051 MiB, 81920 MiB, 71 %, 157.62 W, 48
2026/09/08 08:51:33.275, 28051 MiB, 81920 MiB, 37 %, 98.55 W, 43
2026/09/08 08:52:03.276, 28051 MiB, 81920 MiB, 39 %, 119.81 W, 44
2026/09/08 08:52:33.278, 28051 MiB, 81920 MiB, 35 %, 115.94 W, 44
2026/09/08 08:53:03.279, 28051 MiB, 81920 MiB, 85 %, 104.28 W, 45
2026/09/08 08:53:33.280, 28051 MiB, 81920 MiB, 81 %, 94.21 W, 44
2026/09/08 08:54:03.282, 28051 MiB, 81920 MiB, 66 %, 81.73 W, 42
2026/09/08 08:54:33.283, 28051 MiB, 81920 MiB, 58 %, 81.56 W, 41
2026/09/08 08:55:03.284, 28051 MiB, 81920 MiB, 0 %, 80.88 W, 40
2026/09/08 08:55:33.285, 28051 MiB, 81920 MiB, 85 %, 234.74 W, 46
2026/09/08 08:56:03.287, 28051 MiB, 81920 MiB, 0 %, 81.15 W, 41
2026/09/08 08:56:33.288, 28051 MiB, 81920 MiB, 0 %, 65.95 W, 40
2026/09/08 08:57:03.290, 28051 MiB, 81920 MiB, 0 %, 80.63 W, 40
2026/09/08 08:57:33.291, 28051 MiB, 81920 MiB, 0 %, 66.09 W, 39
2026/09/08 08:58:03.293, 28051 MiB, 81920 MiB, 0 %, 66.09 W, 39
2026/09/08 08:58:33.310, 28051 MiB, 81920 MiB, 54 %, 278.50 W, 45
2026/09/08 08:59:03.315, 28051 MiB, 81920 MiB, 96 %, 135.21 W, 48
2026/09/08 08:59:33.317, 28051 MiB, 81920 MiB, 38 %, 156.26 W, 46
2026/09/08 09:00:03.318, 28051 MiB, 81920 MiB, 0 %, 96.08 W, 42
2026/09/08 09:00:33.319, 28051 MiB, 81920 MiB, 69 %, 127.28 W, 44
2026/09/08 09:01:03.320, 28051 MiB, 81920 MiB, 53 %, 260.81 W, 47
2026/09/08 09:01:33.321, 28051 MiB, 81920 MiB, 54 %, 80.98 W, 42
2026/09/08 09:02:03.323, 28051 MiB, 81920 MiB, 89 %, 82.77 W, 45
2026/09/08 09:02:33.324, 28051 MiB, 81920 MiB, 41 %, 99.83 W, 43
2026/09/08 09:03:03.326, 28051 MiB, 81920 MiB, 2 %, 88.46 W, 44
2026/09/08 09:03:33.327, 28051 MiB, 81920 MiB, 98 %, 209.76 W, 48
2026/09/08 09:04:03.329, 28051 MiB, 81920 MiB, 37 %, 285.31 W, 48
2026/09/08 09:04:33.330, 28051 MiB, 81920 MiB, 90 %, 83.46 W, 44
2026/09/08 09:05:03.331, 28051 MiB, 81920 MiB, 0 %, 81.07 W, 41
2026/09/08 09:05:33.332, 28051 MiB, 81920 MiB, 63 %, 163.32 W, 46
2026/09/08 09:06:03.334, 28051 MiB, 81920 MiB, 0 %, 65.54 W, 38
2026/09/08 09:06:33.335, 28051 MiB, 81920 MiB, 94 %, 289.73 W, 44
2026/09/08 09:07:03.337, 28051 MiB, 81920 MiB, 0 %, 80.71 W, 39
2026/09/08 09:07:33.338, 28051 MiB, 81920 MiB, 0 %, 80.38 W, 40
2026/09/08 09:08:03.343, 28051 MiB, 81920 MiB, 82 %, 242.49 W, 48
2026/09/08 09:08:33.345, 28051 MiB, 81920 MiB, 0 %, 80.71 W, 40
2026/09/08 09:09:03.346, 28051 MiB, 81920 MiB, 97 %, 254.37 W, 47
2026/09/08 09:09:33.348, 28051 MiB, 81920 MiB, 71 %, 104.55 W, 44
2026/09/08 09:10:03.349, 28051 MiB, 81920 MiB, 33 %, 177.29 W, 43
2026/09/08 09:10:33.351, 28051 MiB, 81920 MiB, 37 %, 84.33 W, 46
2026/09/08 09:11:03.352, 28051 MiB, 81920 MiB, 0 %, 65.89 W, 39
2026/09/08 09:11:33.354, 28051 MiB, 81920 MiB, 0 %, 80.62 W, 40
2026/09/08 09:12:03.355, 28051 MiB, 81920 MiB, 56 %, 80.90 W, 41
2026/09/08 09:12:33.360, 28051 MiB, 81920 MiB, 0 %, 68.47 W, 40
2026/09/08 09:13:03.364, 28051 MiB, 81920 MiB, 78 %, 139.11 W, 46
2026/09/08 09:13:33.365, 28051 MiB, 81920 MiB, 67 %, 81.31 W, 41
2026/09/08 09:14:03.367, 28051 MiB, 81920 MiB, 3 %, 129.62 W, 44
2026/09/08 09:14:33.369, 28051 MiB, 81920 MiB, 0 %, 70.12 W, 40
2026/09/08 09:15:03.373, 28051 MiB, 81920 MiB, 8 %, 80.90 W, 41
2026/09/08 09:15:33.375, 28051 MiB, 81920 MiB, 21 %, 125.10 W, 45
2026/09/08 09:16:03.376, 28051 MiB, 81920 MiB, 0 %, 81.39 W, 41
2026/09/08 09:16:33.378, 28051 MiB, 81920 MiB, 39 %, 81.31 W, 41
2026/09/08 09:17:03.379, 28051 MiB, 81920 MiB, 21 %, 82.26 W, 42
2026/09/08 09:17:33.381, 28051 MiB, 81920 MiB, 33 %, 178.67 W, 44
2026/09/08 09:18:03.383, 28051 MiB, 81920 MiB, 58 %, 283.80 W, 48
2026/09/08 09:18:33.384, 28051 MiB, 81920 MiB, 13 %, 116.69 W, 44
2026/09/08 09:19:03.398, 28051 MiB, 81920 MiB, 70 %, 251.83 W, 47
2026/09/08 09:19:33.400, 28051 MiB, 81920 MiB, 30 %, 201.85 W, 45
2026/09/08 09:20:03.402, 28051 MiB, 81920 MiB, 66 %, 83.90 W, 42
2026/09/08 09:20:33.404, 28051 MiB, 81920 MiB, 26 %, 99.05 W, 47
2026/09/08 09:21:03.406, 28051 MiB, 81920 MiB, 64 %, 98.12 W, 44
2026/09/08 09:21:33.407, 28051 MiB, 81920 MiB, 34 %, 220.01 W, 44
2026/09/08 09:22:03.409, 28051 MiB, 81920 MiB, 31 %, 81.39 W, 42
2026/09/08 09:22:33.410, 28051 MiB, 81920 MiB, 0 %, 81.15 W, 41
2026/09/08 09:23:03.413, 28051 MiB, 81920 MiB, 63 %, 81.66 W, 43
2026/09/08 09:23:33.414, 28051 MiB, 81920 MiB, 0 %, 81.56 W, 42
2026/09/08 09:24:03.420, 28051 MiB, 81920 MiB, 33 %, 146.02 W, 42
2026/09/08 09:24:33.421, 28051 MiB, 81920 MiB, 0 %, 81.39 W, 41
2026/09/08 09:25:03.426, 28051 MiB, 81920 MiB, 0 %, 65.89 W, 39
2026/09/08 09:25:33.428, 28051 MiB, 81920 MiB, 80 %, 238.60 W, 45
2026/09/08 09:26:03.430, 28051 MiB, 81920 MiB, 83 %, 121.50 W, 46
2026/09/08 09:26:33.432, 28051 MiB, 81920 MiB, 0 %, 80.98 W, 41
2026/09/08 09:27:03.434, 28051 MiB, 81920 MiB, 43 %, 106.13 W, 45
2026/09/08 09:27:33.436, 28051 MiB, 81920 MiB, 0 %, 81.07 W, 41
2026/09/08 09:28:03.437, 28051 MiB, 81920 MiB, 19 %, 81.58 W, 41
2026/09/08 09:28:33.438, 28051 MiB, 81920 MiB, 0 %, 81.14 W, 41
2026/09/08 09:29:03.439, 28051 MiB, 81920 MiB, 78 %, 215.40 W, 48
2026/09/08 09:29:33.440, 28051 MiB, 81920 MiB, 32 %, 143.99 W, 47
2026/09/08 09:30:03.441, 28051 MiB, 81920 MiB, 41 %, 101.89 W, 45
2026/09/08 09:30:33.443, 28051 MiB, 81920 MiB, 82 %, 300.05 W, 48
2026/09/08 09:31:03.444, 28051 MiB, 81920 MiB, 28 %, 240.51 W, 48
2026/09/08 09:31:33.445, 28051 MiB, 81920 MiB, 30 %, 174.78 W, 44
2026/09/08 09:32:03.447, 28051 MiB, 81920 MiB, 0 %, 81.14 W, 42
2026/09/08 09:32:33.448, 28051 MiB, 81920 MiB, 95 %, 290.90 W, 52
2026/09/08 09:33:03.450, 28051 MiB, 81920 MiB, 55 %, 82.19 W, 43
2026/09/08 09:33:33.451, 28051 MiB, 81920 MiB, 56 %, 83.88 W, 44
2026/09/08 09:34:03.452, 28051 MiB, 81920 MiB, 83 %, 91.03 W, 45
2026/09/08 09:34:33.455, 28051 MiB, 81920 MiB, 16 %, 109.50 W, 44
2026/09/08 09:35:03.457, 28051 MiB, 81920 MiB, 2 %, 96.95 W, 43
2026/09/08 09:35:33.458, 28051 MiB, 81920 MiB, 2 %, 81.39 W, 42
2026/09/08 09:36:03.459, 28051 MiB, 81920 MiB, 99 %, 101.89 W, 47
2026/09/08 09:36:33.460, 28051 MiB, 81920 MiB, 23 %, 122.69 W, 45
2026/09/08 09:37:03.461, 28051 MiB, 81920 MiB, 19 %, 163.91 W, 44
2026/09/08 09:37:33.463, 28051 MiB, 81920 MiB, 41 %, 87.26 W, 43
2026/09/08 09:38:03.465, 28051 MiB, 81920 MiB, 19 %, 165.29 W, 45
2026/09/08 09:38:33.472, 28051 MiB, 81920 MiB, 29 %, 92.69 W, 43
2026/09/08 09:39:03.474, 28051 MiB, 81920 MiB, 55 %, 81.83 W, 44
2026/09/08 09:39:33.475, 28051 MiB, 81920 MiB, 89 %, 82.44 W, 42
2026/09/08 09:40:03.476, 28051 MiB, 81920 MiB, 86 %, 82.27 W, 42
2026/09/08 09:40:33.478, 28051 MiB, 81920 MiB, 0 %, 66.09 W, 39
2026/09/08 09:41:03.492, 28051 MiB, 81920 MiB, 0 %, 66.02 W, 39
2026/09/08 09:41:33.493, 28051 MiB, 81920 MiB, 92 %, 290.60 W, 50
2026/09/08 09:42:03.494, 28051 MiB, 81920 MiB, 33 %, 287.94 W, 47
2026/09/08 09:42:33.496, 28051 MiB, 81920 MiB, 0 %, 81.14 W, 41
2026/09/08 09:43:03.497, 28051 MiB, 81920 MiB, 29 %, 80.71 W, 41
2026/09/08 09:43:33.498, 28051 MiB, 81920 MiB, 98 %, 155.94 W, 49
2026/09/08 09:44:03.500, 28051 MiB, 81920 MiB, 0 %, 80.71 W, 41
2026/09/08 09:44:33.502, 28051 MiB, 81920 MiB, 86 %, 87.91 W, 46
2026/09/08 09:45:03.504, 28051 MiB, 81920 MiB, 90 %, 271.44 W, 47
2026/09/08 09:45:33.506, 28051 MiB, 81920 MiB, 26 %, 177.66 W, 42
2026/09/08 09:46:03.507, 28051 MiB, 81920 MiB, 32 %, 80.88 W, 45
2026/09/08 09:46:33.509, 28051 MiB, 81920 MiB, 0 %, 80.79 W, 41
2026/09/08 09:47:03.510, 28051 MiB, 81920 MiB, 27 %, 83.46 W, 45
2026/09/08 09:47:33.511, 28051 MiB, 81920 MiB, 46 %, 83.22 W, 45
2026/09/08 09:48:03.513, 28051 MiB, 81920 MiB, 33 %, 212.20 W, 44
2026/09/08 09:48:33.514, 28051 MiB, 81920 MiB, 0 %, 89.38 W, 41
2026/09/08 09:49:03.516, 28051 MiB, 81920 MiB, 0 %, 80.88 W, 40
2026/09/08 09:49:33.517, 28051 MiB, 81920 MiB, 61 %, 134.66 W, 46
2026/09/08 09:50:03.518, 28051 MiB, 81920 MiB, 91 %, 137.33 W, 48
2026/09/08 09:50:33.519, 28051 MiB, 81920 MiB, 22 %, 257.83 W, 45
2026/09/08 09:51:03.520, 28051 MiB, 81920 MiB, 65 %, 314.80 W, 49
2026/09/08 09:51:33.522, 28051 MiB, 81920 MiB, 0 %, 80.90 W, 41
2026/09/08 09:52:03.523, 28051 MiB, 81920 MiB, 83 %, 145.45 W, 46
2026/09/08 09:52:33.524, 28051 MiB, 81920 MiB, 88 %, 292.09 W, 51
2026/09/08 09:53:03.526, 28051 MiB, 81920 MiB, 93 %, 279.71 W, 48
2026/09/08 09:53:33.528, 28051 MiB, 81920 MiB, 52 %, 215.66 W, 44
2026/09/08 09:54:03.529, 28051 MiB, 81920 MiB, 4 %, 81.76 W, 42
2026/09/08 09:54:33.530, 28051 MiB, 81920 MiB, 72 %, 184.31 W, 47
2026/09/08 09:55:03.531, 28051 MiB, 81920 MiB, 11 %, 277.35 W, 46
2026/09/08 09:55:33.533, 28051 MiB, 81920 MiB, 43 %, 207.26 W, 43
2026/09/08 09:56:03.534, 28051 MiB, 81920 MiB, 82 %, 151.21 W, 45
2026/09/08 09:56:33.541, 28051 MiB, 81920 MiB, 9 %, 178.26 W, 43
2026/09/08 09:57:03.542, 28051 MiB, 81920 MiB, 0 %, 80.71 W, 40
2026/09/08 09:57:33.543, 28051 MiB, 81920 MiB, 0 %, 81.49 W, 41
2026/09/08 09:58:03.544, 28051 MiB, 81920 MiB, 58 %, 106.61 W, 43
2026/09/08 09:58:33.545, 28051 MiB, 81920 MiB, 39 %, 162.72 W, 46
2026/09/08 09:59:03.546, 28051 MiB, 81920 MiB, 32 %, 159.63 W, 48
2026/09/08 09:59:33.547, 28051 MiB, 81920 MiB, 39 %, 81.66 W, 42
2026/09/08 10:00:03.548, 28051 MiB, 81920 MiB, 60 %, 81.22 W, 42
2026/09/08 10:00:33.549, 28051 MiB, 81920 MiB, 71 %, 237.51 W, 44
2026/09/08 10:01:03.551, 28051 MiB, 81920 MiB, 0 %, 66.14 W, 40
2026/09/08 10:01:33.556, 28051 MiB, 81920 MiB, 74 %, 293.55 W, 47
2026/09/08 10:02:03.558, 28051 MiB, 81920 MiB, 85 %, 120.50 W, 47
2026/09/08 10:02:33.559, 28051 MiB, 81920 MiB, 92 %, 282.04 W, 48
2026/09/08 10:03:03.561, 28051 MiB, 81920 MiB, 36 %, 81.58 W, 42
2026/09/08 10:03:33.562, 28051 MiB, 81920 MiB, 89 %, 335.69 W, 49
2026/09/08 10:04:03.564, 28051 MiB, 81920 MiB, 68 %, 81.75 W, 43
2026/09/08 10:04:33.565, 28051 MiB, 81920 MiB, 0 %, 80.88 W, 41
2026/09/08 10:05:03.566, 28051 MiB, 81920 MiB, 0 %, 80.88 W, 40
2026/09/08 10:05:33.567, 28051 MiB, 81920 MiB, 15 %, 80.98 W, 41
2026/09/08 10:06:03.568, 28051 MiB, 81920 MiB, 38 %, 138.19 W, 46
2026/09/08 10:06:33.570, 28051 MiB, 81920 MiB, 27 %, 104.66 W, 44
2026/09/08 10:07:03.572, 28051 MiB, 81920 MiB, 48 %, 171.98 W, 44
2026/09/08 10:07:33.573, 28051 MiB, 81920 MiB, 61 %, 164.68 W, 50
2026/09/08 10:08:03.575, 28051 MiB, 81920 MiB, 11 %, 65.89 W, 39
2026/09/08 10:08:33.576, 28051 MiB, 81920 MiB, 66 %, 164.51 W, 46
2026/09/08 10:09:03.578, 28051 MiB, 81920 MiB, 54 %, 101.08 W, 44
2026/09/08 10:09:33.580, 28051 MiB, 81920 MiB, 37 %, 81.22 W, 41
2026/09/08 10:10:03.581, 28051 MiB, 81920 MiB, 86 %, 111.81 W, 48
2026/09/08 10:10:33.582, 28051 MiB, 81920 MiB, 0 %, 65.74 W, 38
2026/09/08 10:11:03.583, 28051 MiB, 81920 MiB, 0 %, 80.04 W, 39
2026/09/08 10:11:33.585, 28051 MiB, 81920 MiB, 87 %, 353.81 W, 46
2026/09/08 10:12:03.587, 28051 MiB, 81920 MiB, 0 %, 80.79 W, 41
2026/09/08 10:12:33.588, 28051 MiB, 81920 MiB, 54 %, 84.84 W, 41
2026/09/08 10:13:03.592, 28051 MiB, 81920 MiB, 62 %, 291.52 W, 49
2026/09/08 10:13:33.594, 28051 MiB, 81920 MiB, 58 %, 86.81 W, 43
2026/09/08 10:14:03.595, 28051 MiB, 81920 MiB, 6 %, 77.04 W, 39
2026/09/08 10:14:33.595, 28051 MiB, 81920 MiB, 11 %, 198.54 W, 46
2026/09/08 10:15:03.596, 28051 MiB, 81920 MiB, 65 %, 123.31 W, 43
2026/09/08 10:15:33.598, 28051 MiB, 81920 MiB, 14 %, 80.90 W, 44
2026/09/08 10:16:03.600, 28051 MiB, 81920 MiB, 0 %, 80.90 W, 40
2026/09/08 10:16:33.602, 28051 MiB, 81920 MiB, 100 %, 228.67 W, 43
2026/09/08 10:17:03.603, 28051 MiB, 81920 MiB, 0 %, 80.82 W, 41
2026/09/08 10:17:33.606, 28051 MiB, 81920 MiB, 47 %, 188.24 W, 44
2026/09/08 10:18:03.607, 28051 MiB, 81920 MiB, 95 %, 112.68 W, 46
2026/09/08 10:18:33.609, 28051 MiB, 81920 MiB, 2 %, 81.41 W, 42
2026/09/08 10:19:03.610, 28051 MiB, 81920 MiB, 0 %, 88.27 W, 41
2026/09/08 10:19:33.611, 28051 MiB, 81920 MiB, 50 %, 97.35 W, 43
2026/09/08 10:20:03.615, 28051 MiB, 81920 MiB, 0 %, 89.06 W, 41
2026/09/08 10:20:33.617, 28051 MiB, 81920 MiB, 0 %, 81.22 W, 41
2026/09/08 10:21:03.619, 28051 MiB, 81920 MiB, 13 %, 80.71 W, 41
2026/09/08 10:21:33.621, 28051 MiB, 81920 MiB, 86 %, 264.34 W, 50
2026/09/08 10:22:03.623, 28051 MiB, 81920 MiB, 0 %, 81.48 W, 42
2026/09/08 10:22:33.625, 28051 MiB, 81920 MiB, 0 %, 66.21 W, 39
2026/09/08 10:23:03.631, 28051 MiB, 81920 MiB, 62 %, 81.76 W, 43
2026/09/08 10:23:33.633, 28051 MiB, 81920 MiB, 0 %, 66.28 W, 40
2026/09/08 10:24:03.642, 28051 MiB, 81920 MiB, 45 %, 117.61 W, 48
2026/09/08 10:24:33.643, 28051 MiB, 81920 MiB, 17 %, 156.85 W, 45
2026/09/08 10:25:03.648, 28051 MiB, 81920 MiB, 0 %, 101.71 W, 46
2026/09/08 10:25:33.649, 28051 MiB, 81920 MiB, 95 %, 80.88 W, 41
2026/09/08 10:26:03.650, 28051 MiB, 81920 MiB, 46 %, 180.57 W, 50
2026/09/08 10:26:33.654, 28051 MiB, 81920 MiB, 59 %, 81.13 W, 42
2026/09/08 10:27:03.656, 28051 MiB, 81920 MiB, 46 %, 82.27 W, 44
2026/09/08 10:27:33.657, 28051 MiB, 81920 MiB, 41 %, 113.87 W, 43
2026/09/08 10:28:03.659, 28051 MiB, 81920 MiB, 65 %, 178.35 W, 44
2026/09/08 10:28:33.660, 28051 MiB, 81920 MiB, 0 %, 80.88 W, 40
2026/09/08 10:29:03.662, 28051 MiB, 81920 MiB, 2 %, 118.57 W, 44
2026/09/08 10:29:33.668, 28051 MiB, 81920 MiB, 0 %, 80.90 W, 41
2026/09/08 10:30:03.670, 28051 MiB, 81920 MiB, 64 %, 81.58 W, 44
2026/09/08 10:30:33.675, 28051 MiB, 81920 MiB, 54 %, 84.43 W, 42
2026/09/08 10:31:03.677, 28051 MiB, 81920 MiB, 14 %, 189.58 W, 45
2026/09/08 10:31:33.678, 28051 MiB, 81920 MiB, 0 %, 81.22 W, 42
2026/09/08 10:32:03.679, 28051 MiB, 81920 MiB, 0 %, 80.98 W, 40
2026/09/08 10:32:33.680, 28051 MiB, 81920 MiB, 0 %, 80.90 W, 41
2026/09/08 10:33:03.682, 28051 MiB, 81920 MiB, 86 %, 292.05 W, 50
2026/09/08 10:33:33.683, 28051 MiB, 81920 MiB, 15 %, 111.93 W, 43
2026/09/08 10:34:03.684, 28051 MiB, 81920 MiB, 59 %, 83.88 W, 44
2026/09/08 10:34:33.685, 28051 MiB, 81920 MiB, 80 %, 83.37 W, 45
2026/09/08 10:35:03.686, 28051 MiB, 81920 MiB, 0 %, 81.49 W, 42
2026/09/08 10:35:33.690, 28051 MiB, 81920 MiB, 58 %, 113.12 W, 45
2026/09/08 10:36:03.693, 28051 MiB, 81920 MiB, 91 %, 293.26 W, 48
2026/09/08 10:36:33.694, 28051 MiB, 81920 MiB, 2 %, 81.49 W, 46
2026/09/08 10:37:03.696, 28051 MiB, 81920 MiB, 62 %, 110.35 W, 45
2026/09/08 10:37:33.697, 28051 MiB, 81920 MiB, 92 %, 260.54 W, 50
2026/09/08 10:38:03.700, 28051 MiB, 81920 MiB, 98 %, 227.12 W, 49
2026/09/08 10:38:33.702, 28051 MiB, 81920 MiB, 4 %, 81.93 W, 42
2026/09/08 10:39:03.703, 28051 MiB, 81920 MiB, 0 %, 81.15 W, 41
2026/09/08 10:39:33.704, 28051 MiB, 81920 MiB, 33 %, 119.31 W, 44
2026/09/08 10:40:03.705, 28051 MiB, 81920 MiB, 0 %, 81.66 W, 42
2026/09/08 10:40:33.707, 28051 MiB, 81920 MiB, 0 %, 81.58 W, 42
2026/09/08 10:41:03.708, 28051 MiB, 81920 MiB, 13 %, 233.15 W, 48
2026/09/08 10:41:33.709, 28051 MiB, 81920 MiB, 58 %, 81.58 W, 43
2026/09/08 10:42:03.711, 28051 MiB, 81920 MiB, 0 %, 66.14 W, 40
2026/09/08 10:42:33.712, 28051 MiB, 81920 MiB, 0 %, 66.81 W, 40
2026/09/08 10:43:03.714, 28051 MiB, 81920 MiB, 31 %, 179.26 W, 42
2026/09/08 10:43:33.716, 28051 MiB, 81920 MiB, 62 %, 82.88 W, 42
2026/09/08 10:44:03.717, 28051 MiB, 81920 MiB, 4 %, 81.22 W, 41
2026/09/08 10:44:33.718, 28051 MiB, 81920 MiB, 84 %, 290.90 W, 51
2026/09/08 10:45:03.720, 28051 MiB, 81920 MiB, 53 %, 162.87 W, 45
2026/09/08 10:45:33.724, 28051 MiB, 81920 MiB, 0 %, 66.21 W, 39
2026/09/08 10:46:03.726, 28051 MiB, 81920 MiB, 96 %, 242.24 W, 49
2026/09/08 10:46:33.727, 28051 MiB, 81920 MiB, 0 %, 66.07 W, 39
2026/09/08 10:47:03.729, 28051 MiB, 81920 MiB, 22 %, 92.73 W, 44
2026/09/08 10:47:33.730, 28051 MiB, 81920 MiB, 39 %, 165.70 W, 45
2026/09/08 10:48:03.731, 28051 MiB, 81920 MiB, 76 %, 81.58 W, 43
2026/09/08 10:48:33.735, 28051 MiB, 81920 MiB, 75 %, 82.09 W, 44
2026/09/08 10:49:03.737, 28051 MiB, 81920 MiB, 22 %, 112.30 W, 45
2026/09/08 10:49:33.743, 28051 MiB, 81920 MiB, 85 %, 292.38 W, 48
2026/09/08 10:50:03.744, 28051 MiB, 81920 MiB, 70 %, 336.56 W, 46
2026/09/08 10:50:33.746, 28051 MiB, 81920 MiB, 56 %, 81.85 W, 43
2026/09/08 10:51:03.747, 28051 MiB, 81920 MiB, 0 %, 81.07 W, 40
2026/09/08 10:51:33.748, 28051 MiB, 81920 MiB, 61 %, 80.90 W, 41
2026/09/08 10:52:03.750, 28051 MiB, 81920 MiB, 0 %, 80.90 W, 41
2026/09/08 10:52:33.752, 28051 MiB, 81920 MiB, 0 %, 80.62 W, 41
2026/09/08 10:53:03.753, 28051 MiB, 81920 MiB, 83 %, 161.96 W, 47
2026/09/08 10:53:33.755, 28051 MiB, 81920 MiB, 2 %, 81.22 W, 42
2026/09/08 10:54:03.756, 28051 MiB, 81920 MiB, 90 %, 318.25 W, 50
2026/09/08 10:54:33.757, 28051 MiB, 81920 MiB, 53 %, 81.76 W, 42
2026/09/08 10:55:03.758, 28051 MiB, 81920 MiB, 73 %, 312.74 W, 48
2026/09/08 10:55:33.760, 28051 MiB, 81920 MiB, 0 %, 81.49 W, 41
2026/09/08 10:56:03.761, 28051 MiB, 81920 MiB, 0 %, 79.71 W, 40
2026/09/08 10:56:33.764, 28051 MiB, 81920 MiB, 88 %, 82.09 W, 43
2026/09/08 10:57:03.766, 28051 MiB, 81920 MiB, 75 %, 106.40 W, 48
2026/09/08 10:57:33.767, 28051 MiB, 81920 MiB, 77 %, 281.44 W, 48
2026/09/08 10:58:03.769, 28051 MiB, 81920 MiB, 80 %, 82.69 W, 43
2026/09/08 10:58:33.772, 28051 MiB, 81920 MiB, 0 %, 89.57 W, 41
2026/09/08 10:59:03.774, 28051 MiB, 81920 MiB, 0 %, 65.74 W, 39
2026/09/08 10:59:33.775, 28051 MiB, 81920 MiB, 27 %, 178.73 W, 42
2026/09/08 11:00:03.777, 28051 MiB, 81920 MiB, 84 %, 301.30 W, 48
2026/09/08 11:00:33.778, 28051 MiB, 81920 MiB, 32 %, 85.88 W, 44
2026/09/08 11:01:03.780, 28051 MiB, 81920 MiB, 56 %, 82.52 W, 42
2026/09/08 11:01:33.782, 28051 MiB, 81920 MiB, 38 %, 94.88 W, 45
2026/09/08 11:02:03.782, 28051 MiB, 81920 MiB, 0 %, 66.23 W, 40
2026/09/08 11:02:33.784, 28051 MiB, 81920 MiB, 16 %, 80.96 W, 41
2026/09/08 11:03:03.787, 28051 MiB, 81920 MiB, 2 %, 115.82 W, 45
2026/09/08 11:03:33.788, 28051 MiB, 81920 MiB, 33 %, 81.58 W, 43
2026/09/08 11:04:03.790, 28051 MiB, 81920 MiB, 0 %, 80.54 W, 40
2026/09/08 11:04:33.791, 28051 MiB, 81920 MiB, 47 %, 292.39 W, 49
2026/09/08 11:05:03.793, 28051 MiB, 81920 MiB, 81 %, 232.95 W, 43
2026/09/08 11:05:33.794, 28051 MiB, 81920 MiB, 30 %, 214.92 W, 45
2026/09/08 11:06:03.796, 28051 MiB, 81920 MiB, 53 %, 270.85 W, 46
2026/09/08 11:06:33.799, 28051 MiB, 81920 MiB, 91 %, 209.16 W, 48
2026/09/08 11:07:03.800, 28051 MiB, 81920 MiB, 63 %, 116.32 W, 47
2026/09/08 11:07:33.802, 28051 MiB, 81920 MiB, 78 %, 164.51 W, 47
2026/09/08 11:08:03.804, 28051 MiB, 81920 MiB, 49 %, 128.75 W, 44
2026/09/08 11:08:33.805, 28051 MiB, 81920 MiB, 0 %, 66.14 W, 39
2026/09/08 11:09:03.808, 28051 MiB, 81920 MiB, 52 %, 84.51 W, 42
2026/09/08 11:09:33.810, 28051 MiB, 81920 MiB, 0 %, 80.90 W, 41
2026/09/08 11:10:03.812, 28051 MiB, 81920 MiB, 89 %, 231.21 W, 46
2026/09/08 11:10:33.813, 28051 MiB, 81920 MiB, 67 %, 86.63 W, 46
2026/09/08 11:11:03.814, 28051 MiB, 81920 MiB, 0 %, 81.07 W, 40
2026/09/08 11:11:33.816, 28051 MiB, 81920 MiB, 39 %, 92.30 W, 43
2026/09/08 11:12:03.818, 28051 MiB, 81920 MiB, 88 %, 156.81 W, 47
2026/09/08 11:12:33.820, 28051 MiB, 81920 MiB, 0 %, 80.98 W, 41
2026/09/08 11:13:03.821, 28051 MiB, 81920 MiB, 17 %, 115.58 W, 42
2026/09/08 11:13:33.828, 28051 MiB, 81920 MiB, 98 %, 270.28 W, 49
2026/09/08 11:14:03.829, 28051 MiB, 81920 MiB, 53 %, 93.49 W, 44
2026/09/08 11:14:33.830, 28051 MiB, 81920 MiB, 100 %, 377.48 W, 59
2026/09/08 11:15:03.832, 28051 MiB, 81920 MiB, 0 %, 65.27 W, 37
2026/09/08 11:15:33.833, 28051 MiB, 81920 MiB, 0 %, 80.11 W, 39
2026/09/08 11:16:03.834, 28051 MiB, 81920 MiB, 82 %, 269.09 W, 47
2026/09/08 11:16:33.835, 28051 MiB, 81920 MiB, 69 %, 81.22 W, 42
2026/09/08 11:17:03.837, 28051 MiB, 81920 MiB, 0 %, 67.67 W, 39
2026/09/08 11:17:33.838, 28051 MiB, 81920 MiB, 100 %, 302.94 W, 48
2026/09/08 11:18:03.840, 28051 MiB, 81920 MiB, 61 %, 81.22 W, 42
2026/09/08 11:18:33.841, 28051 MiB, 81920 MiB, 2 %, 268.14 W, 43
2026/09/08 11:19:03.843, 28051 MiB, 81920 MiB, 71 %, 153.59 W, 48
2026/09/08 11:19:33.845, 28051 MiB, 81920 MiB, 19 %, 174.91 W, 43
2026/09/08 11:20:03.846, 28051 MiB, 81920 MiB, 72 %, 267.91 W, 48
2026/09/08 11:20:33.850, 28051 MiB, 81920 MiB, 68 %, 82.62 W, 46
2026/09/08 11:21:03.851, 28051 MiB, 81920 MiB, 71 %, 165.03 W, 46
2026/09/08 11:21:33.852, 28051 MiB, 81920 MiB, 51 %, 81.40 W, 42
2026/09/08 11:22:03.854, 28051 MiB, 81920 MiB, 48 %, 160.18 W, 44
2026/09/08 11:22:33.858, 28051 MiB, 81920 MiB, 60 %, 81.32 W, 42
2026/09/08 11:23:03.860, 28051 MiB, 81920 MiB, 2 %, 131.36 W, 44
2026/09/08 11:23:33.861, 28051 MiB, 81920 MiB, 27 %, 88.73 W, 44
2026/09/08 11:24:03.862, 28051 MiB, 81920 MiB, 42 %, 126.15 W, 44
2026/09/08 11:24:33.865, 28051 MiB, 81920 MiB, 0 %, 81.15 W, 41
2026/09/08 11:25:03.867, 28051 MiB, 81920 MiB, 95 %, 286.50 W, 48
2026/09/08 11:25:33.868, 28051 MiB, 81920 MiB, 27 %, 81.39 W, 42
2026/09/08 11:26:03.870, 28051 MiB, 81920 MiB, 60 %, 83.88 W, 44
2026/09/08 11:26:33.873, 28051 MiB, 81920 MiB, 59 %, 128.62 W, 45
2026/09/08 11:27:03.875, 28051 MiB, 81920 MiB, 21 %, 80.98 W, 41
2026/09/08 11:27:33.877, 28051 MiB, 81920 MiB, 0 %, 87.08 W, 41
2026/09/08 11:28:03.878, 28051 MiB, 81920 MiB, 0 %, 81.58 W, 42
2026/09/08 11:28:33.880, 28051 MiB, 81920 MiB, 38 %, 99.51 W, 42
2026/09/08 11:29:03.881, 28051 MiB, 81920 MiB, 0 %, 81.22 W, 41
2026/09/08 11:29:33.883, 28051 MiB, 81920 MiB, 0 %, 81.85 W, 41
2026/09/08 11:30:03.886, 28051 MiB, 81920 MiB, 0 %, 80.98 W, 41
2026/09/08 11:30:33.891, 28051 MiB, 81920 MiB, 48 %, 81.58 W, 42
2026/09/08 11:31:03.892, 28051 MiB, 81920 MiB, 27 %, 137.18 W, 43
2026/09/08 11:31:33.893, 28051 MiB, 81920 MiB, 87 %, 254.64 W, 46
2026/09/08 11:32:03.894, 28051 MiB, 81920 MiB, 0 %, 66.14 W, 40
2026/09/08 11:32:33.897, 28051 MiB, 81920 MiB, 0 %, 80.90 W, 41
2026/09/08 11:33:03.903, 28051 MiB, 81920 MiB, 91 %, 291.19 W, 51
2026/09/08 11:33:33.904, 28051 MiB, 81920 MiB, 44 %, 144.11 W, 44
2026/09/08 11:34:03.906, 28051 MiB, 81920 MiB, 2 %, 82.28 W, 40
2026/09/08 11:34:33.907, 28051 MiB, 81920 MiB, 81 %, 290.90 W, 49
2026/09/08 11:35:03.909, 28051 MiB, 81920 MiB, 90 %, 84.07 W, 44
2026/09/08 11:35:33.912, 28051 MiB, 81920 MiB, 1 %, 83.20 W, 41
2026/09/08 11:36:03.914, 28051 MiB, 81920 MiB, 84 %, 287.65 W, 51
2026/09/08 11:36:33.915, 28051 MiB, 81920 MiB, 44 %, 99.83 W, 41
2026/09/08 11:37:03.916, 28051 MiB, 81920 MiB, 59 %, 81.22 W, 42
2026/09/08 11:37:33.917, 28051 MiB, 81920 MiB, 27 %, 81.85 W, 44
2026/09/08 11:38:03.918, 28051 MiB, 81920 MiB, 67 %, 124.63 W, 47
2026/09/08 11:38:33.920, 28051 MiB, 81920 MiB, 0 %, 81.49 W, 42
2026/09/08 11:39:03.922, 28051 MiB, 81920 MiB, 32 %, 81.22 W, 41
2026/09/08 11:39:33.923, 28051 MiB, 81920 MiB, 76 %, 273.81 W, 50
2026/09/08 11:40:03.925, 28051 MiB, 81920 MiB, 83 %, 98.21 W, 45
2026/09/08 11:40:33.927, 28051 MiB, 81920 MiB, 21 %, 81.31 W, 42
2026/09/08 11:41:03.931, 28051 MiB, 81920 MiB, 66 %, 122.50 W, 47
2026/09/08 11:41:33.932, 28051 MiB, 81920 MiB, 61 %, 98.14 W, 43
2026/09/08 11:42:03.933, 28051 MiB, 81920 MiB, 88 %, 290.31 W, 50
2026/09/08 11:42:33.935, 28051 MiB, 81920 MiB, 86 %, 83.56 W, 43
2026/09/08 11:43:03.936, 28051 MiB, 81920 MiB, 32 %, 134.34 W, 43
2026/09/08 11:43:33.938, 28051 MiB, 81920 MiB, 79 %, 98.64 W, 44
2026/09/08 11:44:03.939, 28051 MiB, 81920 MiB, 41 %, 80.98 W, 43
2026/09/08 11:44:33.940, 28051 MiB, 81920 MiB, 0 %, 66.14 W, 40
2026/09/08 11:45:03.942, 28051 MiB, 81920 MiB, 21 %, 83.37 W, 42
2026/09/08 11:45:33.944, 28051 MiB, 81920 MiB, 25 %, 81.92 W, 46
2026/09/08 11:46:03.945, 28051 MiB, 81920 MiB, 3 %, 80.55 W, 42
2026/09/08 11:46:33.946, 28051 MiB, 81920 MiB, 28 %, 271.97 W, 48
2026/09/08 11:47:03.948, 28051 MiB, 81920 MiB, 45 %, 227.26 W, 45
2026/09/08 11:47:33.949, 28051 MiB, 81920 MiB, 22 %, 290.33 W, 47
2026/09/08 11:48:03.951, 28051 MiB, 81920 MiB, 66 %, 81.75 W, 42
2026/09/08 11:48:33.952, 28051 MiB, 81920 MiB, 0 %, 65.95 W, 39
2026/09/08 11:49:03.984, 28051 MiB, 81920 MiB, 99 %, 252.33 W, 43
2026/09/08 11:49:33.985, 28051 MiB, 81920 MiB, 32 %, 107.21 W, 44
2026/09/08 11:50:03.987, 28051 MiB, 81920 MiB, 0 %, 82.53 W, 42
2026/09/08 11:50:33.988, 28051 MiB, 81920 MiB, 57 %, 81.76 W, 43
2026/09/08 11:51:03.989, 28051 MiB, 81920 MiB, 55 %, 82.36 W, 43
2026/09/08 11:51:33.991, 28051 MiB, 81920 MiB, 2 %, 102.16 W, 41
2026/09/08 11:52:03.993, 28051 MiB, 81920 MiB, 4 %, 81.31 W, 41
2026/09/08 11:52:33.994, 28051 MiB, 81920 MiB, 0 %, 81.22 W, 41
2026/09/08 11:53:04.003, 28051 MiB, 81920 MiB, 0 %, 65.82 W, 39
2026/09/08 11:53:34.004, 28051 MiB, 81920 MiB, 23 %, 87.91 W, 44
2026/09/08 11:54:04.006, 28051 MiB, 81920 MiB, 0 %, 93.00 W, 41
2026/09/08 11:54:34.007, 28051 MiB, 81920 MiB, 0 %, 80.98 W, 41
2026/09/08 11:55:04.015, 28051 MiB, 81920 MiB, 74 %, 81.76 W, 43
2026/09/08 11:55:34.017, 28051 MiB, 81920 MiB, 0 %, 80.54 W, 40
2026/09/08 11:56:04.019, 28051 MiB, 81920 MiB, 10 %, 131.54 W, 44
2026/09/08 11:56:34.020, 28051 MiB, 81920 MiB, 0 %, 80.88 W, 41
2026/09/08 11:57:04.022, 28051 MiB, 81920 MiB, 0 %, 81.07 W, 40
2026/09/08 11:57:34.023, 28051 MiB, 81920 MiB, 42 %, 291.52 W, 48
2026/09/08 11:58:04.024, 28051 MiB, 81920 MiB, 87 %, 130.54 W, 44
2026/09/08 11:58:34.025, 28051 MiB, 81920 MiB, 54 %, 102.50 W, 45
2026/09/08 11:59:04.026, 28051 MiB, 81920 MiB, 10 %, 80.98 W, 41
2026/09/08 11:59:34.028, 28051 MiB, 81920 MiB, 47 %, 94.71 W, 45
2026/09/08 12:00:04.029, 28051 MiB, 81920 MiB, 86 %, 197.48 W, 48
2026/09/08 12:00:34.030, 28051 MiB, 81920 MiB, 46 %, 81.22 W, 42
2026/09/08 12:01:04.032, 28051 MiB, 81920 MiB, 0 %, 119.58 W, 43
2026/09/08 12:01:34.033, 28051 MiB, 81920 MiB, 2 %, 90.35 W, 43
2026/09/08 12:02:04.035, 28051 MiB, 81920 MiB, 87 %, 82.60 W, 43
2026/09/08 12:02:34.037, 28051 MiB, 81920 MiB, 85 %, 99.41 W, 45
2026/09/08 12:03:04.039, 28051 MiB, 81920 MiB, 70 %, 231.60 W, 47
2026/09/08 12:03:34.040, 28051 MiB, 81920 MiB, 44 %, 107.32 W, 43
2026/09/08 12:04:04.042, 28051 MiB, 81920 MiB, 18 %, 97.38 W, 44
2026/09/08 12:04:34.044, 28051 MiB, 81920 MiB, 0 %, 80.98 W, 40
2026/09/08 12:05:04.045, 28051 MiB, 81920 MiB, 0 %, 80.79 W, 40
2026/09/08 12:05:34.046, 28051 MiB, 81920 MiB, 86 %, 149.75 W, 46
2026/09/08 12:06:04.048, 28051 MiB, 81920 MiB, 92 %, 260.22 W, 50
2026/09/08 12:06:34.049, 28051 MiB, 81920 MiB, 96 %, 321.24 W, 49
2026/09/08 12:07:04.050, 28051 MiB, 81920 MiB, 32 %, 129.81 W, 46
2026/09/08 12:07:34.052, 28051 MiB, 81920 MiB, 20 %, 82.96 W, 41
2026/09/08 12:08:04.053, 28051 MiB, 81920 MiB, 78 %, 268.14 W, 46
2026/09/08 12:08:34.055, 28051 MiB, 81920 MiB, 83 %, 157.72 W, 45
2026/09/08 12:09:04.057, 28051 MiB, 81920 MiB, 90 %, 266.35 W, 49
2026/09/08 12:09:34.059, 28051 MiB, 81920 MiB, 70 %, 81.93 W, 43
2026/09/08 12:10:04.061, 28051 MiB, 81920 MiB, 0 %, 81.07 W, 41
2026/09/08 12:10:34.062, 28051 MiB, 81920 MiB, 27 %, 158.05 W, 44
2026/09/08 12:11:04.064, 28051 MiB, 81920 MiB, 74 %, 139.80 W, 45
2026/09/08 12:11:34.065, 28051 MiB, 81920 MiB, 21 %, 84.84 W, 42
2026/09/08 12:12:04.066, 28051 MiB, 81920 MiB, 58 %, 115.81 W, 44
2026/09/08 12:12:34.067, 28051 MiB, 81920 MiB, 10 %, 81.49 W, 40
2026/09/08 12:13:04.069, 28051 MiB, 81920 MiB, 0 %, 65.54 W, 39
2026/09/08 12:13:34.070, 28051 MiB, 81920 MiB, 50 %, 106.29 W, 42
2026/09/08 12:14:04.071, 28051 MiB, 81920 MiB, 50 %, 270.56 W, 43
2026/09/08 12:14:34.073, 28051 MiB, 81920 MiB, 54 %, 81.58 W, 42
2026/09/08 12:15:04.079, 28051 MiB, 81920 MiB, 0 %, 66.74 W, 40
2026/09/08 12:15:34.081, 28051 MiB, 81920 MiB, 69 %, 237.18 W, 46
2026/09/08 12:16:04.082, 28051 MiB, 81920 MiB, 74 %, 82.88 W, 42
2026/09/08 12:16:34.084, 28051 MiB, 81920 MiB, 0 %, 80.98 W, 41
2026/09/08 12:17:04.086, 28051 MiB, 81920 MiB, 40 %, 106.13 W, 43
2026/09/08 12:17:34.088, 28051 MiB, 81920 MiB, 0 %, 65.89 W, 39
2026/09/08 12:18:04.090, 28051 MiB, 81920 MiB, 55 %, 107.32 W, 41
2026/09/08 12:18:34.091, 28051 MiB, 81920 MiB, 0 %, 80.98 W, 42
2026/09/08 12:19:04.093, 28051 MiB, 81920 MiB, 0 %, 65.75 W, 38
2026/09/08 12:19:34.094, 28051 MiB, 81920 MiB, 78 %, 119.79 W, 42
2026/09/08 12:20:04.095, 28051 MiB, 81920 MiB, 61 %, 84.07 W, 42
2026/09/08 12:20:34.096, 28051 MiB, 81920 MiB, 41 %, 267.59 W, 44
2026/09/08 12:21:04.097, 28051 MiB, 81920 MiB, 23 %, 98.91 W, 45
2026/09/08 12:21:34.098, 28051 MiB, 81920 MiB, 3 %, 80.90 W, 42
2026/09/08 12:22:04.101, 28051 MiB, 81920 MiB, 38 %, 97.18 W, 43
2026/09/08 12:22:34.110, 28051 MiB, 81920 MiB, 0 %, 65.89 W, 39
2026/09/08 12:23:04.111, 28051 MiB, 81920 MiB, 35 %, 127.09 W, 44
2026/09/08 12:23:34.113, 28051 MiB, 81920 MiB, 15 %, 80.96 W, 41
2026/09/08 12:24:04.114, 28051 MiB, 81920 MiB, 1 %, 80.55 W, 41
2026/09/08 12:24:34.115, 28051 MiB, 81920 MiB, 39 %, 144.41 W, 43
2026/09/08 12:25:04.117, 28051 MiB, 81920 MiB, 1 %, 81.31 W, 41
2026/09/08 12:25:34.118, 28051 MiB, 81920 MiB, 0 %, 80.79 W, 41
2026/09/08 12:26:04.119, 28051 MiB, 81920 MiB, 85 %, 81.58 W, 41
2026/09/08 12:26:34.120, 28051 MiB, 81920 MiB, 0 %, 80.71 W, 40
2026/09/08 12:27:04.121, 28051 MiB, 81920 MiB, 51 %, 176.61 W, 47
2026/09/08 12:27:34.122, 28051 MiB, 81920 MiB, 91 %, 292.10 W, 48
2026/09/08 12:28:04.124, 28051 MiB, 81920 MiB, 98 %, 276.46 W, 48
2026/09/08 12:28:34.126, 28051 MiB, 81920 MiB, 71 %, 238.00 W, 45
2026/09/08 12:29:04.127, 28051 MiB, 81920 MiB, 41 %, 82.35 W, 44
2026/09/08 12:29:34.129, 28051 MiB, 81920 MiB, 24 %, 266.91 W, 44
2026/09/08 12:30:04.130, 28051 MiB, 81920 MiB, 0 %, 96.48 W, 41
2026/09/08 12:30:34.131, 28051 MiB, 81920 MiB, 51 %, 81.65 W, 42
2026/09/08 12:31:04.133, 28051 MiB, 81920 MiB, 65 %, 81.40 W, 42
2026/09/08 12:31:34.134, 28051 MiB, 81920 MiB, 76 %, 98.16 W, 42
2026/09/08 12:32:04.135, 28051 MiB, 81920 MiB, 33 %, 138.60 W, 45
2026/09/08 12:32:34.137, 28051 MiB, 81920 MiB, 11 %, 81.13 W, 45
2026/09/08 12:33:04.138, 28051 MiB, 81920 MiB, 56 %, 289.44 W, 50
2026/09/08 12:33:34.140, 28051 MiB, 81920 MiB, 0 %, 81.49 W, 41
2026/09/08 12:34:04.141, 28051 MiB, 81920 MiB, 100 %, 256.49 W, 46
2026/09/08 12:34:34.143, 28051 MiB, 81920 MiB, 58 %, 192.89 W, 46
2026/09/08 12:35:04.145, 28051 MiB, 81920 MiB, 15 %, 137.71 W, 47
2026/09/08 12:35:34.146, 28051 MiB, 81920 MiB, 58 %, 103.46 W, 45
2026/09/08 12:36:04.147, 28051 MiB, 81920 MiB, 0 %, 80.79 W, 40
2026/09/08 12:36:34.148, 28051 MiB, 81920 MiB, 89 %, 183.18 W, 47
2026/09/08 12:37:04.150, 28051 MiB, 81920 MiB, 68 %, 183.31 W, 45
2026/09/08 12:37:34.151, 28051 MiB, 81920 MiB, 0 %, 81.07 W, 41
2026/09/08 12:38:04.154, 28051 MiB, 81920 MiB, 47 %, 82.69 W, 45
2026/09/08 12:38:34.156, 28051 MiB, 81920 MiB, 58 %, 176.61 W, 44
2026/09/08 12:39:04.157, 28051 MiB, 81920 MiB, 33 %, 81.66 W, 41
2026/09/08 12:39:34.158, 28051 MiB, 81920 MiB, 22 %, 170.93 W, 43
2026/09/08 12:40:04.159, 28051 MiB, 81920 MiB, 12 %, 85.19 W, 46
2026/09/08 12:40:34.164, 28051 MiB, 81920 MiB, 12 %, 81.75 W, 42
2026/09/08 12:41:04.166, 28051 MiB, 81920 MiB, 79 %, 83.82 W, 44
2026/09/08 12:41:34.167, 28051 MiB, 81920 MiB, 98 %, 291.83 W, 46
2026/09/08 12:42:04.169, 28051 MiB, 81920 MiB, 89 %, 131.55 W, 45
2026/09/08 12:42:34.175, 28051 MiB, 81920 MiB, 84 %, 137.14 W, 45
2026/09/08 12:43:04.176, 28051 MiB, 81920 MiB, 76 %, 300.65 W, 49
2026/09/08 12:43:34.177, 28051 MiB, 81920 MiB, 54 %, 147.36 W, 44
2026/09/08 12:44:04.179, 28051 MiB, 81920 MiB, 81 %, 291.81 W, 47
2026/09/08 12:44:34.181, 28051 MiB, 81920 MiB, 13 %, 81.31 W, 42
2026/09/08 12:45:04.182, 28051 MiB, 81920 MiB, 77 %, 87.59 W, 44
2026/09/08 12:45:34.184, 28051 MiB, 81920 MiB, 83 %, 101.68 W, 47
2026/09/08 12:46:04.185, 28051 MiB, 81920 MiB, 21 %, 81.76 W, 42
2026/09/08 12:46:34.186, 28051 MiB, 81920 MiB, 62 %, 81.76 W, 43
2026/09/08 12:47:04.187, 28051 MiB, 81920 MiB, 61 %, 89.65 W, 43
2026/09/08 12:47:34.188, 28051 MiB, 81920 MiB, 89 %, 82.28 W, 44
2026/09/08 12:48:04.189, 28051 MiB, 81920 MiB, 98 %, 198.27 W, 48
2026/09/08 12:48:34.190, 28051 MiB, 81920 MiB, 42 %, 95.58 W, 45
2026/09/08 12:49:04.191, 28051 MiB, 81920 MiB, 38 %, 82.45 W, 43
2026/09/08 12:49:34.193, 28051 MiB, 81920 MiB, 0 %, 66.14 W, 40
2026/09/08 12:50:04.194, 28051 MiB, 81920 MiB, 0 %, 65.82 W, 39
2026/09/08 12:50:34.195, 28051 MiB, 81920 MiB, 91 %, 245.75 W, 48
2026/09/08 12:51:04.202, 28051 MiB, 81920 MiB, 65 %, 314.47 W, 49
2026/09/08 12:51:34.203, 28051 MiB, 81920 MiB, 0 %, 80.82 W, 40
2026/09/08 12:52:04.205, 28051 MiB, 81920 MiB, 57 %, 108.68 W, 43
2026/09/08 12:52:34.206, 28051 MiB, 81920 MiB, 0 %, 81.58 W, 41
2026/09/08 12:53:04.208, 28051 MiB, 81920 MiB, 0 %, 80.98 W, 40
2026/09/08 12:53:34.209, 28051 MiB, 81920 MiB, 0 %, 82.86 W, 41
2026/09/08 12:54:04.210, 28051 MiB, 81920 MiB, 0 %, 65.95 W, 39
2026/09/08 12:54:34.212, 28051 MiB, 81920 MiB, 0 %, 80.88 W, 41
2026/09/08 12:55:04.213, 28051 MiB, 81920 MiB, 0 %, 80.96 W, 40
2026/09/08 12:55:34.214, 28051 MiB, 81920 MiB, 57 %, 81.48 W, 42
2026/09/08 12:56:04.216, 28051 MiB, 81920 MiB, 7 %, 81.22 W, 41
2026/09/08 12:56:34.217, 28051 MiB, 81920 MiB, 0 %, 80.71 W, 41
2026/09/08 12:57:04.219, 28051 MiB, 81920 MiB, 0 %, 65.89 W, 39
2026/09/08 12:57:34.220, 28051 MiB, 81920 MiB, 54 %, 143.96 W, 44
2026/09/08 12:58:04.222, 28051 MiB, 81920 MiB, 68 %, 286.48 W, 48
2026/09/08 12:58:34.223, 28051 MiB, 81920 MiB, 43 %, 124.31 W, 47
2026/09/08 12:59:04.224, 28051 MiB, 81920 MiB, 0 %, 80.71 W, 41
2026/09/08 12:59:34.225, 28051 MiB, 81920 MiB, 0 %, 65.82 W, 39
2026/09/08 13:00:04.227, 28051 MiB, 81920 MiB, 13 %, 80.71 W, 41
2026/09/08 13:00:34.228, 28051 MiB, 81920 MiB, 7 %, 162.79 W, 49
2026/09/08 13:01:04.229, 28051 MiB, 81920 MiB, 0 %, 80.47 W, 41
2026/09/08 13:01:34.230, 28051 MiB, 81920 MiB, 70 %, 83.05 W, 43
2026/09/08 13:02:04.231, 28051 MiB, 81920 MiB, 55 %, 291.49 W, 46
2026/09/08 13:02:34.232, 28051 MiB, 81920 MiB, 21 %, 161.52 W, 43
2026/09/08 13:03:04.234, 28051 MiB, 81920 MiB, 70 %, 83.46 W, 42
2026/09/08 13:03:34.235, 28051 MiB, 81920 MiB, 72 %, 244.88 W, 47
2026/09/08 13:04:04.237, 28051 MiB, 81920 MiB, 92 %, 247.46 W, 48
2026/09/08 13:04:34.238, 28051 MiB, 81920 MiB, 0 %, 80.71 W, 41
2026/09/08 13:05:04.239, 28051 MiB, 81920 MiB, 57 %, 81.31 W, 41
2026/09/08 13:05:34.240, 28051 MiB, 81920 MiB, 44 %, 159.46 W, 49
2026/09/08 13:06:04.242, 28051 MiB, 81920 MiB, 0 %, 80.90 W, 41
2026/09/08 13:06:34.244, 28051 MiB, 81920 MiB, 0 %, 80.71 W, 41
2026/09/08 13:07:04.247, 28051 MiB, 81920 MiB, 26 %, 159.90 W, 42
2026/09/08 13:07:34.250, 28051 MiB, 81920 MiB, 89 %, 198.47 W, 47
2026/09/08 13:08:04.252, 28051 MiB, 81920 MiB, 25 %, 142.46 W, 45
2026/09/08 13:08:34.255, 28051 MiB, 81920 MiB, 11 %, 125.03 W, 44
2026/09/08 13:09:04.256, 28051 MiB, 81920 MiB, 92 %, 211.66 W, 46
2026/09/08 13:09:34.258, 28051 MiB, 81920 MiB, 9 %, 81.22 W, 42
2026/09/08 13:10:04.260, 28051 MiB, 81920 MiB, 91 %, 285.29 W, 47
2026/09/08 13:10:34.264, 28051 MiB, 81920 MiB, 0 %, 81.41 W, 40
2026/09/08 13:11:04.266, 28051 MiB, 81920 MiB, 0 %, 80.30 W, 40
2026/09/08 13:11:34.267, 28051 MiB, 81920 MiB, 89 %, 292.05 W, 48
2026/09/08 13:12:04.269, 28051 MiB, 81920 MiB, 0 %, 81.39 W, 41
2026/09/08 13:12:34.270, 28051 MiB, 81920 MiB, 0 %, 65.95 W, 39
2026/09/08 13:13:04.271, 28051 MiB, 81920 MiB, 59 %, 171.20 W, 48
2026/09/08 13:13:34.273, 28051 MiB, 81920 MiB, 0 %, 84.24 W, 44
2026/09/08 13:14:04.275, 28051 MiB, 81920 MiB, 47 %, 81.66 W, 45
2026/09/08 13:14:34.276, 28051 MiB, 81920 MiB, 23 %, 80.90 W, 41
2026/09/08 13:15:04.278, 28051 MiB, 81920 MiB, 0 %, 70.73 W, 39
2026/09/08 13:15:34.279, 28051 MiB, 81920 MiB, 18 %, 80.71 W, 40
2026/09/08 13:16:04.281, 28051 MiB, 81920 MiB, 72 %, 136.13 W, 43
2026/09/08 13:16:34.282, 28051 MiB, 81920 MiB, 0 %, 233.98 W, 43
2026/09/08 13:17:04.283, 28051 MiB, 81920 MiB, 21 %, 102.16 W, 45
2026/09/08 13:17:34.288, 28051 MiB, 81920 MiB, 31 %, 95.65 W, 43
2026/09/08 13:18:04.290, 28051 MiB, 81920 MiB, 41 %, 290.33 W, 47
2026/09/08 13:18:34.290, 28051 MiB, 81920 MiB, 0 %, 80.98 W, 41
2026/09/08 13:19:04.292, 28051 MiB, 81920 MiB, 86 %, 106.29 W, 45
2026/09/08 13:19:34.294, 28051 MiB, 81920 MiB, 19 %, 121.77 W, 46
2026/09/08 13:20:04.295, 28051 MiB, 81920 MiB, 83 %, 274.96 W, 50
2026/09/08 13:20:34.296, 28051 MiB, 81920 MiB, 5 %, 80.79 W, 41
2026/09/08 13:21:04.298, 28051 MiB, 81920 MiB, 92 %, 82.94 W, 44
2026/09/08 13:21:34.300, 28051 MiB, 81920 MiB, 0 %, 65.75 W, 39
2026/09/08 13:22:04.302, 28051 MiB, 81920 MiB, 79 %, 115.19 W, 46
2026/09/08 13:22:34.304, 28051 MiB, 81920 MiB, 45 %, 83.97 W, 44
2026/09/08 13:23:04.305, 28051 MiB, 81920 MiB, 47 %, 102.43 W, 45
2026/09/08 13:23:34.306, 28051 MiB, 81920 MiB, 0 %, 65.61 W, 38
