timestamp, memory.used [MiB], memory.total [MiB], utilization.gpu [%], power.draw [W], temperature.gpu
2026/09/07 22:19:30.899, 0 MiB, 81920 MiB, 0 %, 61.18 W, 35
2026/09/07 22:20:00.911, 0 MiB, 81920 MiB, 0 %, 61.66 W, 36
2026/09/07 22:20:30.913, 10643 MiB, 81920 MiB, 7 %, 68.57 W, 37
2026/09/07 22:21:00.915, 25551 MiB, 81920 MiB, 0 %, 70.04 W, 40
2026/09/07 22:21:30.916, 25551 MiB, 81920 MiB, 44 %, 205.33 W, 46
2026/09/07 22:22:00.918, 25935 MiB, 81920 MiB, 84 %, 125.21 W, 50
2026/09/07 22:22:30.920, 25935 MiB, 81920 MiB, 77 %, 123.01 W, 49
2026/09/07 22:23:00.924, 25935 MiB, 81920 MiB, 0 %, 105.97 W, 44
2026/09/07 22:23:30.926, 25935 MiB, 81920 MiB, 40 %, 374.66 W, 51
2026/09/07 22:24:00.927, 25935 MiB, 81920 MiB, 0 %, 89.15 W, 45
2026/09/07 22:24:30.928, 26703 MiB, 81920 MiB, 82 %, 91.96 W, 48
2026/09/07 22:25:00.929, 26703 MiB, 81920 MiB, 0 %, 88.60 W, 47
2026/09/07 22:25:30.931, 26703 MiB, 81920 MiB, 30 %, 117.17 W, 50
2026/09/07 22:26:00.932, 26703 MiB, 81920 MiB, 0 %, 88.88 W, 44
2026/09/07 22:26:30.934, 26703 MiB, 81920 MiB, 3 %, 253.98 W, 45
2026/09/07 22:27:00.935, 26703 MiB, 81920 MiB, 96 %, 148.87 W, 51
2026/09/07 22:27:30.936, 26703 MiB, 81920 MiB, 52 %, 94.12 W, 46
2026/09/07 22:28:00.937, 26703 MiB, 81920 MiB, 67 %, 309.26 W, 48
2026/09/07 22:28:30.938, 26703 MiB, 81920 MiB, 84 %, 227.03 W, 49
2026/09/07 22:29:00.940, 26703 MiB, 81920 MiB, 23 %, 288.24 W, 48
2026/09/07 22:29:30.943, 26703 MiB, 81920 MiB, 25 %, 257.56 W, 48
2026/09/07 22:30:00.947, 26703 MiB, 81920 MiB, 87 %, 132.01 W, 50
2026/09/07 22:30:30.949, 26703 MiB, 81920 MiB, 0 %, 89.66 W, 45
2026/09/07 22:31:00.950, 26703 MiB, 81920 MiB, 2 %, 88.79 W, 45
2026/09/07 22:31:30.952, 26703 MiB, 81920 MiB, 0 %, 88.70 W, 45
2026/09/07 22:32:00.954, 26703 MiB, 81920 MiB, 85 %, 120.75 W, 51
2026/09/07 22:32:30.955, 26703 MiB, 81920 MiB, 45 %, 89.66 W, 46
2026/09/07 22:33:00.955, 26703 MiB, 81920 MiB, 69 %, 92.15 W, 46
2026/09/07 22:33:30.957, 26703 MiB, 81920 MiB, 52 %, 305.13 W, 52
2026/09/07 22:34:00.959, 26703 MiB, 81920 MiB, 0 %, 88.28 W, 44
2026/09/07 22:34:30.960, 26703 MiB, 81920 MiB, 0 %, 88.88 W, 45
2026/09/07 22:35:00.961, 26703 MiB, 81920 MiB, 29 %, 195.89 W, 49
2026/09/07 22:35:30.963, 26703 MiB, 81920 MiB, 16 %, 128.28 W, 48
2026/09/07 22:36:00.965, 26703 MiB, 81920 MiB, 99 %, 187.03 W, 48
2026/09/07 22:36:30.967, 26703 MiB, 81920 MiB, 76 %, 234.12 W, 51
2026/09/07 22:37:00.972, 26703 MiB, 81920 MiB, 0 %, 89.75 W, 46
2026/09/07 22:37:30.974, 26703 MiB, 81920 MiB, 84 %, 188.50 W, 50
2026/09/07 22:38:00.975, 26703 MiB, 81920 MiB, 57 %, 95.01 W, 47
2026/09/07 22:38:30.976, 26705 MiB, 81920 MiB, 2 %, 120.41 W, 47
2026/09/07 22:39:00.977, 26705 MiB, 81920 MiB, 95 %, 110.00 W, 50
2026/09/07 22:39:30.978, 26705 MiB, 81920 MiB, 0 %, 90.90 W, 45
2026/09/07 22:40:00.979, 26705 MiB, 81920 MiB, 58 %, 287.40 W, 51
2026/09/07 22:40:30.980, 26705 MiB, 81920 MiB, 49 %, 92.43 W, 50
2026/09/07 22:41:00.981, 26705 MiB, 81920 MiB, 39 %, 284.72 W, 52
2026/09/07 22:41:30.986, 26705 MiB, 81920 MiB, 8 %, 114.94 W, 48
2026/09/07 22:42:00.992, 26705 MiB, 81920 MiB, 0 %, 89.71 W, 46
2026/09/07 22:42:30.994, 26705 MiB, 81920 MiB, 29 %, 89.94 W, 46
2026/09/07 22:43:00.995, 26705 MiB, 81920 MiB, 43 %, 90.12 W, 47
2026/09/07 22:43:30.997, 26705 MiB, 81920 MiB, 80 %, 114.70 W, 50
2026/09/07 22:44:00.999, 26705 MiB, 81920 MiB, 88 %, 221.63 W, 52
2026/09/07 22:44:31.000, 26705 MiB, 81920 MiB, 77 %, 114.02 W, 49
2026/09/07 22:45:01.001, 26705 MiB, 81920 MiB, 0 %, 71.88 W, 44
2026/09/07 22:45:31.003, 26705 MiB, 81920 MiB, 29 %, 154.46 W, 49
2026/09/07 22:46:01.004, 26705 MiB, 81920 MiB, 73 %, 288.56 W, 52
2026/09/07 22:46:31.006, 26705 MiB, 81920 MiB, 0 %, 88.79 W, 45
2026/09/07 22:47:01.009, 26705 MiB, 81920 MiB, 72 %, 90.16 W, 47
2026/09/07 22:47:31.010, 26705 MiB, 81920 MiB, 67 %, 90.16 W, 49
2026/09/07 22:48:01.012, 26705 MiB, 81920 MiB, 49 %, 120.63 W, 49
2026/09/07 22:48:31.014, 26705 MiB, 81920 MiB, 0 %, 89.20 W, 46
2026/09/07 22:49:01.015, 26705 MiB, 81920 MiB, 27 %, 89.93 W, 47
2026/09/07 22:49:31.016, 28465 MiB, 81920 MiB, 74 %, 278.83 W, 52
2026/09/07 22:50:01.018, 28465 MiB, 81920 MiB, 79 %, 92.90 W, 50
2026/09/07 22:50:31.020, 28465 MiB, 81920 MiB, 37 %, 90.67 W, 46
2026/09/07 22:51:01.021, 28465 MiB, 81920 MiB, 0 %, 100.48 W, 45
2026/09/07 22:51:31.025, 28465 MiB, 81920 MiB, 0 %, 89.29 W, 45
2026/09/07 22:52:01.026, 28465 MiB, 81920 MiB, 0 %, 71.61 W, 44
2026/09/07 22:52:31.027, 28465 MiB, 81920 MiB, 3 %, 158.59 W, 45
2026/09/07 22:53:01.029, 28465 MiB, 81920 MiB, 2 %, 89.57 W, 46
2026/09/07 22:53:31.030, 28465 MiB, 81920 MiB, 92 %, 245.75 W, 47
2026/09/07 22:54:01.032, 28465 MiB, 81920 MiB, 77 %, 150.45 W, 51
2026/09/07 22:54:31.035, 28465 MiB, 81920 MiB, 0 %, 84.51 W, 44
2026/09/07 22:55:01.036, 28465 MiB, 81920 MiB, 26 %, 89.15 W, 45
2026/09/07 22:55:31.037, 28465 MiB, 81920 MiB, 0 %, 88.37 W, 45
2026/09/07 22:56:01.040, 28465 MiB, 81920 MiB, 30 %, 89.94 W, 46
2026/09/07 22:56:31.042, 28465 MiB, 81920 MiB, 77 %, 221.63 W, 51
2026/09/07 22:57:01.043, 28465 MiB, 81920 MiB, 100 %, 245.39 W, 51
2026/09/07 22:57:31.045, 28465 MiB, 81920 MiB, 2 %, 144.71 W, 47
2026/09/07 22:58:01.046, 28465 MiB, 81920 MiB, 25 %, 271.97 W, 48
2026/09/07 22:58:31.048, 28465 MiB, 81920 MiB, 25 %, 100.52 W, 46
2026/09/07 22:59:01.049, 28465 MiB, 81920 MiB, 0 %, 88.46 W, 44
2026/09/07 22:59:31.051, 28465 MiB, 81920 MiB, 25 %, 221.40 W, 51
2026/09/07 23:00:01.052, 28465 MiB, 81920 MiB, 42 %, 93.29 W, 47
2026/09/07 23:00:31.053, 28465 MiB, 81920 MiB, 0 %, 88.60 W, 45
2026/09/07 23:01:01.054, 28465 MiB, 81920 MiB, 83 %, 228.91 W, 50
2026/09/07 23:01:31.056, 28465 MiB, 81920 MiB, 30 %, 122.02 W, 49
2026/09/07 23:02:01.058, 28465 MiB, 81920 MiB, 0 %, 88.70 W, 45
2026/09/07 23:02:31.060, 28465 MiB, 81920 MiB, 41 %, 89.57 W, 48
2026/09/07 23:03:01.061, 28465 MiB, 81920 MiB, 53 %, 90.43 W, 50
2026/09/07 23:03:31.066, 28465 MiB, 81920 MiB, 56 %, 90.67 W, 47
2026/09/07 23:04:01.068, 28465 MiB, 81920 MiB, 18 %, 177.66 W, 49
2026/09/07 23:04:31.071, 28465 MiB, 81920 MiB, 42 %, 109.54 W, 47
2026/09/07 23:05:01.072, 28465 MiB, 81920 MiB, 37 %, 89.57 W, 46
2026/09/07 23:05:31.075, 28465 MiB, 81920 MiB, 95 %, 309.22 W, 53
2026/09/07 23:06:01.081, 28465 MiB, 81920 MiB, 0 %, 88.78 W, 45
2026/09/07 23:06:31.082, 28465 MiB, 81920 MiB, 57 %, 88.79 W, 45
2026/09/07 23:07:01.084, 28465 MiB, 81920 MiB, 0 %, 89.15 W, 45
2026/09/07 23:07:31.085, 28465 MiB, 81920 MiB, 79 %, 282.63 W, 52
2026/09/07 23:08:01.086, 28465 MiB, 81920 MiB, 67 %, 175.18 W, 48
2026/09/07 23:08:31.087, 28465 MiB, 81920 MiB, 2 %, 94.88 W, 45
2026/09/07 23:09:01.088, 28465 MiB, 81920 MiB, 54 %, 90.43 W, 47
2026/09/07 23:09:31.090, 28465 MiB, 81920 MiB, 46 %, 98.32 W, 47
2026/09/07 23:10:01.091, 28465 MiB, 81920 MiB, 0 %, 88.60 W, 45
2026/09/07 23:10:31.092, 28465 MiB, 81920 MiB, 0 %, 88.60 W, 45
2026/09/07 23:11:01.094, 28465 MiB, 81920 MiB, 39 %, 94.61 W, 44
2026/09/07 23:11:31.095, 28465 MiB, 81920 MiB, 0 %, 89.38 W, 45
2026/09/07 23:12:01.096, 28465 MiB, 81920 MiB, 0 %, 71.61 W, 43
2026/09/07 23:12:31.098, 28465 MiB, 81920 MiB, 0 %, 89.20 W, 46
2026/09/07 23:13:01.099, 28465 MiB, 81920 MiB, 81 %, 153.43 W, 48
2026/09/07 23:13:31.100, 28465 MiB, 81920 MiB, 66 %, 292.36 W, 53
2026/09/07 23:14:01.102, 28465 MiB, 81920 MiB, 35 %, 103.57 W, 46
2026/09/07 23:14:31.103, 28465 MiB, 81920 MiB, 34 %, 194.23 W, 48
2026/09/07 23:15:01.104, 28465 MiB, 81920 MiB, 67 %, 164.52 W, 48
2026/09/07 23:15:31.106, 28465 MiB, 81920 MiB, 43 %, 94.98 W, 47
2026/09/07 23:16:01.107, 28465 MiB, 81920 MiB, 0 %, 88.79 W, 45
2026/09/07 23:16:31.109, 28465 MiB, 81920 MiB, 62 %, 308.94 W, 50
2026/09/07 23:17:01.110, 28465 MiB, 81920 MiB, 81 %, 91.81 W, 49
2026/09/07 23:17:31.112, 28465 MiB, 81920 MiB, 0 %, 88.46 W, 45
2026/09/07 23:18:01.113, 28465 MiB, 81920 MiB, 0 %, 71.61 W, 44
2026/09/07 23:18:31.114, 28465 MiB, 81920 MiB, 67 %, 305.42 W, 52
2026/09/07 23:19:01.115, 28465 MiB, 81920 MiB, 78 %, 275.88 W, 50
2026/09/07 23:19:31.116, 28465 MiB, 81920 MiB, 53 %, 248.07 W, 48
2026/09/07 23:20:01.117, 28465 MiB, 81920 MiB, 55 %, 181.06 W, 48
2026/09/07 23:20:31.118, 28465 MiB, 81920 MiB, 87 %, 170.60 W, 50
2026/09/07 23:21:01.119, 28465 MiB, 81920 MiB, 34 %, 100.21 W, 48
2026/09/07 23:21:31.120, 28465 MiB, 81920 MiB, 93 %, 100.81 W, 51
2026/09/07 23:22:01.122, 28465 MiB, 81920 MiB, 0 %, 88.36 W, 45
2026/09/07 23:22:31.123, 28465 MiB, 81920 MiB, 0 %, 89.93 W, 46
2026/09/07 23:23:01.124, 28465 MiB, 81920 MiB, 100 %, 108.58 W, 51
2026/09/07 23:23:31.127, 28467 MiB, 81920 MiB, 0 %, 70.56 W, 42
2026/09/07 23:24:01.128, 28467 MiB, 81920 MiB, 0 %, 69.36 W, 39
2026/09/07 23:24:31.129, 28467 MiB, 81920 MiB, 0 %, 68.68 W, 38
2026/09/07 23:25:01.130, 28467 MiB, 81920 MiB, 87 %, 319.58 W, 48
2026/09/07 23:25:31.131, 28467 MiB, 81920 MiB, 0 %, 87.59 W, 43
2026/09/07 23:26:01.133, 28467 MiB, 81920 MiB, 53 %, 111.47 W, 48
2026/09/07 23:26:31.142, 28467 MiB, 81920 MiB, 5 %, 97.58 W, 44
2026/09/07 23:27:01.144, 28467 MiB, 81920 MiB, 0 %, 261.57 W, 48
2026/09/07 23:27:31.148, 28467 MiB, 81920 MiB, 100 %, 215.74 W, 48
2026/09/07 23:28:01.150, 28467 MiB, 81920 MiB, 36 %, 90.52 W, 47
2026/09/07 23:28:31.151, 28467 MiB, 81920 MiB, 41 %, 192.76 W, 47
2026/09/07 23:29:01.153, 28467 MiB, 81920 MiB, 50 %, 262.23 W, 48
2026/09/07 23:29:31.155, 28467 MiB, 81920 MiB, 0 %, 71.00 W, 44
2026/09/07 23:30:01.158, 28467 MiB, 81920 MiB, 68 %, 234.50 W, 53
2026/09/07 23:30:31.159, 28467 MiB, 81920 MiB, 96 %, 232.35 W, 49
2026/09/07 23:31:01.160, 28467 MiB, 81920 MiB, 41 %, 112.05 W, 48
2026/09/07 23:31:31.163, 28467 MiB, 81920 MiB, 53 %, 280.89 W, 52
2026/09/07 23:32:01.165, 28467 MiB, 81920 MiB, 83 %, 219.51 W, 50
2026/09/07 23:32:31.166, 28467 MiB, 81920 MiB, 4 %, 89.06 W, 45
2026/09/07 23:33:01.167, 28467 MiB, 81920 MiB, 16 %, 317.51 W, 49
2026/09/07 23:33:31.169, 28467 MiB, 81920 MiB, 31 %, 108.46 W, 46
2026/09/07 23:34:01.171, 28467 MiB, 81920 MiB, 86 %, 256.30 W, 52
2026/09/07 23:34:31.173, 28467 MiB, 81920 MiB, 30 %, 156.10 W, 49
2026/09/07 23:35:01.174, 28467 MiB, 81920 MiB, 23 %, 77.53 W, 44
2026/09/07 23:35:31.175, 28467 MiB, 81920 MiB, 0 %, 89.29 W, 45
2026/09/07 23:36:01.177, 28467 MiB, 81920 MiB, 74 %, 313.33 W, 52
2026/09/07 23:36:31.178, 28467 MiB, 81920 MiB, 0 %, 88.36 W, 45
2026/09/07 23:37:01.179, 28467 MiB, 81920 MiB, 52 %, 109.50 W, 48
2026/09/07 23:37:31.183, 28467 MiB, 81920 MiB, 91 %, 324.23 W, 51
2026/09/07 23:38:01.186, 28467 MiB, 81920 MiB, 51 %, 89.29 W, 45
2026/09/07 23:38:31.189, 28467 MiB, 81920 MiB, 0 %, 88.46 W, 44
2026/09/07 23:39:01.190, 28467 MiB, 81920 MiB, 55 %, 299.46 W, 51
2026/09/07 23:39:31.191, 28467 MiB, 81920 MiB, 58 %, 309.26 W, 52
2026/09/07 23:40:01.192, 28467 MiB, 81920 MiB, 38 %, 274.65 W, 45
2026/09/07 23:40:31.194, 28467 MiB, 81920 MiB, 84 %, 95.06 W, 48
2026/09/07 23:41:01.196, 28467 MiB, 81920 MiB, 46 %, 88.46 W, 47
2026/09/07 23:41:31.198, 28467 MiB, 81920 MiB, 0 %, 88.79 W, 45
2026/09/07 23:42:01.199, 28467 MiB, 81920 MiB, 78 %, 128.62 W, 50
2026/09/07 23:42:31.200, 28467 MiB, 81920 MiB, 93 %, 176.34 W, 50
2026/09/07 23:43:01.202, 28467 MiB, 81920 MiB, 44 %, 307.75 W, 50
2026/09/07 23:43:31.203, 28467 MiB, 81920 MiB, 1 %, 88.79 W, 45
2026/09/07 23:44:01.204, 28467 MiB, 81920 MiB, 72 %, 272.58 W, 51
2026/09/07 23:44:31.205, 28467 MiB, 81920 MiB, 0 %, 88.88 W, 46
2026/09/07 23:45:01.207, 28467 MiB, 81920 MiB, 86 %, 112.65 W, 51
2026/09/07 23:45:31.208, 28467 MiB, 81920 MiB, 78 %, 94.78 W, 47
2026/09/07 23:46:01.210, 28467 MiB, 81920 MiB, 19 %, 91.81 W, 46
2026/09/07 23:46:31.211, 28467 MiB, 81920 MiB, 49 %, 135.86 W, 49
2026/09/07 23:47:01.212, 28467 MiB, 81920 MiB, 74 %, 102.60 W, 48
2026/09/07 23:47:31.213, 28467 MiB, 81920 MiB, 0 %, 92.92 W, 45
2026/09/07 23:48:01.215, 28467 MiB, 81920 MiB, 0 %, 71.36 W, 44
2026/09/07 23:48:31.216, 28467 MiB, 81920 MiB, 0 %, 89.15 W, 45
2026/09/07 23:49:01.217, 28467 MiB, 81920 MiB, 86 %, 305.97 W, 52
2026/09/07 23:49:31.219, 28467 MiB, 81920 MiB, 36 %, 89.84 W, 47
2026/09/07 23:50:01.220, 28467 MiB, 81920 MiB, 58 %, 217.50 W, 52
2026/09/07 23:50:31.228, 28467 MiB, 81920 MiB, 30 %, 278.21 W, 53
2026/09/07 23:51:01.230, 28467 MiB, 81920 MiB, 0 %, 71.53 W, 44
2026/09/07 23:51:31.230, 28467 MiB, 81920 MiB, 55 %, 128.89 W, 49
2026/09/07 23:52:01.232, 28467 MiB, 81920 MiB, 62 %, 246.67 W, 51
2026/09/07 23:52:31.234, 28467 MiB, 81920 MiB, 71 %, 94.49 W, 50
2026/09/07 23:53:01.235, 28467 MiB, 81920 MiB, 29 %, 94.21 W, 46
2026/09/07 23:53:31.238, 28467 MiB, 81920 MiB, 65 %, 287.07 W, 52
2026/09/07 23:54:01.240, 28467 MiB, 81920 MiB, 0 %, 89.47 W, 48
2026/09/07 23:54:31.242, 28467 MiB, 81920 MiB, 0 %, 88.64 W, 45
2026/09/07 23:55:01.244, 28467 MiB, 81920 MiB, 0 %, 89.38 W, 46
2026/09/07 23:55:31.246, 28467 MiB, 81920 MiB, 0 %, 88.28 W, 45
2026/09/07 23:56:01.247, 28467 MiB, 81920 MiB, 69 %, 90.34 W, 49
2026/09/07 23:56:31.249, 28467 MiB, 81920 MiB, 0 %, 88.79 W, 44
2026/09/07 23:57:01.253, 28467 MiB, 81920 MiB, 25 %, 89.38 W, 46
2026/09/07 23:57:31.256, 28467 MiB, 81920 MiB, 51 %, 90.35 W, 46
2026/09/07 23:58:01.258, 28467 MiB, 81920 MiB, 87 %, 305.72 W, 51
2026/09/07 23:58:31.259, 28467 MiB, 81920 MiB, 31 %, 89.07 W, 45
2026/09/07 23:59:01.260, 28467 MiB, 81920 MiB, 74 %, 371.46 W, 51
2026/09/07 23:59:31.263, 28467 MiB, 81920 MiB, 76 %, 89.43 W, 45
2026/09/08 00:00:01.268, 28467 MiB, 81920 MiB, 0 %, 88.46 W, 44
2026/09/08 00:00:31.270, 28467 MiB, 81920 MiB, 34 %, 288.84 W, 49
2026/09/08 00:01:01.271, 28467 MiB, 81920 MiB, 0 %, 88.97 W, 45
2026/09/08 00:01:31.273, 28467 MiB, 81920 MiB, 57 %, 293.57 W, 54
2026/09/08 00:02:01.276, 28467 MiB, 81920 MiB, 41 %, 227.75 W, 47
2026/09/08 00:02:31.277, 28467 MiB, 81920 MiB, 98 %, 127.55 W, 54
2026/09/08 00:03:01.279, 28467 MiB, 81920 MiB, 19 %, 143.84 W, 50
2026/09/08 00:03:31.280, 28467 MiB, 81920 MiB, 88 %, 92.82 W, 49
2026/09/08 00:04:01.282, 28467 MiB, 81920 MiB, 78 %, 307.48 W, 54
2026/09/08 00:04:31.283, 28467 MiB, 81920 MiB, 54 %, 168.90 W, 52
2026/09/08 00:05:01.284, 28467 MiB, 81920 MiB, 90 %, 215.97 W, 52
2026/09/08 00:05:31.287, 28467 MiB, 81920 MiB, 0 %, 88.88 W, 44
2026/09/08 00:06:01.288, 28467 MiB, 81920 MiB, 57 %, 88.97 W, 46
2026/09/08 00:06:31.290, 28467 MiB, 81920 MiB, 1 %, 89.93 W, 46
2026/09/08 00:07:01.292, 28467 MiB, 81920 MiB, 0 %, 88.36 W, 45
2026/09/08 00:07:31.293, 28467 MiB, 81920 MiB, 35 %, 98.35 W, 47
2026/09/08 00:08:01.295, 28467 MiB, 81920 MiB, 0 %, 88.46 W, 45
2026/09/08 00:08:31.296, 28467 MiB, 81920 MiB, 0 %, 71.13 W, 43
2026/09/08 00:09:01.297, 28467 MiB, 81920 MiB, 51 %, 98.95 W, 45
2026/09/08 00:09:31.299, 28467 MiB, 81920 MiB, 61 %, 90.25 W, 47
2026/09/08 00:10:01.301, 28467 MiB, 81920 MiB, 55 %, 224.60 W, 52
2026/09/08 00:10:31.302, 28467 MiB, 81920 MiB, 58 %, 346.67 W, 51
2026/09/08 00:11:01.309, 28467 MiB, 81920 MiB, 79 %, 104.94 W, 47
2026/09/08 00:11:31.311, 28467 MiB, 81920 MiB, 1 %, 74.02 W, 44
2026/09/08 00:12:01.313, 28467 MiB, 81920 MiB, 20 %, 147.67 W, 49
2026/09/08 00:12:31.314, 28467 MiB, 81920 MiB, 92 %, 135.83 W, 51
2026/09/08 00:13:01.315, 28467 MiB, 81920 MiB, 2 %, 119.95 W, 47
2026/09/08 00:13:31.316, 28467 MiB, 81920 MiB, 65 %, 89.57 W, 46
2026/09/08 00:14:01.318, 28467 MiB, 81920 MiB, 84 %, 291.54 W, 54
2026/09/08 00:14:31.319, 28467 MiB, 81920 MiB, 88 %, 105.26 W, 50
2026/09/08 00:15:01.320, 28467 MiB, 81920 MiB, 4 %, 92.78 W, 46
2026/09/08 00:15:31.324, 28467 MiB, 81920 MiB, 0 %, 71.36 W, 43
2026/09/08 00:16:01.326, 28467 MiB, 81920 MiB, 0 %, 71.21 W, 44
2026/09/08 00:16:31.327, 28467 MiB, 81920 MiB, 0 %, 88.70 W, 45
2026/09/08 00:17:01.328, 28467 MiB, 81920 MiB, 31 %, 89.57 W, 46
2026/09/08 00:17:31.329, 28467 MiB, 81920 MiB, 84 %, 287.97 W, 52
2026/09/08 00:18:01.330, 28467 MiB, 81920 MiB, 93 %, 89.29 W, 47
2026/09/08 00:18:31.336, 28467 MiB, 81920 MiB, 95 %, 308.62 W, 53
2026/09/08 00:19:01.338, 28467 MiB, 81920 MiB, 0 %, 89.66 W, 46
2026/09/08 00:19:31.340, 28467 MiB, 81920 MiB, 0 %, 89.38 W, 45
2026/09/08 00:20:01.344, 28467 MiB, 81920 MiB, 96 %, 187.51 W, 47
2026/09/08 00:20:31.346, 28467 MiB, 81920 MiB, 77 %, 257.83 W, 50
2026/09/08 00:21:01.348, 28467 MiB, 81920 MiB, 78 %, 281.73 W, 52
2026/09/08 00:21:31.349, 28467 MiB, 81920 MiB, 0 %, 88.36 W, 45
2026/09/08 00:22:01.355, 28467 MiB, 81920 MiB, 0 %, 88.79 W, 45
2026/09/08 00:22:31.356, 28467 MiB, 81920 MiB, 92 %, 90.34 W, 47
2026/09/08 00:23:01.358, 28467 MiB, 81920 MiB, 94 %, 278.79 W, 51
2026/09/08 00:23:31.359, 28467 MiB, 81920 MiB, 85 %, 90.16 W, 47
2026/09/08 00:24:01.360, 28467 MiB, 81920 MiB, 80 %, 96.78 W, 49
2026/09/08 00:24:31.362, 28467 MiB, 81920 MiB, 92 %, 95.75 W, 52
2026/09/08 00:25:01.364, 28467 MiB, 81920 MiB, 0 %, 71.80 W, 44
2026/09/08 00:25:31.366, 28467 MiB, 81920 MiB, 0 %, 88.97 W, 45
2026/09/08 00:26:01.367, 28467 MiB, 81920 MiB, 78 %, 305.73 W, 53
2026/09/08 00:26:31.367, 28467 MiB, 81920 MiB, 21 %, 288.54 W, 51
2026/09/08 00:27:01.369, 28467 MiB, 81920 MiB, 7 %, 276.14 W, 48
2026/09/08 00:27:31.370, 28467 MiB, 81920 MiB, 0 %, 88.97 W, 45
2026/09/08 00:28:01.373, 28467 MiB, 81920 MiB, 99 %, 173.86 W, 53
2026/09/08 00:28:31.375, 28467 MiB, 81920 MiB, 0 %, 70.88 W, 43
2026/09/08 00:29:01.376, 28467 MiB, 81920 MiB, 0 %, 69.61 W, 40
2026/09/08 00:29:31.376, 28467 MiB, 81920 MiB, 85 %, 89.93 W, 46
2026/09/08 00:30:01.378, 28467 MiB, 81920 MiB, 22 %, 162.72 W, 47
2026/09/08 00:30:31.379, 28467 MiB, 81920 MiB, 2 %, 88.19 W, 44
2026/09/08 00:31:01.385, 28467 MiB, 81920 MiB, 0 %, 88.46 W, 44
2026/09/08 00:31:31.387, 28467 MiB, 81920 MiB, 82 %, 184.77 W, 49
2026/09/08 00:32:01.388, 28467 MiB, 81920 MiB, 65 %, 112.16 W, 50
2026/09/08 00:32:31.392, 28467 MiB, 81920 MiB, 0 %, 71.13 W, 44
2026/09/08 00:33:01.393, 28467 MiB, 81920 MiB, 100 %, 186.91 W, 47
2026/09/08 00:33:31.395, 28467 MiB, 81920 MiB, 35 %, 111.68 W, 47
2026/09/08 00:34:01.397, 28467 MiB, 81920 MiB, 89 %, 91.54 W, 48
2026/09/08 00:34:31.399, 28467 MiB, 81920 MiB, 26 %, 92.24 W, 47
2026/09/08 00:35:01.403, 28467 MiB, 81920 MiB, 80 %, 338.81 W, 51
2026/09/08 00:35:31.406, 28467 MiB, 81920 MiB, 63 %, 117.64 W, 47
2026/09/08 00:36:01.408, 28467 MiB, 81920 MiB, 13 %, 89.57 W, 46
2026/09/08 00:36:31.409, 28467 MiB, 81920 MiB, 82 %, 106.24 W, 51
2026/09/08 00:37:01.411, 28467 MiB, 81920 MiB, 91 %, 99.11 W, 48
2026/09/08 00:37:31.412, 28467 MiB, 81920 MiB, 39 %, 90.44 W, 47
2026/09/08 00:38:01.415, 28467 MiB, 81920 MiB, 74 %, 100.41 W, 50
2026/09/08 00:38:31.417, 28467 MiB, 81920 MiB, 33 %, 88.88 W, 45
2026/09/08 00:39:01.418, 28467 MiB, 81920 MiB, 84 %, 369.23 W, 51
2026/09/08 00:39:31.419, 28467 MiB, 81920 MiB, 98 %, 306.05 W, 51
2026/09/08 00:40:01.421, 28467 MiB, 81920 MiB, 65 %, 89.57 W, 46
2026/09/08 00:40:31.422, 28467 MiB, 81920 MiB, 72 %, 253.04 W, 48
2026/09/08 00:41:01.424, 28467 MiB, 81920 MiB, 71 %, 287.67 W, 51
2026/09/08 00:41:31.426, 28467 MiB, 81920 MiB, 56 %, 109.28 W, 50
2026/09/08 00:42:01.427, 28467 MiB, 81920 MiB, 48 %, 91.22 W, 47
2026/09/08 00:42:31.435, 28467 MiB, 81920 MiB, 35 %, 88.70 W, 47
2026/09/08 00:43:01.436, 28467 MiB, 81920 MiB, 32 %, 89.74 W, 46
2026/09/08 00:43:31.438, 28467 MiB, 81920 MiB, 53 %, 287.95 W, 52
2026/09/08 00:44:01.440, 28467 MiB, 81920 MiB, 0 %, 89.57 W, 46
2026/09/08 00:44:31.442, 28467 MiB, 81920 MiB, 0 %, 95.26 W, 45
2026/09/08 00:45:01.444, 28467 MiB, 81920 MiB, 84 %, 91.03 W, 48
2026/09/08 00:45:31.445, 28467 MiB, 81920 MiB, 0 %, 89.57 W, 46
2026/09/08 00:46:01.446, 28467 MiB, 81920 MiB, 77 %, 107.92 W, 47
2026/09/08 00:46:31.447, 28467 MiB, 81920 MiB, 81 %, 232.35 W, 51
2026/09/08 00:47:01.449, 28467 MiB, 81920 MiB, 44 %, 89.06 W, 46
2026/09/08 00:47:31.450, 28467 MiB, 81920 MiB, 0 %, 88.97 W, 45
2026/09/08 00:48:01.452, 28467 MiB, 81920 MiB, 26 %, 89.29 W, 46
2026/09/08 00:48:31.453, 28467 MiB, 81920 MiB, 0 %, 295.96 W, 52
2026/09/08 00:49:01.455, 28467 MiB, 81920 MiB, 4 %, 90.02 W, 46
2026/09/08 00:49:31.457, 28467 MiB, 81920 MiB, 0 %, 309.26 W, 49
2026/09/08 00:50:01.459, 28467 MiB, 81920 MiB, 24 %, 113.24 W, 48
2026/09/08 00:50:31.460, 28467 MiB, 81920 MiB, 87 %, 105.26 W, 50
2026/09/08 00:51:01.461, 28467 MiB, 81920 MiB, 73 %, 91.03 W, 46
2026/09/08 00:51:31.462, 28467 MiB, 81920 MiB, 54 %, 89.47 W, 47
2026/09/08 00:52:01.464, 28467 MiB, 81920 MiB, 5 %, 90.62 W, 47
2026/09/08 00:52:31.466, 28467 MiB, 81920 MiB, 0 %, 89.29 W, 45
2026/09/08 00:53:01.468, 28467 MiB, 81920 MiB, 71 %, 335.45 W, 51
2026/09/08 00:53:31.469, 28467 MiB, 81920 MiB, 0 %, 72.20 W, 45
2026/09/08 00:54:01.473, 28467 MiB, 81920 MiB, 59 %, 149.90 W, 47
2026/09/08 00:54:31.474, 28467 MiB, 81920 MiB, 53 %, 90.25 W, 47
2026/09/08 00:55:01.475, 28467 MiB, 81920 MiB, 69 %, 320.37 W, 53
2026/09/08 00:55:31.477, 28467 MiB, 81920 MiB, 40 %, 277.31 W, 51
2026/09/08 00:56:01.479, 28467 MiB, 81920 MiB, 0 %, 88.70 W, 48
2026/09/08 00:56:31.481, 28467 MiB, 81920 MiB, 68 %, 139.11 W, 49
2026/09/08 00:57:01.482, 28467 MiB, 81920 MiB, 47 %, 91.35 W, 48
2026/09/08 00:57:31.483, 28467 MiB, 81920 MiB, 89 %, 108.46 W, 49
2026/09/08 00:58:01.484, 28467 MiB, 81920 MiB, 0 %, 93.42 W, 47
2026/09/08 00:58:31.489, 28467 MiB, 81920 MiB, 0 %, 76.53 W, 45
2026/09/08 00:59:01.490, 28467 MiB, 81920 MiB, 77 %, 351.48 W, 53
2026/09/08 00:59:31.492, 28467 MiB, 81920 MiB, 29 %, 136.56 W, 48
2026/09/08 01:00:01.494, 28467 MiB, 81920 MiB, 79 %, 355.73 W, 52
2026/09/08 01:00:31.496, 28467 MiB, 81920 MiB, 77 %, 176.79 W, 49
2026/09/08 01:01:01.497, 28467 MiB, 81920 MiB, 57 %, 169.83 W, 50
2026/09/08 01:01:31.498, 28467 MiB, 81920 MiB, 0 %, 88.70 W, 45
2026/09/08 01:02:01.500, 28467 MiB, 81920 MiB, 87 %, 172.25 W, 52
2026/09/08 01:02:31.501, 28467 MiB, 81920 MiB, 18 %, 147.52 W, 48
2026/09/08 01:03:01.502, 28467 MiB, 81920 MiB, 22 %, 88.60 W, 45
2026/09/08 01:03:31.503, 28467 MiB, 81920 MiB, 60 %, 105.64 W, 52
2026/09/08 01:04:01.505, 28467 MiB, 81920 MiB, 0 %, 71.53 W, 43
2026/09/08 01:04:31.506, 28467 MiB, 81920 MiB, 74 %, 90.16 W, 47
2026/09/08 01:05:01.507, 28467 MiB, 81920 MiB, 0 %, 71.53 W, 43
2026/09/08 01:05:31.508, 28467 MiB, 81920 MiB, 76 %, 303.94 W, 50
2026/09/08 01:06:01.509, 28467 MiB, 81920 MiB, 73 %, 118.24 W, 48
2026/09/08 01:06:31.511, 28467 MiB, 81920 MiB, 35 %, 88.88 W, 45
2026/09/08 01:07:01.512, 28467 MiB, 81920 MiB, 53 %, 90.16 W, 47
2026/09/08 01:07:31.520, 28467 MiB, 81920 MiB, 0 %, 71.73 W, 44
2026/09/08 01:08:01.521, 28467 MiB, 81920 MiB, 87 %, 92.59 W, 46
2026/09/08 01:08:31.522, 28467 MiB, 81920 MiB, 77 %, 89.38 W, 47
2026/09/08 01:09:01.523, 28467 MiB, 81920 MiB, 68 %, 141.62 W, 50
2026/09/08 01:09:31.524, 28467 MiB, 81920 MiB, 76 %, 151.51 W, 49
2026/09/08 01:10:01.525, 28467 MiB, 81920 MiB, 88 %, 148.70 W, 49
2026/09/08 01:10:31.526, 28467 MiB, 81920 MiB, 38 %, 112.28 W, 49
2026/09/08 01:11:01.527, 28467 MiB, 81920 MiB, 33 %, 127.69 W, 47
2026/09/08 01:11:31.533, 28467 MiB, 81920 MiB, 0 %, 88.79 W, 44
2026/09/08 01:12:01.534, 28467 MiB, 81920 MiB, 72 %, 135.21 W, 47
2026/09/08 01:12:31.535, 28467 MiB, 81920 MiB, 0 %, 89.47 W, 45
2026/09/08 01:13:01.537, 28467 MiB, 81920 MiB, 99 %, 280.57 W, 50
2026/09/08 01:13:31.539, 28467 MiB, 81920 MiB, 33 %, 300.95 W, 52
2026/09/08 01:14:01.540, 28467 MiB, 81920 MiB, 29 %, 282.35 W, 51
2026/09/08 01:14:31.542, 28467 MiB, 81920 MiB, 60 %, 89.75 W, 47
2026/09/08 01:15:01.543, 28467 MiB, 81920 MiB, 57 %, 89.57 W, 45
2026/09/08 01:15:31.544, 28467 MiB, 81920 MiB, 0 %, 88.55 W, 45
2026/09/08 01:16:01.546, 28467 MiB, 81920 MiB, 77 %, 313.66 W, 52
2026/09/08 01:16:31.547, 28467 MiB, 81920 MiB, 0 %, 88.79 W, 45
2026/09/08 01:17:01.551, 28467 MiB, 81920 MiB, 0 %, 90.12 W, 46
2026/09/08 01:17:31.553, 28467 MiB, 81920 MiB, 0 %, 71.00 W, 44
2026/09/08 01:18:01.554, 28467 MiB, 81920 MiB, 68 %, 134.95 W, 49
2026/09/08 01:18:31.555, 28467 MiB, 81920 MiB, 66 %, 110.85 W, 49
2026/09/08 01:19:01.558, 28467 MiB, 81920 MiB, 69 %, 93.42 W, 49
2026/09/08 01:19:31.560, 28467 MiB, 81920 MiB, 96 %, 138.33 W, 52
2026/09/08 01:20:01.561, 28467 MiB, 81920 MiB, 51 %, 89.75 W, 46
2026/09/08 01:20:31.566, 28467 MiB, 81920 MiB, 57 %, 93.29 W, 46
2026/09/08 01:21:01.567, 28467 MiB, 81920 MiB, 37 %, 131.28 W, 48
2026/09/08 01:21:31.568, 28467 MiB, 81920 MiB, 88 %, 308.39 W, 49
2026/09/08 01:22:01.569, 28467 MiB, 81920 MiB, 35 %, 94.29 W, 47
2026/09/08 01:22:31.575, 28467 MiB, 81920 MiB, 0 %, 88.79 W, 44
2026/09/08 01:23:01.577, 28467 MiB, 81920 MiB, 73 %, 326.62 W, 52
2026/09/08 01:23:31.579, 28467 MiB, 81920 MiB, 82 %, 303.94 W, 52
2026/09/08 01:24:01.580, 28467 MiB, 81920 MiB, 69 %, 180.73 W, 50
2026/09/08 01:24:31.591, 28467 MiB, 81920 MiB, 0 %, 71.80 W, 44
2026/09/08 01:25:01.593, 28467 MiB, 81920 MiB, 19 %, 71.08 W, 46
2026/09/08 01:25:31.594, 28467 MiB, 81920 MiB, 0 %, 88.19 W, 44
2026/09/08 01:26:01.595, 28467 MiB, 81920 MiB, 41 %, 216.98 W, 48
2026/09/08 01:26:31.596, 28467 MiB, 81920 MiB, 0 %, 71.13 W, 44
2026/09/08 01:27:01.597, 28467 MiB, 81920 MiB, 39 %, 90.25 W, 45
2026/09/08 01:27:31.598, 28467 MiB, 81920 MiB, 0 %, 88.64 W, 44
2026/09/08 01:28:01.600, 28467 MiB, 81920 MiB, 29 %, 163.22 W, 51
2026/09/08 01:28:31.602, 28467 MiB, 81920 MiB, 55 %, 147.52 W, 47
2026/09/08 01:29:01.603, 28467 MiB, 81920 MiB, 9 %, 103.57 W, 45
2026/09/08 01:29:31.605, 28467 MiB, 81920 MiB, 0 %, 70.93 W, 43
2026/09/08 01:30:01.607, 28467 MiB, 81920 MiB, 0 %, 71.08 W, 43
2026/09/08 01:30:31.610, 28467 MiB, 81920 MiB, 0 %, 88.79 W, 44
2026/09/08 01:31:01.612, 28467 MiB, 81920 MiB, 34 %, 208.40 W, 49
2026/09/08 01:31:31.613, 28467 MiB, 81920 MiB, 62 %, 98.72 W, 51
2026/09/08 01:32:01.615, 28467 MiB, 81920 MiB, 0 %, 88.79 W, 45
2026/09/08 01:32:31.616, 28467 MiB, 81920 MiB, 64 %, 89.84 W, 47
2026/09/08 01:33:01.618, 28467 MiB, 81920 MiB, 100 %, 100.31 W, 47
2026/09/08 01:33:31.619, 28467 MiB, 81920 MiB, 0 %, 70.41 W, 41
2026/09/08 01:34:01.620, 28467 MiB, 81920 MiB, 43 %, 217.08 W, 50
2026/09/08 01:34:31.621, 28467 MiB, 81920 MiB, 2 %, 88.28 W, 44
2026/09/08 01:35:01.622, 28467 MiB, 81920 MiB, 45 %, 88.97 W, 44
2026/09/08 01:35:31.624, 28467 MiB, 81920 MiB, 81 %, 346.99 W, 50
2026/09/08 01:36:01.625, 28467 MiB, 81920 MiB, 44 %, 89.38 W, 45
2026/09/08 01:36:31.626, 28467 MiB, 81920 MiB, 63 %, 121.75 W, 49
2026/09/08 01:37:01.627, 28467 MiB, 81920 MiB, 0 %, 89.06 W, 45
2026/09/08 01:37:31.629, 28467 MiB, 81920 MiB, 76 %, 91.12 W, 49
2026/09/08 01:38:01.638, 28467 MiB, 81920 MiB, 0 %, 88.97 W, 44
2026/09/08 01:38:31.642, 28467 MiB, 81920 MiB, 0 %, 70.66 W, 43
2026/09/08 01:39:01.644, 28467 MiB, 81920 MiB, 98 %, 310.08 W, 51
2026/09/08 01:39:31.645, 28467 MiB, 81920 MiB, 0 %, 88.46 W, 45
2026/09/08 01:40:01.647, 28467 MiB, 81920 MiB, 60 %, 90.16 W, 47
2026/09/08 01:40:31.648, 28467 MiB, 81920 MiB, 86 %, 270.85 W, 51
2026/09/08 01:41:01.649, 28467 MiB, 81920 MiB, 0 %, 88.97 W, 45
2026/09/08 01:41:31.651, 28467 MiB, 81920 MiB, 0 %, 88.87 W, 45
2026/09/08 01:42:01.652, 28467 MiB, 81920 MiB, 59 %, 97.05 W, 47
2026/09/08 01:42:31.653, 28467 MiB, 81920 MiB, 61 %, 92.05 W, 48
2026/09/08 01:43:01.654, 28467 MiB, 81920 MiB, 3 %, 95.36 W, 46
2026/09/08 01:43:31.655, 28467 MiB, 81920 MiB, 0 %, 89.38 W, 45
2026/09/08 01:44:01.657, 28467 MiB, 81920 MiB, 81 %, 297.99 W, 52
2026/09/08 01:44:31.658, 28467 MiB, 81920 MiB, 0 %, 89.29 W, 45
2026/09/08 01:45:01.659, 28467 MiB, 81920 MiB, 78 %, 205.20 W, 50
2026/09/08 01:45:31.660, 28467 MiB, 81920 MiB, 1 %, 88.97 W, 48
2026/09/08 01:46:01.662, 28467 MiB, 81920 MiB, 40 %, 89.57 W, 45
2026/09/08 01:46:31.663, 28467 MiB, 81920 MiB, 43 %, 124.09 W, 48
2026/09/08 01:47:01.665, 28467 MiB, 81920 MiB, 2 %, 162.03 W, 47
2026/09/08 01:47:31.665, 28467 MiB, 81920 MiB, 83 %, 261.30 W, 53
2026/09/08 01:48:01.668, 28467 MiB, 81920 MiB, 8 %, 170.28 W, 48
2026/09/08 01:48:31.669, 28467 MiB, 81920 MiB, 0 %, 88.82 W, 45
2026/09/08 01:49:01.671, 28467 MiB, 81920 MiB, 100 %, 307.23 W, 50
2026/09/08 01:49:31.672, 28467 MiB, 81920 MiB, 35 %, 88.73 W, 49
2026/09/08 01:50:01.673, 28467 MiB, 81920 MiB, 37 %, 153.16 W, 46
2026/09/08 01:50:31.676, 28467 MiB, 81920 MiB, 83 %, 167.51 W, 48
2026/09/08 01:51:01.678, 28467 MiB, 81920 MiB, 58 %, 287.11 W, 51
2026/09/08 01:51:31.680, 28467 MiB, 81920 MiB, 57 %, 223.82 W, 49
2026/09/08 01:52:01.682, 28467 MiB, 81920 MiB, 0 %, 71.83 W, 44
2026/09/08 01:52:31.686, 28467 MiB, 81920 MiB, 13 %, 99.82 W, 49
2026/09/08 01:53:01.688, 28467 MiB, 81920 MiB, 0 %, 83.46 W, 44
2026/09/08 01:53:31.689, 28467 MiB, 81920 MiB, 55 %, 90.52 W, 47
2026/09/08 01:54:01.690, 28467 MiB, 81920 MiB, 100 %, 230.89 W, 50
2026/09/08 01:54:31.691, 28467 MiB, 81920 MiB, 58 %, 321.23 W, 52
2026/09/08 01:55:01.691, 28467 MiB, 81920 MiB, 0 %, 89.66 W, 45
2026/09/08 01:55:31.693, 28467 MiB, 81920 MiB, 52 %, 89.93 W, 47
2026/09/08 01:56:01.694, 28467 MiB, 81920 MiB, 2 %, 89.74 W, 46
2026/09/08 01:56:31.696, 28467 MiB, 81920 MiB, 69 %, 127.09 W, 48
2026/09/08 01:57:01.698, 28467 MiB, 81920 MiB, 64 %, 207.26 W, 54
2026/09/08 01:57:31.699, 28467 MiB, 81920 MiB, 26 %, 92.49 W, 48
2026/09/08 01:58:01.703, 28467 MiB, 81920 MiB, 88 %, 296.55 W, 53
2026/09/08 01:58:31.704, 28467 MiB, 81920 MiB, 87 %, 196.29 W, 52
2026/09/08 01:59:01.705, 28467 MiB, 81920 MiB, 0 %, 89.57 W, 47
2026/09/08 01:59:31.707, 28467 MiB, 81920 MiB, 89 %, 125.76 W, 49
2026/09/08 02:00:01.709, 28467 MiB, 81920 MiB, 0 %, 89.84 W, 46
2026/09/08 02:00:31.711, 28467 MiB, 81920 MiB, 35 %, 118.69 W, 47
2026/09/08 02:01:01.712, 28467 MiB, 81920 MiB, 90 %, 91.54 W, 48
2026/09/08 02:01:31.713, 28467 MiB, 81920 MiB, 0 %, 71.61 W, 44
2026/09/08 02:02:01.714, 28467 MiB, 81920 MiB, 73 %, 316.91 W, 52
2026/09/08 02:02:31.715, 28467 MiB, 81920 MiB, 0 %, 89.84 W, 46
2026/09/08 02:03:01.716, 28467 MiB, 81920 MiB, 36 %, 287.35 W, 50
2026/09/08 02:03:31.717, 28467 MiB, 81920 MiB, 0 %, 89.38 W, 45
2026/09/08 02:04:01.719, 28467 MiB, 81920 MiB, 2 %, 153.59 W, 48
2026/09/08 02:04:31.721, 28467 MiB, 81920 MiB, 49 %, 219.64 W, 48
2026/09/08 02:05:01.722, 28467 MiB, 81920 MiB, 0 %, 168.21 W, 47
2026/09/08 02:05:31.724, 28467 MiB, 81920 MiB, 48 %, 260.49 W, 49
2026/09/08 02:06:01.725, 28467 MiB, 81920 MiB, 75 %, 331.06 W, 51
2026/09/08 02:06:31.727, 28467 MiB, 81920 MiB, 0 %, 90.86 W, 46
2026/09/08 02:07:01.728, 28467 MiB, 81920 MiB, 95 %, 245.73 W, 51
2026/09/08 02:07:31.734, 28467 MiB, 81920 MiB, 0 %, 89.38 W, 46
2026/09/08 02:08:01.736, 28467 MiB, 81920 MiB, 99 %, 292.66 W, 52
2026/09/08 02:08:31.738, 28467 MiB, 81920 MiB, 1 %, 90.44 W, 48
2026/09/08 02:09:01.739, 28467 MiB, 81920 MiB, 54 %, 201.82 W, 48
2026/09/08 02:09:31.741, 28467 MiB, 81920 MiB, 0 %, 89.38 W, 45
2026/09/08 02:10:01.742, 28467 MiB, 81920 MiB, 67 %, 231.24 W, 50
2026/09/08 02:10:31.744, 28467 MiB, 81920 MiB, 33 %, 221.85 W, 48
2026/09/08 02:11:01.746, 28467 MiB, 81920 MiB, 2 %, 107.44 W, 47
2026/09/08 02:11:31.751, 28467 MiB, 81920 MiB, 23 %, 185.77 W, 48
2026/09/08 02:12:01.754, 28467 MiB, 81920 MiB, 53 %, 128.62 W, 51
2026/09/08 02:12:31.756, 28467 MiB, 81920 MiB, 0 %, 88.88 W, 45
2026/09/08 02:13:01.757, 28467 MiB, 81920 MiB, 0 %, 89.66 W, 46
2026/09/08 02:13:31.759, 28467 MiB, 81920 MiB, 35 %, 163.90 W, 48
2026/09/08 02:14:01.762, 28467 MiB, 81920 MiB, 59 %, 90.22 W, 46
2026/09/08 02:14:31.763, 28467 MiB, 81920 MiB, 45 %, 88.92 W, 45
2026/09/08 02:15:01.765, 28467 MiB, 81920 MiB, 0 %, 89.52 W, 45
2026/09/08 02:15:31.766, 28467 MiB, 81920 MiB, 43 %, 89.61 W, 46
2026/09/08 02:16:01.768, 28467 MiB, 81920 MiB, 91 %, 173.59 W, 48
2026/09/08 02:16:31.769, 28467 MiB, 81920 MiB, 56 %, 140.40 W, 48
2026/09/08 02:17:01.770, 28467 MiB, 81920 MiB, 8 %, 207.62 W, 47
2026/09/08 02:17:31.771, 28467 MiB, 81920 MiB, 4 %, 221.16 W, 46
2026/09/08 02:18:01.772, 28467 MiB, 81920 MiB, 0 %, 88.73 W, 45
2026/09/08 02:18:31.774, 28467 MiB, 81920 MiB, 14 %, 89.61 W, 46
2026/09/08 02:19:01.776, 28467 MiB, 81920 MiB, 75 %, 330.04 W, 52
2026/09/08 02:19:31.777, 28467 MiB, 81920 MiB, 62 %, 93.81 W, 46
2026/09/08 02:20:01.780, 28467 MiB, 81920 MiB, 51 %, 151.80 W, 48
2026/09/08 02:20:31.782, 28467 MiB, 81920 MiB, 0 %, 89.57 W, 45
2026/09/08 02:21:01.784, 28467 MiB, 81920 MiB, 42 %, 299.22 W, 50
2026/09/08 02:21:31.785, 28467 MiB, 81920 MiB, 86 %, 90.63 W, 48
2026/09/08 02:22:01.787, 28467 MiB, 81920 MiB, 0 %, 119.18 W, 46
2026/09/08 02:22:31.789, 28467 MiB, 81920 MiB, 23 %, 89.33 W, 46
2026/09/08 02:23:01.790, 28467 MiB, 81920 MiB, 0 %, 89.24 W, 45
2026/09/08 02:23:31.792, 28467 MiB, 81920 MiB, 99 %, 141.62 W, 53
2026/09/08 02:24:01.793, 28467 MiB, 81920 MiB, 0 %, 89.29 W, 45
2026/09/08 02:24:31.794, 28467 MiB, 81920 MiB, 0 %, 88.70 W, 45
2026/09/08 02:25:01.799, 28467 MiB, 81920 MiB, 47 %, 91.45 W, 46
2026/09/08 02:25:31.801, 28467 MiB, 81920 MiB, 82 %, 105.48 W, 48
2026/09/08 02:26:01.804, 28467 MiB, 81920 MiB, 0 %, 88.79 W, 45
2026/09/08 02:26:31.805, 28467 MiB, 81920 MiB, 93 %, 247.54 W, 50
2026/09/08 02:27:01.807, 28467 MiB, 81920 MiB, 21 %, 202.33 W, 47
2026/09/08 02:27:31.808, 28467 MiB, 81920 MiB, 93 %, 315.72 W, 53
2026/09/08 02:28:01.810, 28467 MiB, 81920 MiB, 39 %, 156.26 W, 52
2026/09/08 02:28:31.812, 28467 MiB, 81920 MiB, 16 %, 89.24 W, 45
2026/09/08 02:29:01.814, 28467 MiB, 81920 MiB, 0 %, 70.73 W, 43
2026/09/08 02:29:31.815, 28467 MiB, 81920 MiB, 68 %, 115.79 W, 49
2026/09/08 02:30:01.817, 28467 MiB, 81920 MiB, 86 %, 300.05 W, 51
2026/09/08 02:30:31.818, 28467 MiB, 81920 MiB, 0 %, 88.97 W, 45
2026/09/08 02:31:01.819, 28467 MiB, 81920 MiB, 48 %, 295.32 W, 52
2026/09/08 02:31:31.821, 28467 MiB, 81920 MiB, 0 %, 88.88 W, 45
2026/09/08 02:32:01.821, 28467 MiB, 81920 MiB, 97 %, 207.75 W, 51
2026/09/08 02:32:31.823, 28467 MiB, 81920 MiB, 0 %, 71.68 W, 44
2026/09/08 02:33:01.824, 28467 MiB, 81920 MiB, 74 %, 195.69 W, 53
2026/09/08 02:33:31.826, 28467 MiB, 81920 MiB, 0 %, 71.53 W, 44
2026/09/08 02:34:01.827, 28467 MiB, 81920 MiB, 0 %, 88.79 W, 44
2026/09/08 02:34:31.828, 28467 MiB, 81920 MiB, 0 %, 88.79 W, 45
2026/09/08 02:35:01.830, 28467 MiB, 81920 MiB, 1 %, 92.92 W, 45
2026/09/08 02:35:31.831, 28467 MiB, 81920 MiB, 0 %, 89.06 W, 46
2026/09/08 02:36:01.839, 28467 MiB, 81920 MiB, 0 %, 71.61 W, 43
2026/09/08 02:36:31.842, 28467 MiB, 81920 MiB, 7 %, 286.50 W, 51
2026/09/08 02:37:01.844, 28467 MiB, 81920 MiB, 0 %, 70.93 W, 42
2026/09/08 02:37:31.845, 28467 MiB, 81920 MiB, 26 %, 180.13 W, 47
2026/09/08 02:38:01.846, 28467 MiB, 81920 MiB, 0 %, 88.36 W, 45
2026/09/08 02:38:31.848, 28467 MiB, 81920 MiB, 0 %, 88.55 W, 44
2026/09/08 02:39:01.850, 28467 MiB, 81920 MiB, 61 %, 308.30 W, 49
2026/09/08 02:39:31.851, 28467 MiB, 81920 MiB, 0 %, 88.70 W, 44
2026/09/08 02:40:01.854, 28467 MiB, 81920 MiB, 62 %, 285.31 W, 48
2026/09/08 02:40:31.855, 28467 MiB, 81920 MiB, 0 %, 71.36 W, 43
2026/09/08 02:41:01.857, 28467 MiB, 81920 MiB, 2 %, 197.83 W, 45
2026/09/08 02:41:31.860, 28467 MiB, 81920 MiB, 78 %, 212.80 W, 51
2026/09/08 02:42:01.861, 28467 MiB, 81920 MiB, 74 %, 129.89 W, 49
2026/09/08 02:42:31.862, 28467 MiB, 81920 MiB, 87 %, 91.72 W, 47
2026/09/08 02:43:01.864, 28467 MiB, 81920 MiB, 29 %, 89.84 W, 45
2026/09/08 02:43:31.866, 28467 MiB, 81920 MiB, 74 %, 90.25 W, 47
2026/09/08 02:44:01.868, 28467 MiB, 81920 MiB, 24 %, 185.58 W, 48
2026/09/08 02:44:31.869, 28467 MiB, 81920 MiB, 62 %, 92.82 W, 46
2026/09/08 02:45:01.871, 28467 MiB, 81920 MiB, 26 %, 303.91 W, 52
2026/09/08 02:45:31.872, 28467 MiB, 81920 MiB, 58 %, 89.84 W, 46
2026/09/08 02:46:01.874, 28467 MiB, 81920 MiB, 0 %, 188.31 W, 46
2026/09/08 02:46:31.875, 28467 MiB, 81920 MiB, 52 %, 89.29 W, 45
2026/09/08 02:47:01.876, 28467 MiB, 81920 MiB, 49 %, 89.38 W, 46
2026/09/08 02:47:31.877, 28467 MiB, 81920 MiB, 48 %, 89.93 W, 46
2026/09/08 02:48:01.879, 28467 MiB, 81920 MiB, 40 %, 89.06 W, 45
2026/09/08 02:48:31.880, 28467 MiB, 81920 MiB, 52 %, 281.46 W, 51
2026/09/08 02:49:01.881, 28467 MiB, 81920 MiB, 58 %, 89.84 W, 48
2026/09/08 02:49:31.882, 28467 MiB, 81920 MiB, 10 %, 308.12 W, 51
2026/09/08 02:50:01.883, 28467 MiB, 81920 MiB, 60 %, 109.28 W, 48
2026/09/08 02:50:31.884, 28467 MiB, 81920 MiB, 0 %, 88.70 W, 45
2026/09/08 02:51:01.885, 28467 MiB, 81920 MiB, 2 %, 91.96 W, 46
2026/09/08 02:51:31.886, 28467 MiB, 81920 MiB, 1 %, 94.29 W, 46
2026/09/08 02:52:01.888, 28467 MiB, 81920 MiB, 0 %, 89.15 W, 45
2026/09/08 02:52:31.890, 28467 MiB, 81920 MiB, 68 %, 134.48 W, 52
2026/09/08 02:53:01.891, 28467 MiB, 81920 MiB, 31 %, 92.32 W, 50
2026/09/08 02:53:31.893, 28467 MiB, 81920 MiB, 70 %, 211.17 W, 47
2026/09/08 02:54:01.896, 28467 MiB, 81920 MiB, 0 %, 88.55 W, 44
2026/09/08 02:54:31.897, 28467 MiB, 81920 MiB, 35 %, 137.02 W, 48
2026/09/08 02:55:01.899, 28467 MiB, 81920 MiB, 52 %, 89.15 W, 46
2026/09/08 02:55:31.901, 28467 MiB, 81920 MiB, 77 %, 97.15 W, 50
2026/09/08 02:56:01.902, 28467 MiB, 81920 MiB, 70 %, 115.31 W, 49
2026/09/08 02:56:31.903, 28467 MiB, 81920 MiB, 12 %, 97.28 W, 49
2026/09/08 02:57:01.905, 28467 MiB, 81920 MiB, 0 %, 88.79 W, 45
2026/09/08 02:57:31.906, 28467 MiB, 81920 MiB, 30 %, 251.98 W, 50
2026/09/08 02:58:01.912, 28467 MiB, 81920 MiB, 61 %, 89.29 W, 46
2026/09/08 02:58:31.913, 28467 MiB, 81920 MiB, 0 %, 88.70 W, 45
2026/09/08 02:59:01.915, 28467 MiB, 81920 MiB, 0 %, 88.46 W, 45
2026/09/08 02:59:31.916, 28467 MiB, 81920 MiB, 0 %, 89.57 W, 46
2026/09/08 03:00:01.917, 28467 MiB, 81920 MiB, 85 %, 249.26 W, 50
2026/09/08 03:00:31.920, 28467 MiB, 81920 MiB, 87 %, 167.51 W, 53
2026/09/08 03:01:01.922, 28467 MiB, 81920 MiB, 84 %, 191.69 W, 55
2026/09/08 03:01:31.924, 28467 MiB, 81920 MiB, 82 %, 141.00 W, 50
2026/09/08 03:02:01.925, 28467 MiB, 81920 MiB, 15 %, 89.85 W, 46
2026/09/08 03:02:31.927, 28467 MiB, 81920 MiB, 0 %, 71.88 W, 45
2026/09/08 03:03:01.928, 28467 MiB, 81920 MiB, 0 %, 90.16 W, 45
2026/09/08 03:03:31.929, 28467 MiB, 81920 MiB, 35 %, 90.86 W, 48
2026/09/08 03:04:01.931, 28467 MiB, 81920 MiB, 89 %, 93.79 W, 53
2026/09/08 03:04:31.932, 28467 MiB, 81920 MiB, 73 %, 273.79 W, 49
2026/09/08 03:05:01.933, 28467 MiB, 81920 MiB, 4 %, 89.94 W, 46
2026/09/08 03:05:31.935, 28467 MiB, 81920 MiB, 13 %, 107.11 W, 47
2026/09/08 03:06:01.937, 28467 MiB, 81920 MiB, 0 %, 89.75 W, 46
2026/09/08 03:06:31.938, 28467 MiB, 81920 MiB, 58 %, 142.94 W, 49
2026/09/08 03:07:01.941, 28467 MiB, 81920 MiB, 82 %, 93.69 W, 48
2026/09/08 03:07:31.943, 28467 MiB, 81920 MiB, 80 %, 208.35 W, 49
2026/09/08 03:08:01.945, 28467 MiB, 81920 MiB, 0 %, 88.88 W, 45
2026/09/08 03:08:31.946, 28467 MiB, 81920 MiB, 4 %, 89.38 W, 46
2026/09/08 03:09:01.948, 28467 MiB, 81920 MiB, 32 %, 118.49 W, 47
2026/09/08 03:09:31.949, 28467 MiB, 81920 MiB, 48 %, 112.80 W, 47
2026/09/08 03:10:01.950, 28467 MiB, 81920 MiB, 57 %, 308.90 W, 50
2026/09/08 03:10:31.952, 28467 MiB, 81920 MiB, 0 %, 89.29 W, 45
2026/09/08 03:11:01.954, 28467 MiB, 81920 MiB, 19 %, 143.96 W, 47
2026/09/08 03:11:31.955, 28467 MiB, 81920 MiB, 55 %, 88.60 W, 45
2026/09/08 03:12:01.957, 28467 MiB, 81920 MiB, 19 %, 158.92 W, 47
2026/09/08 03:12:31.958, 28467 MiB, 81920 MiB, 0 %, 88.36 W, 44
2026/09/08 03:13:01.960, 28467 MiB, 81920 MiB, 78 %, 117.37 W, 49
2026/09/08 03:13:31.962, 28467 MiB, 81920 MiB, 0 %, 89.38 W, 46
2026/09/08 03:14:01.965, 28467 MiB, 81920 MiB, 100 %, 324.31 W, 50
2026/09/08 03:14:31.967, 28467 MiB, 81920 MiB, 87 %, 126.22 W, 52
2026/09/08 03:15:01.969, 28467 MiB, 81920 MiB, 63 %, 180.64 W, 48
2026/09/08 03:15:31.970, 28467 MiB, 81920 MiB, 0 %, 88.87 W, 45
2026/09/08 03:16:01.971, 28467 MiB, 81920 MiB, 72 %, 89.66 W, 47
2026/09/08 03:16:31.973, 28467 MiB, 81920 MiB, 0 %, 88.97 W, 45
2026/09/08 03:17:01.974, 28467 MiB, 81920 MiB, 2 %, 221.06 W, 48
2026/09/08 03:17:31.975, 28467 MiB, 81920 MiB, 100 %, 239.44 W, 47
2026/09/08 03:18:01.976, 28467 MiB, 81920 MiB, 81 %, 99.72 W, 48
2026/09/08 03:18:31.978, 28467 MiB, 81920 MiB, 89 %, 285.28 W, 50
2026/09/08 03:19:01.979, 28467 MiB, 81920 MiB, 4 %, 88.55 W, 45
2026/09/08 03:19:31.984, 28467 MiB, 81920 MiB, 87 %, 357.39 W, 50
2026/09/08 03:20:01.987, 28467 MiB, 81920 MiB, 0 %, 90.12 W, 46
2026/09/08 03:20:31.988, 28467 MiB, 81920 MiB, 0 %, 88.73 W, 45
2026/09/08 03:21:01.989, 28467 MiB, 81920 MiB, 0 %, 88.73 W, 45
2026/09/08 03:21:31.991, 28467 MiB, 81920 MiB, 0 %, 88.36 W, 45
2026/09/08 03:22:01.992, 28467 MiB, 81920 MiB, 0 %, 88.97 W, 45
2026/09/08 03:22:32.002, 28467 MiB, 81920 MiB, 86 %, 89.66 W, 47
2026/09/08 03:23:02.003, 28467 MiB, 81920 MiB, 4 %, 90.16 W, 46
2026/09/08 03:23:32.004, 28467 MiB, 81920 MiB, 28 %, 118.57 W, 48
2026/09/08 03:24:02.006, 28467 MiB, 81920 MiB, 28 %, 95.68 W, 48
2026/09/08 03:24:32.008, 28467 MiB, 81920 MiB, 10 %, 71.95 W, 43
2026/09/08 03:25:02.009, 28467 MiB, 81920 MiB, 87 %, 118.69 W, 50
2026/09/08 03:25:32.010, 28467 MiB, 81920 MiB, 75 %, 289.71 W, 50
2026/09/08 03:26:02.012, 28467 MiB, 81920 MiB, 72 %, 150.61 W, 46
2026/09/08 03:26:32.013, 28467 MiB, 81920 MiB, 0 %, 89.84 W, 49
2026/09/08 03:27:02.014, 28467 MiB, 81920 MiB, 0 %, 88.27 W, 44
2026/09/08 03:27:32.015, 28467 MiB, 81920 MiB, 0 %, 88.79 W, 45
2026/09/08 03:28:02.016, 28467 MiB, 81920 MiB, 27 %, 178.26 W, 46
2026/09/08 03:28:32.020, 28467 MiB, 81920 MiB, 41 %, 118.96 W, 49
2026/09/08 03:29:02.022, 28467 MiB, 81920 MiB, 0 %, 88.97 W, 45
2026/09/08 03:29:32.024, 28467 MiB, 81920 MiB, 83 %, 90.07 W, 47
2026/09/08 03:30:02.025, 28467 MiB, 81920 MiB, 0 %, 88.79 W, 45
2026/09/08 03:30:32.026, 28467 MiB, 81920 MiB, 12 %, 274.69 W, 49
2026/09/08 03:31:02.028, 28467 MiB, 81920 MiB, 0 %, 71.21 W, 43
2026/09/08 03:31:32.029, 28467 MiB, 81920 MiB, 1 %, 88.36 W, 47
2026/09/08 03:32:02.030, 28467 MiB, 81920 MiB, 2 %, 96.58 W, 44
2026/09/08 03:32:32.031, 28467 MiB, 81920 MiB, 0 %, 71.28 W, 44
2026/09/08 03:33:02.033, 28467 MiB, 81920 MiB, 73 %, 89.57 W, 46
2026/09/08 03:33:32.034, 28467 MiB, 81920 MiB, 0 %, 88.70 W, 45
2026/09/08 03:34:02.035, 28467 MiB, 81920 MiB, 14 %, 115.31 W, 49
2026/09/08 03:34:32.037, 28467 MiB, 81920 MiB, 82 %, 120.75 W, 49
2026/09/08 03:35:02.039, 28467 MiB, 81920 MiB, 54 %, 89.75 W, 46
2026/09/08 03:35:32.040, 28467 MiB, 81920 MiB, 95 %, 107.11 W, 49
2026/09/08 03:36:02.042, 28467 MiB, 81920 MiB, 92 %, 91.96 W, 48
2026/09/08 03:36:32.043, 28467 MiB, 81920 MiB, 32 %, 188.31 W, 47
2026/09/08 03:37:02.044, 28467 MiB, 81920 MiB, 91 %, 109.39 W, 51
2026/09/08 03:37:32.045, 28467 MiB, 81920 MiB, 66 %, 90.86 W, 47
2026/09/08 03:38:02.047, 28467 MiB, 81920 MiB, 73 %, 233.04 W, 49
2026/09/08 03:38:32.052, 28467 MiB, 81920 MiB, 0 %, 88.88 W, 45
2026/09/08 03:39:02.057, 28467 MiB, 81920 MiB, 0 %, 89.38 W, 45
2026/09/08 03:39:32.059, 28467 MiB, 81920 MiB, 21 %, 90.02 W, 47
2026/09/08 03:40:02.060, 28467 MiB, 81920 MiB, 88 %, 269.34 W, 51
2026/09/08 03:40:32.062, 28467 MiB, 81920 MiB, 74 %, 227.99 W, 52
2026/09/08 03:41:02.063, 28467 MiB, 81920 MiB, 100 %, 400.83 W, 61
2026/09/08 03:41:32.067, 28467 MiB, 81920 MiB, 0 %, 70.14 W, 41
2026/09/08 03:42:02.069, 28467 MiB, 81920 MiB, 0 %, 87.77 W, 43
2026/09/08 03:42:32.070, 28467 MiB, 81920 MiB, 82 %, 258.70 W, 49
2026/09/08 03:43:02.072, 28467 MiB, 81920 MiB, 56 %, 112.65 W, 50
2026/09/08 03:43:32.074, 28467 MiB, 81920 MiB, 48 %, 213.83 W, 48
2026/09/08 03:44:02.075, 28467 MiB, 81920 MiB, 85 %, 89.93 W, 47
2026/09/08 03:44:32.076, 28467 MiB, 81920 MiB, 72 %, 96.78 W, 46
2026/09/08 03:45:02.078, 28467 MiB, 81920 MiB, 86 %, 97.92 W, 48
2026/09/08 03:45:32.079, 28467 MiB, 81920 MiB, 33 %, 103.25 W, 48
2026/09/08 03:46:02.081, 28467 MiB, 81920 MiB, 94 %, 256.64 W, 52
2026/09/08 03:46:32.083, 28467 MiB, 81920 MiB, 72 %, 89.15 W, 45
2026/09/08 03:47:02.084, 28467 MiB, 81920 MiB, 16 %, 101.78 W, 47
2026/09/08 03:47:32.088, 28467 MiB, 81920 MiB, 62 %, 106.73 W, 47
2026/09/08 03:48:02.089, 28467 MiB, 81920 MiB, 32 %, 90.35 W, 46
2026/09/08 03:48:32.091, 28467 MiB, 81920 MiB, 59 %, 148.87 W, 51
2026/09/08 03:49:02.093, 28467 MiB, 81920 MiB, 0 %, 89.29 W, 45
2026/09/08 03:49:32.094, 28467 MiB, 81920 MiB, 98 %, 304.18 W, 52
2026/09/08 03:50:02.095, 28467 MiB, 81920 MiB, 81 %, 370.08 W, 52
2026/09/08 03:50:32.096, 28467 MiB, 81920 MiB, 99 %, 303.58 W, 52
2026/09/08 03:51:02.098, 28467 MiB, 81920 MiB, 42 %, 113.91 W, 48
2026/09/08 03:51:32.099, 28467 MiB, 81920 MiB, 2 %, 228.55 W, 46
2026/09/08 03:52:02.100, 28467 MiB, 81920 MiB, 4 %, 89.06 W, 45
2026/09/08 03:52:32.102, 28467 MiB, 81920 MiB, 30 %, 255.77 W, 49
2026/09/08 03:53:02.103, 28467 MiB, 81920 MiB, 63 %, 89.84 W, 46
2026/09/08 03:53:32.107, 28467 MiB, 81920 MiB, 0 %, 91.03 W, 45
2026/09/08 03:54:02.108, 28467 MiB, 81920 MiB, 1 %, 288.54 W, 50
2026/09/08 03:54:32.114, 28467 MiB, 81920 MiB, 55 %, 103.36 W, 47
2026/09/08 03:55:02.115, 28467 MiB, 81920 MiB, 38 %, 124.56 W, 47
2026/09/08 03:55:32.117, 28467 MiB, 81920 MiB, 58 %, 89.57 W, 46
2026/09/08 03:56:02.119, 28467 MiB, 81920 MiB, 0 %, 89.47 W, 46
2026/09/08 03:56:32.121, 28467 MiB, 81920 MiB, 92 %, 91.03 W, 48
2026/09/08 03:57:02.123, 28467 MiB, 81920 MiB, 78 %, 290.01 W, 49
2026/09/08 03:57:32.124, 28467 MiB, 81920 MiB, 90 %, 234.15 W, 50
2026/09/08 03:58:02.125, 28467 MiB, 81920 MiB, 57 %, 282.05 W, 49
2026/09/08 03:58:32.127, 28467 MiB, 81920 MiB, 12 %, 306.00 W, 52
2026/09/08 03:59:02.128, 28467 MiB, 81920 MiB, 31 %, 123.22 W, 49
2026/09/08 03:59:32.129, 28467 MiB, 81920 MiB, 16 %, 277.60 W, 49
2026/09/08 04:00:02.130, 28467 MiB, 81920 MiB, 17 %, 243.92 W, 47
2026/09/08 04:00:32.133, 28467 MiB, 81920 MiB, 30 %, 120.31 W, 49
2026/09/08 04:01:02.135, 28467 MiB, 81920 MiB, 33 %, 284.99 W, 47
2026/09/08 04:01:32.139, 28467 MiB, 81920 MiB, 0 %, 71.61 W, 44
2026/09/08 04:02:02.141, 28467 MiB, 81920 MiB, 74 %, 171.29 W, 51
2026/09/08 04:02:32.143, 28467 MiB, 81920 MiB, 0 %, 90.52 W, 49
2026/09/08 04:03:02.144, 28467 MiB, 81920 MiB, 31 %, 122.10 W, 50
2026/09/08 04:03:32.146, 28467 MiB, 81920 MiB, 84 %, 308.94 W, 54
2026/09/08 04:04:02.147, 28467 MiB, 81920 MiB, 92 %, 204.06 W, 52
2026/09/08 04:04:32.148, 28467 MiB, 81920 MiB, 0 %, 89.06 W, 45
2026/09/08 04:05:02.150, 28467 MiB, 81920 MiB, 47 %, 89.47 W, 46
2026/09/08 04:05:32.151, 28467 MiB, 81920 MiB, 88 %, 208.13 W, 51
2026/09/08 04:06:02.152, 28467 MiB, 81920 MiB, 57 %, 89.66 W, 47
2026/09/08 04:06:32.154, 28467 MiB, 81920 MiB, 9 %, 90.12 W, 47
2026/09/08 04:07:02.155, 28467 MiB, 81920 MiB, 94 %, 309.86 W, 52
2026/09/08 04:07:32.156, 28467 MiB, 81920 MiB, 43 %, 89.84 W, 49
2026/09/08 04:08:02.157, 28467 MiB, 81920 MiB, 56 %, 108.03 W, 48
2026/09/08 04:08:32.159, 28467 MiB, 81920 MiB, 95 %, 367.92 W, 53
2026/09/08 04:09:02.161, 28467 MiB, 81920 MiB, 57 %, 247.46 W, 48
2026/09/08 04:09:32.162, 28467 MiB, 81920 MiB, 16 %, 117.37 W, 48
2026/09/08 04:10:02.163, 28467 MiB, 81920 MiB, 53 %, 114.50 W, 50
2026/09/08 04:10:32.164, 28467 MiB, 81920 MiB, 23 %, 300.43 W, 50
2026/09/08 04:11:02.165, 28467 MiB, 81920 MiB, 0 %, 124.06 W, 47
2026/09/08 04:11:32.166, 28467 MiB, 81920 MiB, 78 %, 134.03 W, 48
2026/09/08 04:12:02.168, 28467 MiB, 81920 MiB, 40 %, 93.07 W, 49
2026/09/08 04:12:32.169, 28467 MiB, 81920 MiB, 4 %, 89.43 W, 46
2026/09/08 04:13:02.171, 28467 MiB, 81920 MiB, 0 %, 88.46 W, 45
2026/09/08 04:13:32.173, 28467 MiB, 81920 MiB, 100 %, 311.65 W, 50
2026/09/08 04:14:02.175, 28467 MiB, 81920 MiB, 0 %, 88.97 W, 46
2026/09/08 04:14:32.177, 28467 MiB, 81920 MiB, 0 %, 88.79 W, 44
2026/09/08 04:15:02.178, 28467 MiB, 81920 MiB, 0 %, 87.95 W, 44
2026/09/08 04:15:32.179, 28467 MiB, 81920 MiB, 0 %, 88.55 W, 44
2026/09/08 04:16:02.180, 28467 MiB, 81920 MiB, 35 %, 90.94 W, 47
2026/09/08 04:16:32.182, 28467 MiB, 81920 MiB, 54 %, 90.07 W, 47
2026/09/08 04:17:02.186, 28467 MiB, 81920 MiB, 9 %, 89.66 W, 46
2026/09/08 04:17:32.188, 28467 MiB, 81920 MiB, 74 %, 97.82 W, 49
2026/09/08 04:18:02.189, 28467 MiB, 81920 MiB, 0 %, 89.75 W, 45
2026/09/08 04:18:32.190, 28467 MiB, 81920 MiB, 41 %, 199.13 W, 47
2026/09/08 04:19:02.191, 28467 MiB, 81920 MiB, 0 %, 89.20 W, 45
2026/09/08 04:19:32.193, 28467 MiB, 81920 MiB, 48 %, 89.29 W, 46
2026/09/08 04:20:02.195, 28467 MiB, 81920 MiB, 0 %, 88.79 W, 45
2026/09/08 04:20:32.197, 28467 MiB, 81920 MiB, 0 %, 71.00 W, 44
2026/09/08 04:21:02.199, 28467 MiB, 81920 MiB, 4 %, 89.06 W, 45
2026/09/08 04:21:32.201, 28467 MiB, 81920 MiB, 0 %, 88.70 W, 44
2026/09/08 04:22:02.204, 28467 MiB, 81920 MiB, 54 %, 118.96 W, 47
2026/09/08 04:22:32.206, 28467 MiB, 81920 MiB, 81 %, 196.29 W, 50
2026/09/08 04:23:02.208, 28467 MiB, 81920 MiB, 78 %, 315.66 W, 51
2026/09/08 04:23:32.209, 28467 MiB, 81920 MiB, 22 %, 102.38 W, 48
2026/09/08 04:24:02.210, 28467 MiB, 81920 MiB, 0 %, 88.36 W, 45
2026/09/08 04:24:32.211, 28467 MiB, 81920 MiB, 42 %, 91.35 W, 47
2026/09/08 04:25:02.214, 28467 MiB, 81920 MiB, 69 %, 90.25 W, 50
2026/09/08 04:25:32.217, 28467 MiB, 81920 MiB, 0 %, 90.16 W, 46
2026/09/08 04:26:02.218, 28467 MiB, 81920 MiB, 60 %, 187.51 W, 50
2026/09/08 04:26:32.219, 28467 MiB, 81920 MiB, 78 %, 140.85 W, 50
2026/09/08 04:27:02.220, 28467 MiB, 81920 MiB, 19 %, 286.18 W, 51
2026/09/08 04:27:32.221, 28467 MiB, 81920 MiB, 56 %, 246.58 W, 49
2026/09/08 04:28:02.222, 28467 MiB, 81920 MiB, 0 %, 88.87 W, 45
2026/09/08 04:28:32.223, 28467 MiB, 81920 MiB, 32 %, 114.38 W, 48
2026/09/08 04:29:02.224, 28467 MiB, 81920 MiB, 53 %, 89.84 W, 47
2026/09/08 04:29:32.225, 28467 MiB, 81920 MiB, 74 %, 286.48 W, 52
2026/09/08 04:30:02.226, 28467 MiB, 81920 MiB, 65 %, 89.93 W, 46
2026/09/08 04:30:32.228, 28467 MiB, 81920 MiB, 0 %, 89.57 W, 45
2026/09/08 04:31:02.229, 28467 MiB, 81920 MiB, 3 %, 137.76 W, 49
2026/09/08 04:31:32.231, 28467 MiB, 81920 MiB, 53 %, 89.66 W, 46
2026/09/08 04:32:02.233, 28467 MiB, 81920 MiB, 85 %, 287.05 W, 51
2026/09/08 04:32:32.235, 28467 MiB, 81920 MiB, 76 %, 306.55 W, 51
2026/09/08 04:33:02.237, 28467 MiB, 81920 MiB, 0 %, 90.24 W, 45
2026/09/08 04:33:32.240, 28467 MiB, 81920 MiB, 13 %, 71.53 W, 43
2026/09/08 04:34:02.243, 28467 MiB, 81920 MiB, 32 %, 150.29 W, 48
2026/09/08 04:34:32.244, 28467 MiB, 81920 MiB, 29 %, 245.73 W, 47
2026/09/08 04:35:02.248, 28467 MiB, 81920 MiB, 45 %, 89.85 W, 46
2026/09/08 04:35:32.249, 28467 MiB, 81920 MiB, 44 %, 305.95 W, 52
2026/09/08 04:36:02.251, 28467 MiB, 81920 MiB, 70 %, 184.77 W, 47
2026/09/08 04:36:32.258, 28467 MiB, 81920 MiB, 67 %, 102.27 W, 49
2026/09/08 04:37:02.260, 28467 MiB, 81920 MiB, 0 %, 94.71 W, 45
2026/09/08 04:37:32.262, 28467 MiB, 81920 MiB, 44 %, 89.74 W, 46
2026/09/08 04:38:02.272, 28467 MiB, 81920 MiB, 0 %, 88.79 W, 44
2026/09/08 04:38:32.274, 28467 MiB, 81920 MiB, 79 %, 89.20 W, 46
2026/09/08 04:39:02.275, 28467 MiB, 81920 MiB, 82 %, 176.52 W, 51
2026/09/08 04:39:32.277, 28467 MiB, 81920 MiB, 0 %, 209.92 W, 47
2026/09/08 04:40:02.278, 28467 MiB, 81920 MiB, 39 %, 107.21 W, 47
2026/09/08 04:40:32.279, 28467 MiB, 81920 MiB, 78 %, 89.38 W, 46
2026/09/08 04:41:02.281, 28467 MiB, 81920 MiB, 84 %, 206.94 W, 51
2026/09/08 04:41:32.282, 28467 MiB, 81920 MiB, 44 %, 240.08 W, 48
2026/09/08 04:42:02.284, 28467 MiB, 81920 MiB, 0 %, 88.10 W, 44
2026/09/08 04:42:32.286, 28467 MiB, 81920 MiB, 32 %, 128.02 W, 47
2026/09/08 04:43:02.287, 28467 MiB, 81920 MiB, 94 %, 178.59 W, 48
2026/09/08 04:43:32.288, 28467 MiB, 81920 MiB, 91 %, 110.21 W, 52
2026/09/08 04:44:02.289, 28467 MiB, 81920 MiB, 0 %, 71.00 W, 43
2026/09/08 04:44:32.299, 28467 MiB, 81920 MiB, 0 %, 71.00 W, 43
2026/09/08 04:45:02.301, 28467 MiB, 81920 MiB, 46 %, 225.57 W, 48
2026/09/08 04:45:32.302, 28467 MiB, 81920 MiB, 0 %, 71.00 W, 42
2026/09/08 04:46:02.303, 28467 MiB, 81920 MiB, 0 %, 70.14 W, 40
2026/09/08 04:46:32.307, 28467 MiB, 81920 MiB, 44 %, 88.19 W, 44
2026/09/08 04:47:02.308, 28467 MiB, 81920 MiB, 84 %, 286.21 W, 50
2026/09/08 04:47:32.310, 28467 MiB, 81920 MiB, 0 %, 88.19 W, 44
2026/09/08 04:48:02.312, 28467 MiB, 81920 MiB, 73 %, 310.36 W, 50
2026/09/08 04:48:32.313, 28467 MiB, 81920 MiB, 83 %, 157.29 W, 49
2026/09/08 04:49:02.314, 28467 MiB, 81920 MiB, 0 %, 70.73 W, 42
2026/09/08 04:49:32.315, 28467 MiB, 81920 MiB, 92 %, 89.29 W, 45
2026/09/08 04:50:02.316, 28467 MiB, 81920 MiB, 0 %, 70.73 W, 43
2026/09/08 04:50:32.317, 28467 MiB, 81920 MiB, 17 %, 302.11 W, 51
2026/09/08 04:51:02.319, 28467 MiB, 81920 MiB, 0 %, 87.91 W, 44
2026/09/08 04:51:32.321, 28467 MiB, 81920 MiB, 0 %, 227.72 W, 46
2026/09/08 04:52:02.322, 28467 MiB, 81920 MiB, 0 %, 88.19 W, 44
2026/09/08 04:52:32.324, 28467 MiB, 81920 MiB, 9 %, 199.07 W, 46
2026/09/08 04:53:02.325, 28467 MiB, 81920 MiB, 0 %, 88.79 W, 45
2026/09/08 04:53:32.326, 28467 MiB, 81920 MiB, 0 %, 215.47 W, 48
2026/09/08 04:54:02.328, 28467 MiB, 81920 MiB, 80 %, 166.32 W, 49
2026/09/08 04:54:32.329, 28467 MiB, 81920 MiB, 6 %, 296.53 W, 52
2026/09/08 04:55:02.330, 28467 MiB, 81920 MiB, 71 %, 150.89 W, 50
2026/09/08 04:55:32.331, 28467 MiB, 81920 MiB, 47 %, 308.58 W, 52
2026/09/08 04:56:02.333, 28467 MiB, 81920 MiB, 0 %, 88.97 W, 45
2026/09/08 04:56:32.335, 28467 MiB, 81920 MiB, 2 %, 88.79 W, 45
2026/09/08 04:57:02.335, 28467 MiB, 81920 MiB, 0 %, 88.36 W, 45
2026/09/08 04:57:32.339, 28467 MiB, 81920 MiB, 67 %, 90.81 W, 48
2026/09/08 04:58:02.341, 28467 MiB, 81920 MiB, 75 %, 90.30 W, 46
2026/09/08 04:58:32.342, 28467 MiB, 81920 MiB, 0 %, 88.79 W, 45
2026/09/08 04:59:02.343, 28467 MiB, 81920 MiB, 63 %, 287.97 W, 52
2026/09/08 04:59:32.345, 28467 MiB, 81920 MiB, 18 %, 209.32 W, 46
2026/09/08 05:00:02.346, 28467 MiB, 81920 MiB, 79 %, 330.56 W, 52
2026/09/08 05:00:32.347, 28467 MiB, 81920 MiB, 20 %, 90.35 W, 48
2026/09/08 05:01:02.349, 28467 MiB, 81920 MiB, 0 %, 88.55 W, 45
2026/09/08 05:01:32.350, 28467 MiB, 81920 MiB, 0 %, 72.20 W, 44
2026/09/08 05:02:02.351, 28467 MiB, 81920 MiB, 85 %, 107.59 W, 49
2026/09/08 05:02:32.353, 28467 MiB, 81920 MiB, 1 %, 123.29 W, 47
2026/09/08 05:03:02.354, 28467 MiB, 81920 MiB, 85 %, 291.52 W, 53
2026/09/08 05:03:32.356, 28467 MiB, 81920 MiB, 58 %, 88.97 W, 45
2026/09/08 05:04:02.358, 28467 MiB, 81920 MiB, 28 %, 187.30 W, 48
2026/09/08 05:04:32.360, 28467 MiB, 81920 MiB, 26 %, 114.26 W, 47
2026/09/08 05:05:02.361, 28467 MiB, 81920 MiB, 78 %, 232.08 W, 51
2026/09/08 05:05:32.364, 28467 MiB, 81920 MiB, 0 %, 71.21 W, 44
2026/09/08 05:06:02.366, 28467 MiB, 81920 MiB, 86 %, 182.71 W, 49
2026/09/08 05:06:32.367, 28467 MiB, 81920 MiB, 0 %, 89.06 W, 45
2026/09/08 05:07:02.368, 28467 MiB, 81920 MiB, 2 %, 89.57 W, 46
2026/09/08 05:07:32.370, 28467 MiB, 81920 MiB, 85 %, 97.05 W, 49
2026/09/08 05:08:02.373, 28467 MiB, 81920 MiB, 0 %, 88.70 W, 45
2026/09/08 05:08:32.374, 28467 MiB, 81920 MiB, 0 %, 92.49 W, 47
2026/09/08 05:09:02.376, 28467 MiB, 81920 MiB, 87 %, 90.76 W, 49
2026/09/08 05:09:32.376, 28467 MiB, 81920 MiB, 44 %, 91.03 W, 50
2026/09/08 05:10:02.378, 28467 MiB, 81920 MiB, 56 %, 91.96 W, 50
2026/09/08 05:10:32.379, 28467 MiB, 81920 MiB, 0 %, 88.87 W, 45
2026/09/08 05:11:02.380, 28467 MiB, 81920 MiB, 3 %, 273.50 W, 48
2026/09/08 05:11:32.381, 28467 MiB, 81920 MiB, 72 %, 90.67 W, 47
2026/09/08 05:12:02.383, 28467 MiB, 81920 MiB, 85 %, 92.73 W, 49
2026/09/08 05:12:32.385, 28467 MiB, 81920 MiB, 44 %, 97.65 W, 49
2026/09/08 05:13:02.387, 28467 MiB, 81920 MiB, 84 %, 361.19 W, 51
2026/09/08 05:13:32.388, 28467 MiB, 81920 MiB, 76 %, 107.21 W, 49
2026/09/08 05:14:02.390, 28467 MiB, 81920 MiB, 38 %, 287.05 W, 48
2026/09/08 05:14:32.391, 28467 MiB, 81920 MiB, 37 %, 71.61 W, 44
2026/09/08 05:15:02.393, 28467 MiB, 81920 MiB, 30 %, 89.93 W, 46
2026/09/08 05:15:32.394, 28467 MiB, 81920 MiB, 3 %, 89.38 W, 46
2026/09/08 05:16:02.395, 28467 MiB, 81920 MiB, 0 %, 71.80 W, 45
2026/09/08 05:16:32.397, 28467 MiB, 81920 MiB, 9 %, 89.38 W, 46
2026/09/08 05:17:02.398, 28467 MiB, 81920 MiB, 0 %, 72.05 W, 45
2026/09/08 05:17:32.400, 28467 MiB, 81920 MiB, 95 %, 125.36 W, 50
2026/09/08 05:18:02.401, 28467 MiB, 81920 MiB, 0 %, 89.20 W, 46
2026/09/08 05:18:32.409, 28467 MiB, 81920 MiB, 65 %, 223.27 W, 51
2026/09/08 05:19:02.411, 28467 MiB, 81920 MiB, 83 %, 186.37 W, 48
2026/09/08 05:19:32.418, 28467 MiB, 81920 MiB, 71 %, 258.37 W, 50
2026/09/08 05:20:02.419, 28467 MiB, 81920 MiB, 40 %, 187.84 W, 46
2026/09/08 05:20:32.423, 28467 MiB, 81920 MiB, 78 %, 224.96 W, 48
2026/09/08 05:21:02.425, 28467 MiB, 81920 MiB, 38 %, 202.54 W, 48
2026/09/08 05:21:32.428, 28467 MiB, 81920 MiB, 0 %, 88.97 W, 45
2026/09/08 05:22:02.430, 28467 MiB, 81920 MiB, 52 %, 90.43 W, 47
2026/09/08 05:22:32.431, 28467 MiB, 81920 MiB, 51 %, 162.03 W, 51
2026/09/08 05:23:02.433, 28467 MiB, 81920 MiB, 47 %, 282.64 W, 48
2026/09/08 05:23:32.434, 28467 MiB, 81920 MiB, 28 %, 281.18 W, 52
2026/09/08 05:24:02.436, 28467 MiB, 81920 MiB, 0 %, 89.47 W, 46
2026/09/08 05:24:32.438, 28467 MiB, 81920 MiB, 0 %, 88.46 W, 44
2026/09/08 05:25:02.439, 28467 MiB, 81920 MiB, 54 %, 307.80 W, 52
2026/09/08 05:25:32.441, 28467 MiB, 81920 MiB, 77 %, 94.71 W, 49
2026/09/08 05:26:02.442, 28467 MiB, 81920 MiB, 51 %, 281.45 W, 50
2026/09/08 05:26:32.447, 28467 MiB, 81920 MiB, 62 %, 287.08 W, 47
2026/09/08 05:27:02.448, 28467 MiB, 81920 MiB, 54 %, 91.35 W, 46
2026/09/08 05:27:32.449, 28467 MiB, 81920 MiB, 44 %, 265.26 W, 53
2026/09/08 05:28:02.451, 28467 MiB, 81920 MiB, 46 %, 181.51 W, 48
2026/09/08 05:28:32.454, 28467 MiB, 81920 MiB, 77 %, 276.44 W, 50
2026/09/08 05:29:02.456, 28467 MiB, 81920 MiB, 21 %, 146.20 W, 48
2026/09/08 05:29:32.459, 28467 MiB, 81920 MiB, 58 %, 131.95 W, 47
2026/09/08 05:30:02.461, 28467 MiB, 81920 MiB, 0 %, 71.28 W, 44
2026/09/08 05:30:32.462, 28467 MiB, 81920 MiB, 10 %, 102.59 W, 48
2026/09/08 05:31:02.463, 28467 MiB, 81920 MiB, 87 %, 159.85 W, 49
2026/09/08 05:31:32.464, 28467 MiB, 81920 MiB, 34 %, 151.24 W, 48
2026/09/08 05:32:02.466, 28467 MiB, 81920 MiB, 0 %, 83.99 W, 44
2026/09/08 05:32:32.468, 28467 MiB, 81920 MiB, 99 %, 130.49 W, 51
2026/09/08 05:33:02.470, 28467 MiB, 81920 MiB, 1 %, 89.33 W, 45
2026/09/08 05:33:32.472, 28467 MiB, 81920 MiB, 0 %, 88.46 W, 44
2026/09/08 05:34:02.473, 28467 MiB, 81920 MiB, 87 %, 307.48 W, 54
2026/09/08 05:34:32.475, 28467 MiB, 81920 MiB, 16 %, 94.19 W, 47
2026/09/08 05:35:02.476, 28467 MiB, 81920 MiB, 82 %, 222.67 W, 48
2026/09/08 05:35:32.478, 28467 MiB, 81920 MiB, 19 %, 159.46 W, 47
2026/09/08 05:36:02.480, 28467 MiB, 81920 MiB, 0 %, 88.97 W, 45
2026/09/08 05:36:32.481, 28467 MiB, 81920 MiB, 0 %, 88.70 W, 44
2026/09/08 05:37:02.483, 28467 MiB, 81920 MiB, 0 %, 88.70 W, 45
2026/09/08 05:37:32.484, 28467 MiB, 81920 MiB, 66 %, 109.77 W, 46
2026/09/08 05:38:02.486, 28467 MiB, 81920 MiB, 0 %, 91.45 W, 45
2026/09/08 05:38:32.487, 28467 MiB, 81920 MiB, 100 %, 336.04 W, 53
2026/09/08 05:39:02.488, 28467 MiB, 81920 MiB, 83 %, 286.78 W, 52
2026/09/08 05:39:32.489, 28467 MiB, 81920 MiB, 0 %, 71.00 W, 44
2026/09/08 05:40:02.491, 28467 MiB, 81920 MiB, 1 %, 153.43 W, 48
2026/09/08 05:40:32.492, 28467 MiB, 81920 MiB, 62 %, 94.39 W, 47
2026/09/08 05:41:02.497, 28467 MiB, 81920 MiB, 75 %, 125.76 W, 49
2026/09/08 05:41:32.499, 28467 MiB, 81920 MiB, 76 %, 89.84 W, 47
2026/09/08 05:42:02.501, 28467 MiB, 81920 MiB, 0 %, 71.61 W, 43
2026/09/08 05:42:32.502, 28467 MiB, 81920 MiB, 0 %, 88.55 W, 45
2026/09/08 05:43:02.510, 28467 MiB, 81920 MiB, 89 %, 206.07 W, 49
2026/09/08 05:43:32.512, 28467 MiB, 81920 MiB, 73 %, 112.88 W, 48
2026/09/08 05:44:02.513, 28467 MiB, 81920 MiB, 6 %, 240.68 W, 46
2026/09/08 05:44:32.514, 28467 MiB, 81920 MiB, 76 %, 306.29 W, 50
2026/09/08 05:45:02.515, 28467 MiB, 81920 MiB, 33 %, 89.06 W, 45
2026/09/08 05:45:32.516, 28467 MiB, 81920 MiB, 56 %, 135.09 W, 51
2026/09/08 05:46:02.517, 28467 MiB, 81920 MiB, 0 %, 89.07 W, 45
2026/09/08 05:46:32.518, 28467 MiB, 81920 MiB, 64 %, 285.58 W, 53
2026/09/08 05:47:02.521, 28467 MiB, 81920 MiB, 0 %, 89.06 W, 46
2026/09/08 05:47:32.523, 28467 MiB, 81920 MiB, 0 %, 169.32 W, 48
2026/09/08 05:48:02.524, 28467 MiB, 81920 MiB, 0 %, 88.70 W, 45
2026/09/08 05:48:32.525, 28467 MiB, 81920 MiB, 18 %, 123.42 W, 47
2026/09/08 05:49:02.526, 28467 MiB, 81920 MiB, 3 %, 89.06 W, 45
2026/09/08 05:49:32.527, 28467 MiB, 81920 MiB, 0 %, 70.86 W, 43
2026/09/08 05:50:02.529, 28467 MiB, 81920 MiB, 55 %, 130.54 W, 48
2026/09/08 05:50:32.530, 28467 MiB, 81920 MiB, 0 %, 70.34 W, 42
2026/09/08 05:51:02.531, 28467 MiB, 81920 MiB, 35 %, 238.25 W, 46
2026/09/08 05:51:32.532, 28467 MiB, 81920 MiB, 19 %, 90.86 W, 45
2026/09/08 05:52:02.533, 28467 MiB, 81920 MiB, 30 %, 89.29 W, 46
2026/09/08 05:52:32.534, 28467 MiB, 81920 MiB, 2 %, 256.90 W, 48
2026/09/08 05:53:02.535, 28467 MiB, 81920 MiB, 56 %, 90.25 W, 47
2026/09/08 05:53:32.536, 28467 MiB, 81920 MiB, 79 %, 89.24 W, 45
2026/09/08 05:54:02.538, 28467 MiB, 81920 MiB, 65 %, 90.21 W, 48
2026/09/08 05:54:32.539, 28467 MiB, 81920 MiB, 55 %, 159.09 W, 48
2026/09/08 05:55:02.540, 28467 MiB, 81920 MiB, 78 %, 90.12 W, 46
2026/09/08 05:55:32.542, 28467 MiB, 81920 MiB, 48 %, 96.25 W, 46
2026/09/08 05:56:02.547, 28467 MiB, 81920 MiB, 0 %, 89.16 W, 45
2026/09/08 05:56:32.548, 28467 MiB, 81920 MiB, 82 %, 181.86 W, 48
2026/09/08 05:57:02.551, 28467 MiB, 81920 MiB, 38 %, 95.01 W, 46
2026/09/08 05:57:32.553, 28467 MiB, 81920 MiB, 0 %, 89.24 W, 45
2026/09/08 05:58:02.564, 28467 MiB, 81920 MiB, 89 %, 287.11 W, 49
2026/09/08 05:58:32.567, 28467 MiB, 81920 MiB, 27 %, 275.27 W, 51
2026/09/08 05:59:02.572, 28467 MiB, 81920 MiB, 61 %, 219.87 W, 49
2026/09/08 05:59:32.574, 28467 MiB, 81920 MiB, 61 %, 89.38 W, 46
2026/09/08 06:00:02.576, 28467 MiB, 81920 MiB, 73 %, 276.44 W, 51
2026/09/08 06:00:32.577, 28467 MiB, 81920 MiB, 24 %, 89.66 W, 46
2026/09/08 06:01:02.578, 28467 MiB, 81920 MiB, 0 %, 89.29 W, 45
2026/09/08 06:01:32.580, 28467 MiB, 81920 MiB, 88 %, 200.80 W, 52
2026/09/08 06:02:02.582, 28467 MiB, 81920 MiB, 0 %, 88.97 W, 45
2026/09/08 06:02:32.584, 28467 MiB, 81920 MiB, 82 %, 213.07 W, 52
2026/09/08 06:03:02.585, 28467 MiB, 81920 MiB, 0 %, 88.88 W, 45
2026/09/08 06:03:32.586, 28467 MiB, 81920 MiB, 90 %, 196.29 W, 51
2026/09/08 06:04:02.588, 28467 MiB, 81920 MiB, 44 %, 237.75 W, 51
2026/09/08 06:04:32.589, 28467 MiB, 81920 MiB, 43 %, 214.10 W, 49
2026/09/08 06:05:02.590, 28467 MiB, 81920 MiB, 73 %, 296.52 W, 51
2026/09/08 06:05:32.595, 28467 MiB, 81920 MiB, 0 %, 89.06 W, 45
2026/09/08 06:06:02.597, 28467 MiB, 81920 MiB, 99 %, 260.49 W, 52
2026/09/08 06:06:32.598, 28467 MiB, 81920 MiB, 76 %, 293.28 W, 50
2026/09/08 06:07:02.600, 28467 MiB, 81920 MiB, 42 %, 107.59 W, 47
2026/09/08 06:07:32.601, 28467 MiB, 81920 MiB, 17 %, 105.37 W, 47
2026/09/08 06:08:02.604, 28467 MiB, 81920 MiB, 19 %, 238.70 W, 48
2026/09/08 06:08:32.605, 28467 MiB, 81920 MiB, 2 %, 89.38 W, 46
2026/09/08 06:09:02.607, 28467 MiB, 81920 MiB, 10 %, 88.46 W, 46
2026/09/08 06:09:32.608, 28467 MiB, 81920 MiB, 58 %, 89.57 W, 46
2026/09/08 06:10:02.610, 28467 MiB, 81920 MiB, 0 %, 88.97 W, 45
2026/09/08 06:10:32.611, 28467 MiB, 81920 MiB, 59 %, 157.29 W, 52
2026/09/08 06:11:02.613, 28467 MiB, 81920 MiB, 0 %, 89.38 W, 45
2026/09/08 06:11:32.614, 28467 MiB, 81920 MiB, 0 %, 89.06 W, 45
2026/09/08 06:12:02.616, 28467 MiB, 81920 MiB, 100 %, 310.13 W, 51
2026/09/08 06:12:32.617, 28467 MiB, 81920 MiB, 4 %, 89.57 W, 47
2026/09/08 06:13:02.621, 28467 MiB, 81920 MiB, 0 %, 89.47 W, 46
2026/09/08 06:13:32.623, 28467 MiB, 81920 MiB, 44 %, 89.47 W, 47
2026/09/08 06:14:02.624, 28467 MiB, 81920 MiB, 59 %, 90.16 W, 47
2026/09/08 06:14:32.625, 28467 MiB, 81920 MiB, 0 %, 89.85 W, 46
2026/09/08 06:15:02.626, 28467 MiB, 81920 MiB, 41 %, 139.22 W, 48
2026/09/08 06:15:32.628, 28467 MiB, 81920 MiB, 8 %, 287.65 W, 51
2026/09/08 06:16:02.629, 28467 MiB, 81920 MiB, 2 %, 89.75 W, 47
2026/09/08 06:16:32.633, 28467 MiB, 81920 MiB, 69 %, 229.15 W, 53
2026/09/08 06:17:02.635, 28467 MiB, 81920 MiB, 4 %, 100.91 W, 46
2026/09/08 06:17:32.637, 28467 MiB, 81920 MiB, 30 %, 113.24 W, 49
2026/09/08 06:18:02.639, 28467 MiB, 81920 MiB, 70 %, 103.08 W, 49
2026/09/08 06:18:32.641, 28467 MiB, 81920 MiB, 0 %, 89.20 W, 46
2026/09/08 06:19:02.643, 28467 MiB, 81920 MiB, 42 %, 102.11 W, 50
2026/09/08 06:19:32.645, 28467 MiB, 81920 MiB, 72 %, 288.84 W, 53
2026/09/08 06:20:02.646, 28467 MiB, 81920 MiB, 98 %, 116.32 W, 50
2026/09/08 06:20:32.649, 28467 MiB, 81920 MiB, 54 %, 309.49 W, 50
2026/09/08 06:21:02.650, 28467 MiB, 81920 MiB, 82 %, 249.32 W, 48
2026/09/08 06:21:32.651, 28467 MiB, 81920 MiB, 0 %, 71.53 W, 45
2026/09/08 06:22:02.652, 28467 MiB, 81920 MiB, 0 %, 81.22 W, 44
2026/09/08 06:22:32.653, 28467 MiB, 81920 MiB, 90 %, 249.59 W, 50
2026/09/08 06:23:02.655, 28467 MiB, 81920 MiB, 73 %, 97.82 W, 47
2026/09/08 06:23:32.656, 28467 MiB, 81920 MiB, 36 %, 141.00 W, 47
2026/09/08 06:24:02.657, 28467 MiB, 81920 MiB, 4 %, 89.66 W, 46
2026/09/08 06:24:32.660, 28467 MiB, 81920 MiB, 46 %, 249.85 W, 49
2026/09/08 06:25:02.661, 28467 MiB, 81920 MiB, 6 %, 140.58 W, 47
2026/09/08 06:25:32.662, 28467 MiB, 81920 MiB, 74 %, 117.25 W, 49
2026/09/08 06:26:02.663, 28467 MiB, 81920 MiB, 76 %, 92.49 W, 48
2026/09/08 06:26:32.665, 28467 MiB, 81920 MiB, 9 %, 174.31 W, 49
2026/09/08 06:27:02.667, 28467 MiB, 81920 MiB, 30 %, 177.71 W, 50
2026/09/08 06:27:32.668, 28467 MiB, 81920 MiB, 14 %, 89.75 W, 46
2026/09/08 06:28:02.669, 28467 MiB, 81920 MiB, 33 %, 245.21 W, 51
2026/09/08 06:28:32.671, 28467 MiB, 81920 MiB, 35 %, 187.40 W, 49
2026/09/08 06:29:02.672, 28467 MiB, 81920 MiB, 0 %, 89.01 W, 44
2026/09/08 06:29:32.673, 28467 MiB, 81920 MiB, 0 %, 71.18 W, 43
2026/09/08 06:30:02.692, 28467 MiB, 81920 MiB, 0 %, 71.03 W, 43
2026/09/08 06:30:32.694, 28467 MiB, 81920 MiB, 0 %, 89.07 W, 45
2026/09/08 06:31:02.695, 28467 MiB, 81920 MiB, 79 %, 284.40 W, 53
2026/09/08 06:31:32.697, 28467 MiB, 81920 MiB, 69 %, 336.58 W, 51
2026/09/08 06:32:02.699, 28467 MiB, 81920 MiB, 0 %, 71.50 W, 44
2026/09/08 06:32:32.700, 28467 MiB, 81920 MiB, 39 %, 290.64 W, 50
2026/09/08 06:33:02.701, 28467 MiB, 81920 MiB, 0 %, 88.97 W, 45
2026/09/08 06:33:32.702, 28467 MiB, 81920 MiB, 0 %, 71.08 W, 43
2026/09/08 06:34:02.704, 28467 MiB, 81920 MiB, 0 %, 71.43 W, 44
2026/09/08 06:34:32.705, 28467 MiB, 81920 MiB, 27 %, 90.95 W, 46
2026/09/08 06:35:02.707, 28467 MiB, 81920 MiB, 55 %, 98.52 W, 46
2026/09/08 06:35:32.708, 28467 MiB, 81920 MiB, 0 %, 88.36 W, 44
2026/09/08 06:36:02.710, 28467 MiB, 81920 MiB, 75 %, 302.99 W, 52
2026/09/08 06:36:32.714, 28467 MiB, 81920 MiB, 68 %, 110.83 W, 52
2026/09/08 06:37:02.716, 28467 MiB, 81920 MiB, 76 %, 114.38 W, 54
2026/09/08 06:37:32.718, 28467 MiB, 81920 MiB, 0 %, 88.64 W, 45
2026/09/08 06:38:02.722, 28467 MiB, 81920 MiB, 27 %, 89.16 W, 46
2026/09/08 06:38:32.724, 28467 MiB, 81920 MiB, 79 %, 273.08 W, 53
2026/09/08 06:39:02.729, 28467 MiB, 81920 MiB, 29 %, 294.20 W, 51
2026/09/08 06:39:32.731, 28467 MiB, 81920 MiB, 43 %, 90.12 W, 46
2026/09/08 06:40:02.732, 28467 MiB, 81920 MiB, 56 %, 120.06 W, 48
2026/09/08 06:40:32.733, 28467 MiB, 81920 MiB, 0 %, 71.03 W, 43
2026/09/08 06:41:02.739, 28467 MiB, 81920 MiB, 0 %, 88.97 W, 45
2026/09/08 06:41:32.741, 28467 MiB, 81920 MiB, 41 %, 88.79 W, 45
2026/09/08 06:42:02.743, 28467 MiB, 81920 MiB, 0 %, 230.97 W, 47
2026/09/08 06:42:32.745, 28467 MiB, 81920 MiB, 52 %, 108.94 W, 50
2026/09/08 06:43:02.746, 28467 MiB, 81920 MiB, 74 %, 97.92 W, 49
2026/09/08 06:43:32.750, 28467 MiB, 81920 MiB, 48 %, 303.62 W, 53
2026/09/08 06:44:02.752, 28467 MiB, 81920 MiB, 79 %, 185.64 W, 52
2026/09/08 06:44:32.753, 28467 MiB, 81920 MiB, 74 %, 90.07 W, 47
2026/09/08 06:45:02.755, 28467 MiB, 81920 MiB, 57 %, 138.65 W, 47
2026/09/08 06:45:32.757, 28467 MiB, 81920 MiB, 0 %, 89.66 W, 46
2026/09/08 06:46:02.758, 28467 MiB, 81920 MiB, 0 %, 88.55 W, 45
2026/09/08 06:46:32.759, 28467 MiB, 81920 MiB, 25 %, 89.75 W, 46
2026/09/08 06:47:02.764, 28467 MiB, 81920 MiB, 0 %, 88.10 W, 44
2026/09/08 06:47:32.766, 28467 MiB, 81920 MiB, 80 %, 295.65 W, 50
2026/09/08 06:48:02.768, 28467 MiB, 81920 MiB, 0 %, 89.15 W, 46
2026/09/08 06:48:32.770, 28467 MiB, 81920 MiB, 9 %, 253.18 W, 49
2026/09/08 06:49:02.771, 28467 MiB, 81920 MiB, 29 %, 151.21 W, 48
2026/09/08 06:49:32.772, 28467 MiB, 81920 MiB, 59 %, 95.48 W, 46
2026/09/08 06:50:02.773, 28467 MiB, 81920 MiB, 52 %, 99.61 W, 50
2026/09/08 06:50:32.778, 28467 MiB, 81920 MiB, 84 %, 148.54 W, 49
2026/09/08 06:51:02.782, 28467 MiB, 81920 MiB, 79 %, 292.42 W, 53
2026/09/08 06:51:32.784, 28467 MiB, 81920 MiB, 0 %, 89.06 W, 46
2026/09/08 06:52:02.786, 28467 MiB, 81920 MiB, 27 %, 243.49 W, 49
2026/09/08 06:52:32.787, 28467 MiB, 81920 MiB, 13 %, 98.33 W, 48
2026/09/08 06:53:02.788, 28467 MiB, 81920 MiB, 60 %, 170.71 W, 48
2026/09/08 06:53:32.789, 28467 MiB, 81920 MiB, 32 %, 289.14 W, 47
2026/09/08 06:54:02.791, 28467 MiB, 81920 MiB, 87 %, 168.91 W, 49
2026/09/08 06:54:32.793, 28467 MiB, 81920 MiB, 0 %, 71.03 W, 42
2026/09/08 06:55:02.795, 28467 MiB, 81920 MiB, 97 %, 153.16 W, 48
2026/09/08 06:55:32.795, 28467 MiB, 81920 MiB, 0 %, 88.28 W, 44
2026/09/08 06:56:02.797, 28467 MiB, 81920 MiB, 0 %, 89.15 W, 44
2026/09/08 06:56:32.798, 28467 MiB, 81920 MiB, 98 %, 326.16 W, 51
2026/09/08 06:57:02.800, 28467 MiB, 81920 MiB, 61 %, 232.81 W, 48
2026/09/08 06:57:32.801, 28467 MiB, 81920 MiB, 31 %, 90.12 W, 45
2026/09/08 06:58:02.803, 28467 MiB, 81920 MiB, 5 %, 281.15 W, 44
2026/09/08 06:58:32.805, 28467 MiB, 81920 MiB, 98 %, 117.26 W, 51
2026/09/08 06:59:02.807, 28467 MiB, 81920 MiB, 63 %, 184.56 W, 48
2026/09/08 06:59:32.808, 28467 MiB, 81920 MiB, 0 %, 88.64 W, 45
2026/09/08 07:00:02.810, 28467 MiB, 81920 MiB, 60 %, 254.90 W, 52
2026/09/08 07:00:32.811, 28467 MiB, 81920 MiB, 0 %, 93.79 W, 45
2026/09/08 07:01:02.813, 28467 MiB, 81920 MiB, 70 %, 91.22 W, 47
2026/09/08 07:01:32.814, 28467 MiB, 81920 MiB, 0 %, 88.70 W, 45
2026/09/08 07:02:02.815, 28467 MiB, 81920 MiB, 0 %, 88.46 W, 44
2026/09/08 07:02:32.816, 28467 MiB, 81920 MiB, 36 %, 107.32 W, 51
2026/09/08 07:03:02.817, 28467 MiB, 81920 MiB, 79 %, 135.68 W, 48
2026/09/08 07:03:32.818, 28467 MiB, 81920 MiB, 0 %, 89.47 W, 46
2026/09/08 07:04:02.820, 28467 MiB, 81920 MiB, 71 %, 117.05 W, 48
2026/09/08 07:04:32.821, 28467 MiB, 81920 MiB, 84 %, 299.46 W, 51
2026/09/08 07:05:02.822, 28467 MiB, 81920 MiB, 89 %, 168.03 W, 51
2026/09/08 07:05:32.826, 28467 MiB, 81920 MiB, 12 %, 290.03 W, 49
2026/09/08 07:06:02.827, 28467 MiB, 81920 MiB, 36 %, 89.93 W, 47
2026/09/08 07:06:32.829, 28467 MiB, 81920 MiB, 0 %, 89.06 W, 45
2026/09/08 07:07:02.830, 28467 MiB, 81920 MiB, 4 %, 90.25 W, 46
2026/09/08 07:07:32.831, 28467 MiB, 81920 MiB, 50 %, 88.97 W, 45
2026/09/08 07:08:02.833, 28467 MiB, 81920 MiB, 59 %, 241.29 W, 47
2026/09/08 07:08:32.834, 28467 MiB, 81920 MiB, 79 %, 104.66 W, 47
2026/09/08 07:09:02.835, 28467 MiB, 81920 MiB, 24 %, 90.25 W, 49
2026/09/08 07:09:32.837, 28467 MiB, 81920 MiB, 43 %, 285.28 W, 51
2026/09/08 07:10:02.838, 28467 MiB, 81920 MiB, 69 %, 150.62 W, 49
2026/09/08 07:10:32.839, 28467 MiB, 81920 MiB, 0 %, 88.88 W, 45
2026/09/08 07:11:02.841, 28467 MiB, 81920 MiB, 36 %, 83.37 W, 44
2026/09/08 07:11:32.843, 28467 MiB, 81920 MiB, 72 %, 100.31 W, 46
2026/09/08 07:12:02.848, 28467 MiB, 81920 MiB, 16 %, 237.41 W, 49
2026/09/08 07:12:32.850, 28467 MiB, 81920 MiB, 75 %, 149.75 W, 48
2026/09/08 07:13:02.852, 28467 MiB, 81920 MiB, 77 %, 195.88 W, 49
2026/09/08 07:13:32.853, 28467 MiB, 81920 MiB, 0 %, 89.66 W, 46
2026/09/08 07:14:02.854, 28467 MiB, 81920 MiB, 71 %, 223.46 W, 49
2026/09/08 07:14:32.856, 28467 MiB, 81920 MiB, 64 %, 184.18 W, 51
2026/09/08 07:15:02.857, 28467 MiB, 81920 MiB, 63 %, 284.69 W, 50
2026/09/08 07:15:32.858, 28467 MiB, 81920 MiB, 97 %, 269.62 W, 52
2026/09/08 07:16:02.860, 28467 MiB, 81920 MiB, 87 %, 134.49 W, 49
2026/09/08 07:16:32.861, 28467 MiB, 81920 MiB, 0 %, 89.33 W, 46
2026/09/08 07:17:02.862, 28467 MiB, 81920 MiB, 92 %, 252.36 W, 50
2026/09/08 07:17:32.863, 28467 MiB, 81920 MiB, 38 %, 235.99 W, 46
2026/09/08 07:18:02.865, 28467 MiB, 81920 MiB, 77 %, 170.80 W, 52
2026/09/08 07:18:32.866, 28467 MiB, 81920 MiB, 0 %, 89.75 W, 46
2026/09/08 07:19:02.867, 28467 MiB, 81920 MiB, 19 %, 144.29 W, 49
2026/09/08 07:19:32.868, 28467 MiB, 81920 MiB, 29 %, 167.78 W, 50
2026/09/08 07:20:02.872, 28467 MiB, 81920 MiB, 83 %, 289.44 W, 50
2026/09/08 07:20:32.874, 28467 MiB, 81920 MiB, 32 %, 135.07 W, 52
2026/09/08 07:21:02.875, 28467 MiB, 81920 MiB, 5 %, 98.14 W, 48
2026/09/08 07:21:32.882, 28467 MiB, 81920 MiB, 67 %, 354.04 W, 50
2026/09/08 07:22:02.883, 28467 MiB, 81920 MiB, 39 %, 89.84 W, 47
2026/09/08 07:22:32.885, 28467 MiB, 81920 MiB, 0 %, 89.06 W, 46
2026/09/08 07:23:02.888, 28467 MiB, 81920 MiB, 82 %, 93.79 W, 53
2026/09/08 07:23:32.889, 28467 MiB, 81920 MiB, 76 %, 98.04 W, 49
2026/09/08 07:24:02.892, 28467 MiB, 81920 MiB, 89 %, 169.26 W, 52
2026/09/08 07:24:32.894, 28467 MiB, 81920 MiB, 97 %, 247.11 W, 52
2026/09/08 07:25:02.895, 28467 MiB, 81920 MiB, 67 %, 90.52 W, 48
2026/09/08 07:25:32.896, 28467 MiB, 81920 MiB, 51 %, 104.50 W, 47
2026/09/08 07:26:02.902, 28467 MiB, 81920 MiB, 4 %, 90.03 W, 46
2026/09/08 07:26:32.903, 28467 MiB, 81920 MiB, 25 %, 151.08 W, 48
2026/09/08 07:27:02.905, 28467 MiB, 81920 MiB, 69 %, 90.21 W, 47
2026/09/08 07:27:32.907, 28467 MiB, 81920 MiB, 78 %, 99.36 W, 52
2026/09/08 07:28:02.908, 28467 MiB, 81920 MiB, 0 %, 71.98 W, 44
2026/09/08 07:28:32.909, 28467 MiB, 81920 MiB, 47 %, 137.17 W, 47
2026/09/08 07:29:02.910, 28467 MiB, 81920 MiB, 72 %, 90.03 W, 47
2026/09/08 07:29:32.911, 28467 MiB, 81920 MiB, 21 %, 235.75 W, 48
2026/09/08 07:30:02.912, 28467 MiB, 81920 MiB, 1 %, 136.10 W, 47
2026/09/08 07:30:32.914, 28467 MiB, 81920 MiB, 32 %, 119.61 W, 48
2026/09/08 07:31:02.915, 28467 MiB, 81920 MiB, 0 %, 89.33 W, 46
2026/09/08 07:31:32.920, 28467 MiB, 81920 MiB, 88 %, 290.03 W, 52
2026/09/08 07:32:02.922, 28467 MiB, 81920 MiB, 35 %, 295.93 W, 48
2026/09/08 07:32:32.923, 28467 MiB, 81920 MiB, 92 %, 251.15 W, 49
2026/09/08 07:33:02.924, 28467 MiB, 81920 MiB, 0 %, 88.64 W, 45
2026/09/08 07:33:32.925, 28467 MiB, 81920 MiB, 84 %, 150.68 W, 49
2026/09/08 07:34:02.927, 28467 MiB, 81920 MiB, 0 %, 71.10 W, 43
2026/09/08 07:34:32.928, 28467 MiB, 81920 MiB, 0 %, 88.92 W, 45
2026/09/08 07:35:02.929, 28467 MiB, 81920 MiB, 86 %, 292.14 W, 54
2026/09/08 07:35:32.930, 28467 MiB, 81920 MiB, 64 %, 279.95 W, 51
2026/09/08 07:36:02.931, 28467 MiB, 81920 MiB, 0 %, 103.51 W, 45
2026/09/08 07:36:32.933, 28467 MiB, 81920 MiB, 80 %, 161.38 W, 51
2026/09/08 07:37:02.935, 28467 MiB, 81920 MiB, 43 %, 202.99 W, 48
2026/09/08 07:37:32.936, 28467 MiB, 81920 MiB, 47 %, 198.78 W, 50
2026/09/08 07:38:02.937, 28467 MiB, 81920 MiB, 52 %, 230.61 W, 48
2026/09/08 07:38:32.938, 28467 MiB, 81920 MiB, 0 %, 88.73 W, 45
2026/09/08 07:39:02.940, 28467 MiB, 81920 MiB, 0 %, 88.97 W, 45
2026/09/08 07:39:32.941, 28467 MiB, 81920 MiB, 95 %, 269.62 W, 54
2026/09/08 07:40:02.943, 28467 MiB, 81920 MiB, 0 %, 166.49 W, 48
2026/09/08 07:40:32.944, 28467 MiB, 81920 MiB, 46 %, 307.80 W, 51
2026/09/08 07:41:02.945, 28467 MiB, 81920 MiB, 15 %, 267.60 W, 50
2026/09/08 07:41:32.946, 28467 MiB, 81920 MiB, 96 %, 204.87 W, 51
2026/09/08 07:42:02.948, 28467 MiB, 81920 MiB, 97 %, 287.05 W, 52
2026/09/08 07:42:32.949, 28467 MiB, 81920 MiB, 85 %, 157.02 W, 50
2026/09/08 07:43:02.951, 28467 MiB, 81920 MiB, 72 %, 183.69 W, 53
2026/09/08 07:43:32.953, 28467 MiB, 81920 MiB, 55 %, 99.65 W, 49
2026/09/08 07:44:02.956, 28467 MiB, 81920 MiB, 2 %, 174.85 W, 47
2026/09/08 07:44:32.959, 28467 MiB, 81920 MiB, 0 %, 88.74 W, 45
2026/09/08 07:45:02.960, 28467 MiB, 81920 MiB, 18 %, 124.21 W, 47
2026/09/08 07:45:32.961, 28467 MiB, 81920 MiB, 91 %, 308.15 W, 54
2026/09/08 07:46:02.963, 28467 MiB, 81920 MiB, 63 %, 144.88 W, 48
2026/09/08 07:46:32.965, 28467 MiB, 81920 MiB, 39 %, 115.90 W, 48
2026/09/08 07:47:02.966, 28467 MiB, 81920 MiB, 99 %, 126.28 W, 52
2026/09/08 07:47:32.968, 28467 MiB, 81920 MiB, 0 %, 88.14 W, 44
2026/09/08 07:48:02.969, 28467 MiB, 81920 MiB, 30 %, 142.49 W, 48
2026/09/08 07:48:32.970, 28467 MiB, 81920 MiB, 0 %, 193.75 W, 47
2026/09/08 07:49:02.972, 28467 MiB, 81920 MiB, 0 %, 88.60 W, 45
2026/09/08 07:49:32.973, 28467 MiB, 81920 MiB, 0 %, 287.35 W, 46
2026/09/08 07:50:02.974, 28467 MiB, 81920 MiB, 88 %, 93.42 W, 48
2026/09/08 07:50:32.976, 28467 MiB, 81920 MiB, 0 %, 88.97 W, 45
2026/09/08 07:51:02.985, 28467 MiB, 81920 MiB, 0 %, 89.66 W, 46
2026/09/08 07:51:32.987, 28467 MiB, 81920 MiB, 26 %, 131.41 W, 47
2026/09/08 07:52:02.988, 28467 MiB, 81920 MiB, 31 %, 220.38 W, 50
2026/09/08 07:52:32.989, 28467 MiB, 81920 MiB, 99 %, 255.16 W, 52
2026/09/08 07:53:02.991, 28467 MiB, 81920 MiB, 36 %, 89.29 W, 46
2026/09/08 07:53:32.992, 28467 MiB, 81920 MiB, 78 %, 103.85 W, 48
2026/09/08 07:54:02.994, 28467 MiB, 81920 MiB, 85 %, 302.44 W, 51
2026/09/08 07:54:32.995, 28467 MiB, 81920 MiB, 39 %, 284.99 W, 47
2026/09/08 07:55:02.998, 28467 MiB, 81920 MiB, 62 %, 288.86 W, 51
2026/09/08 07:55:33.000, 28467 MiB, 81920 MiB, 55 %, 94.39 W, 45
2026/09/08 07:56:03.001, 28467 MiB, 81920 MiB, 0 %, 71.36 W, 43
2026/09/08 07:56:33.002, 28467 MiB, 81920 MiB, 28 %, 119.21 W, 49
2026/09/08 07:57:03.005, 28467 MiB, 81920 MiB, 98 %, 311.15 W, 51
2026/09/08 07:57:33.006, 28467 MiB, 81920 MiB, 74 %, 189.81 W, 48
2026/09/08 07:58:03.009, 28467 MiB, 81920 MiB, 91 %, 304.88 W, 52
2026/09/08 07:58:33.011, 28467 MiB, 81920 MiB, 88 %, 106.41 W, 53
2026/09/08 07:59:03.012, 28467 MiB, 81920 MiB, 0 %, 70.92 W, 42
2026/09/08 07:59:33.013, 28467 MiB, 81920 MiB, 0 %, 70.04 W, 40
2026/09/08 08:00:03.015, 28467 MiB, 81920 MiB, 0 %, 70.85 W, 42
2026/09/08 08:00:33.019, 28467 MiB, 81920 MiB, 0 %, 88.64 W, 44
2026/09/08 08:01:03.022, 28467 MiB, 81920 MiB, 0 %, 88.55 W, 44
2026/09/08 08:01:33.023, 28467 MiB, 81920 MiB, 0 %, 88.97 W, 45
2026/09/08 08:02:03.024, 28467 MiB, 81920 MiB, 74 %, 132.36 W, 46
2026/09/08 08:02:33.025, 28467 MiB, 81920 MiB, 20 %, 89.07 W, 45
2026/09/08 08:03:03.026, 28467 MiB, 81920 MiB, 5 %, 88.88 W, 45
2026/09/08 08:03:33.028, 28467 MiB, 81920 MiB, 62 %, 270.21 W, 51
2026/09/08 08:04:03.030, 28467 MiB, 81920 MiB, 34 %, 286.21 W, 48
2026/09/08 08:04:33.031, 28467 MiB, 81920 MiB, 0 %, 88.04 W, 44
2026/09/08 08:05:03.034, 28467 MiB, 81920 MiB, 88 %, 294.70 W, 50
2026/09/08 08:05:33.036, 28467 MiB, 81920 MiB, 2 %, 88.36 W, 44
2026/09/08 08:06:03.040, 28467 MiB, 81920 MiB, 41 %, 282.63 W, 49
2026/09/08 08:06:33.042, 28467 MiB, 81920 MiB, 26 %, 97.28 W, 46
2026/09/08 08:07:03.044, 28467 MiB, 81920 MiB, 54 %, 245.75 W, 48
2026/09/08 08:07:33.046, 28467 MiB, 81920 MiB, 62 %, 90.25 W, 47
2026/09/08 08:08:03.048, 28467 MiB, 81920 MiB, 0 %, 71.68 W, 44
2026/09/08 08:08:33.049, 28467 MiB, 81920 MiB, 64 %, 116.18 W, 50
2026/09/08 08:09:03.049, 28467 MiB, 81920 MiB, 20 %, 88.97 W, 45
2026/09/08 08:09:33.051, 28467 MiB, 81920 MiB, 44 %, 119.58 W, 48
2026/09/08 08:10:03.053, 28467 MiB, 81920 MiB, 0 %, 89.06 W, 45
2026/09/08 08:10:33.054, 28467 MiB, 81920 MiB, 0 %, 89.29 W, 45
2026/09/08 08:11:03.057, 28467 MiB, 81920 MiB, 20 %, 288.24 W, 50
2026/09/08 08:11:33.059, 28467 MiB, 81920 MiB, 52 %, 154.63 W, 47
2026/09/08 08:12:03.060, 28467 MiB, 81920 MiB, 0 %, 88.46 W, 45
2026/09/08 08:12:33.061, 28467 MiB, 81920 MiB, 7 %, 71.61 W, 44
2026/09/08 08:13:03.065, 28467 MiB, 81920 MiB, 0 %, 89.29 W, 45
2026/09/08 08:13:33.067, 28467 MiB, 81920 MiB, 74 %, 220.94 W, 49
2026/09/08 08:14:03.067, 28467 MiB, 81920 MiB, 82 %, 127.22 W, 52
2026/09/08 08:14:33.069, 28467 MiB, 81920 MiB, 76 %, 107.44 W, 49
2026/09/08 08:15:03.071, 28467 MiB, 81920 MiB, 37 %, 91.12 W, 50
2026/09/08 08:15:33.072, 28467 MiB, 81920 MiB, 0 %, 98.85 W, 46
2026/09/08 08:16:03.073, 28467 MiB, 81920 MiB, 60 %, 225.42 W, 48
2026/09/08 08:16:33.075, 28467 MiB, 81920 MiB, 44 %, 110.85 W, 46
2026/09/08 08:17:03.076, 28467 MiB, 81920 MiB, 74 %, 290.62 W, 51
2026/09/08 08:17:33.077, 28467 MiB, 81920 MiB, 0 %, 88.97 W, 45
2026/09/08 08:18:03.079, 28467 MiB, 81920 MiB, 0 %, 70.86 W, 43
2026/09/08 08:18:33.082, 28467 MiB, 81920 MiB, 61 %, 89.57 W, 46
2026/09/08 08:19:03.084, 28467 MiB, 81920 MiB, 67 %, 96.25 W, 49
2026/09/08 08:19:33.085, 28467 MiB, 81920 MiB, 51 %, 167.01 W, 48
2026/09/08 08:20:03.087, 28467 MiB, 81920 MiB, 28 %, 89.38 W, 46
2026/09/08 08:20:33.088, 28467 MiB, 81920 MiB, 0 %, 89.06 W, 45
2026/09/08 08:21:03.090, 28467 MiB, 81920 MiB, 46 %, 90.62 W, 47
2026/09/08 08:21:33.091, 28467 MiB, 81920 MiB, 87 %, 274.66 W, 50
2026/09/08 08:22:03.092, 28467 MiB, 81920 MiB, 2 %, 88.70 W, 45
2026/09/08 08:22:33.093, 28467 MiB, 81920 MiB, 78 %, 105.64 W, 51
2026/09/08 08:23:03.095, 28467 MiB, 81920 MiB, 76 %, 92.32 W, 51
2026/09/08 08:23:33.097, 28467 MiB, 81920 MiB, 48 %, 169.32 W, 48
2026/09/08 08:24:03.099, 28467 MiB, 81920 MiB, 85 %, 91.86 W, 48
2026/09/08 08:24:33.100, 28467 MiB, 81920 MiB, 0 %, 71.61 W, 45
2026/09/08 08:25:03.102, 28467 MiB, 81920 MiB, 54 %, 90.43 W, 47
2026/09/08 08:25:33.103, 28467 MiB, 81920 MiB, 0 %, 82.86 W, 45
2026/09/08 08:26:03.105, 28467 MiB, 81920 MiB, 0 %, 88.97 W, 45
2026/09/08 08:26:33.106, 28467 MiB, 81920 MiB, 79 %, 203.02 W, 54
2026/09/08 08:27:03.108, 28467 MiB, 81920 MiB, 47 %, 251.31 W, 50
2026/09/08 08:27:33.109, 28467 MiB, 81920 MiB, 51 %, 127.36 W, 51
2026/09/08 08:28:03.110, 28467 MiB, 81920 MiB, 75 %, 140.54 W, 51
2026/09/08 08:28:33.112, 28467 MiB, 81920 MiB, 5 %, 130.54 W, 49
2026/09/08 08:29:03.113, 28467 MiB, 81920 MiB, 81 %, 290.33 W, 49
2026/09/08 08:29:33.114, 28467 MiB, 81920 MiB, 47 %, 102.60 W, 47
2026/09/08 08:30:03.116, 28467 MiB, 81920 MiB, 8 %, 215.93 W, 48
2026/09/08 08:30:33.118, 28467 MiB, 81920 MiB, 1 %, 158.16 W, 49
2026/09/08 08:31:03.120, 28467 MiB, 81920 MiB, 72 %, 157.29 W, 50
2026/09/08 08:31:33.121, 28467 MiB, 81920 MiB, 18 %, 90.76 W, 47
2026/09/08 08:32:03.122, 28467 MiB, 81920 MiB, 0 %, 91.35 W, 45
2026/09/08 08:32:33.123, 28467 MiB, 81920 MiB, 36 %, 89.57 W, 47
2026/09/08 08:33:03.124, 28467 MiB, 81920 MiB, 70 %, 94.71 W, 50
2026/09/08 08:33:33.136, 28467 MiB, 81920 MiB, 36 %, 159.03 W, 48
2026/09/08 08:34:03.138, 28467 MiB, 81920 MiB, 25 %, 244.01 W, 48
2026/09/08 08:34:33.140, 28467 MiB, 81920 MiB, 56 %, 89.20 W, 46
2026/09/08 08:35:03.141, 28467 MiB, 81920 MiB, 67 %, 189.03 W, 50
2026/09/08 08:35:33.142, 28467 MiB, 81920 MiB, 100 %, 130.08 W, 51
2026/09/08 08:36:03.144, 28467 MiB, 81920 MiB, 52 %, 88.79 W, 45
2026/09/08 08:36:33.145, 28467 MiB, 81920 MiB, 82 %, 193.16 W, 47
2026/09/08 08:37:03.147, 28467 MiB, 81920 MiB, 0 %, 88.19 W, 45
2026/09/08 08:37:33.149, 28467 MiB, 81920 MiB, 0 %, 91.72 W, 45
2026/09/08 08:38:03.150, 28467 MiB, 81920 MiB, 26 %, 185.84 W, 45
2026/09/08 08:38:33.151, 28467 MiB, 81920 MiB, 59 %, 89.47 W, 46
2026/09/08 08:39:03.161, 28467 MiB, 81920 MiB, 0 %, 87.59 W, 44
2026/09/08 08:39:33.163, 28467 MiB, 81920 MiB, 0 %, 72.20 W, 44
2026/09/08 08:40:03.164, 28467 MiB, 81920 MiB, 10 %, 88.60 W, 45
2026/09/08 08:40:33.165, 28467 MiB, 81920 MiB, 30 %, 126.76 W, 51
2026/09/08 08:41:03.167, 28467 MiB, 81920 MiB, 31 %, 88.79 W, 45
2026/09/08 08:41:33.168, 28467 MiB, 81920 MiB, 90 %, 89.57 W, 48
2026/09/08 08:42:03.169, 28467 MiB, 81920 MiB, 0 %, 89.20 W, 45
2026/09/08 08:42:33.172, 28467 MiB, 81920 MiB, 75 %, 90.86 W, 48
2026/09/08 08:43:03.174, 28467 MiB, 81920 MiB, 0 %, 88.88 W, 44
2026/09/08 08:43:33.176, 28467 MiB, 81920 MiB, 41 %, 91.03 W, 49
2026/09/08 08:44:03.178, 28467 MiB, 81920 MiB, 82 %, 177.66 W, 49
2026/09/08 08:44:33.179, 28467 MiB, 81920 MiB, 48 %, 89.57 W, 46
2026/09/08 08:45:03.180, 28467 MiB, 81920 MiB, 0 %, 88.79 W, 45
2026/09/08 08:45:33.182, 28467 MiB, 81920 MiB, 73 %, 94.88 W, 47
2026/09/08 08:46:03.183, 28467 MiB, 81920 MiB, 91 %, 97.72 W, 48
2026/09/08 08:46:33.185, 28467 MiB, 81920 MiB, 39 %, 74.02 W, 43
2026/09/08 08:47:03.187, 28467 MiB, 81920 MiB, 49 %, 88.55 W, 46
2026/09/08 08:47:33.188, 28467 MiB, 81920 MiB, 80 %, 129.43 W, 49
2026/09/08 08:48:03.189, 28467 MiB, 81920 MiB, 0 %, 88.55 W, 45
2026/09/08 08:48:33.217, 28467 MiB, 81920 MiB, 0 %, 88.97 W, 45
2026/09/08 08:49:03.219, 28467 MiB, 81920 MiB, 5 %, 71.43 W, 43
2026/09/08 08:49:33.220, 28467 MiB, 81920 MiB, 5 %, 88.82 W, 45
2026/09/08 08:50:03.223, 28467 MiB, 81920 MiB, 28 %, 103.89 W, 46
2026/09/08 08:50:33.228, 28467 MiB, 81920 MiB, 76 %, 338.81 W, 52
2026/09/08 08:51:03.230, 28467 MiB, 81920 MiB, 66 %, 90.44 W, 47
2026/09/08 08:51:33.231, 28467 MiB, 81920 MiB, 59 %, 89.52 W, 46
2026/09/08 08:52:03.233, 28467 MiB, 81920 MiB, 69 %, 96.15 W, 47
2026/09/08 08:52:33.234, 28467 MiB, 81920 MiB, 60 %, 136.70 W, 47
2026/09/08 08:53:03.235, 28467 MiB, 81920 MiB, 0 %, 89.24 W, 45
2026/09/08 08:53:33.237, 28467 MiB, 81920 MiB, 0 %, 88.64 W, 45
2026/09/08 08:54:03.240, 28467 MiB, 81920 MiB, 0 %, 89.25 W, 45
2026/09/08 08:54:33.242, 28467 MiB, 81920 MiB, 54 %, 329.77 W, 51
2026/09/08 08:55:03.248, 28467 MiB, 81920 MiB, 4 %, 96.65 W, 45
2026/09/08 08:55:33.250, 28467 MiB, 81920 MiB, 0 %, 71.68 W, 44
2026/09/08 08:56:03.251, 28467 MiB, 81920 MiB, 0 %, 88.37 W, 44
2026/09/08 08:56:33.253, 28467 MiB, 81920 MiB, 0 %, 71.68 W, 44
2026/09/08 08:57:03.255, 28467 MiB, 81920 MiB, 51 %, 90.21 W, 47
2026/09/08 08:57:33.256, 28467 MiB, 81920 MiB, 0 %, 89.07 W, 45
2026/09/08 08:58:03.257, 28467 MiB, 81920 MiB, 18 %, 190.36 W, 46
2026/09/08 08:58:33.258, 28467 MiB, 81920 MiB, 32 %, 88.73 W, 45
2026/09/08 08:59:03.259, 28467 MiB, 81920 MiB, 92 %, 134.03 W, 48
2026/09/08 08:59:33.261, 28467 MiB, 81920 MiB, 87 %, 167.09 W, 51
2026/09/08 09:00:03.262, 28467 MiB, 81920 MiB, 91 %, 321.64 W, 51
2026/09/08 09:00:33.264, 28467 MiB, 81920 MiB, 1 %, 175.92 W, 48
2026/09/08 09:01:03.266, 28467 MiB, 81920 MiB, 0 %, 88.79 W, 44
2026/09/08 09:01:33.267, 28467 MiB, 81920 MiB, 92 %, 90.62 W, 50
2026/09/08 09:02:03.270, 28467 MiB, 81920 MiB, 76 %, 90.25 W, 48
2026/09/08 09:02:33.272, 28467 MiB, 81920 MiB, 27 %, 71.88 W, 45
2026/09/08 09:03:03.274, 28467 MiB, 81920 MiB, 85 %, 111.96 W, 48
2026/09/08 09:03:33.276, 28467 MiB, 81920 MiB, 62 %, 101.12 W, 47
2026/09/08 09:04:03.277, 28467 MiB, 81920 MiB, 0 %, 70.56 W, 42
2026/09/08 09:04:33.279, 28467 MiB, 81920 MiB, 61 %, 89.47 W, 47
2026/09/08 09:05:03.281, 28467 MiB, 81920 MiB, 91 %, 142.07 W, 47
2026/09/08 09:05:33.281, 28467 MiB, 81920 MiB, 68 %, 340.84 W, 49
2026/09/08 09:06:03.283, 28467 MiB, 81920 MiB, 79 %, 89.66 W, 46
2026/09/08 09:06:33.284, 28467 MiB, 81920 MiB, 54 %, 88.97 W, 45
2026/09/08 09:07:03.286, 28467 MiB, 81920 MiB, 74 %, 151.04 W, 46
2026/09/08 09:07:33.286, 28467 MiB, 81920 MiB, 40 %, 88.88 W, 45
2026/09/08 09:08:03.288, 28467 MiB, 81920 MiB, 0 %, 88.27 W, 44
2026/09/08 09:08:33.289, 28467 MiB, 81920 MiB, 76 %, 89.93 W, 46
2026/09/08 09:09:03.290, 28467 MiB, 81920 MiB, 0 %, 88.36 W, 45
2026/09/08 09:09:33.291, 28467 MiB, 81920 MiB, 100 %, 246.58 W, 50
2026/09/08 09:10:03.293, 28467 MiB, 81920 MiB, 47 %, 121.97 W, 49
2026/09/08 09:10:33.295, 28467 MiB, 81920 MiB, 0 %, 88.19 W, 44
2026/09/08 09:11:03.297, 28467 MiB, 81920 MiB, 70 %, 90.02 W, 48
2026/09/08 09:11:33.299, 28467 MiB, 81920 MiB, 0 %, 88.79 W, 45
2026/09/08 09:12:03.301, 28467 MiB, 81920 MiB, 69 %, 89.93 W, 46
2026/09/08 09:12:33.302, 28467 MiB, 81920 MiB, 31 %, 88.97 W, 45
2026/09/08 09:13:03.306, 28467 MiB, 81920 MiB, 38 %, 301.56 W, 52
2026/09/08 09:13:33.310, 28467 MiB, 81920 MiB, 0 %, 89.06 W, 45
2026/09/08 09:14:03.312, 28467 MiB, 81920 MiB, 91 %, 259.35 W, 51
2026/09/08 09:14:33.313, 28467 MiB, 81920 MiB, 72 %, 91.03 W, 47
2026/09/08 09:15:03.314, 28467 MiB, 81920 MiB, 0 %, 88.36 W, 45
2026/09/08 09:15:33.317, 28467 MiB, 81920 MiB, 78 %, 142.19 W, 49
2026/09/08 09:16:03.319, 28467 MiB, 81920 MiB, 83 %, 282.92 W, 51
2026/09/08 09:16:33.320, 28467 MiB, 81920 MiB, 14 %, 107.00 W, 46
2026/09/08 09:17:03.322, 28467 MiB, 81920 MiB, 44 %, 235.86 W, 48
2026/09/08 09:17:33.323, 28467 MiB, 81920 MiB, 30 %, 89.15 W, 45
2026/09/08 09:18:03.340, 28467 MiB, 81920 MiB, 2 %, 76.65 W, 43
2026/09/08 09:18:33.342, 28467 MiB, 81920 MiB, 33 %, 245.02 W, 49
2026/09/08 09:19:03.343, 28467 MiB, 81920 MiB, 53 %, 138.04 W, 49
2026/09/08 09:19:33.344, 28467 MiB, 81920 MiB, 63 %, 258.63 W, 49
2026/09/08 09:20:03.345, 28467 MiB, 81920 MiB, 67 %, 144.74 W, 51
2026/09/08 09:20:33.347, 28467 MiB, 81920 MiB, 90 %, 160.02 W, 51
2026/09/08 09:21:03.350, 28467 MiB, 81920 MiB, 67 %, 91.41 W, 48
2026/09/08 09:21:33.352, 28467 MiB, 81920 MiB, 32 %, 104.88 W, 48
2026/09/08 09:22:03.354, 28467 MiB, 81920 MiB, 77 %, 90.12 W, 47
2026/09/08 09:22:33.355, 28467 MiB, 81920 MiB, 0 %, 88.97 W, 45
2026/09/08 09:23:03.357, 28467 MiB, 81920 MiB, 72 %, 144.73 W, 48
2026/09/08 09:23:33.358, 28467 MiB, 81920 MiB, 1 %, 89.07 W, 46
2026/09/08 09:24:03.359, 28467 MiB, 81920 MiB, 31 %, 72.95 W, 44
2026/09/08 09:24:33.360, 28467 MiB, 81920 MiB, 0 %, 89.15 W, 45
2026/09/08 09:25:03.362, 28467 MiB, 81920 MiB, 55 %, 90.62 W, 46
2026/09/08 09:25:33.363, 28467 MiB, 81920 MiB, 0 %, 89.24 W, 45
2026/09/08 09:26:03.364, 28467 MiB, 81920 MiB, 36 %, 165.72 W, 48
2026/09/08 09:26:33.366, 28467 MiB, 81920 MiB, 80 %, 284.14 W, 48
2026/09/08 09:27:03.367, 28467 MiB, 81920 MiB, 90 %, 100.48 W, 50
2026/09/08 09:27:33.382, 28467 MiB, 81920 MiB, 0 %, 71.88 W, 44
2026/09/08 09:28:03.383, 28467 MiB, 81920 MiB, 98 %, 157.46 W, 50
2026/09/08 09:28:33.384, 28467 MiB, 81920 MiB, 89 %, 243.69 W, 53
2026/09/08 09:29:03.386, 28467 MiB, 81920 MiB, 0 %, 89.74 W, 46
2026/09/08 09:29:33.387, 28467 MiB, 81920 MiB, 5 %, 90.52 W, 49
2026/09/08 09:30:03.389, 28467 MiB, 81920 MiB, 0 %, 90.07 W, 47
2026/09/08 09:30:33.390, 28467 MiB, 81920 MiB, 38 %, 91.03 W, 50
2026/09/08 09:31:03.392, 28467 MiB, 81920 MiB, 18 %, 117.25 W, 47
2026/09/08 09:31:33.393, 28467 MiB, 81920 MiB, 69 %, 183.71 W, 50
2026/09/08 09:32:03.394, 28467 MiB, 81920 MiB, 50 %, 300.37 W, 53
2026/09/08 09:32:33.398, 28467 MiB, 81920 MiB, 28 %, 91.26 W, 47
2026/09/08 09:33:03.400, 28467 MiB, 81920 MiB, 87 %, 91.86 W, 48
2026/09/08 09:33:33.401, 28467 MiB, 81920 MiB, 76 %, 315.99 W, 53
2026/09/08 09:34:03.403, 28467 MiB, 81920 MiB, 0 %, 89.75 W, 46
2026/09/08 09:34:33.404, 28467 MiB, 81920 MiB, 23 %, 248.07 W, 49
2026/09/08 09:35:03.405, 28467 MiB, 81920 MiB, 0 %, 270.81 W, 46
2026/09/08 09:35:33.407, 28467 MiB, 81920 MiB, 0 %, 89.47 W, 46
2026/09/08 09:36:03.408, 28467 MiB, 81920 MiB, 23 %, 305.45 W, 51
2026/09/08 09:36:33.409, 28467 MiB, 81920 MiB, 82 %, 370.95 W, 51
2026/09/08 09:37:03.411, 28467 MiB, 81920 MiB, 73 %, 149.47 W, 50
2026/09/08 09:37:33.424, 28467 MiB, 81920 MiB, 76 %, 282.64 W, 48
2026/09/08 09:38:03.426, 28467 MiB, 81920 MiB, 0 %, 71.22 W, 43
2026/09/08 09:38:33.427, 28467 MiB, 81920 MiB, 50 %, 144.25 W, 47
2026/09/08 09:39:03.428, 28467 MiB, 81920 MiB, 20 %, 185.82 W, 46
2026/09/08 09:39:33.429, 28467 MiB, 81920 MiB, 2 %, 96.55 W, 46
2026/09/08 09:40:03.430, 28467 MiB, 81920 MiB, 1 %, 224.06 W, 47
2026/09/08 09:40:33.431, 28467 MiB, 81920 MiB, 52 %, 179.33 W, 49
2026/09/08 09:41:03.432, 28467 MiB, 81920 MiB, 78 %, 89.85 W, 46
2026/09/08 09:41:33.434, 28467 MiB, 81920 MiB, 20 %, 89.29 W, 46
2026/09/08 09:42:03.440, 28467 MiB, 81920 MiB, 74 %, 90.16 W, 50
2026/09/08 09:42:33.441, 28467 MiB, 81920 MiB, 30 %, 308.34 W, 50
2026/09/08 09:43:03.442, 28467 MiB, 81920 MiB, 66 %, 318.05 W, 51
2026/09/08 09:43:33.444, 28467 MiB, 81920 MiB, 2 %, 89.06 W, 45
2026/09/08 09:44:03.461, 28467 MiB, 81920 MiB, 60 %, 108.58 W, 47
2026/09/08 09:44:33.464, 28467 MiB, 81920 MiB, 17 %, 90.16 W, 46
2026/09/08 09:45:03.465, 28467 MiB, 81920 MiB, 0 %, 73.60 W, 44
2026/09/08 09:45:33.466, 28467 MiB, 81920 MiB, 2 %, 247.44 W, 47
2026/09/08 09:46:03.467, 28467 MiB, 81920 MiB, 83 %, 333.56 W, 53
2026/09/08 09:46:33.469, 28467 MiB, 81920 MiB, 58 %, 179.37 W, 50
2026/09/08 09:47:03.470, 28467 MiB, 81920 MiB, 22 %, 89.24 W, 46
2026/09/08 09:47:33.472, 28467 MiB, 81920 MiB, 49 %, 101.72 W, 47
2026/09/08 09:48:03.475, 28467 MiB, 81920 MiB, 0 %, 88.97 W, 44
2026/09/08 09:48:33.485, 28467 MiB, 81920 MiB, 0 %, 70.81 W, 43
2026/09/08 09:49:03.487, 28467 MiB, 81920 MiB, 16 %, 89.15 W, 45
2026/09/08 09:49:33.488, 28467 MiB, 81920 MiB, 83 %, 187.11 W, 50
2026/09/08 09:50:03.490, 28467 MiB, 81920 MiB, 38 %, 103.46 W, 49
2026/09/08 09:50:33.491, 28467 MiB, 81920 MiB, 10 %, 96.68 W, 45
2026/09/08 09:51:03.493, 28467 MiB, 81920 MiB, 81 %, 231.57 W, 52
2026/09/08 09:51:33.494, 28467 MiB, 81920 MiB, 2 %, 88.79 W, 45
2026/09/08 09:52:03.495, 28467 MiB, 81920 MiB, 82 %, 120.63 W, 48
2026/09/08 09:52:33.497, 28467 MiB, 81920 MiB, 29 %, 120.90 W, 46
2026/09/08 09:53:03.498, 28467 MiB, 81920 MiB, 53 %, 111.34 W, 48
2026/09/08 09:53:33.499, 28467 MiB, 81920 MiB, 1 %, 123.44 W, 49
2026/09/08 09:54:03.500, 28467 MiB, 81920 MiB, 61 %, 94.88 W, 47
2026/09/08 09:54:33.502, 28467 MiB, 81920 MiB, 60 %, 89.57 W, 46
2026/09/08 09:55:03.503, 28467 MiB, 81920 MiB, 54 %, 306.29 W, 51
2026/09/08 09:55:33.505, 28467 MiB, 81920 MiB, 0 %, 88.79 W, 45
2026/09/08 09:56:03.506, 28467 MiB, 81920 MiB, 84 %, 92.92 W, 48
2026/09/08 09:56:33.507, 28467 MiB, 81920 MiB, 0 %, 70.81 W, 43
2026/09/08 09:57:03.509, 28467 MiB, 81920 MiB, 0 %, 88.97 W, 45
2026/09/08 09:57:33.512, 28467 MiB, 81920 MiB, 92 %, 311.87 W, 53
2026/09/08 09:58:03.514, 28467 MiB, 81920 MiB, 0 %, 206.07 W, 47
2026/09/08 09:58:33.516, 28467 MiB, 81920 MiB, 2 %, 89.06 W, 46
2026/09/08 09:59:03.517, 28467 MiB, 81920 MiB, 0 %, 71.21 W, 44
2026/09/08 09:59:33.518, 28467 MiB, 81920 MiB, 0 %, 88.88 W, 45
2026/09/08 10:00:03.520, 28467 MiB, 81920 MiB, 3 %, 136.42 W, 45
2026/09/08 10:00:33.525, 28467 MiB, 81920 MiB, 77 %, 304.82 W, 53
2026/09/08 10:01:03.526, 28467 MiB, 81920 MiB, 0 %, 88.97 W, 45
2026/09/08 10:01:33.528, 28467 MiB, 81920 MiB, 100 %, 95.48 W, 50
2026/09/08 10:02:03.529, 28467 MiB, 81920 MiB, 1 %, 89.29 W, 45
2026/09/08 10:02:33.530, 28467 MiB, 81920 MiB, 79 %, 143.84 W, 49
2026/09/08 10:03:03.532, 28467 MiB, 81920 MiB, 0 %, 89.06 W, 46
2026/09/08 10:03:33.534, 28467 MiB, 81920 MiB, 45 %, 308.62 W, 49
2026/09/08 10:04:03.536, 28467 MiB, 81920 MiB, 0 %, 88.64 W, 45
2026/09/08 10:04:33.537, 28467 MiB, 81920 MiB, 0 %, 91.31 W, 45
2026/09/08 10:05:03.541, 28467 MiB, 81920 MiB, 87 %, 100.25 W, 48
2026/09/08 10:05:33.543, 28467 MiB, 81920 MiB, 33 %, 119.83 W, 48
2026/09/08 10:06:03.544, 28467 MiB, 81920 MiB, 0 %, 89.66 W, 49
2026/09/08 10:06:33.546, 28467 MiB, 81920 MiB, 66 %, 90.52 W, 47
2026/09/08 10:07:03.547, 28467 MiB, 81920 MiB, 0 %, 89.29 W, 45
2026/09/08 10:07:33.548, 28467 MiB, 81920 MiB, 78 %, 149.16 W, 48
2026/09/08 10:08:03.549, 28467 MiB, 81920 MiB, 0 %, 71.28 W, 44
2026/09/08 10:08:33.550, 28467 MiB, 81920 MiB, 0 %, 69.81 W, 41
2026/09/08 10:09:03.552, 28467 MiB, 81920 MiB, 16 %, 88.10 W, 44
2026/09/08 10:09:33.553, 28467 MiB, 81920 MiB, 0 %, 88.19 W, 44
2026/09/08 10:10:03.554, 28467 MiB, 81920 MiB, 99 %, 302.47 W, 53
2026/09/08 10:10:33.556, 28467 MiB, 81920 MiB, 0 %, 89.07 W, 45
2026/09/08 10:11:03.557, 28467 MiB, 81920 MiB, 37 %, 89.33 W, 45
2026/09/08 10:11:33.559, 28467 MiB, 81920 MiB, 14 %, 124.42 W, 47
2026/09/08 10:12:03.560, 28467 MiB, 81920 MiB, 2 %, 183.96 W, 47
2026/09/08 10:12:33.561, 28467 MiB, 81920 MiB, 0 %, 71.61 W, 43
2026/09/08 10:13:03.563, 28467 MiB, 81920 MiB, 10 %, 89.84 W, 44
2026/09/08 10:13:33.564, 28467 MiB, 81920 MiB, 34 %, 324.89 W, 50
2026/09/08 10:14:03.565, 28467 MiB, 81920 MiB, 54 %, 95.58 W, 49
2026/09/08 10:14:33.566, 28467 MiB, 81920 MiB, 0 %, 88.70 W, 45
2026/09/08 10:15:03.568, 28467 MiB, 81920 MiB, 16 %, 88.10 W, 44
2026/09/08 10:15:33.569, 28467 MiB, 81920 MiB, 0 %, 186.37 W, 45
2026/09/08 10:16:03.571, 28467 MiB, 81920 MiB, 34 %, 164.85 W, 49
2026/09/08 10:16:33.574, 28467 MiB, 81920 MiB, 0 %, 71.61 W, 44
2026/09/08 10:17:03.579, 28467 MiB, 81920 MiB, 55 %, 309.54 W, 53
2026/09/08 10:17:33.580, 28467 MiB, 81920 MiB, 59 %, 89.06 W, 46
2026/09/08 10:18:03.582, 28467 MiB, 81920 MiB, 57 %, 105.42 W, 47
2026/09/08 10:18:33.583, 28467 MiB, 81920 MiB, 22 %, 309.26 W, 51
2026/09/08 10:19:03.587, 28467 MiB, 81920 MiB, 39 %, 90.43 W, 47
2026/09/08 10:19:33.591, 28467 MiB, 81920 MiB, 63 %, 324.23 W, 50
2026/09/08 10:20:03.595, 28467 MiB, 81920 MiB, 2 %, 89.15 W, 46
2026/09/08 10:20:33.596, 28467 MiB, 81920 MiB, 67 %, 90.25 W, 47
2026/09/08 10:21:03.598, 28467 MiB, 81920 MiB, 1 %, 89.66 W, 46
2026/09/08 10:21:33.599, 28467 MiB, 81920 MiB, 78 %, 93.69 W, 51
2026/09/08 10:22:03.605, 28467 MiB, 81920 MiB, 0 %, 88.97 W, 45
2026/09/08 10:22:33.606, 28467 MiB, 81920 MiB, 0 %, 71.36 W, 44
2026/09/08 10:23:03.607, 28467 MiB, 81920 MiB, 65 %, 110.85 W, 51
2026/09/08 10:23:33.609, 28467 MiB, 81920 MiB, 0 %, 89.47 W, 46
2026/09/08 10:24:03.612, 28467 MiB, 81920 MiB, 47 %, 272.85 W, 52
2026/09/08 10:24:33.613, 28467 MiB, 81920 MiB, 49 %, 290.66 W, 52
2026/09/08 10:25:03.615, 28467 MiB, 81920 MiB, 70 %, 89.01 W, 46
2026/09/08 10:25:33.616, 28467 MiB, 81920 MiB, 4 %, 273.65 W, 48
2026/09/08 10:26:03.616, 28467 MiB, 81920 MiB, 0 %, 149.46 W, 47
2026/09/08 10:26:33.621, 28467 MiB, 81920 MiB, 90 %, 289.44 W, 52
2026/09/08 10:27:03.623, 28467 MiB, 81920 MiB, 2 %, 106.46 W, 45
2026/09/08 10:27:33.632, 28467 MiB, 81920 MiB, 48 %, 89.66 W, 46
2026/09/08 10:28:03.634, 28467 MiB, 81920 MiB, 0 %, 89.07 W, 45
2026/09/08 10:28:33.635, 28467 MiB, 81920 MiB, 84 %, 98.12 W, 48
2026/09/08 10:29:03.636, 28467 MiB, 81920 MiB, 99 %, 308.39 W, 51
2026/09/08 10:29:33.637, 28467 MiB, 81920 MiB, 78 %, 112.05 W, 49
2026/09/08 10:30:03.639, 28467 MiB, 81920 MiB, 11 %, 109.50 W, 48
2026/09/08 10:30:33.641, 28467 MiB, 81920 MiB, 24 %, 110.58 W, 48
2026/09/08 10:31:03.642, 28467 MiB, 81920 MiB, 80 %, 96.45 W, 49
2026/09/08 10:31:33.642, 28467 MiB, 81920 MiB, 98 %, 323.42 W, 48
2026/09/08 10:32:03.647, 28467 MiB, 81920 MiB, 7 %, 101.40 W, 45
2026/09/08 10:32:33.648, 28467 MiB, 81920 MiB, 62 %, 89.66 W, 46
2026/09/08 10:33:03.650, 28467 MiB, 81920 MiB, 68 %, 90.16 W, 49
2026/09/08 10:33:33.651, 28467 MiB, 81920 MiB, 32 %, 308.62 W, 51
2026/09/08 10:34:03.652, 28467 MiB, 81920 MiB, 78 %, 286.18 W, 53
2026/09/08 10:34:33.654, 28467 MiB, 81920 MiB, 0 %, 89.84 W, 46
2026/09/08 10:35:03.656, 28467 MiB, 81920 MiB, 0 %, 90.25 W, 47
2026/09/08 10:35:33.657, 28467 MiB, 81920 MiB, 67 %, 137.92 W, 51
2026/09/08 10:36:03.658, 28467 MiB, 81920 MiB, 71 %, 144.43 W, 50
2026/09/08 10:36:33.660, 28467 MiB, 81920 MiB, 35 %, 156.97 W, 49
2026/09/08 10:37:03.662, 28467 MiB, 81920 MiB, 76 %, 91.53 W, 50
2026/09/08 10:37:33.663, 28467 MiB, 81920 MiB, 60 %, 311.00 W, 55
2026/09/08 10:38:03.665, 28467 MiB, 81920 MiB, 58 %, 144.26 W, 48
2026/09/08 10:38:33.667, 28467 MiB, 81920 MiB, 0 %, 71.15 W, 46
2026/09/08 10:39:03.668, 28467 MiB, 81920 MiB, 42 %, 91.31 W, 50
2026/09/08 10:39:33.670, 28467 MiB, 81920 MiB, 84 %, 291.20 W, 50
2026/09/08 10:40:03.671, 28467 MiB, 81920 MiB, 64 %, 90.02 W, 47
2026/09/08 10:40:33.673, 28467 MiB, 81920 MiB, 0 %, 255.43 W, 48
2026/09/08 10:41:03.674, 28467 MiB, 81920 MiB, 53 %, 88.97 W, 45
2026/09/08 10:41:33.676, 28467 MiB, 81920 MiB, 23 %, 174.13 W, 47
2026/09/08 10:42:03.676, 28467 MiB, 81920 MiB, 74 %, 151.04 W, 49
2026/09/08 10:42:33.681, 28467 MiB, 81920 MiB, 0 %, 88.79 W, 45
2026/09/08 10:43:03.683, 28467 MiB, 81920 MiB, 68 %, 96.78 W, 46
2026/09/08 10:43:33.684, 28467 MiB, 81920 MiB, 73 %, 263.47 W, 52
2026/09/08 10:44:03.685, 28467 MiB, 81920 MiB, 77 %, 166.14 W, 51
2026/09/08 10:44:33.686, 28467 MiB, 81920 MiB, 37 %, 163.04 W, 47
2026/09/08 10:45:03.687, 28467 MiB, 81920 MiB, 44 %, 285.91 W, 49
2026/09/08 10:45:33.688, 28467 MiB, 81920 MiB, 69 %, 163.49 W, 53
2026/09/08 10:46:03.689, 28467 MiB, 81920 MiB, 0 %, 71.46 W, 44
2026/09/08 10:46:33.690, 28467 MiB, 81920 MiB, 100 %, 125.03 W, 48
2026/09/08 10:47:03.692, 28467 MiB, 81920 MiB, 0 %, 71.13 W, 44
2026/09/08 10:47:33.693, 28467 MiB, 81920 MiB, 0 %, 71.00 W, 44
2026/09/08 10:48:03.694, 28467 MiB, 81920 MiB, 0 %, 88.79 W, 45
2026/09/08 10:48:33.696, 28467 MiB, 81920 MiB, 56 %, 202.54 W, 46
2026/09/08 10:49:03.697, 28467 MiB, 81920 MiB, 12 %, 212.74 W, 46
2026/09/08 10:49:33.699, 28467 MiB, 81920 MiB, 0 %, 70.93 W, 43
2026/09/08 10:50:03.700, 28467 MiB, 81920 MiB, 10 %, 303.30 W, 49
2026/09/08 10:50:33.702, 28467 MiB, 81920 MiB, 37 %, 109.17 W, 49
2026/09/08 10:51:03.704, 28467 MiB, 81920 MiB, 44 %, 197.42 W, 48
2026/09/08 10:51:33.716, 28467 MiB, 81920 MiB, 0 %, 71.21 W, 44
2026/09/08 10:52:03.718, 28467 MiB, 81920 MiB, 56 %, 88.97 W, 45
2026/09/08 10:52:33.720, 28467 MiB, 81920 MiB, 68 %, 263.15 W, 49
2026/09/08 10:53:03.721, 28467 MiB, 81920 MiB, 30 %, 75.38 W, 45
2026/09/08 10:53:33.723, 28467 MiB, 81920 MiB, 84 %, 308.62 W, 53
2026/09/08 10:54:03.724, 28467 MiB, 81920 MiB, 42 %, 212.14 W, 48
2026/09/08 10:54:33.726, 28467 MiB, 81920 MiB, 41 %, 248.07 W, 48
2026/09/08 10:55:03.727, 28467 MiB, 81920 MiB, 4 %, 94.02 W, 48
2026/09/08 10:55:33.733, 28467 MiB, 81920 MiB, 64 %, 185.05 W, 48
2026/09/08 10:56:03.735, 28467 MiB, 81920 MiB, 0 %, 89.29 W, 45
2026/09/08 10:56:33.736, 28467 MiB, 81920 MiB, 73 %, 214.65 W, 50
2026/09/08 10:57:03.742, 28467 MiB, 81920 MiB, 93 %, 146.65 W, 51
2026/09/08 10:57:33.744, 28467 MiB, 81920 MiB, 2 %, 105.53 W, 45
2026/09/08 10:58:03.745, 28467 MiB, 81920 MiB, 60 %, 90.16 W, 47
2026/09/08 10:58:33.747, 28467 MiB, 81920 MiB, 76 %, 161.52 W, 50
2026/09/08 10:59:03.768, 28467 MiB, 81920 MiB, 62 %, 94.91 W, 47
2026/09/08 10:59:33.770, 28467 MiB, 81920 MiB, 97 %, 339.94 W, 51
2026/09/08 11:00:03.771, 28467 MiB, 81920 MiB, 42 %, 179.41 W, 48
2026/09/08 11:00:33.772, 28467 MiB, 81920 MiB, 77 %, 90.49 W, 46
2026/09/08 11:01:03.773, 28467 MiB, 81920 MiB, 37 %, 241.06 W, 47
2026/09/08 11:01:33.777, 28467 MiB, 81920 MiB, 3 %, 135.78 W, 50
2026/09/08 11:02:03.779, 28467 MiB, 81920 MiB, 0 %, 89.25 W, 46
2026/09/08 11:02:33.780, 28467 MiB, 81920 MiB, 66 %, 224.43 W, 48
2026/09/08 11:03:03.782, 28467 MiB, 81920 MiB, 0 %, 71.50 W, 44
2026/09/08 11:03:33.783, 28467 MiB, 81920 MiB, 6 %, 89.06 W, 45
2026/09/08 11:04:03.784, 28467 MiB, 81920 MiB, 19 %, 155.23 W, 46
2026/09/08 11:04:33.786, 28467 MiB, 81920 MiB, 1 %, 89.57 W, 49
2026/09/08 11:05:03.787, 28467 MiB, 81920 MiB, 26 %, 89.47 W, 46
2026/09/08 11:05:33.789, 28467 MiB, 81920 MiB, 44 %, 110.37 W, 45
2026/09/08 11:06:03.790, 28467 MiB, 81920 MiB, 79 %, 312.85 W, 53
2026/09/08 11:06:33.791, 28467 MiB, 81920 MiB, 20 %, 305.08 W, 51
2026/09/08 11:07:03.792, 28467 MiB, 81920 MiB, 100 %, 208.13 W, 52
2026/09/08 11:07:33.794, 28467 MiB, 81920 MiB, 39 %, 113.79 W, 47
2026/09/08 11:08:03.795, 28467 MiB, 81920 MiB, 0 %, 88.88 W, 45
2026/09/08 11:08:33.796, 28467 MiB, 81920 MiB, 38 %, 113.40 W, 49
2026/09/08 11:09:03.797, 28467 MiB, 81920 MiB, 0 %, 71.61 W, 44
2026/09/08 11:09:33.798, 28467 MiB, 81920 MiB, 79 %, 334.85 W, 51
2026/09/08 11:10:03.799, 28467 MiB, 81920 MiB, 61 %, 109.89 W, 46
2026/09/08 11:10:33.804, 28467 MiB, 81920 MiB, 74 %, 216.34 W, 51
2026/09/08 11:11:03.806, 28467 MiB, 81920 MiB, 55 %, 89.38 W, 46
2026/09/08 11:11:33.807, 28467 MiB, 81920 MiB, 86 %, 230.38 W, 51
2026/09/08 11:12:03.810, 28467 MiB, 81920 MiB, 57 %, 90.76 W, 46
2026/09/08 11:12:33.812, 28467 MiB, 81920 MiB, 0 %, 70.73 W, 41
2026/09/08 11:13:03.814, 28467 MiB, 81920 MiB, 96 %, 198.09 W, 47
2026/09/08 11:13:33.815, 28467 MiB, 81920 MiB, 79 %, 89.65 W, 49
2026/09/08 11:14:03.818, 28467 MiB, 81920 MiB, 58 %, 89.29 W, 45
2026/09/08 11:14:33.819, 28467 MiB, 81920 MiB, 75 %, 95.75 W, 51
2026/09/08 11:15:03.820, 28467 MiB, 81920 MiB, 98 %, 99.61 W, 52
2026/09/08 11:15:33.822, 28467 MiB, 81920 MiB, 69 %, 307.75 W, 51
2026/09/08 11:16:03.823, 28467 MiB, 81920 MiB, 60 %, 140.25 W, 47
2026/09/08 11:16:33.825, 28467 MiB, 81920 MiB, 70 %, 285.61 W, 51
2026/09/08 11:17:03.826, 28467 MiB, 81920 MiB, 0 %, 197.09 W, 47
2026/09/08 11:17:33.829, 28467 MiB, 81920 MiB, 70 %, 232.47 W, 46
2026/09/08 11:18:03.830, 28467 MiB, 81920 MiB, 0 %, 71.21 W, 43
2026/09/08 11:18:33.834, 28467 MiB, 81920 MiB, 0 %, 88.88 W, 45
2026/09/08 11:19:03.836, 28467 MiB, 81920 MiB, 41 %, 89.57 W, 45
2026/09/08 11:19:33.838, 28467 MiB, 81920 MiB, 28 %, 246.77 W, 49
2026/09/08 11:20:03.839, 28467 MiB, 81920 MiB, 0 %, 191.49 W, 48
2026/09/08 11:20:33.843, 28467 MiB, 81920 MiB, 8 %, 163.72 W, 48
2026/09/08 11:21:03.845, 28467 MiB, 81920 MiB, 51 %, 92.53 W, 47
2026/09/08 11:21:33.846, 28467 MiB, 81920 MiB, 67 %, 345.92 W, 50
2026/09/08 11:22:03.847, 28467 MiB, 81920 MiB, 0 %, 89.85 W, 46
2026/09/08 11:22:33.848, 28467 MiB, 81920 MiB, 3 %, 79.05 W, 44
2026/09/08 11:23:03.849, 28467 MiB, 81920 MiB, 88 %, 229.17 W, 53
2026/09/08 11:23:33.851, 28467 MiB, 81920 MiB, 69 %, 203.05 W, 48
2026/09/08 11:24:03.851, 28467 MiB, 81920 MiB, 0 %, 89.43 W, 45
2026/09/08 11:24:33.853, 28467 MiB, 81920 MiB, 4 %, 89.24 W, 46
2026/09/08 11:25:03.854, 28467 MiB, 81920 MiB, 59 %, 286.48 W, 53
2026/09/08 11:25:33.856, 28467 MiB, 81920 MiB, 58 %, 140.54 W, 49
2026/09/08 11:26:03.858, 28467 MiB, 81920 MiB, 35 %, 172.66 W, 48
2026/09/08 11:26:33.860, 28467 MiB, 81920 MiB, 0 %, 88.79 W, 45
2026/09/08 11:27:03.861, 28467 MiB, 81920 MiB, 75 %, 106.24 W, 49
2026/09/08 11:27:33.863, 28467 MiB, 81920 MiB, 0 %, 89.57 W, 45
2026/09/08 11:28:03.867, 28467 MiB, 81920 MiB, 68 %, 373.89 W, 49
2026/09/08 11:28:33.869, 28467 MiB, 81920 MiB, 37 %, 142.61 W, 49
2026/09/08 11:29:03.871, 28467 MiB, 81920 MiB, 43 %, 93.19 W, 47
2026/09/08 11:29:33.872, 28467 MiB, 81920 MiB, 68 %, 100.21 W, 48
2026/09/08 11:30:03.874, 28467 MiB, 81920 MiB, 65 %, 90.52 W, 47
2026/09/08 11:30:33.875, 28467 MiB, 81920 MiB, 57 %, 89.15 W, 46
2026/09/08 11:31:03.877, 28467 MiB, 81920 MiB, 90 %, 241.88 W, 52
2026/09/08 11:31:33.879, 28467 MiB, 81920 MiB, 13 %, 116.66 W, 48
2026/09/08 11:32:03.880, 28467 MiB, 81920 MiB, 0 %, 71.28 W, 44
2026/09/08 11:32:33.881, 28467 MiB, 81920 MiB, 44 %, 307.75 W, 51
2026/09/08 11:33:03.882, 28467 MiB, 81920 MiB, 0 %, 246.33 W, 46
2026/09/08 11:33:33.884, 28467 MiB, 81920 MiB, 86 %, 103.03 W, 46
2026/09/08 11:34:03.886, 28467 MiB, 81920 MiB, 0 %, 71.13 W, 44
2026/09/08 11:34:33.887, 28467 MiB, 81920 MiB, 54 %, 133.06 W, 48
2026/09/08 11:35:03.888, 28467 MiB, 81920 MiB, 100 %, 335.18 W, 53
2026/09/08 11:35:33.890, 28467 MiB, 81920 MiB, 86 %, 315.72 W, 54
2026/09/08 11:36:03.892, 28467 MiB, 81920 MiB, 0 %, 88.60 W, 45
2026/09/08 11:36:33.893, 28467 MiB, 81920 MiB, 51 %, 110.26 W, 50
2026/09/08 11:37:03.898, 28467 MiB, 81920 MiB, 48 %, 130.68 W, 47
2026/09/08 11:37:33.899, 28467 MiB, 81920 MiB, 0 %, 89.38 W, 46
2026/09/08 11:38:03.901, 28467 MiB, 81920 MiB, 91 %, 152.52 W, 51
2026/09/08 11:38:33.903, 28467 MiB, 81920 MiB, 83 %, 260.49 W, 50
2026/09/08 11:39:03.904, 28467 MiB, 81920 MiB, 0 %, 89.06 W, 45
2026/09/08 11:39:33.906, 28467 MiB, 81920 MiB, 98 %, 244.54 W, 50
2026/09/08 11:40:03.908, 28467 MiB, 81920 MiB, 94 %, 283.53 W, 53
2026/09/08 11:40:33.909, 28467 MiB, 81920 MiB, 0 %, 89.47 W, 46
2026/09/08 11:41:03.911, 28467 MiB, 81920 MiB, 0 %, 89.47 W, 46
2026/09/08 11:41:33.912, 28467 MiB, 81920 MiB, 98 %, 119.24 W, 52
2026/09/08 11:42:03.913, 28467 MiB, 81920 MiB, 34 %, 90.67 W, 47
2026/09/08 11:42:33.914, 28467 MiB, 81920 MiB, 63 %, 141.92 W, 48
2026/09/08 11:43:03.915, 28467 MiB, 81920 MiB, 0 %, 89.84 W, 46
2026/09/08 11:43:33.916, 28467 MiB, 81920 MiB, 36 %, 97.38 W, 48
2026/09/08 11:44:03.917, 28467 MiB, 81920 MiB, 0 %, 88.70 W, 45
2026/09/08 11:44:33.919, 28467 MiB, 81920 MiB, 70 %, 258.70 W, 53
2026/09/08 11:45:03.921, 28467 MiB, 81920 MiB, 2 %, 89.06 W, 45
2026/09/08 11:45:33.922, 28467 MiB, 81920 MiB, 31 %, 71.22 W, 43
2026/09/08 11:46:03.924, 28467 MiB, 81920 MiB, 28 %, 288.57 W, 52
2026/09/08 11:46:33.925, 28467 MiB, 81920 MiB, 4 %, 89.43 W, 45
2026/09/08 11:47:03.926, 28467 MiB, 81920 MiB, 27 %, 229.89 W, 50
2026/09/08 11:47:33.928, 28467 MiB, 81920 MiB, 0 %, 97.15 W, 45
2026/09/08 11:48:03.931, 28467 MiB, 81920 MiB, 64 %, 114.14 W, 46
2026/09/08 11:48:33.933, 28467 MiB, 81920 MiB, 72 %, 289.46 W, 50
2026/09/08 11:49:03.934, 28467 MiB, 81920 MiB, 55 %, 270.29 W, 51
2026/09/08 11:49:33.936, 28467 MiB, 81920 MiB, 19 %, 89.29 W, 44
2026/09/08 11:50:03.937, 28467 MiB, 81920 MiB, 34 %, 77.61 W, 43
2026/09/08 11:50:33.939, 28467 MiB, 81920 MiB, 48 %, 91.03 W, 46
2026/09/08 11:51:03.940, 28467 MiB, 81920 MiB, 34 %, 123.56 W, 49
2026/09/08 11:51:33.942, 28467 MiB, 81920 MiB, 0 %, 103.85 W, 45
2026/09/08 11:52:03.944, 28467 MiB, 81920 MiB, 3 %, 89.38 W, 45
2026/09/08 11:52:33.960, 28467 MiB, 81920 MiB, 52 %, 90.16 W, 46
2026/09/08 11:53:03.961, 28467 MiB, 81920 MiB, 98 %, 307.43 W, 53
2026/09/08 11:53:33.965, 28467 MiB, 81920 MiB, 22 %, 170.87 W, 48
2026/09/08 11:54:03.967, 28467 MiB, 81920 MiB, 57 %, 89.29 W, 45
2026/09/08 11:54:33.969, 28467 MiB, 81920 MiB, 37 %, 89.84 W, 47
2026/09/08 11:55:03.970, 28467 MiB, 81920 MiB, 73 %, 89.84 W, 47
2026/09/08 11:55:33.971, 28467 MiB, 81920 MiB, 37 %, 88.97 W, 48
2026/09/08 11:56:03.972, 28467 MiB, 81920 MiB, 100 %, 216.16 W, 52
2026/09/08 11:56:33.982, 28467 MiB, 81920 MiB, 0 %, 71.15 W, 43
2026/09/08 11:57:03.994, 28467 MiB, 81920 MiB, 0 %, 71.36 W, 44
2026/09/08 11:57:33.996, 28467 MiB, 81920 MiB, 0 %, 88.70 W, 45
2026/09/08 11:58:03.998, 28467 MiB, 81920 MiB, 94 %, 167.01 W, 49
2026/09/08 11:58:33.999, 28467 MiB, 81920 MiB, 0 %, 88.97 W, 45
2026/09/08 11:59:04.000, 28467 MiB, 81920 MiB, 49 %, 91.54 W, 48
2026/09/08 11:59:34.002, 28467 MiB, 81920 MiB, 0 %, 90.35 W, 45
2026/09/08 12:00:04.004, 28467 MiB, 81920 MiB, 0 %, 84.05 W, 44
2026/09/08 12:00:34.005, 28467 MiB, 81920 MiB, 87 %, 96.18 W, 51
2026/09/08 12:01:04.006, 28467 MiB, 81920 MiB, 0 %, 89.06 W, 45
2026/09/08 12:01:34.008, 28467 MiB, 81920 MiB, 0 %, 71.43 W, 44
2026/09/08 12:02:04.009, 28467 MiB, 81920 MiB, 73 %, 150.29 W, 50
2026/09/08 12:02:34.011, 28467 MiB, 81920 MiB, 91 %, 182.38 W, 51
2026/09/08 12:03:04.012, 28467 MiB, 81920 MiB, 99 %, 216.38 W, 52
2026/09/08 12:03:34.013, 28467 MiB, 81920 MiB, 76 %, 104.55 W, 49
2026/09/08 12:04:04.014, 28467 MiB, 81920 MiB, 0 %, 88.88 W, 45
2026/09/08 12:04:34.015, 28467 MiB, 81920 MiB, 0 %, 88.46 W, 44
2026/09/08 12:05:04.023, 28467 MiB, 81920 MiB, 70 %, 97.05 W, 49
2026/09/08 12:05:34.028, 28467 MiB, 81920 MiB, 0 %, 89.38 W, 45
2026/09/08 12:06:04.030, 28467 MiB, 81920 MiB, 91 %, 110.26 W, 48
2026/09/08 12:06:34.031, 28467 MiB, 81920 MiB, 0 %, 88.97 W, 45
2026/09/08 12:07:04.032, 28467 MiB, 81920 MiB, 93 %, 141.78 W, 51
2026/09/08 12:07:34.034, 28467 MiB, 81920 MiB, 0 %, 89.29 W, 45
2026/09/08 12:08:04.043, 28467 MiB, 81920 MiB, 0 %, 88.37 W, 44
2026/09/08 12:08:34.045, 28467 MiB, 81920 MiB, 2 %, 89.47 W, 45
2026/09/08 12:09:04.046, 28467 MiB, 81920 MiB, 74 %, 89.24 W, 46
2026/09/08 12:09:34.047, 28467 MiB, 81920 MiB, 68 %, 300.95 W, 52
2026/09/08 12:10:04.049, 28467 MiB, 81920 MiB, 61 %, 90.44 W, 47
2026/09/08 12:10:34.050, 28467 MiB, 81920 MiB, 68 %, 284.99 W, 47
2026/09/08 12:11:04.051, 28467 MiB, 81920 MiB, 8 %, 223.46 W, 45
2026/09/08 12:11:34.053, 28467 MiB, 81920 MiB, 0 %, 88.55 W, 45
2026/09/08 12:12:04.055, 28467 MiB, 81920 MiB, 92 %, 158.87 W, 51
2026/09/08 12:12:34.056, 28467 MiB, 81920 MiB, 64 %, 91.72 W, 46
2026/09/08 12:13:04.057, 28467 MiB, 81920 MiB, 0 %, 88.70 W, 45
2026/09/08 12:13:34.058, 28467 MiB, 81920 MiB, 11 %, 92.59 W, 46
2026/09/08 12:14:04.059, 28467 MiB, 81920 MiB, 23 %, 88.60 W, 45
2026/09/08 12:14:34.061, 28467 MiB, 81920 MiB, 17 %, 88.70 W, 44
2026/09/08 12:15:04.062, 28467 MiB, 81920 MiB, 85 %, 92.22 W, 47
2026/09/08 12:15:34.063, 28467 MiB, 81920 MiB, 0 %, 88.97 W, 45
2026/09/08 12:16:04.064, 28467 MiB, 81920 MiB, 95 %, 371.17 W, 50
2026/09/08 12:16:34.067, 28467 MiB, 81920 MiB, 59 %, 152.57 W, 48
2026/09/08 12:17:04.068, 28467 MiB, 81920 MiB, 0 %, 70.48 W, 43
2026/09/08 12:17:34.069, 28467 MiB, 81920 MiB, 0 %, 70.41 W, 40
2026/09/08 12:18:04.071, 28467 MiB, 81920 MiB, 61 %, 299.48 W, 50
2026/09/08 12:18:34.072, 28467 MiB, 81920 MiB, 81 %, 123.69 W, 49
2026/09/08 12:19:04.073, 28467 MiB, 81920 MiB, 0 %, 71.21 W, 43
2026/09/08 12:19:34.075, 28467 MiB, 81920 MiB, 0 %, 88.46 W, 44
2026/09/08 12:20:04.078, 28467 MiB, 81920 MiB, 27 %, 100.21 W, 48
2026/09/08 12:20:34.079, 28467 MiB, 81920 MiB, 71 %, 302.75 W, 50
2026/09/08 12:21:04.081, 28467 MiB, 81920 MiB, 0 %, 74.27 W, 43
2026/09/08 12:21:34.082, 28467 MiB, 81920 MiB, 59 %, 88.97 W, 46
2026/09/08 12:22:04.083, 28467 MiB, 81920 MiB, 35 %, 277.63 W, 44
2026/09/08 12:22:34.090, 28467 MiB, 81920 MiB, 0 %, 88.46 W, 44
2026/09/08 12:23:04.092, 28467 MiB, 81920 MiB, 76 %, 222.54 W, 50
2026/09/08 12:23:34.093, 28467 MiB, 81920 MiB, 96 %, 305.17 W, 53
2026/09/08 12:24:04.095, 28467 MiB, 81920 MiB, 67 %, 99.05 W, 47
2026/09/08 12:24:34.097, 28467 MiB, 81920 MiB, 0 %, 89.15 W, 45
2026/09/08 12:25:04.098, 28467 MiB, 81920 MiB, 98 %, 235.02 W, 51
2026/09/08 12:25:34.099, 28467 MiB, 81920 MiB, 2 %, 114.95 W, 47
2026/09/08 12:26:04.101, 28467 MiB, 81920 MiB, 21 %, 90.52 W, 47
2026/09/08 12:26:34.102, 28467 MiB, 81920 MiB, 92 %, 158.60 W, 48
2026/09/08 12:27:04.105, 28467 MiB, 81920 MiB, 34 %, 287.38 W, 50
2026/09/08 12:27:34.107, 28467 MiB, 81920 MiB, 32 %, 146.49 W, 49
2026/09/08 12:28:04.109, 28467 MiB, 81920 MiB, 30 %, 103.74 W, 48
2026/09/08 12:28:34.110, 28467 MiB, 81920 MiB, 51 %, 89.75 W, 46
2026/09/08 12:29:04.112, 28467 MiB, 81920 MiB, 32 %, 113.00 W, 48
2026/09/08 12:29:34.114, 28467 MiB, 81920 MiB, 0 %, 89.16 W, 46
2026/09/08 12:30:04.115, 28467 MiB, 81920 MiB, 65 %, 90.22 W, 46
2026/09/08 12:30:34.116, 28467 MiB, 81920 MiB, 94 %, 122.74 W, 48
2026/09/08 12:31:04.118, 28467 MiB, 81920 MiB, 28 %, 247.54 W, 48
2026/09/08 12:31:34.120, 28467 MiB, 81920 MiB, 96 %, 178.08 W, 51
2026/09/08 12:32:04.122, 28467 MiB, 81920 MiB, 32 %, 93.60 W, 46
2026/09/08 12:32:34.123, 28467 MiB, 81920 MiB, 92 %, 138.33 W, 53
2026/09/08 12:33:04.125, 28467 MiB, 81920 MiB, 1 %, 253.21 W, 47
2026/09/08 12:33:34.126, 28467 MiB, 81920 MiB, 78 %, 309.35 W, 51
2026/09/08 12:34:04.128, 28467 MiB, 81920 MiB, 27 %, 89.61 W, 46
2026/09/08 12:34:34.129, 28467 MiB, 81920 MiB, 75 %, 238.01 W, 49
2026/09/08 12:35:04.131, 28467 MiB, 81920 MiB, 35 %, 91.33 W, 47
2026/09/08 12:35:34.132, 28467 MiB, 81920 MiB, 0 %, 246.41 W, 48
2026/09/08 12:36:04.133, 28467 MiB, 81920 MiB, 85 %, 286.80 W, 53
2026/09/08 12:36:34.134, 28467 MiB, 81920 MiB, 83 %, 280.59 W, 52
2026/09/08 12:37:04.136, 28467 MiB, 81920 MiB, 52 %, 90.02 W, 50
2026/09/08 12:37:34.138, 28467 MiB, 81920 MiB, 0 %, 89.24 W, 45
2026/09/08 12:38:04.139, 28467 MiB, 81920 MiB, 20 %, 191.37 W, 46
2026/09/08 12:38:34.140, 28467 MiB, 81920 MiB, 34 %, 306.27 W, 51
2026/09/08 12:39:04.142, 28467 MiB, 81920 MiB, 30 %, 109.01 W, 47
2026/09/08 12:39:34.143, 28467 MiB, 81920 MiB, 0 %, 91.96 W, 46
2026/09/08 12:40:04.145, 28467 MiB, 81920 MiB, 84 %, 274.62 W, 52
2026/09/08 12:40:34.146, 28467 MiB, 81920 MiB, 5 %, 71.50 W, 44
2026/09/08 12:41:04.147, 28467 MiB, 81920 MiB, 69 %, 176.29 W, 48
2026/09/08 12:41:34.148, 28467 MiB, 81920 MiB, 81 %, 375.68 W, 53
2026/09/08 12:42:04.150, 28467 MiB, 81920 MiB, 0 %, 88.88 W, 45
2026/09/08 12:42:34.152, 28467 MiB, 81920 MiB, 83 %, 91.22 W, 48
2026/09/08 12:43:04.153, 28467 MiB, 81920 MiB, 6 %, 72.12 W, 45
2026/09/08 12:43:34.155, 28467 MiB, 81920 MiB, 91 %, 92.05 W, 49
2026/09/08 12:44:04.156, 28467 MiB, 81920 MiB, 3 %, 89.57 W, 47
2026/09/08 12:44:34.160, 28467 MiB, 81920 MiB, 4 %, 89.93 W, 46
2026/09/08 12:45:04.162, 28467 MiB, 81920 MiB, 42 %, 224.46 W, 49
2026/09/08 12:45:34.164, 28467 MiB, 81920 MiB, 40 %, 89.74 W, 46
2026/09/08 12:46:04.165, 28467 MiB, 81920 MiB, 38 %, 198.74 W, 49
2026/09/08 12:46:34.166, 28467 MiB, 81920 MiB, 0 %, 71.46 W, 45
2026/09/08 12:47:04.168, 28467 MiB, 81920 MiB, 69 %, 252.51 W, 53
2026/09/08 12:47:34.171, 28467 MiB, 81920 MiB, 0 %, 89.29 W, 45
2026/09/08 12:48:04.172, 28467 MiB, 81920 MiB, 0 %, 71.21 W, 44
2026/09/08 12:48:34.173, 28467 MiB, 81920 MiB, 0 %, 88.88 W, 45
2026/09/08 12:49:04.175, 28467 MiB, 81920 MiB, 71 %, 90.25 W, 46
2026/09/08 12:49:34.177, 28467 MiB, 81920 MiB, 100 %, 277.94 W, 48
2026/09/08 12:50:04.178, 28467 MiB, 81920 MiB, 0 %, 89.66 W, 46
2026/09/08 12:50:34.179, 28467 MiB, 81920 MiB, 10 %, 88.36 W, 45
2026/09/08 12:51:04.182, 28467 MiB, 81920 MiB, 0 %, 70.86 W, 43
2026/09/08 12:51:34.184, 28467 MiB, 81920 MiB, 55 %, 308.62 W, 52
2026/09/08 12:52:04.187, 28467 MiB, 81920 MiB, 98 %, 302.98 W, 48
2026/09/08 12:52:34.189, 28467 MiB, 81920 MiB, 0 %, 71.61 W, 44
2026/09/08 12:53:04.192, 28467 MiB, 81920 MiB, 0 %, 80.79 W, 44
2026/09/08 12:53:34.193, 28467 MiB, 81920 MiB, 0 %, 71.28 W, 43
2026/09/08 12:54:04.194, 28467 MiB, 81920 MiB, 0 %, 71.50 W, 43
2026/09/08 12:54:34.196, 28467 MiB, 81920 MiB, 0 %, 88.46 W, 44
2026/09/08 12:55:04.197, 28467 MiB, 81920 MiB, 14 %, 185.08 W, 48
2026/09/08 12:55:34.199, 28467 MiB, 81920 MiB, 0 %, 88.64 W, 44
2026/09/08 12:56:04.200, 28467 MiB, 81920 MiB, 43 %, 89.29 W, 47
2026/09/08 12:56:34.201, 28467 MiB, 81920 MiB, 10 %, 217.80 W, 48
2026/09/08 12:57:04.202, 28467 MiB, 81920 MiB, 3 %, 89.29 W, 45
2026/09/08 12:57:34.203, 28467 MiB, 81920 MiB, 6 %, 136.46 W, 47
2026/09/08 12:58:04.205, 28467 MiB, 81920 MiB, 2 %, 89.47 W, 49
2026/09/08 12:58:34.206, 28467 MiB, 81920 MiB, 0 %, 71.28 W, 43
2026/09/08 12:59:04.207, 28467 MiB, 81920 MiB, 40 %, 239.19 W, 45
2026/09/08 12:59:34.208, 28467 MiB, 81920 MiB, 81 %, 357.29 W, 49
2026/09/08 13:00:04.209, 28467 MiB, 81920 MiB, 1 %, 90.16 W, 46
2026/09/08 13:00:34.210, 28467 MiB, 81920 MiB, 0 %, 88.19 W, 44
2026/09/08 13:01:04.212, 28467 MiB, 81920 MiB, 30 %, 89.75 W, 46
2026/09/08 13:01:34.213, 28467 MiB, 81920 MiB, 0 %, 71.00 W, 43
2026/09/08 13:02:04.215, 28467 MiB, 81920 MiB, 0 %, 88.36 W, 44
2026/09/08 13:02:34.216, 28467 MiB, 81920 MiB, 84 %, 307.98 W, 52
2026/09/08 13:03:04.217, 28467 MiB, 81920 MiB, 1 %, 237.41 W, 46
2026/09/08 13:03:34.219, 28467 MiB, 81920 MiB, 51 %, 108.46 W, 47
2026/09/08 13:04:04.220, 28467 MiB, 81920 MiB, 71 %, 117.64 W, 47
2026/09/08 13:04:34.221, 28467 MiB, 81920 MiB, 0 %, 88.46 W, 44
2026/09/08 13:05:04.222, 28467 MiB, 81920 MiB, 45 %, 155.50 W, 47
2026/09/08 13:05:34.225, 28467 MiB, 81920 MiB, 81 %, 301.56 W, 51
2026/09/08 13:06:04.228, 28467 MiB, 81920 MiB, 0 %, 102.27 W, 45
2026/09/08 13:06:34.230, 28467 MiB, 81920 MiB, 0 %, 89.06 W, 45
2026/09/08 13:07:04.231, 28467 MiB, 81920 MiB, 0 %, 89.47 W, 45
2026/09/08 13:07:34.235, 28467 MiB, 81920 MiB, 0 %, 88.79 W, 45
2026/09/08 13:08:04.236, 28467 MiB, 81920 MiB, 0 %, 88.88 W, 45
2026/09/08 13:08:34.238, 28467 MiB, 81920 MiB, 87 %, 279.68 W, 52
2026/09/08 13:09:04.239, 28467 MiB, 81920 MiB, 84 %, 136.74 W, 52
2026/09/08 13:09:34.240, 28467 MiB, 81920 MiB, 5 %, 135.07 W, 47
2026/09/08 13:10:04.241, 28467 MiB, 81920 MiB, 75 %, 264.06 W, 50
2026/09/08 13:10:34.243, 28467 MiB, 81920 MiB, 65 %, 249.84 W, 52
2026/09/08 13:11:04.251, 28467 MiB, 81920 MiB, 8 %, 90.52 W, 47
2026/09/08 13:11:34.253, 28467 MiB, 81920 MiB, 17 %, 88.97 W, 44
2026/09/08 13:12:04.255, 28467 MiB, 81920 MiB, 0 %, 88.79 W, 45
2026/09/08 13:12:34.256, 28467 MiB, 81920 MiB, 0 %, 71.28 W, 43
2026/09/08 13:13:04.257, 28467 MiB, 81920 MiB, 1 %, 88.88 W, 46
2026/09/08 13:13:34.259, 28467 MiB, 81920 MiB, 54 %, 89.38 W, 45
2026/09/08 13:14:04.261, 28467 MiB, 81920 MiB, 0 %, 70.81 W, 43
2026/09/08 13:14:34.262, 28467 MiB, 81920 MiB, 0 %, 88.19 W, 44
2026/09/08 13:15:04.263, 28467 MiB, 81920 MiB, 45 %, 117.29 W, 50
2026/09/08 13:15:34.264, 28467 MiB, 81920 MiB, 0 %, 88.19 W, 44
2026/09/08 13:16:04.265, 28467 MiB, 81920 MiB, 0 %, 88.70 W, 44
2026/09/08 13:16:34.267, 28467 MiB, 81920 MiB, 0 %, 88.79 W, 45
2026/09/08 13:17:04.268, 28467 MiB, 81920 MiB, 18 %, 145.72 W, 49
2026/09/08 13:17:34.269, 28467 MiB, 81920 MiB, 0 %, 87.77 W, 45
2026/09/08 13:18:04.271, 28467 MiB, 81920 MiB, 0 %, 71.00 W, 44
2026/09/08 13:18:34.272, 28467 MiB, 81920 MiB, 58 %, 107.44 W, 47
2026/09/08 13:19:04.274, 28467 MiB, 81920 MiB, 85 %, 136.46 W, 52
2026/09/08 13:19:34.275, 28467 MiB, 81920 MiB, 9 %, 89.38 W, 45
2026/09/08 13:20:04.277, 28467 MiB, 81920 MiB, 78 %, 149.90 W, 51
2026/09/08 13:20:34.278, 28467 MiB, 81920 MiB, 1 %, 89.47 W, 45
2026/09/08 13:21:04.279, 28467 MiB, 81920 MiB, 59 %, 127.49 W, 48
2026/09/08 13:21:34.280, 28467 MiB, 81920 MiB, 93 %, 270.53 W, 52
2026/09/08 13:22:04.282, 28467 MiB, 81920 MiB, 0 %, 70.34 W, 42
