timestamp, memory.used [MiB], memory.total [MiB], utilization.gpu [%], power.draw [W], temperature.gpu
2026/09/07 22:21:00.879, 0 MiB, 81920 MiB, 0 %, 61.26 W, 34
2026/09/07 22:21:30.892, 4 MiB, 81920 MiB, 0 %, 61.41 W, 34
2026/09/07 22:22:00.892, 4913 MiB, 81920 MiB, 0 %, 68.02 W, 35
2026/09/07 22:22:30.894, 25711 MiB, 81920 MiB, 100 %, 151.36 W, 43
2026/09/07 22:23:00.896, 25711 MiB, 81920 MiB, 0 %, 90.62 W, 40
2026/09/07 22:23:30.897, 25711 MiB, 81920 MiB, 85 %, 147.25 W, 45
2026/09/07 22:24:00.898, 25711 MiB, 81920 MiB, 95 %, 135.68 W, 46
2026/09/07 22:24:30.899, 25711 MiB, 81920 MiB, 88 %, 291.19 W, 50
2026/09/07 22:25:00.900, 25711 MiB, 81920 MiB, 0 %, 207.48 W, 43
2026/09/07 22:25:30.901, 25711 MiB, 81920 MiB, 0 %, 88.10 W, 44
2026/09/07 22:26:00.901, 25711 MiB, 81920 MiB, 42 %, 101.29 W, 47
2026/09/07 22:26:30.903, 26607 MiB, 81920 MiB, 0 %, 88.78 W, 45
2026/09/07 22:27:00.904, 26607 MiB, 81920 MiB, 65 %, 127.30 W, 47
2026/09/07 22:27:30.906, 26607 MiB, 81920 MiB, 0 %, 88.18 W, 43
2026/09/07 22:28:00.907, 26607 MiB, 81920 MiB, 97 %, 167.43 W, 49
2026/09/07 22:28:30.908, 26607 MiB, 81920 MiB, 74 %, 92.40 W, 47
2026/09/07 22:29:00.909, 26607 MiB, 81920 MiB, 11 %, 96.15 W, 48
2026/09/07 22:29:30.910, 26607 MiB, 81920 MiB, 59 %, 300.57 W, 51
2026/09/07 22:30:00.913, 26607 MiB, 81920 MiB, 36 %, 133.66 W, 49
2026/09/07 22:30:30.915, 26607 MiB, 81920 MiB, 2 %, 90.94 W, 46
2026/09/07 22:31:00.919, 26607 MiB, 81920 MiB, 47 %, 90.34 W, 47
2026/09/07 22:31:30.921, 26607 MiB, 81920 MiB, 21 %, 247.55 W, 52
2026/09/07 22:32:00.922, 26607 MiB, 81920 MiB, 0 %, 89.38 W, 45
2026/09/07 22:32:30.924, 26607 MiB, 81920 MiB, 80 %, 92.22 W, 50
2026/09/07 22:33:00.925, 26607 MiB, 81920 MiB, 31 %, 110.85 W, 49
2026/09/07 22:33:30.927, 26607 MiB, 81920 MiB, 27 %, 277.92 W, 53
2026/09/07 22:34:00.928, 26607 MiB, 81920 MiB, 0 %, 89.29 W, 45
2026/09/07 22:34:30.929, 26607 MiB, 81920 MiB, 6 %, 228.43 W, 48
2026/09/07 22:35:00.930, 26607 MiB, 81920 MiB, 0 %, 89.57 W, 45
2026/09/07 22:35:30.932, 26607 MiB, 81920 MiB, 68 %, 92.82 W, 47
2026/09/07 22:36:00.933, 26607 MiB, 81920 MiB, 35 %, 119.91 W, 49
2026/09/07 22:36:30.935, 26607 MiB, 81920 MiB, 29 %, 88.87 W, 45
2026/09/07 22:37:00.936, 26607 MiB, 81920 MiB, 0 %, 89.57 W, 46
2026/09/07 22:37:30.937, 26607 MiB, 81920 MiB, 68 %, 286.18 W, 50
2026/09/07 22:38:00.939, 26607 MiB, 81920 MiB, 1 %, 92.05 W, 46
2026/09/07 22:38:30.940, 26607 MiB, 81920 MiB, 17 %, 89.75 W, 50
2026/09/07 22:39:00.941, 26607 MiB, 81920 MiB, 62 %, 111.84 W, 48
2026/09/07 22:39:30.942, 26607 MiB, 81920 MiB, 18 %, 89.24 W, 45
2026/09/07 22:40:00.944, 26607 MiB, 81920 MiB, 30 %, 190.56 W, 47
2026/09/07 22:40:30.944, 26607 MiB, 81920 MiB, 64 %, 114.14 W, 49
2026/09/07 22:41:00.946, 26607 MiB, 81920 MiB, 53 %, 140.26 W, 48
2026/09/07 22:41:30.947, 26607 MiB, 81920 MiB, 40 %, 90.12 W, 48
2026/09/07 22:42:00.948, 26607 MiB, 81920 MiB, 0 %, 89.52 W, 45
2026/09/07 22:42:30.950, 26607 MiB, 81920 MiB, 26 %, 293.91 W, 54
2026/09/07 22:43:00.951, 26607 MiB, 81920 MiB, 82 %, 295.97 W, 51
2026/09/07 22:43:30.952, 26607 MiB, 81920 MiB, 82 %, 157.89 W, 49
2026/09/07 22:44:00.955, 26607 MiB, 81920 MiB, 34 %, 146.91 W, 49
2026/09/07 22:44:30.956, 26607 MiB, 81920 MiB, 2 %, 90.76 W, 47
2026/09/07 22:45:00.960, 26607 MiB, 81920 MiB, 37 %, 100.21 W, 48
2026/09/07 22:45:30.962, 26607 MiB, 81920 MiB, 0 %, 89.97 W, 46
2026/09/07 22:46:00.964, 26607 MiB, 81920 MiB, 92 %, 119.93 W, 51
2026/09/07 22:46:30.965, 26607 MiB, 81920 MiB, 12 %, 184.39 W, 48
2026/09/07 22:47:00.966, 26607 MiB, 81920 MiB, 0 %, 257.03 W, 48
2026/09/07 22:47:30.967, 26607 MiB, 81920 MiB, 61 %, 152.36 W, 50
2026/09/07 22:48:00.968, 26607 MiB, 81920 MiB, 0 %, 91.53 W, 47
2026/09/07 22:48:30.970, 26607 MiB, 81920 MiB, 53 %, 330.22 W, 53
2026/09/07 22:49:00.971, 26607 MiB, 81920 MiB, 0 %, 146.94 W, 47
2026/09/07 22:49:30.973, 26607 MiB, 81920 MiB, 88 %, 110.89 W, 53
2026/09/07 22:50:00.975, 26607 MiB, 81920 MiB, 76 %, 293.55 W, 55
2026/09/07 22:50:30.975, 26607 MiB, 81920 MiB, 45 %, 92.13 W, 49
2026/09/07 22:51:00.977, 26607 MiB, 81920 MiB, 16 %, 103.25 W, 49
2026/09/07 22:51:30.978, 26607 MiB, 81920 MiB, 67 %, 129.21 W, 49
2026/09/07 22:52:00.979, 26607 MiB, 81920 MiB, 54 %, 92.13 W, 49
2026/09/07 22:52:30.981, 28335 MiB, 81920 MiB, 23 %, 180.36 W, 47
2026/09/07 22:53:00.983, 28335 MiB, 81920 MiB, 38 %, 287.35 W, 54
2026/09/07 22:53:30.984, 28335 MiB, 81920 MiB, 88 %, 292.38 W, 54
2026/09/07 22:54:00.986, 28335 MiB, 81920 MiB, 86 %, 164.44 W, 53
2026/09/07 22:54:30.987, 28335 MiB, 81920 MiB, 0 %, 89.97 W, 46
2026/09/07 22:55:00.988, 28335 MiB, 81920 MiB, 46 %, 242.75 W, 49
2026/09/07 22:55:30.990, 28335 MiB, 81920 MiB, 31 %, 132.55 W, 48
2026/09/07 22:56:00.991, 28335 MiB, 81920 MiB, 0 %, 71.61 W, 44
2026/09/07 22:56:30.993, 28335 MiB, 81920 MiB, 82 %, 278.19 W, 53
2026/09/07 22:57:00.995, 28335 MiB, 81920 MiB, 0 %, 89.47 W, 45
2026/09/07 22:57:30.996, 28335 MiB, 81920 MiB, 20 %, 92.59 W, 46
2026/09/07 22:58:00.997, 28335 MiB, 81920 MiB, 29 %, 89.75 W, 46
2026/09/07 22:58:31.000, 28335 MiB, 81920 MiB, 73 %, 274.66 W, 50
2026/09/07 22:59:01.001, 28335 MiB, 81920 MiB, 88 %, 99.34 W, 50
2026/09/07 22:59:31.002, 28335 MiB, 81920 MiB, 0 %, 71.46 W, 44
2026/09/07 23:00:01.004, 28335 MiB, 81920 MiB, 2 %, 100.97 W, 44
2026/09/07 23:00:31.005, 28335 MiB, 81920 MiB, 0 %, 71.58 W, 44
2026/09/07 23:01:01.006, 28335 MiB, 81920 MiB, 27 %, 133.06 W, 47
2026/09/07 23:01:31.007, 28335 MiB, 81920 MiB, 68 %, 226.02 W, 49
2026/09/07 23:02:01.009, 28335 MiB, 81920 MiB, 25 %, 278.80 W, 55
2026/09/07 23:02:31.010, 28337 MiB, 81920 MiB, 0 %, 89.38 W, 45
2026/09/07 23:03:01.011, 28337 MiB, 81920 MiB, 72 %, 187.32 W, 52
2026/09/07 23:03:31.012, 28337 MiB, 81920 MiB, 55 %, 150.30 W, 48
2026/09/07 23:04:01.013, 28337 MiB, 81920 MiB, 96 %, 126.96 W, 51
2026/09/07 23:04:31.015, 28337 MiB, 81920 MiB, 69 %, 272.93 W, 52
2026/09/07 23:05:01.016, 28337 MiB, 81920 MiB, 0 %, 89.65 W, 45
2026/09/07 23:05:31.017, 28337 MiB, 81920 MiB, 32 %, 136.59 W, 49
2026/09/07 23:06:01.019, 28337 MiB, 81920 MiB, 17 %, 91.34 W, 46
2026/09/07 23:06:31.020, 28337 MiB, 81920 MiB, 0 %, 89.74 W, 46
2026/09/07 23:07:01.022, 28337 MiB, 81920 MiB, 2 %, 90.34 W, 46
2026/09/07 23:07:31.024, 28337 MiB, 81920 MiB, 0 %, 89.10 W, 45
2026/09/07 23:08:01.026, 28337 MiB, 81920 MiB, 31 %, 189.38 W, 47
2026/09/07 23:08:31.028, 28337 MiB, 81920 MiB, 92 %, 258.76 W, 50
2026/09/07 23:09:01.029, 28337 MiB, 81920 MiB, 42 %, 194.49 W, 52
2026/09/07 23:09:31.031, 28337 MiB, 81920 MiB, 57 %, 90.15 W, 46
2026/09/07 23:10:01.032, 28337 MiB, 81920 MiB, 86 %, 294.40 W, 53
2026/09/07 23:10:31.033, 28337 MiB, 81920 MiB, 100 %, 95.19 W, 48
2026/09/07 23:11:01.036, 28337 MiB, 81920 MiB, 2 %, 89.74 W, 45
2026/09/07 23:11:31.038, 28337 MiB, 81920 MiB, 42 %, 181.74 W, 47
2026/09/07 23:12:01.039, 28337 MiB, 81920 MiB, 0 %, 88.78 W, 45
2026/09/07 23:12:31.041, 28337 MiB, 81920 MiB, 41 %, 287.07 W, 53
2026/09/07 23:13:01.042, 28337 MiB, 81920 MiB, 92 %, 104.12 W, 47
2026/09/07 23:13:31.043, 28337 MiB, 81920 MiB, 58 %, 89.56 W, 45
2026/09/07 23:14:01.047, 28337 MiB, 81920 MiB, 0 %, 90.07 W, 47
2026/09/07 23:14:31.052, 28337 MiB, 81920 MiB, 64 %, 181.28 W, 49
2026/09/07 23:15:01.054, 28337 MiB, 81920 MiB, 18 %, 302.71 W, 52
2026/09/07 23:15:31.055, 28337 MiB, 81920 MiB, 0 %, 82.60 W, 43
2026/09/07 23:16:01.057, 28337 MiB, 81920 MiB, 77 %, 136.13 W, 53
2026/09/07 23:16:31.058, 28337 MiB, 81920 MiB, 86 %, 221.58 W, 52
2026/09/07 23:17:01.060, 28337 MiB, 81920 MiB, 52 %, 215.02 W, 49
2026/09/07 23:17:31.061, 28337 MiB, 81920 MiB, 89 %, 145.72 W, 50
2026/09/07 23:18:01.062, 28337 MiB, 81920 MiB, 63 %, 286.75 W, 52
2026/09/07 23:18:31.063, 28337 MiB, 81920 MiB, 99 %, 302.67 W, 53
2026/09/07 23:19:01.064, 28337 MiB, 81920 MiB, 80 %, 299.07 W, 56
2026/09/07 23:19:31.066, 28337 MiB, 81920 MiB, 0 %, 295.34 W, 52
2026/09/07 23:20:01.067, 28337 MiB, 81920 MiB, 60 %, 90.24 W, 47
2026/09/07 23:20:31.068, 28337 MiB, 81920 MiB, 0 %, 89.65 W, 45
2026/09/07 23:21:01.070, 28337 MiB, 81920 MiB, 63 %, 294.15 W, 51
2026/09/07 23:21:31.070, 28337 MiB, 81920 MiB, 0 %, 150.73 W, 49
2026/09/07 23:22:01.072, 28337 MiB, 81920 MiB, 93 %, 288.83 W, 53
2026/09/07 23:22:31.077, 28337 MiB, 81920 MiB, 0 %, 89.10 W, 45
2026/09/07 23:23:01.079, 28337 MiB, 81920 MiB, 95 %, 215.93 W, 53
2026/09/07 23:23:31.080, 28337 MiB, 81920 MiB, 36 %, 135.07 W, 50
2026/09/07 23:24:01.082, 28337 MiB, 81920 MiB, 51 %, 90.86 W, 47
2026/09/07 23:24:31.084, 28337 MiB, 81920 MiB, 4 %, 91.26 W, 47
2026/09/07 23:25:01.085, 28337 MiB, 81920 MiB, 0 %, 71.65 W, 45
2026/09/07 23:25:31.087, 28337 MiB, 81920 MiB, 57 %, 106.29 W, 49
2026/09/07 23:26:01.089, 28337 MiB, 81920 MiB, 100 %, 179.45 W, 48
2026/09/07 23:26:31.090, 28337 MiB, 81920 MiB, 0 %, 71.15 W, 43
2026/09/07 23:27:01.092, 28337 MiB, 81920 MiB, 44 %, 91.45 W, 47
2026/09/07 23:27:31.093, 28339 MiB, 81920 MiB, 0 %, 70.66 W, 42
2026/09/07 23:28:01.094, 28339 MiB, 81920 MiB, 0 %, 70.00 W, 41
2026/09/07 23:28:31.095, 28339 MiB, 81920 MiB, 0 %, 69.66 W, 40
2026/09/07 23:29:01.096, 28339 MiB, 81920 MiB, 83 %, 134.93 W, 51
2026/09/07 23:29:31.098, 28339 MiB, 81920 MiB, 69 %, 257.29 W, 48
2026/09/07 23:30:01.099, 28339 MiB, 81920 MiB, 69 %, 128.76 W, 46
2026/09/07 23:30:31.101, 28339 MiB, 81920 MiB, 79 %, 198.54 W, 51
2026/09/07 23:31:01.102, 28339 MiB, 81920 MiB, 64 %, 90.24 W, 46
2026/09/07 23:31:31.103, 28339 MiB, 81920 MiB, 80 %, 100.17 W, 48
2026/09/07 23:32:01.105, 28339 MiB, 81920 MiB, 83 %, 269.09 W, 46
2026/09/07 23:32:31.106, 28339 MiB, 81920 MiB, 49 %, 230.17 W, 49
2026/09/07 23:33:01.110, 28339 MiB, 81920 MiB, 0 %, 88.78 W, 44
2026/09/07 23:33:31.112, 28339 MiB, 81920 MiB, 86 %, 174.78 W, 51
2026/09/07 23:34:01.113, 28339 MiB, 81920 MiB, 79 %, 116.54 W, 50
2026/09/07 23:34:31.116, 28339 MiB, 81920 MiB, 0 %, 88.97 W, 44
2026/09/07 23:35:01.117, 28339 MiB, 81920 MiB, 37 %, 269.38 W, 53
2026/09/07 23:35:31.120, 28339 MiB, 81920 MiB, 49 %, 90.07 W, 46
2026/09/07 23:36:01.121, 28339 MiB, 81920 MiB, 76 %, 92.90 W, 47
2026/09/07 23:36:31.123, 28339 MiB, 81920 MiB, 50 %, 104.72 W, 46
2026/09/07 23:37:01.124, 28339 MiB, 81920 MiB, 54 %, 92.40 W, 51
2026/09/07 23:37:31.125, 28339 MiB, 81920 MiB, 36 %, 158.54 W, 45
2026/09/07 23:38:01.126, 28339 MiB, 81920 MiB, 54 %, 180.95 W, 52
2026/09/07 23:38:31.127, 28339 MiB, 81920 MiB, 0 %, 71.46 W, 44
2026/09/07 23:39:01.129, 28339 MiB, 81920 MiB, 0 %, 89.46 W, 46
2026/09/07 23:39:31.130, 28339 MiB, 81920 MiB, 75 %, 303.27 W, 51
2026/09/07 23:40:01.131, 28339 MiB, 81920 MiB, 0 %, 89.38 W, 46
2026/09/07 23:40:31.133, 28339 MiB, 81920 MiB, 53 %, 220.25 W, 49
2026/09/07 23:41:01.136, 28339 MiB, 81920 MiB, 53 %, 170.51 W, 49
2026/09/07 23:41:31.138, 28339 MiB, 81920 MiB, 15 %, 91.86 W, 47
2026/09/07 23:42:01.141, 28339 MiB, 81920 MiB, 51 %, 89.65 W, 46
2026/09/07 23:42:31.142, 28339 MiB, 81920 MiB, 0 %, 89.56 W, 46
2026/09/07 23:43:01.144, 28339 MiB, 81920 MiB, 6 %, 137.63 W, 48
2026/09/07 23:43:31.145, 28339 MiB, 81920 MiB, 0 %, 89.47 W, 45
2026/09/07 23:44:01.146, 28339 MiB, 81920 MiB, 97 %, 200.12 W, 53
2026/09/07 23:44:31.148, 28339 MiB, 81920 MiB, 90 %, 123.17 W, 52
2026/09/07 23:45:01.149, 28339 MiB, 81920 MiB, 5 %, 89.74 W, 46
2026/09/07 23:45:31.151, 28339 MiB, 81920 MiB, 87 %, 112.77 W, 49
2026/09/07 23:46:01.152, 28339 MiB, 81920 MiB, 35 %, 203.79 W, 49
2026/09/07 23:46:31.154, 28339 MiB, 81920 MiB, 0 %, 90.24 W, 46
2026/09/07 23:47:01.155, 28339 MiB, 81920 MiB, 81 %, 289.10 W, 54
2026/09/07 23:47:31.159, 28339 MiB, 81920 MiB, 76 %, 181.66 W, 51
2026/09/07 23:48:01.160, 28339 MiB, 81920 MiB, 0 %, 73.00 W, 44
2026/09/07 23:48:31.161, 28339 MiB, 81920 MiB, 61 %, 137.92 W, 49
2026/09/07 23:49:01.163, 28339 MiB, 81920 MiB, 81 %, 239.09 W, 52
2026/09/07 23:49:31.164, 28339 MiB, 81920 MiB, 82 %, 286.18 W, 52
2026/09/07 23:50:01.165, 28339 MiB, 81920 MiB, 0 %, 89.01 W, 45
2026/09/07 23:50:31.170, 28339 MiB, 81920 MiB, 98 %, 209.54 W, 53
2026/09/07 23:51:01.172, 28339 MiB, 81920 MiB, 19 %, 250.80 W, 46
2026/09/07 23:51:31.174, 28339 MiB, 81920 MiB, 78 %, 293.55 W, 51
2026/09/07 23:52:01.175, 28339 MiB, 81920 MiB, 0 %, 89.88 W, 46
2026/09/07 23:52:31.178, 28339 MiB, 81920 MiB, 99 %, 297.67 W, 53
2026/09/07 23:53:01.180, 28339 MiB, 81920 MiB, 0 %, 89.57 W, 45
2026/09/07 23:53:31.183, 28339 MiB, 81920 MiB, 100 %, 215.40 W, 50
2026/09/07 23:54:01.185, 28339 MiB, 81920 MiB, 31 %, 143.06 W, 49
2026/09/07 23:54:31.186, 28339 MiB, 81920 MiB, 38 %, 224.73 W, 50
2026/09/07 23:55:01.187, 28339 MiB, 81920 MiB, 4 %, 90.76 W, 47
2026/09/07 23:55:31.189, 28339 MiB, 81920 MiB, 42 %, 199.66 W, 51
2026/09/07 23:56:01.192, 28339 MiB, 81920 MiB, 3 %, 90.24 W, 46
2026/09/07 23:56:31.194, 28339 MiB, 81920 MiB, 0 %, 91.16 W, 47
2026/09/07 23:57:01.195, 28339 MiB, 81920 MiB, 56 %, 134.52 W, 48
2026/09/07 23:57:31.197, 28339 MiB, 81920 MiB, 64 %, 292.99 W, 52
2026/09/07 23:58:01.198, 28339 MiB, 81920 MiB, 65 %, 94.61 W, 48
2026/09/07 23:58:31.199, 28339 MiB, 81920 MiB, 0 %, 71.68 W, 44
2026/09/07 23:59:01.201, 28339 MiB, 81920 MiB, 27 %, 142.94 W, 50
2026/09/07 23:59:31.202, 28339 MiB, 81920 MiB, 51 %, 90.62 W, 47
2026/09/08 00:00:01.203, 28339 MiB, 81920 MiB, 39 %, 183.69 W, 51
2026/09/08 00:00:31.205, 28339 MiB, 81920 MiB, 0 %, 89.57 W, 45
2026/09/08 00:01:01.206, 28339 MiB, 81920 MiB, 0 %, 71.65 W, 44
2026/09/08 00:01:31.208, 28339 MiB, 81920 MiB, 0 %, 71.46 W, 44
2026/09/08 00:02:01.209, 28339 MiB, 81920 MiB, 74 %, 301.81 W, 52
2026/09/08 00:02:31.210, 28339 MiB, 81920 MiB, 0 %, 89.97 W, 45
2026/09/08 00:03:01.211, 28339 MiB, 81920 MiB, 0 %, 89.88 W, 46
2026/09/08 00:03:31.212, 28339 MiB, 81920 MiB, 0 %, 89.10 W, 45
2026/09/08 00:04:01.214, 28339 MiB, 81920 MiB, 53 %, 89.97 W, 46
2026/09/08 00:04:31.216, 28339 MiB, 81920 MiB, 99 %, 310.95 W, 53
2026/09/08 00:05:01.217, 28339 MiB, 81920 MiB, 41 %, 91.72 W, 47
2026/09/08 00:05:31.219, 28339 MiB, 81920 MiB, 0 %, 89.66 W, 45
2026/09/08 00:06:01.220, 28339 MiB, 81920 MiB, 86 %, 98.64 W, 51
2026/09/08 00:06:31.222, 28339 MiB, 81920 MiB, 36 %, 98.74 W, 52
2026/09/08 00:07:01.228, 28339 MiB, 81920 MiB, 59 %, 113.55 W, 50
2026/09/08 00:07:31.230, 28339 MiB, 81920 MiB, 0 %, 71.46 W, 44
2026/09/08 00:08:01.231, 28339 MiB, 81920 MiB, 0 %, 71.46 W, 44
2026/09/08 00:08:31.235, 28339 MiB, 81920 MiB, 32 %, 89.38 W, 49
2026/09/08 00:09:01.244, 28339 MiB, 81920 MiB, 0 %, 113.24 W, 47
2026/09/08 00:09:31.248, 28339 MiB, 81920 MiB, 0 %, 71.13 W, 43
2026/09/08 00:10:01.249, 28339 MiB, 81920 MiB, 33 %, 153.71 W, 48
2026/09/08 00:10:31.251, 28339 MiB, 81920 MiB, 93 %, 93.40 W, 50
2026/09/08 00:11:01.252, 28339 MiB, 81920 MiB, 0 %, 71.65 W, 44
2026/09/08 00:11:31.254, 28339 MiB, 81920 MiB, 0 %, 89.47 W, 45
2026/09/08 00:12:01.256, 28339 MiB, 81920 MiB, 0 %, 101.89 W, 45
2026/09/08 00:12:31.257, 28339 MiB, 81920 MiB, 74 %, 162.62 W, 49
2026/09/08 00:13:01.258, 28339 MiB, 81920 MiB, 79 %, 111.84 W, 50
2026/09/08 00:13:31.259, 28339 MiB, 81920 MiB, 30 %, 134.95 W, 52
2026/09/08 00:14:01.260, 28339 MiB, 81920 MiB, 0 %, 89.66 W, 46
2026/09/08 00:14:31.261, 28339 MiB, 81920 MiB, 88 %, 116.90 W, 50
2026/09/08 00:15:01.267, 28339 MiB, 81920 MiB, 22 %, 96.78 W, 47
2026/09/08 00:15:31.269, 28339 MiB, 81920 MiB, 87 %, 93.42 W, 48
2026/09/08 00:16:01.270, 28339 MiB, 81920 MiB, 49 %, 200.99 W, 50
2026/09/08 00:16:31.271, 28339 MiB, 81920 MiB, 18 %, 177.43 W, 44
2026/09/08 00:17:01.272, 28339 MiB, 81920 MiB, 65 %, 277.96 W, 53
2026/09/08 00:17:31.274, 28339 MiB, 81920 MiB, 98 %, 294.09 W, 53
2026/09/08 00:18:01.276, 28339 MiB, 81920 MiB, 32 %, 218.96 W, 49
2026/09/08 00:18:31.277, 28339 MiB, 81920 MiB, 75 %, 295.32 W, 53
2026/09/08 00:19:01.279, 28339 MiB, 81920 MiB, 9 %, 90.07 W, 47
2026/09/08 00:19:31.280, 28339 MiB, 81920 MiB, 61 %, 90.07 W, 46
2026/09/08 00:20:01.282, 28339 MiB, 81920 MiB, 76 %, 90.24 W, 46
2026/09/08 00:20:31.283, 28339 MiB, 81920 MiB, 90 %, 352.44 W, 49
2026/09/08 00:21:01.284, 28339 MiB, 81920 MiB, 0 %, 89.88 W, 45
2026/09/08 00:21:31.285, 28339 MiB, 81920 MiB, 84 %, 106.61 W, 49
2026/09/08 00:22:01.287, 28339 MiB, 81920 MiB, 29 %, 90.67 W, 45
2026/09/08 00:22:31.288, 28339 MiB, 81920 MiB, 75 %, 102.66 W, 51
2026/09/08 00:23:01.290, 28339 MiB, 81920 MiB, 5 %, 91.86 W, 49
2026/09/08 00:23:31.291, 28339 MiB, 81920 MiB, 70 %, 124.50 W, 50
2026/09/08 00:24:01.293, 28339 MiB, 81920 MiB, 0 %, 89.56 W, 46
2026/09/08 00:24:31.294, 28339 MiB, 81920 MiB, 0 %, 89.38 W, 45
2026/09/08 00:25:01.296, 28339 MiB, 81920 MiB, 84 %, 281.44 W, 51
2026/09/08 00:25:31.297, 28339 MiB, 81920 MiB, 0 %, 71.38 W, 44
2026/09/08 00:26:01.299, 28339 MiB, 81920 MiB, 2 %, 89.65 W, 46
2026/09/08 00:26:31.300, 28339 MiB, 81920 MiB, 88 %, 93.69 W, 50
2026/09/08 00:27:01.301, 28339 MiB, 81920 MiB, 90 %, 250.45 W, 51
2026/09/08 00:27:31.303, 28339 MiB, 81920 MiB, 59 %, 90.43 W, 47
2026/09/08 00:28:01.304, 28339 MiB, 81920 MiB, 0 %, 89.47 W, 46
2026/09/08 00:28:31.306, 28339 MiB, 81920 MiB, 89 %, 196.61 W, 53
2026/09/08 00:29:01.308, 28339 MiB, 81920 MiB, 0 %, 71.73 W, 44
2026/09/08 00:29:31.309, 28339 MiB, 81920 MiB, 11 %, 89.20 W, 45
2026/09/08 00:30:01.310, 28339 MiB, 81920 MiB, 86 %, 254.44 W, 55
2026/09/08 00:30:31.313, 28339 MiB, 81920 MiB, 77 %, 301.49 W, 51
2026/09/08 00:31:01.317, 28339 MiB, 81920 MiB, 77 %, 103.36 W, 48
2026/09/08 00:31:31.319, 28339 MiB, 81920 MiB, 46 %, 91.76 W, 46
2026/09/08 00:32:01.320, 28339 MiB, 81920 MiB, 87 %, 208.18 W, 51
2026/09/08 00:32:31.322, 28339 MiB, 81920 MiB, 26 %, 91.76 W, 48
2026/09/08 00:33:01.322, 28339 MiB, 81920 MiB, 3 %, 89.65 W, 46
2026/09/08 00:33:31.326, 28339 MiB, 81920 MiB, 71 %, 172.48 W, 50
2026/09/08 00:34:01.328, 28339 MiB, 81920 MiB, 0 %, 71.00 W, 43
2026/09/08 00:34:31.329, 28339 MiB, 81920 MiB, 0 %, 70.00 W, 41
2026/09/08 00:35:01.331, 28339 MiB, 81920 MiB, 29 %, 124.63 W, 46
2026/09/08 00:35:31.332, 28339 MiB, 81920 MiB, 4 %, 89.29 W, 45
2026/09/08 00:36:01.333, 28339 MiB, 81920 MiB, 55 %, 212.19 W, 47
2026/09/08 00:36:31.336, 28339 MiB, 81920 MiB, 0 %, 75.50 W, 43
2026/09/08 00:37:01.337, 28339 MiB, 81920 MiB, 42 %, 105.04 W, 47
2026/09/08 00:37:31.338, 28339 MiB, 81920 MiB, 66 %, 91.03 W, 47
2026/09/08 00:38:01.339, 28339 MiB, 81920 MiB, 0 %, 88.87 W, 44
2026/09/08 00:38:31.341, 28339 MiB, 81920 MiB, 88 %, 91.45 W, 47
2026/09/08 00:39:01.342, 28339 MiB, 81920 MiB, 0 %, 89.06 W, 45
2026/09/08 00:39:31.343, 28339 MiB, 81920 MiB, 30 %, 120.90 W, 49
2026/09/08 00:40:01.345, 28339 MiB, 81920 MiB, 42 %, 122.82 W, 52
2026/09/08 00:40:31.346, 28339 MiB, 81920 MiB, 55 %, 235.45 W, 51
2026/09/08 00:41:01.348, 28339 MiB, 81920 MiB, 20 %, 168.36 W, 50
2026/09/08 00:41:31.349, 28339 MiB, 81920 MiB, 61 %, 128.35 W, 47
2026/09/08 00:42:01.351, 28339 MiB, 81920 MiB, 59 %, 240.08 W, 54
2026/09/08 00:42:31.354, 28339 MiB, 81920 MiB, 85 %, 91.53 W, 48
2026/09/08 00:43:01.356, 28339 MiB, 81920 MiB, 60 %, 166.99 W, 48
2026/09/08 00:43:31.357, 28339 MiB, 81920 MiB, 66 %, 121.72 W, 48
2026/09/08 00:44:01.359, 28339 MiB, 81920 MiB, 2 %, 89.38 W, 49
2026/09/08 00:44:31.360, 28339 MiB, 81920 MiB, 72 %, 239.32 W, 52
2026/09/08 00:45:01.360, 28339 MiB, 81920 MiB, 61 %, 130.08 W, 50
2026/09/08 00:45:31.362, 28339 MiB, 81920 MiB, 0 %, 159.13 W, 47
2026/09/08 00:46:01.363, 28339 MiB, 81920 MiB, 73 %, 120.98 W, 51
2026/09/08 00:46:31.365, 28339 MiB, 81920 MiB, 7 %, 92.40 W, 47
2026/09/08 00:47:01.366, 28339 MiB, 81920 MiB, 0 %, 89.74 W, 46
2026/09/08 00:47:31.367, 28339 MiB, 81920 MiB, 15 %, 90.84 W, 46
2026/09/08 00:48:01.368, 28339 MiB, 81920 MiB, 49 %, 159.45 W, 49
2026/09/08 00:48:31.370, 28339 MiB, 81920 MiB, 99 %, 189.50 W, 52
2026/09/08 00:49:01.371, 28339 MiB, 81920 MiB, 65 %, 214.47 W, 49
2026/09/08 00:49:31.373, 28339 MiB, 81920 MiB, 0 %, 89.65 W, 46
2026/09/08 00:50:01.374, 28339 MiB, 81920 MiB, 84 %, 289.43 W, 50
2026/09/08 00:50:31.376, 28339 MiB, 81920 MiB, 82 %, 102.39 W, 49
2026/09/08 00:51:01.377, 28339 MiB, 81920 MiB, 26 %, 225.69 W, 53
2026/09/08 00:51:31.378, 28339 MiB, 81920 MiB, 0 %, 89.57 W, 46
2026/09/08 00:52:01.379, 28339 MiB, 81920 MiB, 0 %, 89.84 W, 46
2026/09/08 00:52:31.381, 28339 MiB, 81920 MiB, 57 %, 294.67 W, 51
2026/09/08 00:53:01.382, 28339 MiB, 81920 MiB, 38 %, 90.57 W, 48
2026/09/08 00:53:31.383, 28339 MiB, 81920 MiB, 54 %, 91.43 W, 47
2026/09/08 00:54:01.384, 28339 MiB, 81920 MiB, 70 %, 123.77 W, 49
2026/09/08 00:54:31.385, 28339 MiB, 81920 MiB, 1 %, 163.59 W, 48
2026/09/08 00:55:01.386, 28339 MiB, 81920 MiB, 95 %, 354.49 W, 53
2026/09/08 00:55:31.388, 28339 MiB, 81920 MiB, 0 %, 90.15 W, 46
2026/09/08 00:56:01.389, 28339 MiB, 81920 MiB, 61 %, 90.57 W, 46
2026/09/08 00:56:31.391, 28339 MiB, 81920 MiB, 0 %, 90.24 W, 46
2026/09/08 00:57:01.393, 28339 MiB, 81920 MiB, 32 %, 127.15 W, 49
2026/09/08 00:57:31.395, 28339 MiB, 81920 MiB, 59 %, 120.06 W, 49
2026/09/08 00:58:01.397, 28339 MiB, 81920 MiB, 97 %, 251.65 W, 53
2026/09/08 00:58:31.398, 28339 MiB, 81920 MiB, 0 %, 105.42 W, 46
2026/09/08 00:59:01.400, 28339 MiB, 81920 MiB, 63 %, 91.53 W, 48
2026/09/08 00:59:31.421, 28339 MiB, 81920 MiB, 38 %, 154.91 W, 49
2026/09/08 01:00:01.423, 28339 MiB, 81920 MiB, 27 %, 90.05 W, 46
2026/09/08 01:00:31.424, 28339 MiB, 81920 MiB, 0 %, 90.07 W, 46
2026/09/08 01:01:01.425, 28339 MiB, 81920 MiB, 80 %, 137.45 W, 52
2026/09/08 01:01:31.426, 28339 MiB, 81920 MiB, 87 %, 126.56 W, 53
2026/09/08 01:02:01.428, 28339 MiB, 81920 MiB, 90 %, 301.81 W, 54
2026/09/08 01:02:31.429, 28339 MiB, 81920 MiB, 57 %, 113.40 W, 52
2026/09/08 01:03:01.431, 28339 MiB, 81920 MiB, 58 %, 281.44 W, 53
2026/09/08 01:03:31.432, 28339 MiB, 81920 MiB, 2 %, 108.08 W, 49
2026/09/08 01:04:01.437, 28339 MiB, 81920 MiB, 4 %, 90.24 W, 46
2026/09/08 01:04:31.440, 28339 MiB, 81920 MiB, 46 %, 265.52 W, 52
2026/09/08 01:05:01.442, 28339 MiB, 81920 MiB, 0 %, 89.65 W, 46
2026/09/08 01:05:31.444, 28339 MiB, 81920 MiB, 90 %, 128.02 W, 50
2026/09/08 01:06:01.447, 28339 MiB, 81920 MiB, 36 %, 189.11 W, 48
2026/09/08 01:06:31.448, 28339 MiB, 81920 MiB, 37 %, 91.43 W, 47
2026/09/08 01:07:01.450, 28339 MiB, 81920 MiB, 0 %, 91.07 W, 46
2026/09/08 01:07:31.454, 28339 MiB, 81920 MiB, 0 %, 71.58 W, 44
2026/09/08 01:08:01.455, 28339 MiB, 81920 MiB, 60 %, 90.24 W, 46
2026/09/08 01:08:31.458, 28339 MiB, 81920 MiB, 80 %, 90.07 W, 46
2026/09/08 01:09:01.459, 28339 MiB, 81920 MiB, 0 %, 90.25 W, 46
2026/09/08 01:09:31.460, 28339 MiB, 81920 MiB, 17 %, 89.38 W, 45
2026/09/08 01:10:01.462, 28339 MiB, 81920 MiB, 7 %, 90.07 W, 46
2026/09/08 01:10:31.464, 28339 MiB, 81920 MiB, 0 %, 88.87 W, 45
2026/09/08 01:11:01.466, 28339 MiB, 81920 MiB, 89 %, 181.47 W, 51
2026/09/08 01:11:31.468, 28339 MiB, 81920 MiB, 74 %, 312.68 W, 50
2026/09/08 01:12:01.469, 28339 MiB, 81920 MiB, 38 %, 90.67 W, 47
2026/09/08 01:12:31.470, 28339 MiB, 81920 MiB, 0 %, 102.50 W, 46
2026/09/08 01:13:01.471, 28339 MiB, 81920 MiB, 0 %, 97.72 W, 50
2026/09/08 01:13:31.472, 28339 MiB, 81920 MiB, 35 %, 91.76 W, 48
2026/09/08 01:14:01.473, 28339 MiB, 81920 MiB, 3 %, 164.61 W, 48
2026/09/08 01:14:31.474, 28339 MiB, 81920 MiB, 67 %, 109.98 W, 49
2026/09/08 01:15:01.475, 28339 MiB, 81920 MiB, 40 %, 224.46 W, 45
2026/09/08 01:15:31.477, 28339 MiB, 81920 MiB, 44 %, 90.86 W, 50
2026/09/08 01:16:01.479, 28339 MiB, 81920 MiB, 3 %, 212.04 W, 49
2026/09/08 01:16:31.480, 28339 MiB, 81920 MiB, 70 %, 285.01 W, 53
2026/09/08 01:17:01.486, 28339 MiB, 81920 MiB, 67 %, 127.55 W, 47
2026/09/08 01:17:31.488, 28339 MiB, 81920 MiB, 97 %, 293.84 W, 53
2026/09/08 01:18:01.491, 28339 MiB, 81920 MiB, 41 %, 90.34 W, 46
2026/09/08 01:18:31.493, 28339 MiB, 81920 MiB, 55 %, 112.57 W, 48
2026/09/08 01:19:01.495, 28339 MiB, 81920 MiB, 81 %, 91.16 W, 47
2026/09/08 01:19:31.496, 28339 MiB, 81920 MiB, 0 %, 73.44 W, 44
2026/09/08 01:20:01.498, 28339 MiB, 81920 MiB, 80 %, 99.24 W, 50
2026/09/08 01:20:31.499, 28339 MiB, 81920 MiB, 0 %, 89.57 W, 45
2026/09/08 01:21:01.503, 28339 MiB, 81920 MiB, 46 %, 90.84 W, 47
2026/09/08 01:21:31.505, 28339 MiB, 81920 MiB, 58 %, 99.73 W, 46
2026/09/08 01:22:01.506, 28339 MiB, 81920 MiB, 60 %, 257.89 W, 49
2026/09/08 01:22:31.507, 28339 MiB, 81920 MiB, 63 %, 91.53 W, 47
2026/09/08 01:23:01.510, 28339 MiB, 81920 MiB, 0 %, 71.31 W, 44
2026/09/08 01:23:31.511, 28339 MiB, 81920 MiB, 0 %, 71.13 W, 44
2026/09/08 01:24:01.512, 28339 MiB, 81920 MiB, 94 %, 347.14 W, 51
2026/09/08 01:24:31.514, 28339 MiB, 81920 MiB, 93 %, 202.66 W, 50
2026/09/08 01:25:01.516, 28339 MiB, 81920 MiB, 0 %, 96.85 W, 45
2026/09/08 01:25:31.519, 28339 MiB, 81920 MiB, 72 %, 228.11 W, 48
2026/09/08 01:26:01.520, 28339 MiB, 81920 MiB, 33 %, 125.10 W, 49
2026/09/08 01:26:31.521, 28339 MiB, 81920 MiB, 84 %, 264.71 W, 53
2026/09/08 01:27:01.523, 28339 MiB, 81920 MiB, 89 %, 277.61 W, 53
2026/09/08 01:27:31.524, 28339 MiB, 81920 MiB, 0 %, 91.03 W, 46
2026/09/08 01:28:01.525, 28339 MiB, 81920 MiB, 1 %, 91.35 W, 46
2026/09/08 01:28:31.527, 28339 MiB, 81920 MiB, 58 %, 266.68 W, 54
2026/09/08 01:29:01.529, 28339 MiB, 81920 MiB, 2 %, 89.29 W, 45
2026/09/08 01:29:31.532, 28339 MiB, 81920 MiB, 49 %, 289.14 W, 51
2026/09/08 01:30:01.533, 28339 MiB, 81920 MiB, 32 %, 71.80 W, 43
2026/09/08 01:30:31.534, 28339 MiB, 81920 MiB, 73 %, 120.77 W, 51
2026/09/08 01:31:01.535, 28339 MiB, 81920 MiB, 0 %, 90.07 W, 46
2026/09/08 01:31:31.537, 28339 MiB, 81920 MiB, 0 %, 71.53 W, 44
2026/09/08 01:32:01.538, 28339 MiB, 81920 MiB, 32 %, 98.91 W, 48
2026/09/08 01:32:31.543, 28339 MiB, 81920 MiB, 90 %, 305.92 W, 53
2026/09/08 01:33:01.545, 28339 MiB, 81920 MiB, 19 %, 220.75 W, 50
2026/09/08 01:33:31.547, 28339 MiB, 81920 MiB, 40 %, 89.74 W, 46
2026/09/08 01:34:01.548, 28339 MiB, 81920 MiB, 71 %, 91.43 W, 47
2026/09/08 01:34:31.550, 28339 MiB, 81920 MiB, 96 %, 327.47 W, 52
2026/09/08 01:35:01.557, 28339 MiB, 81920 MiB, 0 %, 89.66 W, 45
2026/09/08 01:35:31.559, 28339 MiB, 81920 MiB, 78 %, 158.70 W, 50
2026/09/08 01:36:01.561, 28339 MiB, 81920 MiB, 54 %, 288.83 W, 51
2026/09/08 01:36:31.562, 28339 MiB, 81920 MiB, 34 %, 89.84 W, 46
2026/09/08 01:37:01.566, 28339 MiB, 81920 MiB, 0 %, 89.74 W, 45
2026/09/08 01:37:31.574, 28339 MiB, 81920 MiB, 35 %, 178.81 W, 53
2026/09/08 01:38:01.577, 28339 MiB, 81920 MiB, 57 %, 90.24 W, 47
2026/09/08 01:38:31.581, 28339 MiB, 81920 MiB, 52 %, 112.53 W, 51
2026/09/08 01:39:01.582, 28339 MiB, 81920 MiB, 0 %, 71.65 W, 44
2026/09/08 01:39:31.583, 28339 MiB, 81920 MiB, 0 %, 70.00 W, 41
2026/09/08 01:40:01.585, 28339 MiB, 81920 MiB, 57 %, 93.00 W, 47
2026/09/08 01:40:31.585, 28339 MiB, 81920 MiB, 25 %, 90.57 W, 47
2026/09/08 01:41:01.587, 28339 MiB, 81920 MiB, 89 %, 298.28 W, 52
2026/09/08 01:41:31.588, 28339 MiB, 81920 MiB, 94 %, 229.93 W, 51
2026/09/08 01:42:01.590, 28339 MiB, 81920 MiB, 99 %, 352.85 W, 51
2026/09/08 01:42:31.594, 28339 MiB, 81920 MiB, 0 %, 89.47 W, 46
2026/09/08 01:43:01.603, 28339 MiB, 81920 MiB, 0 %, 88.97 W, 45
2026/09/08 01:43:31.603, 28339 MiB, 81920 MiB, 100 %, 318.91 W, 50
2026/09/08 01:44:01.605, 28339 MiB, 81920 MiB, 73 %, 107.97 W, 50
2026/09/08 01:44:31.606, 28339 MiB, 81920 MiB, 2 %, 89.88 W, 45
2026/09/08 01:45:01.607, 28339 MiB, 81920 MiB, 0 %, 89.47 W, 45
2026/09/08 01:45:31.609, 28339 MiB, 81920 MiB, 20 %, 89.10 W, 45
2026/09/08 01:46:01.611, 28339 MiB, 81920 MiB, 24 %, 89.97 W, 51
2026/09/08 01:46:31.613, 28339 MiB, 81920 MiB, 35 %, 166.24 W, 48
2026/09/08 01:47:01.614, 28339 MiB, 81920 MiB, 0 %, 89.20 W, 45
2026/09/08 01:47:31.617, 28339 MiB, 81920 MiB, 71 %, 295.38 W, 53
2026/09/08 01:48:01.618, 28339 MiB, 81920 MiB, 78 %, 201.58 W, 52
2026/09/08 01:48:31.620, 28339 MiB, 81920 MiB, 96 %, 264.57 W, 52
2026/09/08 01:49:01.621, 28339 MiB, 81920 MiB, 84 %, 94.49 W, 48
2026/09/08 01:49:31.623, 28339 MiB, 81920 MiB, 0 %, 89.38 W, 45
2026/09/08 01:50:01.624, 28339 MiB, 81920 MiB, 32 %, 186.84 W, 46
2026/09/08 01:50:31.626, 28339 MiB, 81920 MiB, 87 %, 104.23 W, 48
2026/09/08 01:51:01.628, 28339 MiB, 81920 MiB, 1 %, 270.25 W, 49
2026/09/08 01:51:31.629, 28339 MiB, 81920 MiB, 0 %, 89.57 W, 45
2026/09/08 01:52:01.630, 28339 MiB, 81920 MiB, 52 %, 89.38 W, 45
2026/09/08 01:52:31.631, 28339 MiB, 81920 MiB, 0 %, 72.12 W, 44
2026/09/08 01:53:01.638, 28339 MiB, 81920 MiB, 64 %, 351.61 W, 50
2026/09/08 01:53:31.639, 28339 MiB, 81920 MiB, 67 %, 98.21 W, 48
2026/09/08 01:54:01.641, 28339 MiB, 81920 MiB, 0 %, 89.65 W, 45
2026/09/08 01:54:31.642, 28339 MiB, 81920 MiB, 88 %, 253.78 W, 52
2026/09/08 01:55:01.643, 28339 MiB, 81920 MiB, 81 %, 92.90 W, 48
2026/09/08 01:55:31.644, 28339 MiB, 81920 MiB, 0 %, 71.73 W, 44
2026/09/08 01:56:01.646, 28339 MiB, 81920 MiB, 34 %, 112.41 W, 49
2026/09/08 01:56:31.648, 28339 MiB, 81920 MiB, 13 %, 218.14 W, 47
2026/09/08 01:57:01.650, 28339 MiB, 81920 MiB, 35 %, 277.33 W, 47
2026/09/08 01:57:31.651, 28339 MiB, 81920 MiB, 80 %, 101.29 W, 51
2026/09/08 01:58:01.653, 28339 MiB, 81920 MiB, 79 %, 92.13 W, 51
2026/09/08 01:58:31.654, 28339 MiB, 81920 MiB, 67 %, 156.37 W, 51
2026/09/08 01:59:01.656, 28339 MiB, 81920 MiB, 11 %, 90.24 W, 46
2026/09/08 01:59:31.657, 28339 MiB, 81920 MiB, 92 %, 288.24 W, 48
2026/09/08 02:00:01.658, 28339 MiB, 81920 MiB, 76 %, 94.51 W, 49
2026/09/08 02:00:31.660, 28339 MiB, 81920 MiB, 36 %, 139.37 W, 44
2026/09/08 02:01:01.664, 28339 MiB, 81920 MiB, 42 %, 90.16 W, 47
2026/09/08 02:01:31.665, 28339 MiB, 81920 MiB, 34 %, 204.98 W, 50
2026/09/08 02:02:01.667, 28339 MiB, 81920 MiB, 63 %, 294.70 W, 54
2026/09/08 02:02:31.668, 28339 MiB, 81920 MiB, 0 %, 89.97 W, 46
2026/09/08 02:03:01.669, 28339 MiB, 81920 MiB, 6 %, 108.35 W, 46
2026/09/08 02:03:31.671, 28339 MiB, 81920 MiB, 60 %, 91.86 W, 49
2026/09/08 02:04:01.673, 28339 MiB, 81920 MiB, 94 %, 207.32 W, 52
2026/09/08 02:04:31.674, 28339 MiB, 81920 MiB, 0 %, 89.97 W, 46
2026/09/08 02:05:01.676, 28339 MiB, 81920 MiB, 58 %, 207.48 W, 49
2026/09/08 02:05:31.678, 28339 MiB, 81920 MiB, 38 %, 114.36 W, 52
2026/09/08 02:06:01.679, 28339 MiB, 81920 MiB, 98 %, 223.76 W, 52
2026/09/08 02:06:31.680, 28339 MiB, 81920 MiB, 0 %, 90.34 W, 46
2026/09/08 02:07:01.682, 28339 MiB, 81920 MiB, 0 %, 89.97 W, 46
2026/09/08 02:07:31.683, 28339 MiB, 81920 MiB, 0 %, 89.65 W, 46
2026/09/08 02:08:01.685, 28339 MiB, 81920 MiB, 43 %, 240.76 W, 52
2026/09/08 02:08:31.686, 28339 MiB, 81920 MiB, 88 %, 160.82 W, 53
2026/09/08 02:09:01.688, 28339 MiB, 81920 MiB, 68 %, 91.12 W, 48
2026/09/08 02:09:31.689, 28339 MiB, 81920 MiB, 0 %, 89.74 W, 46
2026/09/08 02:10:01.690, 28339 MiB, 81920 MiB, 0 %, 89.56 W, 46
2026/09/08 02:10:31.692, 28339 MiB, 81920 MiB, 83 %, 143.54 W, 54
2026/09/08 02:11:01.695, 28339 MiB, 81920 MiB, 0 %, 89.74 W, 45
2026/09/08 02:11:31.697, 28339 MiB, 81920 MiB, 15 %, 132.00 W, 50
2026/09/08 02:12:01.698, 28339 MiB, 81920 MiB, 3 %, 269.69 W, 50
2026/09/08 02:12:31.700, 28339 MiB, 81920 MiB, 35 %, 94.88 W, 47
2026/09/08 02:13:01.702, 28339 MiB, 81920 MiB, 0 %, 90.62 W, 46
2026/09/08 02:13:31.704, 28339 MiB, 81920 MiB, 0 %, 89.33 W, 45
2026/09/08 02:14:01.706, 28339 MiB, 81920 MiB, 38 %, 89.43 W, 45
2026/09/08 02:14:31.707, 28339 MiB, 81920 MiB, 36 %, 101.82 W, 50
2026/09/08 02:15:01.708, 28339 MiB, 81920 MiB, 0 %, 93.21 W, 48
2026/09/08 02:15:31.709, 28339 MiB, 81920 MiB, 0 %, 89.66 W, 46
2026/09/08 02:16:01.710, 28339 MiB, 81920 MiB, 0 %, 90.03 W, 45
2026/09/08 02:16:31.715, 28339 MiB, 81920 MiB, 100 %, 245.21 W, 52
2026/09/08 02:17:01.716, 28339 MiB, 81920 MiB, 48 %, 89.75 W, 45
2026/09/08 02:17:31.717, 28339 MiB, 81920 MiB, 88 %, 290.92 W, 54
2026/09/08 02:18:01.718, 28339 MiB, 81920 MiB, 29 %, 90.71 W, 48
2026/09/08 02:18:31.722, 28339 MiB, 81920 MiB, 0 %, 89.66 W, 45
2026/09/08 02:19:01.725, 28339 MiB, 81920 MiB, 0 %, 89.06 W, 45
2026/09/08 02:19:31.726, 28339 MiB, 81920 MiB, 61 %, 173.11 W, 47
2026/09/08 02:20:01.728, 28339 MiB, 81920 MiB, 0 %, 234.53 W, 47
2026/09/08 02:20:31.729, 28339 MiB, 81920 MiB, 89 %, 278.52 W, 53
2026/09/08 02:21:01.734, 28339 MiB, 81920 MiB, 0 %, 71.08 W, 43
2026/09/08 02:21:31.735, 28339 MiB, 81920 MiB, 28 %, 90.44 W, 46
2026/09/08 02:22:01.737, 28339 MiB, 81920 MiB, 73 %, 220.43 W, 51
2026/09/08 02:22:31.739, 28339 MiB, 81920 MiB, 31 %, 91.22 W, 47
2026/09/08 02:23:01.740, 28339 MiB, 81920 MiB, 0 %, 89.93 W, 46
2026/09/08 02:23:31.741, 28339 MiB, 81920 MiB, 25 %, 91.62 W, 47
2026/09/08 02:24:01.743, 28339 MiB, 81920 MiB, 0 %, 90.07 W, 46
2026/09/08 02:24:31.744, 28339 MiB, 81920 MiB, 70 %, 142.62 W, 48
2026/09/08 02:25:01.747, 28339 MiB, 81920 MiB, 0 %, 89.38 W, 45
2026/09/08 02:25:31.752, 28339 MiB, 81920 MiB, 37 %, 93.00 W, 47
2026/09/08 02:26:01.754, 28339 MiB, 81920 MiB, 35 %, 93.59 W, 47
2026/09/08 02:26:31.755, 28339 MiB, 81920 MiB, 0 %, 89.56 W, 46
2026/09/08 02:27:01.756, 28339 MiB, 81920 MiB, 72 %, 116.54 W, 51
2026/09/08 02:27:31.758, 28339 MiB, 81920 MiB, 75 %, 90.67 W, 47
2026/09/08 02:28:01.759, 28339 MiB, 81920 MiB, 0 %, 91.72 W, 47
2026/09/08 02:28:31.761, 28339 MiB, 81920 MiB, 85 %, 285.28 W, 51
2026/09/08 02:29:01.762, 28339 MiB, 81920 MiB, 62 %, 93.10 W, 51
2026/09/08 02:29:31.763, 28339 MiB, 81920 MiB, 17 %, 89.79 W, 46
2026/09/08 02:30:01.764, 28339 MiB, 81920 MiB, 54 %, 91.16 W, 46
2026/09/08 02:30:31.765, 28339 MiB, 81920 MiB, 69 %, 90.07 W, 46
2026/09/08 02:31:01.767, 28339 MiB, 81920 MiB, 1 %, 89.38 W, 47
2026/09/08 02:31:31.768, 28339 MiB, 81920 MiB, 38 %, 206.72 W, 49
2026/09/08 02:32:01.770, 28339 MiB, 81920 MiB, 82 %, 231.33 W, 53
2026/09/08 02:32:31.775, 28339 MiB, 81920 MiB, 86 %, 128.02 W, 51
2026/09/08 02:33:01.776, 28339 MiB, 81920 MiB, 0 %, 71.80 W, 44
2026/09/08 02:33:31.780, 28339 MiB, 81920 MiB, 78 %, 225.78 W, 52
2026/09/08 02:34:01.782, 28339 MiB, 81920 MiB, 63 %, 130.08 W, 47
2026/09/08 02:34:31.783, 28339 MiB, 81920 MiB, 38 %, 142.50 W, 50
2026/09/08 02:35:01.784, 28339 MiB, 81920 MiB, 89 %, 91.86 W, 47
2026/09/08 02:35:31.788, 28339 MiB, 81920 MiB, 0 %, 89.74 W, 46
2026/09/08 02:36:01.789, 28339 MiB, 81920 MiB, 40 %, 90.15 W, 46
2026/09/08 02:36:31.794, 28339 MiB, 81920 MiB, 0 %, 71.13 W, 43
2026/09/08 02:37:01.796, 28339 MiB, 81920 MiB, 2 %, 89.10 W, 45
2026/09/08 02:37:31.797, 28339 MiB, 81920 MiB, 52 %, 100.49 W, 53
2026/09/08 02:38:01.798, 28339 MiB, 81920 MiB, 100 %, 295.01 W, 55
2026/09/08 02:38:31.799, 28339 MiB, 81920 MiB, 43 %, 169.23 W, 48
2026/09/08 02:39:01.800, 28339 MiB, 81920 MiB, 29 %, 178.81 W, 46
2026/09/08 02:39:31.801, 28339 MiB, 81920 MiB, 44 %, 112.68 W, 51
2026/09/08 02:40:01.802, 28339 MiB, 81920 MiB, 85 %, 332.43 W, 54
2026/09/08 02:40:31.804, 28339 MiB, 81920 MiB, 4 %, 89.74 W, 46
2026/09/08 02:41:01.806, 28339 MiB, 81920 MiB, 2 %, 134.49 W, 48
2026/09/08 02:41:31.808, 28339 MiB, 81920 MiB, 26 %, 199.46 W, 50
2026/09/08 02:42:01.809, 28339 MiB, 81920 MiB, 0 %, 89.38 W, 45
2026/09/08 02:42:31.810, 28339 MiB, 81920 MiB, 53 %, 89.74 W, 46
2026/09/08 02:43:01.812, 28339 MiB, 81920 MiB, 31 %, 183.52 W, 48
2026/09/08 02:43:31.813, 28339 MiB, 81920 MiB, 39 %, 269.37 W, 52
2026/09/08 02:44:01.814, 28339 MiB, 81920 MiB, 100 %, 361.79 W, 60
2026/09/08 02:44:31.818, 28339 MiB, 81920 MiB, 0 %, 70.51 W, 41
2026/09/08 02:45:01.820, 28339 MiB, 81920 MiB, 87 %, 281.44 W, 50
2026/09/08 02:45:31.821, 28339 MiB, 81920 MiB, 8 %, 94.09 W, 44
2026/09/08 02:46:01.823, 28339 MiB, 81920 MiB, 93 %, 299.43 W, 51
2026/09/08 02:46:31.824, 28339 MiB, 81920 MiB, 70 %, 92.03 W, 50
2026/09/08 02:47:01.825, 28339 MiB, 81920 MiB, 0 %, 71.46 W, 43
2026/09/08 02:47:31.826, 28339 MiB, 81920 MiB, 0 %, 88.51 W, 44
2026/09/08 02:48:01.835, 28339 MiB, 81920 MiB, 32 %, 88.00 W, 44
2026/09/08 02:48:31.836, 28339 MiB, 81920 MiB, 34 %, 157.94 W, 47
2026/09/08 02:49:01.837, 28339 MiB, 81920 MiB, 58 %, 99.41 W, 47
2026/09/08 02:49:31.838, 28339 MiB, 81920 MiB, 0 %, 89.20 W, 44
2026/09/08 02:50:01.840, 28339 MiB, 81920 MiB, 100 %, 169.48 W, 52
2026/09/08 02:50:31.842, 28339 MiB, 81920 MiB, 24 %, 92.03 W, 51
2026/09/08 02:51:01.843, 28339 MiB, 81920 MiB, 11 %, 114.26 W, 49
2026/09/08 02:51:31.845, 28339 MiB, 81920 MiB, 34 %, 91.43 W, 46
2026/09/08 02:52:01.846, 28339 MiB, 81920 MiB, 28 %, 203.68 W, 48
2026/09/08 02:52:31.848, 28339 MiB, 81920 MiB, 81 %, 117.13 W, 50
2026/09/08 02:53:01.849, 28339 MiB, 81920 MiB, 62 %, 130.08 W, 49
2026/09/08 02:53:31.851, 28339 MiB, 81920 MiB, 48 %, 277.35 W, 50
2026/09/08 02:54:01.852, 28339 MiB, 81920 MiB, 22 %, 89.85 W, 46
2026/09/08 02:54:31.854, 28339 MiB, 81920 MiB, 5 %, 71.95 W, 44
2026/09/08 02:55:01.855, 28339 MiB, 81920 MiB, 44 %, 274.65 W, 47
2026/09/08 02:55:31.856, 28339 MiB, 81920 MiB, 0 %, 90.07 W, 45
2026/09/08 02:56:01.857, 28339 MiB, 81920 MiB, 0 %, 271.16 W, 49
2026/09/08 02:56:31.859, 28339 MiB, 81920 MiB, 62 %, 90.84 W, 49
2026/09/08 02:57:01.860, 28339 MiB, 81920 MiB, 0 %, 89.29 W, 45
2026/09/08 02:57:31.860, 28339 MiB, 81920 MiB, 49 %, 224.59 W, 53
2026/09/08 02:58:01.862, 28339 MiB, 81920 MiB, 83 %, 309.49 W, 52
2026/09/08 02:58:31.863, 28339 MiB, 81920 MiB, 0 %, 90.07 W, 46
2026/09/08 02:59:01.865, 28339 MiB, 81920 MiB, 0 %, 88.87 W, 45
2026/09/08 02:59:31.867, 28339 MiB, 81920 MiB, 91 %, 286.75 W, 52
2026/09/08 03:00:01.868, 28339 MiB, 81920 MiB, 81 %, 198.54 W, 51
2026/09/08 03:00:31.870, 28339 MiB, 81920 MiB, 2 %, 193.02 W, 48
2026/09/08 03:01:01.871, 28339 MiB, 81920 MiB, 0 %, 71.50 W, 44
2026/09/08 03:01:31.873, 28339 MiB, 81920 MiB, 91 %, 170.93 W, 52
2026/09/08 03:02:01.874, 28339 MiB, 81920 MiB, 57 %, 90.16 W, 46
2026/09/08 03:02:31.875, 28339 MiB, 81920 MiB, 58 %, 90.57 W, 46
2026/09/08 03:03:01.876, 28339 MiB, 81920 MiB, 41 %, 90.84 W, 47
2026/09/08 03:03:31.877, 28339 MiB, 81920 MiB, 0 %, 89.47 W, 45
2026/09/08 03:04:01.879, 28339 MiB, 81920 MiB, 61 %, 93.49 W, 48
2026/09/08 03:04:31.881, 28339 MiB, 81920 MiB, 0 %, 89.38 W, 45
2026/09/08 03:05:01.882, 28339 MiB, 81920 MiB, 0 %, 71.28 W, 44
2026/09/08 03:05:31.884, 28339 MiB, 81920 MiB, 3 %, 151.65 W, 48
2026/09/08 03:06:01.909, 28339 MiB, 81920 MiB, 1 %, 89.29 W, 45
2026/09/08 03:06:31.911, 28339 MiB, 81920 MiB, 42 %, 236.64 W, 48
2026/09/08 03:07:01.915, 28339 MiB, 81920 MiB, 57 %, 91.16 W, 48
2026/09/08 03:07:31.917, 28339 MiB, 81920 MiB, 43 %, 90.76 W, 47
2026/09/08 03:08:01.918, 28339 MiB, 81920 MiB, 73 %, 92.22 W, 48
2026/09/08 03:08:31.919, 28339 MiB, 81920 MiB, 96 %, 178.22 W, 53
2026/09/08 03:09:01.920, 28339 MiB, 81920 MiB, 87 %, 202.00 W, 52
2026/09/08 03:09:31.922, 28339 MiB, 81920 MiB, 0 %, 89.65 W, 49
2026/09/08 03:10:01.926, 28339 MiB, 81920 MiB, 0 %, 72.57 W, 45
2026/09/08 03:10:31.928, 28339 MiB, 81920 MiB, 85 %, 96.48 W, 53
2026/09/08 03:11:01.929, 28339 MiB, 81920 MiB, 98 %, 154.31 W, 53
2026/09/08 03:11:31.931, 28339 MiB, 81920 MiB, 86 %, 320.64 W, 54
2026/09/08 03:12:01.932, 28339 MiB, 81920 MiB, 16 %, 272.90 W, 52
2026/09/08 03:12:31.935, 28339 MiB, 81920 MiB, 0 %, 89.74 W, 46
2026/09/08 03:13:01.937, 28339 MiB, 81920 MiB, 41 %, 114.47 W, 48
2026/09/08 03:13:31.939, 28339 MiB, 81920 MiB, 74 %, 294.47 W, 52
2026/09/08 03:14:01.940, 28339 MiB, 81920 MiB, 63 %, 117.13 W, 49
2026/09/08 03:14:31.942, 28339 MiB, 81920 MiB, 0 %, 90.15 W, 46
2026/09/08 03:15:01.943, 28339 MiB, 81920 MiB, 0 %, 90.34 W, 47
2026/09/08 03:15:31.945, 28339 MiB, 81920 MiB, 85 %, 295.90 W, 53
2026/09/08 03:16:01.946, 28339 MiB, 81920 MiB, 85 %, 92.73 W, 50
2026/09/08 03:16:31.947, 28339 MiB, 81920 MiB, 0 %, 111.49 W, 49
2026/09/08 03:17:01.948, 28339 MiB, 81920 MiB, 56 %, 284.41 W, 51
2026/09/08 03:17:31.949, 28339 MiB, 81920 MiB, 75 %, 91.86 W, 48
2026/09/08 03:18:01.951, 28339 MiB, 81920 MiB, 23 %, 183.61 W, 49
2026/09/08 03:18:31.952, 28339 MiB, 81920 MiB, 76 %, 199.07 W, 51
2026/09/08 03:19:01.954, 28339 MiB, 81920 MiB, 25 %, 94.88 W, 49
2026/09/08 03:19:31.963, 28339 MiB, 81920 MiB, 61 %, 134.20 W, 47
2026/09/08 03:20:01.964, 28339 MiB, 81920 MiB, 10 %, 90.76 W, 45
2026/09/08 03:20:31.966, 28339 MiB, 81920 MiB, 60 %, 89.75 W, 45
2026/09/08 03:21:01.967, 28339 MiB, 81920 MiB, 0 %, 90.02 W, 46
2026/09/08 03:21:31.968, 28339 MiB, 81920 MiB, 25 %, 95.38 W, 48
2026/09/08 03:22:01.971, 28339 MiB, 81920 MiB, 74 %, 256.16 W, 50
2026/09/08 03:22:31.976, 28339 MiB, 81920 MiB, 49 %, 292.05 W, 52
2026/09/08 03:23:01.978, 28339 MiB, 81920 MiB, 1 %, 90.07 W, 50
2026/09/08 03:23:31.979, 28339 MiB, 81920 MiB, 36 %, 92.63 W, 46
2026/09/08 03:24:01.981, 28339 MiB, 81920 MiB, 53 %, 171.74 W, 51
2026/09/08 03:24:31.983, 28339 MiB, 81920 MiB, 0 %, 89.84 W, 46
2026/09/08 03:25:01.993, 28339 MiB, 81920 MiB, 73 %, 283.82 W, 53
2026/09/08 03:25:31.994, 28339 MiB, 81920 MiB, 47 %, 89.97 W, 46
2026/09/08 03:26:01.996, 28339 MiB, 81920 MiB, 79 %, 228.32 W, 53
2026/09/08 03:26:31.998, 28339 MiB, 81920 MiB, 12 %, 196.48 W, 51
2026/09/08 03:27:01.999, 28339 MiB, 81920 MiB, 72 %, 93.49 W, 47
2026/09/08 03:27:32.007, 28339 MiB, 81920 MiB, 2 %, 90.67 W, 47
2026/09/08 03:28:02.024, 28339 MiB, 81920 MiB, 30 %, 204.77 W, 50
2026/09/08 03:28:32.026, 28339 MiB, 81920 MiB, 0 %, 89.47 W, 45
2026/09/08 03:29:02.027, 28339 MiB, 81920 MiB, 0 %, 89.65 W, 46
2026/09/08 03:29:32.029, 28339 MiB, 81920 MiB, 84 %, 277.06 W, 51
2026/09/08 03:30:02.030, 28339 MiB, 81920 MiB, 17 %, 198.06 W, 49
2026/09/08 03:30:32.032, 28339 MiB, 81920 MiB, 0 %, 90.57 W, 47
2026/09/08 03:31:02.033, 28339 MiB, 81920 MiB, 93 %, 119.33 W, 49
2026/09/08 03:31:32.034, 28339 MiB, 81920 MiB, 0 %, 89.10 W, 45
2026/09/08 03:32:02.036, 28339 MiB, 81920 MiB, 84 %, 297.06 W, 54
2026/09/08 03:32:32.046, 28339 MiB, 81920 MiB, 100 %, 131.00 W, 51
2026/09/08 03:33:02.047, 28339 MiB, 81920 MiB, 50 %, 91.16 W, 46
2026/09/08 03:33:32.048, 28339 MiB, 81920 MiB, 98 %, 295.59 W, 52
2026/09/08 03:34:02.049, 28339 MiB, 81920 MiB, 34 %, 89.74 W, 46
2026/09/08 03:34:32.050, 28339 MiB, 81920 MiB, 96 %, 151.33 W, 52
2026/09/08 03:35:02.051, 28339 MiB, 81920 MiB, 43 %, 115.31 W, 47
2026/09/08 03:35:32.053, 28339 MiB, 81920 MiB, 0 %, 89.47 W, 45
2026/09/08 03:36:02.055, 28339 MiB, 81920 MiB, 27 %, 90.07 W, 46
2026/09/08 03:36:32.057, 28339 MiB, 81920 MiB, 62 %, 146.04 W, 49
2026/09/08 03:37:02.059, 28339 MiB, 81920 MiB, 0 %, 89.29 W, 45
2026/09/08 03:37:32.060, 28339 MiB, 81920 MiB, 0 %, 95.06 W, 45
2026/09/08 03:38:02.062, 28339 MiB, 81920 MiB, 79 %, 151.76 W, 51
2026/09/08 03:38:32.063, 28339 MiB, 81920 MiB, 65 %, 90.34 W, 47
2026/09/08 03:39:02.064, 28339 MiB, 81920 MiB, 0 %, 89.74 W, 45
2026/09/08 03:39:32.066, 28339 MiB, 81920 MiB, 32 %, 104.94 W, 48
2026/09/08 03:40:02.068, 28339 MiB, 81920 MiB, 52 %, 167.01 W, 52
2026/09/08 03:40:32.070, 28339 MiB, 81920 MiB, 9 %, 273.48 W, 53
2026/09/08 03:41:02.073, 28339 MiB, 81920 MiB, 98 %, 328.51 W, 54
2026/09/08 03:41:32.077, 28339 MiB, 81920 MiB, 46 %, 91.53 W, 46
2026/09/08 03:42:02.079, 28339 MiB, 81920 MiB, 84 %, 93.49 W, 49
2026/09/08 03:42:32.082, 28339 MiB, 81920 MiB, 48 %, 293.57 W, 53
2026/09/08 03:43:02.083, 28339 MiB, 81920 MiB, 49 %, 239.09 W, 50
2026/09/08 03:43:32.085, 28339 MiB, 81920 MiB, 24 %, 117.73 W, 50
2026/09/08 03:44:02.086, 28339 MiB, 81920 MiB, 55 %, 155.61 W, 53
2026/09/08 03:44:32.087, 28339 MiB, 81920 MiB, 87 %, 109.43 W, 50
2026/09/08 03:45:02.089, 28339 MiB, 81920 MiB, 78 %, 92.63 W, 52
2026/09/08 03:45:32.090, 28339 MiB, 81920 MiB, 42 %, 295.30 W, 53
2026/09/08 03:46:02.091, 28339 MiB, 81920 MiB, 10 %, 92.90 W, 45
2026/09/08 03:46:32.093, 28339 MiB, 81920 MiB, 29 %, 154.47 W, 47
2026/09/08 03:47:02.095, 28339 MiB, 81920 MiB, 89 %, 247.46 W, 53
2026/09/08 03:47:32.097, 28339 MiB, 81920 MiB, 65 %, 294.79 W, 52
2026/09/08 03:48:02.098, 28339 MiB, 81920 MiB, 0 %, 90.67 W, 46
2026/09/08 03:48:32.099, 28339 MiB, 81920 MiB, 97 %, 297.37 W, 56
2026/09/08 03:49:02.101, 28339 MiB, 81920 MiB, 0 %, 71.38 W, 43
2026/09/08 03:49:32.102, 28339 MiB, 81920 MiB, 54 %, 135.85 W, 46
2026/09/08 03:50:02.103, 28339 MiB, 81920 MiB, 0 %, 70.86 W, 43
2026/09/08 03:50:32.104, 28339 MiB, 81920 MiB, 11 %, 188.31 W, 52
2026/09/08 03:51:02.106, 28339 MiB, 81920 MiB, 21 %, 112.80 W, 47
2026/09/08 03:51:32.107, 28339 MiB, 81920 MiB, 1 %, 186.45 W, 49
2026/09/08 03:52:02.108, 28339 MiB, 81920 MiB, 0 %, 90.07 W, 45
2026/09/08 03:52:32.110, 28339 MiB, 81920 MiB, 70 %, 104.61 W, 50
2026/09/08 03:53:02.111, 28339 MiB, 81920 MiB, 0 %, 88.78 W, 45
2026/09/08 03:53:32.117, 28339 MiB, 81920 MiB, 98 %, 296.51 W, 50
2026/09/08 03:54:02.120, 28339 MiB, 81920 MiB, 87 %, 292.35 W, 50
2026/09/08 03:54:32.122, 28339 MiB, 81920 MiB, 1 %, 235.45 W, 48
2026/09/08 03:55:02.123, 28339 MiB, 81920 MiB, 3 %, 88.78 W, 45
2026/09/08 03:55:32.124, 28339 MiB, 81920 MiB, 3 %, 74.98 W, 44
2026/09/08 03:56:02.125, 28339 MiB, 81920 MiB, 12 %, 140.44 W, 49
2026/09/08 03:56:32.127, 28339 MiB, 81920 MiB, 67 %, 154.15 W, 47
2026/09/08 03:57:02.129, 28339 MiB, 81920 MiB, 0 %, 93.82 W, 45
2026/09/08 03:57:32.130, 28339 MiB, 81920 MiB, 1 %, 271.43 W, 48
2026/09/08 03:58:02.132, 28339 MiB, 81920 MiB, 15 %, 89.47 W, 45
2026/09/08 03:58:32.134, 28339 MiB, 81920 MiB, 71 %, 229.57 W, 52
2026/09/08 03:59:02.135, 28339 MiB, 81920 MiB, 0 %, 89.47 W, 45
2026/09/08 03:59:32.136, 28339 MiB, 81920 MiB, 62 %, 234.25 W, 52
2026/09/08 04:00:02.137, 28339 MiB, 81920 MiB, 46 %, 284.72 W, 51
2026/09/08 04:00:32.138, 28339 MiB, 81920 MiB, 34 %, 89.47 W, 46
2026/09/08 04:01:02.140, 28339 MiB, 81920 MiB, 0 %, 90.07 W, 46
2026/09/08 04:01:32.141, 28339 MiB, 81920 MiB, 0 %, 177.48 W, 48
2026/09/08 04:02:02.142, 28339 MiB, 81920 MiB, 32 %, 137.63 W, 51
2026/09/08 04:02:32.144, 28339 MiB, 81920 MiB, 29 %, 188.91 W, 51
2026/09/08 04:03:02.145, 28339 MiB, 81920 MiB, 0 %, 89.38 W, 45
2026/09/08 04:03:32.146, 28339 MiB, 81920 MiB, 39 %, 72.05 W, 46
2026/09/08 04:04:02.147, 28339 MiB, 81920 MiB, 60 %, 90.57 W, 47
2026/09/08 04:04:32.149, 28339 MiB, 81920 MiB, 15 %, 188.44 W, 46
2026/09/08 04:05:02.150, 28339 MiB, 81920 MiB, 3 %, 89.57 W, 45
2026/09/08 04:05:32.151, 28339 MiB, 81920 MiB, 27 %, 90.16 W, 46
2026/09/08 04:06:02.152, 28339 MiB, 81920 MiB, 0 %, 71.53 W, 46
2026/09/08 04:06:32.154, 28339 MiB, 81920 MiB, 0 %, 89.84 W, 46
2026/09/08 04:07:02.154, 28339 MiB, 81920 MiB, 0 %, 89.47 W, 45
2026/09/08 04:07:32.156, 28339 MiB, 81920 MiB, 69 %, 151.65 W, 52
2026/09/08 04:08:02.157, 28339 MiB, 81920 MiB, 0 %, 78.84 W, 45
2026/09/08 04:08:32.159, 28339 MiB, 81920 MiB, 41 %, 120.06 W, 48
2026/09/08 04:09:02.160, 28339 MiB, 81920 MiB, 0 %, 89.88 W, 46
2026/09/08 04:09:32.162, 28339 MiB, 81920 MiB, 9 %, 278.21 W, 53
2026/09/08 04:10:02.163, 28339 MiB, 81920 MiB, 0 %, 72.65 W, 45
2026/09/08 04:10:32.164, 28339 MiB, 81920 MiB, 67 %, 102.87 W, 49
2026/09/08 04:11:02.166, 28339 MiB, 81920 MiB, 79 %, 92.00 W, 48
2026/09/08 04:11:32.167, 28339 MiB, 81920 MiB, 0 %, 91.41 W, 47
2026/09/08 04:12:02.169, 28339 MiB, 81920 MiB, 0 %, 90.53 W, 46
2026/09/08 04:12:32.170, 28339 MiB, 81920 MiB, 32 %, 145.03 W, 49
2026/09/08 04:13:02.172, 28339 MiB, 81920 MiB, 4 %, 90.02 W, 46
2026/09/08 04:13:32.173, 28339 MiB, 81920 MiB, 70 %, 93.19 W, 49
2026/09/08 04:14:02.174, 28339 MiB, 81920 MiB, 68 %, 276.46 W, 48
2026/09/08 04:14:32.176, 28339 MiB, 81920 MiB, 100 %, 128.02 W, 51
2026/09/08 04:15:02.177, 28339 MiB, 81920 MiB, 97 %, 284.39 W, 56
2026/09/08 04:15:32.179, 28339 MiB, 81920 MiB, 0 %, 89.65 W, 46
2026/09/08 04:16:02.180, 28339 MiB, 81920 MiB, 99 %, 158.54 W, 51
2026/09/08 04:16:32.181, 28339 MiB, 81920 MiB, 5 %, 81.32 W, 47
2026/09/08 04:17:02.184, 28339 MiB, 81920 MiB, 0 %, 90.07 W, 46
2026/09/08 04:17:32.185, 28339 MiB, 81920 MiB, 6 %, 137.04 W, 50
2026/09/08 04:18:02.187, 28339 MiB, 81920 MiB, 84 %, 272.30 W, 56
2026/09/08 04:18:32.190, 28339 MiB, 81920 MiB, 49 %, 273.20 W, 52
2026/09/08 04:19:02.191, 28339 MiB, 81920 MiB, 0 %, 89.88 W, 46
2026/09/08 04:19:32.192, 28339 MiB, 81920 MiB, 15 %, 238.73 W, 50
2026/09/08 04:20:02.193, 28339 MiB, 81920 MiB, 12 %, 179.08 W, 47
2026/09/08 04:20:32.195, 28339 MiB, 81920 MiB, 0 %, 90.07 W, 47
2026/09/08 04:21:02.197, 28339 MiB, 81920 MiB, 69 %, 92.90 W, 48
2026/09/08 04:21:32.199, 28339 MiB, 81920 MiB, 0 %, 89.97 W, 46
2026/09/08 04:22:02.201, 28339 MiB, 81920 MiB, 42 %, 89.47 W, 45
2026/09/08 04:22:32.203, 28339 MiB, 81920 MiB, 0 %, 89.38 W, 45
2026/09/08 04:23:02.204, 28339 MiB, 81920 MiB, 0 %, 89.79 W, 45
2026/09/08 04:23:32.207, 28339 MiB, 81920 MiB, 59 %, 89.74 W, 46
2026/09/08 04:24:02.208, 28339 MiB, 81920 MiB, 34 %, 127.88 W, 51
2026/09/08 04:24:32.209, 28339 MiB, 81920 MiB, 55 %, 187.12 W, 51
2026/09/08 04:25:02.211, 28339 MiB, 81920 MiB, 0 %, 88.78 W, 46
2026/09/08 04:25:32.212, 28339 MiB, 81920 MiB, 2 %, 161.19 W, 48
2026/09/08 04:26:02.213, 28339 MiB, 81920 MiB, 71 %, 252.58 W, 52
2026/09/08 04:26:32.215, 28339 MiB, 81920 MiB, 82 %, 282.37 W, 52
2026/09/08 04:27:02.216, 28339 MiB, 81920 MiB, 14 %, 97.35 W, 48
2026/09/08 04:27:32.217, 28339 MiB, 81920 MiB, 16 %, 177.29 W, 47
2026/09/08 04:28:02.218, 28339 MiB, 81920 MiB, 55 %, 237.29 W, 49
2026/09/08 04:28:32.220, 28339 MiB, 81920 MiB, 71 %, 163.84 W, 52
2026/09/08 04:29:02.222, 28339 MiB, 81920 MiB, 67 %, 120.98 W, 50
2026/09/08 04:29:32.224, 28339 MiB, 81920 MiB, 14 %, 176.83 W, 47
2026/09/08 04:30:02.226, 28339 MiB, 81920 MiB, 23 %, 119.91 W, 49
2026/09/08 04:30:32.227, 28339 MiB, 81920 MiB, 71 %, 91.45 W, 46
2026/09/08 04:31:02.228, 28339 MiB, 81920 MiB, 0 %, 88.97 W, 45
2026/09/08 04:31:32.229, 28339 MiB, 81920 MiB, 91 %, 99.83 W, 49
2026/09/08 04:32:02.231, 28339 MiB, 81920 MiB, 61 %, 204.68 W, 49
2026/09/08 04:32:32.233, 28339 MiB, 81920 MiB, 62 %, 117.73 W, 47
2026/09/08 04:33:02.234, 28339 MiB, 81920 MiB, 75 %, 89.88 W, 46
2026/09/08 04:33:32.238, 28339 MiB, 81920 MiB, 98 %, 135.12 W, 50
2026/09/08 04:34:02.240, 28339 MiB, 81920 MiB, 82 %, 91.94 W, 48
2026/09/08 04:34:32.241, 28339 MiB, 81920 MiB, 81 %, 267.90 W, 51
2026/09/08 04:35:02.243, 28339 MiB, 81920 MiB, 0 %, 89.57 W, 45
2026/09/08 04:35:32.245, 28339 MiB, 81920 MiB, 0 %, 72.25 W, 45
2026/09/08 04:36:02.246, 28339 MiB, 81920 MiB, 0 %, 90.07 W, 46
2026/09/08 04:36:32.248, 28339 MiB, 81920 MiB, 84 %, 195.41 W, 52
2026/09/08 04:37:02.250, 28339 MiB, 81920 MiB, 0 %, 71.73 W, 44
2026/09/08 04:37:32.250, 28339 MiB, 81920 MiB, 1 %, 90.24 W, 47
2026/09/08 04:38:02.252, 28339 MiB, 81920 MiB, 37 %, 90.07 W, 46
2026/09/08 04:38:32.253, 28339 MiB, 81920 MiB, 64 %, 96.05 W, 52
2026/09/08 04:39:02.254, 28339 MiB, 81920 MiB, 92 %, 373.04 W, 51
2026/09/08 04:39:32.255, 28339 MiB, 81920 MiB, 73 %, 135.12 W, 51
2026/09/08 04:40:02.256, 28339 MiB, 81920 MiB, 53 %, 228.23 W, 49
2026/09/08 04:40:32.258, 28339 MiB, 81920 MiB, 48 %, 106.78 W, 51
2026/09/08 04:41:02.259, 28339 MiB, 81920 MiB, 53 %, 91.86 W, 46
2026/09/08 04:41:32.261, 28339 MiB, 81920 MiB, 0 %, 90.24 W, 50
2026/09/08 04:42:02.262, 28339 MiB, 81920 MiB, 0 %, 71.65 W, 44
2026/09/08 04:42:32.264, 28339 MiB, 81920 MiB, 64 %, 113.01 W, 51
2026/09/08 04:43:02.265, 28339 MiB, 81920 MiB, 33 %, 91.43 W, 47
2026/09/08 04:43:32.266, 28339 MiB, 81920 MiB, 2 %, 90.43 W, 46
2026/09/08 04:44:02.268, 28339 MiB, 81920 MiB, 20 %, 95.65 W, 46
2026/09/08 04:44:32.270, 28339 MiB, 81920 MiB, 0 %, 71.13 W, 44
2026/09/08 04:45:02.273, 28339 MiB, 81920 MiB, 67 %, 181.47 W, 46
2026/09/08 04:45:32.275, 28339 MiB, 81920 MiB, 81 %, 117.52 W, 52
2026/09/08 04:46:02.276, 28339 MiB, 81920 MiB, 84 %, 122.24 W, 49
2026/09/08 04:46:32.278, 28339 MiB, 81920 MiB, 3 %, 89.38 W, 45
2026/09/08 04:47:02.279, 28339 MiB, 81920 MiB, 100 %, 287.67 W, 47
2026/09/08 04:47:32.281, 28339 MiB, 81920 MiB, 37 %, 121.10 W, 48
2026/09/08 04:48:02.286, 28339 MiB, 81920 MiB, 3 %, 129.95 W, 48
2026/09/08 04:48:32.288, 28339 MiB, 81920 MiB, 12 %, 72.57 W, 46
2026/09/08 04:49:02.289, 28339 MiB, 81920 MiB, 0 %, 76.18 W, 44
2026/09/08 04:49:32.291, 28339 MiB, 81920 MiB, 6 %, 90.57 W, 49
2026/09/08 04:50:02.292, 28339 MiB, 81920 MiB, 57 %, 93.22 W, 48
2026/09/08 04:50:32.293, 28339 MiB, 81920 MiB, 91 %, 190.97 W, 52
2026/09/08 04:51:02.295, 28339 MiB, 81920 MiB, 82 %, 275.85 W, 54
2026/09/08 04:51:32.297, 28339 MiB, 81920 MiB, 0 %, 89.65 W, 45
2026/09/08 04:52:02.298, 28339 MiB, 81920 MiB, 54 %, 135.26 W, 48
2026/09/08 04:52:32.299, 28339 MiB, 81920 MiB, 39 %, 90.57 W, 47
2026/09/08 04:53:02.301, 28339 MiB, 81920 MiB, 36 %, 89.74 W, 46
2026/09/08 04:53:32.319, 28339 MiB, 81920 MiB, 83 %, 308.62 W, 53
2026/09/08 04:54:02.325, 28339 MiB, 81920 MiB, 100 %, 99.73 W, 46
2026/09/08 04:54:32.326, 28339 MiB, 81920 MiB, 0 %, 70.71 W, 42
2026/09/08 04:55:02.328, 28339 MiB, 81920 MiB, 0 %, 88.09 W, 43
2026/09/08 04:55:32.329, 28339 MiB, 81920 MiB, 87 %, 280.28 W, 54
2026/09/08 04:56:02.330, 28339 MiB, 81920 MiB, 74 %, 90.57 W, 47
2026/09/08 04:56:32.332, 28339 MiB, 81920 MiB, 0 %, 88.10 W, 44
2026/09/08 04:57:02.334, 28339 MiB, 81920 MiB, 76 %, 217.50 W, 48
2026/09/08 04:57:32.335, 28339 MiB, 81920 MiB, 66 %, 291.23 W, 50
2026/09/08 04:58:02.337, 28339 MiB, 81920 MiB, 51 %, 126.02 W, 48
2026/09/08 04:58:32.338, 28339 MiB, 81920 MiB, 0 %, 89.74 W, 46
2026/09/08 04:59:02.339, 28339 MiB, 81920 MiB, 86 %, 118.24 W, 49
2026/09/08 04:59:32.341, 28339 MiB, 81920 MiB, 2 %, 89.57 W, 47
2026/09/08 05:00:02.342, 28339 MiB, 81920 MiB, 6 %, 89.38 W, 46
2026/09/08 05:00:32.344, 28339 MiB, 81920 MiB, 51 %, 126.50 W, 46
2026/09/08 05:01:02.345, 28339 MiB, 81920 MiB, 28 %, 92.49 W, 46
2026/09/08 05:01:32.346, 28339 MiB, 81920 MiB, 0 %, 89.74 W, 46
2026/09/08 05:02:02.347, 28339 MiB, 81920 MiB, 22 %, 292.04 W, 51
2026/09/08 05:02:32.349, 28339 MiB, 81920 MiB, 0 %, 89.10 W, 45
2026/09/08 05:03:02.350, 28339 MiB, 81920 MiB, 57 %, 98.54 W, 47
2026/09/08 05:03:32.352, 28339 MiB, 81920 MiB, 37 %, 103.25 W, 47
2026/09/08 05:04:02.353, 28339 MiB, 81920 MiB, 88 %, 91.62 W, 48
2026/09/08 05:04:32.355, 28339 MiB, 81920 MiB, 16 %, 123.58 W, 47
2026/09/08 05:05:02.356, 28339 MiB, 81920 MiB, 42 %, 164.78 W, 49
2026/09/08 05:05:32.357, 28339 MiB, 81920 MiB, 29 %, 293.84 W, 51
2026/09/08 05:06:02.359, 28339 MiB, 81920 MiB, 58 %, 105.58 W, 48
2026/09/08 05:06:32.360, 28339 MiB, 81920 MiB, 52 %, 119.91 W, 48
2026/09/08 05:07:02.361, 28339 MiB, 81920 MiB, 61 %, 90.67 W, 48
2026/09/08 05:07:32.363, 28339 MiB, 81920 MiB, 49 %, 91.53 W, 47
2026/09/08 05:08:02.365, 28339 MiB, 81920 MiB, 0 %, 89.65 W, 46
2026/09/08 05:08:32.366, 28339 MiB, 81920 MiB, 65 %, 90.84 W, 47
2026/09/08 05:09:02.368, 28339 MiB, 81920 MiB, 24 %, 144.28 W, 49
2026/09/08 05:09:32.369, 28339 MiB, 81920 MiB, 31 %, 116.08 W, 48
2026/09/08 05:10:02.371, 28339 MiB, 81920 MiB, 0 %, 89.65 W, 46
2026/09/08 05:10:32.372, 28339 MiB, 81920 MiB, 84 %, 219.56 W, 51
2026/09/08 05:11:02.373, 28339 MiB, 81920 MiB, 72 %, 91.53 W, 48
2026/09/08 05:11:32.374, 28339 MiB, 81920 MiB, 19 %, 89.88 W, 45
2026/09/08 05:12:02.375, 28339 MiB, 81920 MiB, 81 %, 298.54 W, 51
2026/09/08 05:12:32.377, 28339 MiB, 81920 MiB, 2 %, 99.51 W, 45
2026/09/08 05:13:02.378, 28339 MiB, 81920 MiB, 51 %, 90.76 W, 47
2026/09/08 05:13:32.380, 28339 MiB, 81920 MiB, 34 %, 129.95 W, 50
2026/09/08 05:14:02.382, 28339 MiB, 81920 MiB, 0 %, 90.15 W, 46
2026/09/08 05:14:32.383, 28339 MiB, 81920 MiB, 93 %, 294.44 W, 53
2026/09/08 05:15:02.384, 28339 MiB, 81920 MiB, 18 %, 294.47 W, 52
2026/09/08 05:15:32.386, 28339 MiB, 81920 MiB, 53 %, 238.97 W, 49
2026/09/08 05:16:02.387, 28339 MiB, 81920 MiB, 0 %, 90.24 W, 48
2026/09/08 05:16:32.389, 28339 MiB, 81920 MiB, 80 %, 230.14 W, 51
2026/09/08 05:17:02.390, 28339 MiB, 81920 MiB, 83 %, 253.71 W, 54
2026/09/08 05:17:32.391, 28339 MiB, 81920 MiB, 66 %, 237.54 W, 54
2026/09/08 05:18:02.392, 28339 MiB, 81920 MiB, 42 %, 98.01 W, 49
2026/09/08 05:18:32.394, 28339 MiB, 81920 MiB, 27 %, 145.60 W, 50
2026/09/08 05:19:02.396, 28339 MiB, 81920 MiB, 69 %, 260.81 W, 54
2026/09/08 05:19:32.400, 28339 MiB, 81920 MiB, 97 %, 117.52 W, 53
2026/09/08 05:20:02.401, 28339 MiB, 81920 MiB, 46 %, 90.48 W, 47
2026/09/08 05:20:32.402, 28339 MiB, 81920 MiB, 67 %, 136.32 W, 50
2026/09/08 05:21:02.404, 28339 MiB, 81920 MiB, 64 %, 132.60 W, 49
2026/09/08 05:21:32.405, 28339 MiB, 81920 MiB, 89 %, 94.96 W, 49
2026/09/08 05:22:02.411, 28339 MiB, 81920 MiB, 4 %, 91.43 W, 47
2026/09/08 05:22:32.413, 28339 MiB, 81920 MiB, 34 %, 246.07 W, 51
2026/09/08 05:23:02.417, 28339 MiB, 81920 MiB, 28 %, 91.26 W, 48
2026/09/08 05:23:32.419, 28339 MiB, 81920 MiB, 0 %, 91.03 W, 46
2026/09/08 05:24:02.420, 28339 MiB, 81920 MiB, 0 %, 90.16 W, 46
2026/09/08 05:24:32.422, 28339 MiB, 81920 MiB, 22 %, 159.03 W, 49
2026/09/08 05:25:02.424, 28339 MiB, 81920 MiB, 31 %, 90.57 W, 47
2026/09/08 05:25:32.425, 28339 MiB, 81920 MiB, 0 %, 90.07 W, 46
2026/09/08 05:26:02.427, 28339 MiB, 81920 MiB, 0 %, 89.74 W, 46
2026/09/08 05:26:32.428, 28339 MiB, 81920 MiB, 8 %, 89.65 W, 46
2026/09/08 05:27:02.430, 28339 MiB, 81920 MiB, 87 %, 277.96 W, 50
2026/09/08 05:27:32.434, 28339 MiB, 81920 MiB, 0 %, 90.48 W, 46
2026/09/08 05:28:02.436, 28339 MiB, 81920 MiB, 85 %, 302.67 W, 56
2026/09/08 05:28:32.439, 28339 MiB, 81920 MiB, 62 %, 107.10 W, 51
2026/09/08 05:29:02.441, 28339 MiB, 81920 MiB, 30 %, 91.53 W, 47
2026/09/08 05:29:32.442, 28339 MiB, 81920 MiB, 15 %, 277.63 W, 54
2026/09/08 05:30:02.444, 28339 MiB, 81920 MiB, 44 %, 129.76 W, 51
2026/09/08 05:30:32.445, 28339 MiB, 81920 MiB, 15 %, 274.62 W, 50
2026/09/08 05:31:02.451, 28339 MiB, 81920 MiB, 32 %, 235.59 W, 50
2026/09/08 05:31:32.453, 28339 MiB, 81920 MiB, 80 %, 286.18 W, 51
2026/09/08 05:32:02.454, 28339 MiB, 81920 MiB, 20 %, 91.04 W, 46
2026/09/08 05:32:32.456, 28339 MiB, 81920 MiB, 90 %, 292.99 W, 56
2026/09/08 05:33:02.457, 28339 MiB, 81920 MiB, 0 %, 90.52 W, 47
2026/09/08 05:33:32.460, 28339 MiB, 81920 MiB, 5 %, 89.20 W, 50
2026/09/08 05:34:02.461, 28339 MiB, 81920 MiB, 0 %, 89.38 W, 45
2026/09/08 05:34:32.462, 28339 MiB, 81920 MiB, 83 %, 180.95 W, 52
2026/09/08 05:35:02.463, 28339 MiB, 81920 MiB, 0 %, 90.84 W, 45
2026/09/08 05:35:32.465, 28339 MiB, 81920 MiB, 43 %, 104.93 W, 51
2026/09/08 05:36:02.475, 28339 MiB, 81920 MiB, 45 %, 154.31 W, 51
2026/09/08 05:36:32.477, 28339 MiB, 81920 MiB, 89 %, 91.07 W, 47
2026/09/08 05:37:02.478, 28339 MiB, 81920 MiB, 0 %, 165.90 W, 48
2026/09/08 05:37:32.479, 28339 MiB, 81920 MiB, 0 %, 71.46 W, 44
2026/09/08 05:38:02.481, 28339 MiB, 81920 MiB, 0 %, 89.97 W, 46
2026/09/08 05:38:32.482, 28339 MiB, 81920 MiB, 88 %, 279.09 W, 52
2026/09/08 05:39:02.484, 28339 MiB, 81920 MiB, 66 %, 98.81 W, 48
2026/09/08 05:39:32.487, 28339 MiB, 81920 MiB, 0 %, 71.38 W, 44
2026/09/08 05:40:02.489, 28339 MiB, 81920 MiB, 71 %, 337.16 W, 54
2026/09/08 05:40:32.490, 28339 MiB, 81920 MiB, 79 %, 93.32 W, 50
2026/09/08 05:41:02.493, 28339 MiB, 81920 MiB, 0 %, 88.87 W, 45
2026/09/08 05:41:32.496, 28339 MiB, 81920 MiB, 30 %, 189.97 W, 48
2026/09/08 05:42:02.498, 28339 MiB, 81920 MiB, 66 %, 286.51 W, 51
2026/09/08 05:42:32.516, 28339 MiB, 81920 MiB, 63 %, 99.51 W, 49
2026/09/08 05:43:02.517, 28339 MiB, 81920 MiB, 4 %, 90.57 W, 46
2026/09/08 05:43:32.519, 28339 MiB, 81920 MiB, 1 %, 224.73 W, 48
2026/09/08 05:44:02.521, 28339 MiB, 81920 MiB, 77 %, 334.75 W, 51
2026/09/08 05:44:32.526, 28339 MiB, 81920 MiB, 84 %, 324.81 W, 51
2026/09/08 05:45:02.528, 28339 MiB, 81920 MiB, 85 %, 106.61 W, 49
2026/09/08 05:45:32.530, 28339 MiB, 81920 MiB, 75 %, 341.44 W, 55
2026/09/08 05:46:02.534, 28339 MiB, 81920 MiB, 32 %, 90.95 W, 49
2026/09/08 05:46:32.536, 28339 MiB, 81920 MiB, 91 %, 134.66 W, 51
2026/09/08 05:47:02.537, 28339 MiB, 81920 MiB, 68 %, 107.86 W, 49
2026/09/08 05:47:32.539, 28339 MiB, 81920 MiB, 78 %, 109.80 W, 49
2026/09/08 05:48:02.543, 28339 MiB, 81920 MiB, 68 %, 275.00 W, 53
2026/09/08 05:48:32.547, 28339 MiB, 81920 MiB, 76 %, 101.57 W, 48
2026/09/08 05:49:02.548, 28339 MiB, 81920 MiB, 89 %, 155.45 W, 48
2026/09/08 05:49:32.550, 28339 MiB, 81920 MiB, 91 %, 304.73 W, 53
2026/09/08 05:50:02.551, 28339 MiB, 81920 MiB, 39 %, 91.16 W, 47
2026/09/08 05:50:32.552, 28339 MiB, 81920 MiB, 7 %, 94.51 W, 47
2026/09/08 05:51:02.553, 28339 MiB, 81920 MiB, 83 %, 213.98 W, 50
2026/09/08 05:51:32.554, 28339 MiB, 81920 MiB, 33 %, 90.57 W, 47
2026/09/08 05:52:02.556, 28339 MiB, 81920 MiB, 3 %, 107.10 W, 48
2026/09/08 05:52:32.557, 28339 MiB, 81920 MiB, 97 %, 169.65 W, 52
2026/09/08 05:53:02.558, 28339 MiB, 81920 MiB, 2 %, 103.14 W, 48
2026/09/08 05:53:32.560, 28339 MiB, 81920 MiB, 0 %, 89.29 W, 45
2026/09/08 05:54:02.561, 28339 MiB, 81920 MiB, 33 %, 89.75 W, 46
2026/09/08 05:54:32.562, 28339 MiB, 81920 MiB, 58 %, 312.14 W, 52
2026/09/08 05:55:02.564, 28339 MiB, 81920 MiB, 70 %, 89.84 W, 46
2026/09/08 05:55:32.565, 28339 MiB, 81920 MiB, 6 %, 85.70 W, 44
2026/09/08 05:56:02.567, 28339 MiB, 81920 MiB, 0 %, 89.24 W, 45
2026/09/08 05:56:32.568, 28339 MiB, 81920 MiB, 33 %, 106.46 W, 47
2026/09/08 05:57:02.569, 28339 MiB, 81920 MiB, 0 %, 231.45 W, 47
2026/09/08 05:57:32.570, 28339 MiB, 81920 MiB, 98 %, 210.79 W, 53
2026/09/08 05:58:02.571, 28339 MiB, 81920 MiB, 38 %, 205.85 W, 52
2026/09/08 05:58:32.573, 28339 MiB, 81920 MiB, 99 %, 361.47 W, 61
2026/09/08 05:59:02.578, 28339 MiB, 81920 MiB, 0 %, 70.93 W, 42
2026/09/08 05:59:32.580, 28339 MiB, 81920 MiB, 42 %, 89.88 W, 49
2026/09/08 06:00:02.584, 28339 MiB, 81920 MiB, 3 %, 76.62 W, 44
2026/09/08 06:00:32.585, 28339 MiB, 81920 MiB, 56 %, 90.07 W, 46
2026/09/08 06:01:02.587, 28339 MiB, 81920 MiB, 33 %, 201.91 W, 50
2026/09/08 06:01:32.588, 28339 MiB, 81920 MiB, 1 %, 115.22 W, 46
2026/09/08 06:02:02.590, 28339 MiB, 81920 MiB, 10 %, 89.38 W, 46
2026/09/08 06:02:32.591, 28339 MiB, 81920 MiB, 0 %, 88.87 W, 45
2026/09/08 06:03:02.592, 28339 MiB, 81920 MiB, 0 %, 70.86 W, 43
2026/09/08 06:03:32.593, 28339 MiB, 81920 MiB, 81 %, 292.07 W, 51
2026/09/08 06:04:02.595, 28339 MiB, 81920 MiB, 83 %, 92.73 W, 51
2026/09/08 06:04:32.596, 28339 MiB, 81920 MiB, 0 %, 88.78 W, 45
2026/09/08 06:05:02.598, 28339 MiB, 81920 MiB, 0 %, 89.20 W, 45
2026/09/08 06:05:32.599, 28339 MiB, 81920 MiB, 67 %, 110.03 W, 49
2026/09/08 06:06:02.600, 28339 MiB, 81920 MiB, 63 %, 90.24 W, 46
2026/09/08 06:06:32.601, 28339 MiB, 81920 MiB, 24 %, 201.20 W, 50
2026/09/08 06:07:02.603, 28339 MiB, 81920 MiB, 1 %, 236.94 W, 48
2026/09/08 06:07:32.604, 28339 MiB, 81920 MiB, 2 %, 89.20 W, 45
2026/09/08 06:08:02.605, 28339 MiB, 81920 MiB, 0 %, 89.38 W, 45
2026/09/08 06:08:32.607, 28339 MiB, 81920 MiB, 28 %, 94.88 W, 50
2026/09/08 06:09:02.608, 28339 MiB, 81920 MiB, 0 %, 88.87 W, 45
2026/09/08 06:09:32.609, 28339 MiB, 81920 MiB, 22 %, 270.56 W, 51
2026/09/08 06:10:02.611, 28339 MiB, 81920 MiB, 86 %, 276.46 W, 54
2026/09/08 06:10:32.613, 28339 MiB, 81920 MiB, 48 %, 89.74 W, 46
2026/09/08 06:11:02.614, 28339 MiB, 81920 MiB, 77 %, 164.76 W, 50
2026/09/08 06:11:32.615, 28339 MiB, 81920 MiB, 100 %, 123.58 W, 50
2026/09/08 06:12:02.617, 28339 MiB, 81920 MiB, 40 %, 125.50 W, 48
2026/09/08 06:12:32.619, 28339 MiB, 81920 MiB, 55 %, 117.40 W, 51
2026/09/08 06:13:02.620, 28339 MiB, 81920 MiB, 37 %, 277.92 W, 54
2026/09/08 06:13:32.622, 28339 MiB, 81920 MiB, 60 %, 92.81 W, 48
2026/09/08 06:14:02.624, 28339 MiB, 81920 MiB, 34 %, 155.29 W, 50
2026/09/08 06:14:32.624, 28339 MiB, 81920 MiB, 34 %, 118.24 W, 47
2026/09/08 06:15:02.625, 28339 MiB, 81920 MiB, 30 %, 139.98 W, 49
2026/09/08 06:15:32.627, 28339 MiB, 81920 MiB, 0 %, 257.89 W, 49
2026/09/08 06:16:02.628, 28339 MiB, 81920 MiB, 37 %, 92.40 W, 48
2026/09/08 06:16:32.630, 28339 MiB, 81920 MiB, 71 %, 91.94 W, 48
2026/09/08 06:17:02.632, 28339 MiB, 81920 MiB, 9 %, 277.35 W, 49
2026/09/08 06:17:32.633, 28339 MiB, 81920 MiB, 2 %, 90.07 W, 46
2026/09/08 06:18:02.634, 28339 MiB, 81920 MiB, 40 %, 92.22 W, 48
2026/09/08 06:18:32.635, 28339 MiB, 81920 MiB, 0 %, 89.38 W, 45
2026/09/08 06:19:02.638, 28339 MiB, 81920 MiB, 69 %, 134.07 W, 50
2026/09/08 06:19:32.639, 28339 MiB, 81920 MiB, 86 %, 174.87 W, 51
2026/09/08 06:20:02.640, 28339 MiB, 81920 MiB, 52 %, 95.29 W, 47
2026/09/08 06:20:32.641, 28339 MiB, 81920 MiB, 4 %, 90.15 W, 46
2026/09/08 06:21:02.643, 28339 MiB, 81920 MiB, 0 %, 85.76 W, 45
2026/09/08 06:21:32.645, 28339 MiB, 81920 MiB, 36 %, 278.52 W, 53
2026/09/08 06:22:02.647, 28339 MiB, 81920 MiB, 32 %, 277.04 W, 54
2026/09/08 06:22:32.648, 28339 MiB, 81920 MiB, 27 %, 122.71 W, 51
2026/09/08 06:23:02.650, 28339 MiB, 81920 MiB, 90 %, 215.44 W, 50
2026/09/08 06:23:32.652, 28339 MiB, 81920 MiB, 50 %, 98.64 W, 49
2026/09/08 06:24:02.653, 28339 MiB, 81920 MiB, 54 %, 93.00 W, 50
2026/09/08 06:24:32.655, 28339 MiB, 81920 MiB, 88 %, 301.22 W, 55
2026/09/08 06:25:02.656, 28339 MiB, 81920 MiB, 92 %, 279.09 W, 55
2026/09/08 06:25:32.661, 28339 MiB, 81920 MiB, 0 %, 90.75 W, 46
2026/09/08 06:26:02.662, 28339 MiB, 81920 MiB, 20 %, 90.57 W, 47
2026/09/08 06:26:32.664, 28339 MiB, 81920 MiB, 28 %, 92.40 W, 49
2026/09/08 06:27:02.667, 28339 MiB, 81920 MiB, 55 %, 221.29 W, 54
2026/09/08 06:27:32.669, 28339 MiB, 81920 MiB, 66 %, 249.76 W, 53
2026/09/08 06:28:02.670, 28339 MiB, 81920 MiB, 0 %, 117.02 W, 46
2026/09/08 06:28:32.672, 28339 MiB, 81920 MiB, 0 %, 91.14 W, 48
2026/09/08 06:29:02.673, 28339 MiB, 81920 MiB, 46 %, 237.52 W, 52
2026/09/08 06:29:32.674, 28339 MiB, 81920 MiB, 6 %, 112.91 W, 49
2026/09/08 06:30:02.678, 28339 MiB, 81920 MiB, 76 %, 307.52 W, 53
2026/09/08 06:30:32.680, 28339 MiB, 81920 MiB, 91 %, 109.01 W, 52
2026/09/08 06:31:02.681, 28339 MiB, 81920 MiB, 0 %, 89.75 W, 46
2026/09/08 06:31:32.683, 28339 MiB, 81920 MiB, 0 %, 89.75 W, 46
2026/09/08 06:32:02.684, 28339 MiB, 81920 MiB, 0 %, 89.93 W, 46
2026/09/08 06:32:32.686, 28339 MiB, 81920 MiB, 2 %, 90.43 W, 45
2026/09/08 06:33:02.687, 28339 MiB, 81920 MiB, 39 %, 239.37 W, 48
2026/09/08 06:33:32.691, 28339 MiB, 81920 MiB, 86 %, 197.55 W, 50
2026/09/08 06:34:02.693, 28339 MiB, 81920 MiB, 82 %, 90.25 W, 47
2026/09/08 06:34:32.696, 28339 MiB, 81920 MiB, 93 %, 268.47 W, 51
2026/09/08 06:35:02.697, 28339 MiB, 81920 MiB, 65 %, 89.97 W, 46
2026/09/08 06:35:32.699, 28339 MiB, 81920 MiB, 53 %, 97.94 W, 48
2026/09/08 06:36:02.700, 28339 MiB, 81920 MiB, 3 %, 89.38 W, 45
2026/09/08 06:36:32.701, 28339 MiB, 81920 MiB, 0 %, 89.57 W, 45
2026/09/08 06:37:02.702, 28339 MiB, 81920 MiB, 1 %, 90.12 W, 47
2026/09/08 06:37:32.704, 28339 MiB, 81920 MiB, 80 %, 92.97 W, 48
2026/09/08 06:38:02.723, 28339 MiB, 81920 MiB, 36 %, 136.70 W, 49
2026/09/08 06:38:32.724, 28339 MiB, 81920 MiB, 0 %, 88.97 W, 45
2026/09/08 06:39:02.725, 28339 MiB, 81920 MiB, 95 %, 211.61 W, 47
2026/09/08 06:39:32.726, 28339 MiB, 81920 MiB, 77 %, 214.71 W, 51
2026/09/08 06:40:02.727, 28339 MiB, 81920 MiB, 50 %, 91.04 W, 47
2026/09/08 06:40:32.729, 28339 MiB, 81920 MiB, 49 %, 124.82 W, 47
2026/09/08 06:41:02.730, 28339 MiB, 81920 MiB, 0 %, 90.02 W, 46
2026/09/08 06:41:32.732, 28339 MiB, 81920 MiB, 81 %, 339.81 W, 54
2026/09/08 06:42:02.733, 28339 MiB, 81920 MiB, 12 %, 71.38 W, 46
2026/09/08 06:42:32.735, 28339 MiB, 81920 MiB, 75 %, 271.78 W, 54
2026/09/08 06:43:02.736, 28339 MiB, 81920 MiB, 74 %, 216.40 W, 51
2026/09/08 06:43:32.737, 28339 MiB, 81920 MiB, 98 %, 91.76 W, 49
2026/09/08 06:44:02.737, 28339 MiB, 81920 MiB, 68 %, 126.24 W, 49
2026/09/08 06:44:32.739, 28339 MiB, 81920 MiB, 56 %, 112.30 W, 49
2026/09/08 06:45:02.740, 28339 MiB, 81920 MiB, 69 %, 255.56 W, 53
2026/09/08 06:45:32.741, 28339 MiB, 81920 MiB, 81 %, 260.22 W, 51
2026/09/08 06:46:02.743, 28339 MiB, 81920 MiB, 57 %, 93.42 W, 49
2026/09/08 06:46:32.744, 28339 MiB, 81920 MiB, 0 %, 103.96 W, 45
2026/09/08 06:47:02.745, 28339 MiB, 81920 MiB, 100 %, 295.61 W, 54
2026/09/08 06:47:32.747, 28339 MiB, 81920 MiB, 0 %, 89.65 W, 46
2026/09/08 06:48:02.748, 28339 MiB, 81920 MiB, 0 %, 90.07 W, 46
2026/09/08 06:48:32.749, 28339 MiB, 81920 MiB, 62 %, 270.29 W, 54
2026/09/08 06:49:02.751, 28339 MiB, 81920 MiB, 60 %, 267.35 W, 53
2026/09/08 06:49:32.770, 28339 MiB, 81920 MiB, 1 %, 101.79 W, 50
2026/09/08 06:50:02.775, 28339 MiB, 81920 MiB, 81 %, 90.57 W, 47
2026/09/08 06:50:32.777, 28339 MiB, 81920 MiB, 36 %, 153.55 W, 48
2026/09/08 06:51:02.779, 28339 MiB, 81920 MiB, 0 %, 90.24 W, 45
2026/09/08 06:51:32.792, 28339 MiB, 81920 MiB, 56 %, 187.64 W, 50
2026/09/08 06:52:02.794, 28339 MiB, 81920 MiB, 14 %, 91.54 W, 47
2026/09/08 06:52:32.795, 28339 MiB, 81920 MiB, 80 %, 291.50 W, 54
2026/09/08 06:53:02.796, 28339 MiB, 81920 MiB, 53 %, 95.58 W, 47
2026/09/08 06:53:32.798, 28339 MiB, 81920 MiB, 0 %, 91.45 W, 46
2026/09/08 06:54:02.801, 28339 MiB, 81920 MiB, 96 %, 135.35 W, 51
2026/09/08 06:54:32.803, 28339 MiB, 81920 MiB, 97 %, 292.72 W, 56
2026/09/08 06:55:02.804, 28339 MiB, 81920 MiB, 84 %, 109.39 W, 50
2026/09/08 06:55:32.806, 28339 MiB, 81920 MiB, 2 %, 250.45 W, 50
2026/09/08 06:56:02.807, 28339 MiB, 81920 MiB, 78 %, 274.65 W, 54
2026/09/08 06:56:32.808, 28339 MiB, 81920 MiB, 68 %, 179.37 W, 47
2026/09/08 06:57:02.809, 28339 MiB, 81920 MiB, 26 %, 91.81 W, 48
2026/09/08 06:57:32.811, 28339 MiB, 81920 MiB, 35 %, 90.52 W, 47
2026/09/08 06:58:02.814, 28339 MiB, 81920 MiB, 88 %, 90.76 W, 48
2026/09/08 06:58:32.815, 28339 MiB, 81920 MiB, 5 %, 93.19 W, 46
2026/09/08 06:59:02.816, 28339 MiB, 81920 MiB, 79 %, 276.44 W, 52
2026/09/08 06:59:32.818, 28339 MiB, 81920 MiB, 87 %, 90.86 W, 47
2026/09/08 07:00:02.819, 28339 MiB, 81920 MiB, 89 %, 158.70 W, 50
2026/09/08 07:00:32.820, 28339 MiB, 81920 MiB, 90 %, 223.64 W, 54
2026/09/08 07:01:02.821, 28339 MiB, 81920 MiB, 0 %, 71.61 W, 44
2026/09/08 07:01:32.823, 28339 MiB, 81920 MiB, 0 %, 89.97 W, 46
2026/09/08 07:02:02.824, 28339 MiB, 81920 MiB, 37 %, 146.02 W, 47
2026/09/08 07:02:32.825, 28339 MiB, 81920 MiB, 85 %, 259.08 W, 50
2026/09/08 07:03:02.827, 28339 MiB, 81920 MiB, 0 %, 70.59 W, 42
2026/09/08 07:03:32.830, 28339 MiB, 81920 MiB, 0 %, 87.82 W, 42
2026/09/08 07:04:02.831, 28339 MiB, 81920 MiB, 96 %, 167.68 W, 48
2026/09/08 07:04:32.833, 28339 MiB, 81920 MiB, 29 %, 232.31 W, 49
2026/09/08 07:05:02.835, 28339 MiB, 81920 MiB, 91 %, 295.88 W, 52
2026/09/08 07:05:32.836, 28339 MiB, 81920 MiB, 15 %, 89.47 W, 45
2026/09/08 07:06:02.837, 28339 MiB, 81920 MiB, 0 %, 88.78 W, 45
2026/09/08 07:06:32.838, 28339 MiB, 81920 MiB, 71 %, 358.71 W, 51
2026/09/08 07:07:02.840, 28339 MiB, 81920 MiB, 29 %, 128.75 W, 47
2026/09/08 07:07:32.847, 28339 MiB, 81920 MiB, 0 %, 89.38 W, 45
2026/09/08 07:08:02.848, 28339 MiB, 81920 MiB, 58 %, 89.38 W, 46
2026/09/08 07:08:32.849, 28339 MiB, 81920 MiB, 0 %, 88.69 W, 44
2026/09/08 07:09:02.851, 28339 MiB, 81920 MiB, 4 %, 291.81 W, 53
2026/09/08 07:09:32.852, 28339 MiB, 81920 MiB, 33 %, 89.88 W, 46
2026/09/08 07:10:02.854, 28339 MiB, 81920 MiB, 29 %, 123.31 W, 49
2026/09/08 07:10:32.854, 28339 MiB, 81920 MiB, 0 %, 89.29 W, 45
2026/09/08 07:11:02.855, 28339 MiB, 81920 MiB, 0 %, 71.65 W, 44
2026/09/08 07:11:32.857, 28339 MiB, 81920 MiB, 100 %, 271.73 W, 51
2026/09/08 07:12:02.859, 28339 MiB, 81920 MiB, 33 %, 141.90 W, 48
2026/09/08 07:12:32.860, 28339 MiB, 81920 MiB, 0 %, 90.15 W, 46
2026/09/08 07:13:02.861, 28339 MiB, 81920 MiB, 67 %, 167.51 W, 52
2026/09/08 07:13:32.862, 28339 MiB, 81920 MiB, 66 %, 90.94 W, 47
2026/09/08 07:14:02.863, 28339 MiB, 81920 MiB, 54 %, 284.14 W, 51
2026/09/08 07:14:32.864, 28339 MiB, 81920 MiB, 92 %, 118.44 W, 50
2026/09/08 07:15:02.865, 28339 MiB, 81920 MiB, 20 %, 90.57 W, 47
2026/09/08 07:15:32.866, 28339 MiB, 81920 MiB, 0 %, 89.65 W, 46
2026/09/08 07:16:02.868, 28339 MiB, 81920 MiB, 0 %, 89.57 W, 45
2026/09/08 07:16:32.869, 28339 MiB, 81920 MiB, 89 %, 93.02 W, 52
2026/09/08 07:17:02.870, 28339 MiB, 81920 MiB, 90 %, 143.51 W, 50
2026/09/08 07:17:32.871, 28339 MiB, 81920 MiB, 79 %, 90.35 W, 47
2026/09/08 07:18:02.872, 28339 MiB, 81920 MiB, 0 %, 89.66 W, 46
2026/09/08 07:18:32.874, 28339 MiB, 81920 MiB, 65 %, 279.70 W, 54
2026/09/08 07:19:02.878, 28339 MiB, 81920 MiB, 82 %, 100.21 W, 53
2026/09/08 07:19:32.880, 28339 MiB, 81920 MiB, 48 %, 96.25 W, 47
2026/09/08 07:20:02.882, 28339 MiB, 81920 MiB, 0 %, 90.16 W, 46
2026/09/08 07:20:32.883, 28339 MiB, 81920 MiB, 81 %, 103.25 W, 51
2026/09/08 07:21:02.884, 28339 MiB, 81920 MiB, 56 %, 130.54 W, 49
2026/09/08 07:21:32.885, 28339 MiB, 81920 MiB, 0 %, 89.88 W, 46
2026/09/08 07:22:02.887, 28339 MiB, 81920 MiB, 0 %, 90.07 W, 46
2026/09/08 07:22:32.888, 28339 MiB, 81920 MiB, 0 %, 89.38 W, 45
2026/09/08 07:23:02.890, 28339 MiB, 81920 MiB, 21 %, 153.07 W, 49
2026/09/08 07:23:32.892, 28339 MiB, 81920 MiB, 51 %, 91.76 W, 47
2026/09/08 07:24:02.894, 28339 MiB, 81920 MiB, 0 %, 89.47 W, 45
2026/09/08 07:24:32.896, 28339 MiB, 81920 MiB, 0 %, 72.33 W, 45
2026/09/08 07:25:02.897, 28339 MiB, 81920 MiB, 90 %, 223.36 W, 51
2026/09/08 07:25:32.901, 28339 MiB, 81920 MiB, 100 %, 176.29 W, 52
2026/09/08 07:26:02.908, 28339 MiB, 81920 MiB, 10 %, 282.04 W, 54
2026/09/08 07:26:32.909, 28339 MiB, 81920 MiB, 1 %, 138.95 W, 50
2026/09/08 07:27:02.911, 28339 MiB, 81920 MiB, 67 %, 137.76 W, 50
2026/09/08 07:27:32.912, 28339 MiB, 81920 MiB, 46 %, 227.23 W, 50
2026/09/08 07:28:02.913, 28339 MiB, 81920 MiB, 49 %, 90.81 W, 47
2026/09/08 07:28:32.915, 28339 MiB, 81920 MiB, 0 %, 91.31 W, 46
2026/09/08 07:29:02.916, 28339 MiB, 81920 MiB, 75 %, 93.39 W, 49
2026/09/08 07:29:32.917, 28339 MiB, 81920 MiB, 74 %, 278.21 W, 55
2026/09/08 07:30:02.919, 28339 MiB, 81920 MiB, 87 %, 96.05 W, 52
2026/09/08 07:30:32.920, 28339 MiB, 81920 MiB, 20 %, 122.35 W, 51
2026/09/08 07:31:02.927, 28339 MiB, 81920 MiB, 14 %, 110.49 W, 50
2026/09/08 07:31:32.929, 28339 MiB, 81920 MiB, 93 %, 276.42 W, 52
2026/09/08 07:32:02.932, 28339 MiB, 81920 MiB, 73 %, 156.69 W, 54
2026/09/08 07:32:32.933, 28339 MiB, 81920 MiB, 41 %, 150.92 W, 50
2026/09/08 07:33:02.935, 28339 MiB, 81920 MiB, 0 %, 89.33 W, 46
2026/09/08 07:33:32.936, 28339 MiB, 81920 MiB, 71 %, 292.70 W, 54
2026/09/08 07:34:02.938, 28339 MiB, 81920 MiB, 65 %, 152.44 W, 52
2026/09/08 07:34:32.940, 28339 MiB, 81920 MiB, 34 %, 200.49 W, 50
2026/09/08 07:35:02.941, 28339 MiB, 81920 MiB, 0 %, 89.94 W, 46
2026/09/08 07:35:32.942, 28339 MiB, 81920 MiB, 7 %, 187.42 W, 47
2026/09/08 07:36:02.944, 28339 MiB, 81920 MiB, 80 %, 287.37 W, 54
2026/09/08 07:36:32.945, 28339 MiB, 81920 MiB, 32 %, 276.14 W, 50
2026/09/08 07:37:02.946, 28339 MiB, 81920 MiB, 0 %, 90.21 W, 46
2026/09/08 07:37:32.957, 28339 MiB, 81920 MiB, 83 %, 90.71 W, 47
2026/09/08 07:38:02.958, 28339 MiB, 81920 MiB, 64 %, 151.84 W, 49
2026/09/08 07:38:32.960, 28339 MiB, 81920 MiB, 0 %, 89.57 W, 46
2026/09/08 07:39:02.961, 28339 MiB, 81920 MiB, 83 %, 251.64 W, 52
2026/09/08 07:39:32.962, 28339 MiB, 81920 MiB, 69 %, 242.45 W, 50
2026/09/08 07:40:02.964, 28339 MiB, 81920 MiB, 0 %, 89.29 W, 45
2026/09/08 07:40:32.965, 28339 MiB, 81920 MiB, 90 %, 123.90 W, 50
2026/09/08 07:41:02.966, 28339 MiB, 81920 MiB, 0 %, 89.97 W, 46
2026/09/08 07:41:32.967, 28339 MiB, 81920 MiB, 4 %, 91.43 W, 45
2026/09/08 07:42:02.969, 28339 MiB, 81920 MiB, 81 %, 300.62 W, 53
2026/09/08 07:42:32.970, 28339 MiB, 81920 MiB, 44 %, 92.22 W, 48
2026/09/08 07:43:02.971, 28339 MiB, 81920 MiB, 1 %, 89.84 W, 48
2026/09/08 07:43:32.972, 28339 MiB, 81920 MiB, 0 %, 89.29 W, 49
2026/09/08 07:44:02.974, 28339 MiB, 81920 MiB, 99 %, 174.04 W, 53
2026/09/08 07:44:32.975, 28339 MiB, 81920 MiB, 0 %, 72.85 W, 45
2026/09/08 07:45:02.977, 28339 MiB, 81920 MiB, 41 %, 93.98 W, 50
2026/09/08 07:45:32.981, 28339 MiB, 81920 MiB, 37 %, 126.62 W, 51
2026/09/08 07:46:02.983, 28339 MiB, 81920 MiB, 0 %, 91.73 W, 46
2026/09/08 07:46:32.984, 28339 MiB, 81920 MiB, 41 %, 90.12 W, 45
2026/09/08 07:47:02.985, 28339 MiB, 81920 MiB, 0 %, 219.05 W, 48
2026/09/08 07:47:32.987, 28339 MiB, 81920 MiB, 25 %, 177.16 W, 50
2026/09/08 07:48:02.989, 28339 MiB, 81920 MiB, 53 %, 154.30 W, 50
2026/09/08 07:48:32.990, 28339 MiB, 81920 MiB, 91 %, 278.50 W, 52
2026/09/08 07:49:02.992, 28339 MiB, 81920 MiB, 46 %, 151.34 W, 50
2026/09/08 07:49:32.993, 28339 MiB, 81920 MiB, 49 %, 159.62 W, 47
2026/09/08 07:50:02.995, 28339 MiB, 81920 MiB, 8 %, 187.05 W, 51
2026/09/08 07:50:32.996, 28339 MiB, 81920 MiB, 33 %, 198.72 W, 48
2026/09/08 07:51:02.997, 28339 MiB, 81920 MiB, 3 %, 89.65 W, 46
2026/09/08 07:51:32.998, 28339 MiB, 81920 MiB, 0 %, 74.98 W, 44
2026/09/08 07:52:02.999, 28339 MiB, 81920 MiB, 42 %, 90.48 W, 47
2026/09/08 07:52:33.000, 28339 MiB, 81920 MiB, 0 %, 89.88 W, 46
2026/09/08 07:53:03.002, 28339 MiB, 81920 MiB, 14 %, 72.84 W, 44
2026/09/08 07:53:33.003, 28339 MiB, 81920 MiB, 0 %, 71.13 W, 43
2026/09/08 07:54:03.005, 28339 MiB, 81920 MiB, 0 %, 89.01 W, 44
2026/09/08 07:54:33.009, 28339 MiB, 81920 MiB, 53 %, 282.94 W, 54
2026/09/08 07:55:03.011, 28339 MiB, 81920 MiB, 73 %, 126.70 W, 50
2026/09/08 07:55:33.013, 28339 MiB, 81920 MiB, 82 %, 172.16 W, 51
2026/09/08 07:56:03.014, 28339 MiB, 81920 MiB, 18 %, 97.28 W, 45
2026/09/08 07:56:33.015, 28339 MiB, 81920 MiB, 32 %, 272.58 W, 49
2026/09/08 07:57:03.016, 28339 MiB, 81920 MiB, 90 %, 92.34 W, 49
2026/09/08 07:57:33.017, 28339 MiB, 81920 MiB, 2 %, 89.66 W, 45
2026/09/08 07:58:03.018, 28339 MiB, 81920 MiB, 0 %, 276.12 W, 55
2026/09/08 07:58:33.020, 28339 MiB, 81920 MiB, 33 %, 91.33 W, 47
2026/09/08 07:59:03.021, 28339 MiB, 81920 MiB, 30 %, 92.19 W, 47
2026/09/08 07:59:33.023, 28339 MiB, 81920 MiB, 37 %, 127.61 W, 50
2026/09/08 08:00:03.027, 28339 MiB, 81920 MiB, 0 %, 89.75 W, 45
2026/09/08 08:00:33.028, 28339 MiB, 81920 MiB, 0 %, 89.66 W, 45
2026/09/08 08:01:03.030, 28339 MiB, 81920 MiB, 0 %, 89.57 W, 46
2026/09/08 08:01:33.032, 28339 MiB, 81920 MiB, 92 %, 226.39 W, 49
2026/09/08 08:02:03.033, 28339 MiB, 81920 MiB, 92 %, 118.09 W, 51
2026/09/08 08:02:33.035, 28339 MiB, 81920 MiB, 0 %, 89.66 W, 46
2026/09/08 08:03:03.036, 28339 MiB, 81920 MiB, 58 %, 290.30 W, 53
2026/09/08 08:03:33.037, 28339 MiB, 81920 MiB, 0 %, 89.20 W, 45
2026/09/08 08:04:03.038, 28339 MiB, 81920 MiB, 84 %, 200.60 W, 55
2026/09/08 08:04:33.039, 28339 MiB, 81920 MiB, 0 %, 71.00 W, 43
2026/09/08 08:05:03.043, 28339 MiB, 81920 MiB, 0 %, 92.90 W, 45
2026/09/08 08:05:33.045, 28339 MiB, 81920 MiB, 2 %, 89.10 W, 45
2026/09/08 08:06:03.046, 28339 MiB, 81920 MiB, 37 %, 164.76 W, 51
2026/09/08 08:06:33.047, 28339 MiB, 81920 MiB, 58 %, 90.24 W, 47
2026/09/08 08:07:03.049, 28339 MiB, 81920 MiB, 61 %, 285.01 W, 54
2026/09/08 08:07:33.051, 28339 MiB, 81920 MiB, 0 %, 89.74 W, 46
2026/09/08 08:08:03.053, 28339 MiB, 81920 MiB, 0 %, 70.34 W, 41
2026/09/08 08:08:33.054, 28339 MiB, 81920 MiB, 0 %, 70.78 W, 42
2026/09/08 08:09:03.056, 28339 MiB, 81920 MiB, 77 %, 117.00 W, 48
2026/09/08 08:09:33.057, 28339 MiB, 81920 MiB, 46 %, 171.77 W, 48
2026/09/08 08:10:03.058, 28339 MiB, 81920 MiB, 100 %, 236.40 W, 52
2026/09/08 08:10:33.059, 28339 MiB, 81920 MiB, 86 %, 137.45 W, 52
2026/09/08 08:11:03.061, 28339 MiB, 81920 MiB, 62 %, 246.69 W, 52
2026/09/08 08:11:33.063, 28339 MiB, 81920 MiB, 47 %, 146.34 W, 48
2026/09/08 08:12:03.064, 28339 MiB, 81920 MiB, 0 %, 91.86 W, 45
2026/09/08 08:12:33.073, 28339 MiB, 81920 MiB, 0 %, 89.10 W, 45
2026/09/08 08:13:03.075, 28339 MiB, 81920 MiB, 2 %, 141.03 W, 48
2026/09/08 08:13:33.077, 28339 MiB, 81920 MiB, 55 %, 89.38 W, 45
2026/09/08 08:14:03.078, 28339 MiB, 81920 MiB, 75 %, 92.73 W, 48
2026/09/08 08:14:33.079, 28339 MiB, 81920 MiB, 80 %, 196.93 W, 52
2026/09/08 08:15:03.081, 28339 MiB, 81920 MiB, 13 %, 293.59 W, 52
2026/09/08 08:15:33.082, 28339 MiB, 81920 MiB, 83 %, 241.01 W, 52
2026/09/08 08:16:03.084, 28339 MiB, 81920 MiB, 0 %, 275.00 W, 50
2026/09/08 08:16:33.085, 28339 MiB, 81920 MiB, 60 %, 117.87 W, 48
2026/09/08 08:17:03.086, 28339 MiB, 81920 MiB, 17 %, 147.32 W, 49
2026/09/08 08:17:33.087, 28339 MiB, 81920 MiB, 99 %, 175.74 W, 52
2026/09/08 08:18:03.088, 28339 MiB, 81920 MiB, 19 %, 95.65 W, 51
2026/09/08 08:18:33.089, 28339 MiB, 81920 MiB, 0 %, 95.99 W, 45
2026/09/08 08:19:03.090, 28339 MiB, 81920 MiB, 29 %, 276.18 W, 54
2026/09/08 08:19:33.091, 28339 MiB, 81920 MiB, 42 %, 95.89 W, 48
2026/09/08 08:20:03.093, 28339 MiB, 81920 MiB, 0 %, 94.19 W, 48
2026/09/08 08:20:33.094, 28339 MiB, 81920 MiB, 32 %, 100.10 W, 49
2026/09/08 08:21:03.096, 28339 MiB, 81920 MiB, 0 %, 88.97 W, 45
2026/09/08 08:21:33.098, 28339 MiB, 81920 MiB, 43 %, 154.47 W, 51
2026/09/08 08:22:03.100, 28339 MiB, 81920 MiB, 64 %, 90.57 W, 47
2026/09/08 08:22:33.102, 28339 MiB, 81920 MiB, 0 %, 89.47 W, 45
2026/09/08 08:23:03.105, 28339 MiB, 81920 MiB, 0 %, 89.57 W, 45
2026/09/08 08:23:33.107, 28339 MiB, 81920 MiB, 98 %, 293.23 W, 52
2026/09/08 08:24:03.107, 28339 MiB, 81920 MiB, 85 %, 328.85 W, 53
2026/09/08 08:24:33.115, 28339 MiB, 81920 MiB, 63 %, 90.67 W, 47
2026/09/08 08:25:03.117, 28339 MiB, 81920 MiB, 0 %, 89.47 W, 45
2026/09/08 08:25:33.118, 28339 MiB, 81920 MiB, 9 %, 98.91 W, 50
2026/09/08 08:26:03.119, 28339 MiB, 81920 MiB, 91 %, 265.25 W, 53
2026/09/08 08:26:33.121, 28339 MiB, 81920 MiB, 63 %, 101.57 W, 49
2026/09/08 08:27:03.123, 28339 MiB, 81920 MiB, 0 %, 71.97 W, 44
2026/09/08 08:27:33.125, 28339 MiB, 81920 MiB, 34 %, 180.73 W, 48
2026/09/08 08:28:03.126, 28339 MiB, 81920 MiB, 0 %, 89.47 W, 45
2026/09/08 08:28:33.128, 28339 MiB, 81920 MiB, 66 %, 138.65 W, 47
2026/09/08 08:29:03.129, 28339 MiB, 81920 MiB, 24 %, 178.81 W, 48
2026/09/08 08:29:33.131, 28339 MiB, 81920 MiB, 71 %, 96.15 W, 47
2026/09/08 08:30:03.133, 28339 MiB, 81920 MiB, 74 %, 290.33 W, 52
2026/09/08 08:30:33.134, 28339 MiB, 81920 MiB, 52 %, 150.73 W, 47
2026/09/08 08:31:03.136, 28339 MiB, 81920 MiB, 40 %, 194.22 W, 48
2026/09/08 08:31:33.137, 28339 MiB, 81920 MiB, 29 %, 202.56 W, 51
2026/09/08 08:32:03.138, 28339 MiB, 81920 MiB, 85 %, 308.25 W, 53
2026/09/08 08:32:33.140, 28339 MiB, 81920 MiB, 5 %, 72.25 W, 44
2026/09/08 08:33:03.142, 28339 MiB, 81920 MiB, 0 %, 90.34 W, 46
2026/09/08 08:33:33.143, 28339 MiB, 81920 MiB, 76 %, 128.02 W, 52
2026/09/08 08:34:03.147, 28339 MiB, 81920 MiB, 8 %, 101.68 W, 48
2026/09/08 08:34:33.151, 28339 MiB, 81920 MiB, 51 %, 93.40 W, 48
2026/09/08 08:35:03.152, 28339 MiB, 81920 MiB, 0 %, 72.18 W, 45
2026/09/08 08:35:33.153, 28339 MiB, 81920 MiB, 55 %, 94.51 W, 48
2026/09/08 08:36:03.154, 28339 MiB, 81920 MiB, 0 %, 90.94 W, 47
2026/09/08 08:36:33.156, 28339 MiB, 81920 MiB, 20 %, 150.77 W, 49
2026/09/08 08:37:03.156, 28339 MiB, 81920 MiB, 0 %, 90.34 W, 47
2026/09/08 08:37:33.159, 28339 MiB, 81920 MiB, 33 %, 91.03 W, 49
2026/09/08 08:38:03.161, 28339 MiB, 81920 MiB, 45 %, 235.72 W, 52
2026/09/08 08:38:33.162, 28339 MiB, 81920 MiB, 78 %, 291.49 W, 51
2026/09/08 08:39:03.169, 28339 MiB, 81920 MiB, 15 %, 90.07 W, 46
2026/09/08 08:39:33.171, 28339 MiB, 81920 MiB, 3 %, 89.74 W, 46
2026/09/08 08:40:03.172, 28339 MiB, 81920 MiB, 34 %, 210.51 W, 48
2026/09/08 08:40:33.174, 28339 MiB, 81920 MiB, 50 %, 194.42 W, 51
2026/09/08 08:41:03.175, 28339 MiB, 81920 MiB, 75 %, 147.48 W, 50
2026/09/08 08:41:33.177, 28339 MiB, 81920 MiB, 63 %, 103.42 W, 48
2026/09/08 08:42:03.178, 28339 MiB, 81920 MiB, 0 %, 91.43 W, 45
2026/09/08 08:42:33.180, 28339 MiB, 81920 MiB, 77 %, 92.73 W, 47
2026/09/08 08:43:03.181, 28339 MiB, 81920 MiB, 0 %, 90.76 W, 47
2026/09/08 08:43:33.182, 28339 MiB, 81920 MiB, 0 %, 89.38 W, 45
2026/09/08 08:44:03.184, 28339 MiB, 81920 MiB, 0 %, 89.10 W, 45
2026/09/08 08:44:33.188, 28339 MiB, 81920 MiB, 20 %, 108.56 W, 49
2026/09/08 08:45:03.190, 28339 MiB, 81920 MiB, 0 %, 89.47 W, 45
2026/09/08 08:45:33.191, 28339 MiB, 81920 MiB, 0 %, 89.47 W, 45
2026/09/08 08:46:03.193, 28339 MiB, 81920 MiB, 0 %, 89.01 W, 45
2026/09/08 08:46:33.194, 28339 MiB, 81920 MiB, 0 %, 83.56 W, 45
2026/09/08 08:47:03.195, 28339 MiB, 81920 MiB, 0 %, 71.53 W, 44
2026/09/08 08:47:33.197, 29235 MiB, 81920 MiB, 14 %, 90.43 W, 46
2026/09/08 08:48:03.200, 29235 MiB, 81920 MiB, 0 %, 89.57 W, 45
2026/09/08 08:48:33.202, 29235 MiB, 81920 MiB, 15 %, 89.84 W, 46
2026/09/08 08:49:03.203, 29235 MiB, 81920 MiB, 32 %, 274.07 W, 52
2026/09/08 08:49:33.204, 29235 MiB, 81920 MiB, 36 %, 126.96 W, 48
2026/09/08 08:50:03.220, 29235 MiB, 81920 MiB, 75 %, 98.85 W, 52
2026/09/08 08:50:33.222, 29235 MiB, 81920 MiB, 74 %, 355.60 W, 53
2026/09/08 08:51:03.223, 29235 MiB, 81920 MiB, 78 %, 274.66 W, 52
2026/09/08 08:51:33.225, 29235 MiB, 81920 MiB, 0 %, 71.22 W, 44
2026/09/08 08:52:03.227, 29235 MiB, 81920 MiB, 64 %, 233.55 W, 53
2026/09/08 08:52:33.227, 29235 MiB, 81920 MiB, 0 %, 89.75 W, 46
2026/09/08 08:53:03.229, 29235 MiB, 81920 MiB, 0 %, 92.05 W, 46
2026/09/08 08:53:33.230, 29235 MiB, 81920 MiB, 0 %, 89.66 W, 45
2026/09/08 08:54:03.231, 29235 MiB, 81920 MiB, 0 %, 89.94 W, 46
2026/09/08 08:54:33.232, 29235 MiB, 81920 MiB, 0 %, 89.15 W, 45
2026/09/08 08:55:03.242, 29235 MiB, 81920 MiB, 69 %, 98.24 W, 47
2026/09/08 08:55:33.244, 29235 MiB, 81920 MiB, 0 %, 72.12 W, 44
2026/09/08 08:56:03.245, 29235 MiB, 81920 MiB, 0 %, 88.97 W, 45
2026/09/08 08:56:33.247, 29235 MiB, 81920 MiB, 59 %, 269.33 W, 50
2026/09/08 08:57:03.248, 29235 MiB, 81920 MiB, 63 %, 336.12 W, 52
2026/09/08 08:57:33.250, 29235 MiB, 81920 MiB, 0 %, 89.47 W, 45
2026/09/08 08:58:03.251, 29235 MiB, 81920 MiB, 2 %, 89.75 W, 48
2026/09/08 08:58:33.252, 29235 MiB, 81920 MiB, 45 %, 137.88 W, 46
2026/09/08 08:59:03.253, 29235 MiB, 81920 MiB, 67 %, 294.78 W, 52
2026/09/08 08:59:33.254, 29235 MiB, 81920 MiB, 0 %, 89.57 W, 45
2026/09/08 09:00:03.256, 29235 MiB, 81920 MiB, 49 %, 99.83 W, 46
2026/09/08 09:00:33.257, 29235 MiB, 81920 MiB, 0 %, 89.47 W, 45
2026/09/08 09:01:03.263, 29235 MiB, 81920 MiB, 0 %, 90.07 W, 46
2026/09/08 09:01:33.265, 29235 MiB, 81920 MiB, 54 %, 112.53 W, 48
2026/09/08 09:02:03.266, 29235 MiB, 81920 MiB, 0 %, 89.65 W, 46
2026/09/08 09:02:33.267, 29235 MiB, 81920 MiB, 0 %, 71.97 W, 44
2026/09/08 09:03:03.268, 29235 MiB, 81920 MiB, 88 %, 90.67 W, 46
2026/09/08 09:03:33.270, 29235 MiB, 81920 MiB, 0 %, 89.06 W, 45
2026/09/08 09:04:03.272, 29235 MiB, 81920 MiB, 96 %, 283.22 W, 52
2026/09/08 09:04:33.273, 29235 MiB, 81920 MiB, 88 %, 134.80 W, 52
2026/09/08 09:05:03.274, 29235 MiB, 81920 MiB, 61 %, 129.95 W, 49
2026/09/08 09:05:33.275, 29235 MiB, 81920 MiB, 58 %, 90.34 W, 46
2026/09/08 09:06:03.276, 29235 MiB, 81920 MiB, 78 %, 292.65 W, 54
2026/09/08 09:06:33.278, 29235 MiB, 81920 MiB, 99 %, 300.65 W, 53
2026/09/08 09:07:03.280, 29235 MiB, 81920 MiB, 10 %, 97.18 W, 45
2026/09/08 09:07:33.282, 29235 MiB, 81920 MiB, 0 %, 89.74 W, 45
2026/09/08 09:08:03.283, 29235 MiB, 81920 MiB, 4 %, 74.83 W, 44
2026/09/08 09:08:33.284, 29235 MiB, 81920 MiB, 20 %, 89.74 W, 46
2026/09/08 09:09:03.286, 29235 MiB, 81920 MiB, 0 %, 123.45 W, 46
2026/09/08 09:09:33.288, 29235 MiB, 81920 MiB, 69 %, 273.81 W, 53
2026/09/08 09:10:03.289, 29235 MiB, 81920 MiB, 75 %, 292.07 W, 52
2026/09/08 09:10:33.291, 29235 MiB, 81920 MiB, 0 %, 89.47 W, 46
2026/09/08 09:11:03.293, 29235 MiB, 81920 MiB, 0 %, 72.33 W, 45
2026/09/08 09:11:33.294, 29235 MiB, 81920 MiB, 19 %, 277.61 W, 53
2026/09/08 09:12:03.298, 29235 MiB, 81920 MiB, 86 %, 207.70 W, 50
2026/09/08 09:12:33.300, 29235 MiB, 81920 MiB, 100 %, 388.95 W, 62
2026/09/08 09:13:03.304, 29235 MiB, 81920 MiB, 0 %, 70.19 W, 42
2026/09/08 09:13:33.307, 29235 MiB, 81920 MiB, 42 %, 88.60 W, 45
2026/09/08 09:14:03.308, 29235 MiB, 81920 MiB, 0 %, 70.99 W, 43
2026/09/08 09:14:33.309, 29235 MiB, 81920 MiB, 0 %, 90.57 W, 46
2026/09/08 09:15:03.311, 29235 MiB, 81920 MiB, 92 %, 94.78 W, 51
2026/09/08 09:15:33.314, 29235 MiB, 81920 MiB, 80 %, 315.60 W, 53
2026/09/08 09:16:03.315, 29235 MiB, 81920 MiB, 4 %, 88.97 W, 45
2026/09/08 09:16:33.316, 29235 MiB, 81920 MiB, 46 %, 120.65 W, 47
2026/09/08 09:17:03.320, 29235 MiB, 81920 MiB, 43 %, 90.43 W, 47
2026/09/08 09:17:33.321, 29235 MiB, 81920 MiB, 96 %, 293.59 W, 52
2026/09/08 09:18:03.324, 29235 MiB, 81920 MiB, 100 %, 234.27 W, 51
2026/09/08 09:18:33.326, 29235 MiB, 81920 MiB, 92 %, 121.36 W, 52
2026/09/08 09:19:03.329, 29235 MiB, 81920 MiB, 23 %, 144.88 W, 48
2026/09/08 09:19:33.331, 29235 MiB, 81920 MiB, 3 %, 90.35 W, 45
2026/09/08 09:20:03.332, 29235 MiB, 81920 MiB, 23 %, 136.88 W, 49
2026/09/08 09:20:33.333, 29235 MiB, 81920 MiB, 63 %, 107.33 W, 49
2026/09/08 09:21:03.356, 29235 MiB, 81920 MiB, 7 %, 107.11 W, 46
2026/09/08 09:21:33.358, 29235 MiB, 81920 MiB, 99 %, 189.31 W, 50
2026/09/08 09:22:03.359, 29235 MiB, 81920 MiB, 3 %, 193.62 W, 49
2026/09/08 09:22:33.360, 29235 MiB, 81920 MiB, 83 %, 191.89 W, 50
2026/09/08 09:23:03.362, 29235 MiB, 81920 MiB, 42 %, 110.10 W, 50
2026/09/08 09:23:33.363, 29235 MiB, 81920 MiB, 0 %, 89.47 W, 45
2026/09/08 09:24:03.364, 29235 MiB, 81920 MiB, 9 %, 132.74 W, 49
2026/09/08 09:24:33.365, 29235 MiB, 81920 MiB, 89 %, 299.19 W, 55
2026/09/08 09:25:03.370, 29235 MiB, 81920 MiB, 22 %, 89.47 W, 45
2026/09/08 09:25:33.371, 29235 MiB, 81920 MiB, 0 %, 89.38 W, 45
2026/09/08 09:26:03.372, 29235 MiB, 81920 MiB, 69 %, 137.33 W, 50
2026/09/08 09:26:33.373, 29235 MiB, 81920 MiB, 0 %, 101.47 W, 45
2026/09/08 09:27:03.375, 29235 MiB, 81920 MiB, 30 %, 292.66 W, 53
2026/09/08 09:27:33.380, 29235 MiB, 81920 MiB, 59 %, 92.22 W, 47
2026/09/08 09:28:03.381, 29235 MiB, 81920 MiB, 0 %, 89.74 W, 46
2026/09/08 09:28:33.383, 29235 MiB, 81920 MiB, 51 %, 277.67 W, 50
2026/09/08 09:29:03.384, 29235 MiB, 81920 MiB, 81 %, 294.13 W, 51
2026/09/08 09:29:33.385, 29235 MiB, 81920 MiB, 15 %, 98.70 W, 49
2026/09/08 09:30:03.387, 29235 MiB, 81920 MiB, 89 %, 293.57 W, 54
2026/09/08 09:30:33.387, 29235 MiB, 81920 MiB, 86 %, 189.18 W, 51
2026/09/08 09:31:03.389, 29235 MiB, 81920 MiB, 49 %, 251.39 W, 51
2026/09/08 09:31:33.390, 29235 MiB, 81920 MiB, 75 %, 106.07 W, 48
2026/09/08 09:32:03.392, 29235 MiB, 81920 MiB, 1 %, 224.95 W, 51
2026/09/08 09:32:33.393, 29235 MiB, 81920 MiB, 79 %, 164.76 W, 54
2026/09/08 09:33:03.395, 29235 MiB, 81920 MiB, 32 %, 294.73 W, 53
2026/09/08 09:33:33.396, 29235 MiB, 81920 MiB, 0 %, 90.34 W, 46
2026/09/08 09:34:03.398, 29235 MiB, 81920 MiB, 37 %, 173.68 W, 49
2026/09/08 09:34:33.400, 29235 MiB, 81920 MiB, 28 %, 94.96 W, 46
2026/09/08 09:35:03.401, 29235 MiB, 81920 MiB, 79 %, 116.93 W, 50
2026/09/08 09:35:33.403, 29235 MiB, 81920 MiB, 0 %, 89.93 W, 46
2026/09/08 09:36:03.406, 29235 MiB, 81920 MiB, 1 %, 89.84 W, 46
2026/09/08 09:36:33.408, 29235 MiB, 81920 MiB, 62 %, 94.19 W, 52
2026/09/08 09:37:03.409, 29235 MiB, 81920 MiB, 36 %, 218.59 W, 50
2026/09/08 09:37:33.410, 29235 MiB, 81920 MiB, 81 %, 143.24 W, 51
2026/09/08 09:38:03.412, 29235 MiB, 81920 MiB, 0 %, 90.25 W, 46
2026/09/08 09:38:33.414, 29235 MiB, 81920 MiB, 2 %, 90.86 W, 46
2026/09/08 09:39:03.419, 29235 MiB, 81920 MiB, 84 %, 92.42 W, 49
2026/09/08 09:39:33.420, 29235 MiB, 81920 MiB, 4 %, 90.99 W, 47
2026/09/08 09:40:03.422, 29235 MiB, 81920 MiB, 77 %, 93.48 W, 48
2026/09/08 09:40:33.423, 29235 MiB, 81920 MiB, 91 %, 273.48 W, 54
2026/09/08 09:41:03.425, 29235 MiB, 81920 MiB, 88 %, 300.97 W, 56
2026/09/08 09:41:33.429, 29235 MiB, 81920 MiB, 28 %, 244.11 W, 52
2026/09/08 09:42:03.439, 29235 MiB, 81920 MiB, 26 %, 155.45 W, 49
2026/09/08 09:42:33.440, 29235 MiB, 81920 MiB, 78 %, 310.62 W, 55
2026/09/08 09:43:03.441, 29235 MiB, 81920 MiB, 33 %, 103.63 W, 49
2026/09/08 09:43:33.442, 29235 MiB, 81920 MiB, 0 %, 89.74 W, 45
2026/09/08 09:44:03.445, 29235 MiB, 81920 MiB, 57 %, 91.86 W, 47
2026/09/08 09:44:33.446, 29235 MiB, 81920 MiB, 87 %, 157.67 W, 51
2026/09/08 09:45:03.447, 29235 MiB, 81920 MiB, 17 %, 132.93 W, 48
2026/09/08 09:45:33.448, 29235 MiB, 81920 MiB, 66 %, 128.42 W, 49
2026/09/08 09:46:03.449, 29235 MiB, 81920 MiB, 19 %, 89.93 W, 47
2026/09/08 09:46:33.451, 29235 MiB, 81920 MiB, 0 %, 89.57 W, 46
2026/09/08 09:47:03.453, 29235 MiB, 81920 MiB, 0 %, 113.04 W, 49
2026/09/08 09:47:33.454, 29235 MiB, 81920 MiB, 0 %, 90.25 W, 46
2026/09/08 09:48:03.455, 29235 MiB, 81920 MiB, 10 %, 132.28 W, 50
2026/09/08 09:48:33.456, 29235 MiB, 81920 MiB, 73 %, 261.68 W, 53
2026/09/08 09:49:03.458, 29235 MiB, 81920 MiB, 0 %, 71.61 W, 44
2026/09/08 09:49:33.459, 29235 MiB, 81920 MiB, 87 %, 228.20 W, 51
2026/09/08 09:50:03.461, 29235 MiB, 81920 MiB, 73 %, 246.94 W, 52
2026/09/08 09:50:33.462, 29235 MiB, 81920 MiB, 20 %, 90.07 W, 46
2026/09/08 09:51:03.464, 29235 MiB, 81920 MiB, 88 %, 109.43 W, 53
2026/09/08 09:51:33.465, 29235 MiB, 81920 MiB, 41 %, 153.39 W, 50
2026/09/08 09:52:03.466, 29235 MiB, 81920 MiB, 1 %, 89.65 W, 46
2026/09/08 09:52:33.467, 29235 MiB, 81920 MiB, 83 %, 282.36 W, 52
2026/09/08 09:53:03.469, 29235 MiB, 81920 MiB, 35 %, 278.50 W, 54
2026/09/08 09:53:33.470, 29235 MiB, 81920 MiB, 38 %, 233.42 W, 53
2026/09/08 09:54:03.472, 29235 MiB, 81920 MiB, 99 %, 250.20 W, 51
2026/09/08 09:54:33.473, 29235 MiB, 81920 MiB, 0 %, 79.26 W, 44
2026/09/08 09:55:03.474, 29235 MiB, 81920 MiB, 5 %, 89.65 W, 46
2026/09/08 09:55:33.476, 29235 MiB, 81920 MiB, 73 %, 98.91 W, 48
2026/09/08 09:56:03.478, 29235 MiB, 81920 MiB, 0 %, 89.20 W, 45
2026/09/08 09:56:33.479, 29235 MiB, 81920 MiB, 0 %, 89.20 W, 45
2026/09/08 09:57:03.485, 29235 MiB, 81920 MiB, 76 %, 174.96 W, 52
2026/09/08 09:57:33.489, 29235 MiB, 81920 MiB, 58 %, 303.86 W, 53
2026/09/08 09:58:03.491, 29235 MiB, 81920 MiB, 11 %, 90.24 W, 46
2026/09/08 09:58:33.493, 29235 MiB, 81920 MiB, 1 %, 258.49 W, 49
2026/09/08 09:59:03.494, 29235 MiB, 81920 MiB, 63 %, 90.84 W, 48
2026/09/08 09:59:33.495, 29235 MiB, 81920 MiB, 7 %, 178.22 W, 48
2026/09/08 10:00:03.496, 29235 MiB, 81920 MiB, 80 %, 92.13 W, 49
2026/09/08 10:00:33.498, 29235 MiB, 81920 MiB, 89 %, 242.82 W, 50
2026/09/08 10:01:03.499, 29235 MiB, 81920 MiB, 48 %, 121.72 W, 49
2026/09/08 10:01:33.501, 29235 MiB, 81920 MiB, 41 %, 91.16 W, 46
2026/09/08 10:02:03.502, 29235 MiB, 81920 MiB, 91 %, 142.17 W, 53
2026/09/08 10:02:33.503, 29235 MiB, 81920 MiB, 62 %, 94.00 W, 47
2026/09/08 10:03:03.504, 29235 MiB, 81920 MiB, 50 %, 276.73 W, 50
2026/09/08 10:03:33.506, 29235 MiB, 81920 MiB, 32 %, 100.87 W, 47
2026/09/08 10:04:03.513, 29235 MiB, 81920 MiB, 0 %, 89.06 W, 45
2026/09/08 10:04:33.518, 29235 MiB, 81920 MiB, 2 %, 89.66 W, 46
2026/09/08 10:05:03.522, 29235 MiB, 81920 MiB, 0 %, 81.66 W, 45
2026/09/08 10:05:33.525, 29235 MiB, 81920 MiB, 65 %, 147.79 W, 51
2026/09/08 10:06:03.527, 29235 MiB, 81920 MiB, 99 %, 103.03 W, 51
2026/09/08 10:06:33.528, 29235 MiB, 81920 MiB, 23 %, 272.03 W, 51
2026/09/08 10:07:03.530, 29235 MiB, 81920 MiB, 18 %, 134.20 W, 48
2026/09/08 10:07:33.531, 29235 MiB, 81920 MiB, 36 %, 146.34 W, 50
2026/09/08 10:08:03.533, 29235 MiB, 81920 MiB, 0 %, 90.34 W, 46
2026/09/08 10:08:33.534, 29235 MiB, 81920 MiB, 25 %, 201.79 W, 47
2026/09/08 10:09:03.541, 29235 MiB, 81920 MiB, 100 %, 118.86 W, 49
2026/09/08 10:09:33.542, 29235 MiB, 81920 MiB, 23 %, 149.43 W, 49
2026/09/08 10:10:03.543, 29235 MiB, 81920 MiB, 24 %, 167.42 W, 49
2026/09/08 10:10:33.544, 29235 MiB, 81920 MiB, 0 %, 89.66 W, 46
2026/09/08 10:11:03.545, 29235 MiB, 81920 MiB, 73 %, 299.53 W, 50
2026/09/08 10:11:33.547, 29235 MiB, 81920 MiB, 78 %, 261.36 W, 54
2026/09/08 10:12:03.549, 29235 MiB, 81920 MiB, 0 %, 71.53 W, 44
2026/09/08 10:12:33.550, 29235 MiB, 81920 MiB, 7 %, 178.03 W, 47
2026/09/08 10:13:03.552, 29235 MiB, 81920 MiB, 74 %, 92.73 W, 46
2026/09/08 10:13:33.554, 29235 MiB, 81920 MiB, 34 %, 90.75 W, 46
2026/09/08 10:14:03.555, 29235 MiB, 81920 MiB, 70 %, 131.00 W, 50
2026/09/08 10:14:33.556, 29235 MiB, 81920 MiB, 71 %, 256.43 W, 52
2026/09/08 10:15:03.557, 29235 MiB, 81920 MiB, 49 %, 225.78 W, 48
2026/09/08 10:15:33.560, 29235 MiB, 81920 MiB, 10 %, 185.99 W, 49
2026/09/08 10:16:03.561, 29235 MiB, 81920 MiB, 0 %, 90.57 W, 46
2026/09/08 10:16:33.563, 29235 MiB, 81920 MiB, 39 %, 91.26 W, 47
2026/09/08 10:17:03.565, 29235 MiB, 81920 MiB, 0 %, 71.38 W, 43
2026/09/08 10:17:33.569, 29235 MiB, 81920 MiB, 0 %, 69.92 W, 41
2026/09/08 10:18:03.571, 29235 MiB, 81920 MiB, 84 %, 282.34 W, 53
2026/09/08 10:18:33.573, 29235 MiB, 81920 MiB, 82 %, 188.04 W, 51
2026/09/08 10:19:03.574, 29235 MiB, 81920 MiB, 92 %, 227.75 W, 50
2026/09/08 10:19:33.575, 29235 MiB, 81920 MiB, 93 %, 296.18 W, 54
2026/09/08 10:20:03.576, 29235 MiB, 81920 MiB, 92 %, 249.26 W, 49
2026/09/08 10:20:33.577, 29235 MiB, 81920 MiB, 86 %, 125.69 W, 48
2026/09/08 10:21:03.579, 29235 MiB, 81920 MiB, 41 %, 89.20 W, 46
2026/09/08 10:21:33.580, 29235 MiB, 81920 MiB, 0 %, 88.78 W, 44
2026/09/08 10:22:03.582, 29235 MiB, 81920 MiB, 40 %, 91.72 W, 46
2026/09/08 10:22:33.583, 29235 MiB, 81920 MiB, 90 %, 92.13 W, 49
2026/09/08 10:23:03.584, 29235 MiB, 81920 MiB, 70 %, 137.45 W, 50
2026/09/08 10:23:33.586, 29235 MiB, 81920 MiB, 0 %, 91.62 W, 45
2026/09/08 10:24:03.588, 29235 MiB, 81920 MiB, 84 %, 153.87 W, 52
2026/09/08 10:24:33.590, 29235 MiB, 81920 MiB, 16 %, 92.88 W, 49
2026/09/08 10:25:03.592, 29235 MiB, 81920 MiB, 9 %, 90.63 W, 47
2026/09/08 10:25:33.593, 29235 MiB, 81920 MiB, 86 %, 92.80 W, 49
2026/09/08 10:26:03.594, 29235 MiB, 81920 MiB, 50 %, 90.21 W, 46
2026/09/08 10:26:33.596, 29235 MiB, 81920 MiB, 76 %, 291.21 W, 55
2026/09/08 10:27:03.597, 29235 MiB, 81920 MiB, 19 %, 124.35 W, 48
2026/09/08 10:27:33.598, 29235 MiB, 81920 MiB, 23 %, 173.29 W, 49
2026/09/08 10:28:03.600, 29235 MiB, 81920 MiB, 37 %, 76.93 W, 44
2026/09/08 10:28:33.601, 29235 MiB, 81920 MiB, 85 %, 226.16 W, 52
2026/09/08 10:29:03.605, 29235 MiB, 81920 MiB, 21 %, 142.65 W, 49
2026/09/08 10:29:33.606, 29235 MiB, 81920 MiB, 0 %, 89.10 W, 45
2026/09/08 10:30:03.608, 29235 MiB, 81920 MiB, 2 %, 109.75 W, 45
2026/09/08 10:30:33.609, 29235 MiB, 81920 MiB, 95 %, 268.77 W, 54
2026/09/08 10:31:03.610, 29235 MiB, 81920 MiB, 92 %, 277.92 W, 54
2026/09/08 10:31:33.612, 29235 MiB, 81920 MiB, 44 %, 276.73 W, 50
2026/09/08 10:32:03.613, 29235 MiB, 81920 MiB, 24 %, 91.53 W, 47
2026/09/08 10:32:33.614, 29235 MiB, 81920 MiB, 0 %, 91.53 W, 47
2026/09/08 10:33:03.618, 29235 MiB, 81920 MiB, 96 %, 295.88 W, 55
2026/09/08 10:33:33.620, 29235 MiB, 81920 MiB, 64 %, 131.54 W, 50
2026/09/08 10:34:03.622, 29235 MiB, 81920 MiB, 43 %, 99.62 W, 48
2026/09/08 10:34:33.623, 29235 MiB, 81920 MiB, 41 %, 99.73 W, 49
2026/09/08 10:35:03.624, 29235 MiB, 81920 MiB, 0 %, 89.65 W, 45
2026/09/08 10:35:33.625, 29235 MiB, 81920 MiB, 64 %, 103.36 W, 50
2026/09/08 10:36:03.627, 29235 MiB, 81920 MiB, 77 %, 307.66 W, 52
2026/09/08 10:36:33.628, 29235 MiB, 81920 MiB, 79 %, 232.91 W, 50
2026/09/08 10:37:03.630, 29235 MiB, 81920 MiB, 63 %, 93.13 W, 47
2026/09/08 10:37:33.631, 29235 MiB, 81920 MiB, 88 %, 186.06 W, 49
2026/09/08 10:38:03.632, 29235 MiB, 81920 MiB, 2 %, 90.67 W, 48
2026/09/08 10:38:33.633, 29235 MiB, 81920 MiB, 0 %, 89.38 W, 45
2026/09/08 10:39:03.634, 29235 MiB, 81920 MiB, 0 %, 79.27 W, 45
2026/09/08 10:39:33.636, 29235 MiB, 81920 MiB, 31 %, 290.90 W, 54
2026/09/08 10:40:03.637, 29235 MiB, 81920 MiB, 93 %, 294.17 W, 51
2026/09/08 10:40:33.638, 29235 MiB, 81920 MiB, 0 %, 90.34 W, 46
2026/09/08 10:41:03.640, 29235 MiB, 81920 MiB, 71 %, 123.90 W, 50
2026/09/08 10:41:33.641, 29235 MiB, 81920 MiB, 54 %, 102.76 W, 48
2026/09/08 10:42:03.642, 29235 MiB, 81920 MiB, 0 %, 89.38 W, 46
2026/09/08 10:42:33.644, 29235 MiB, 81920 MiB, 21 %, 91.26 W, 47
2026/09/08 10:43:03.645, 29235 MiB, 81920 MiB, 60 %, 235.10 W, 52
2026/09/08 10:43:33.647, 29235 MiB, 81920 MiB, 79 %, 229.66 W, 52
2026/09/08 10:44:03.649, 29235 MiB, 81920 MiB, 39 %, 109.54 W, 48
2026/09/08 10:44:33.652, 29235 MiB, 81920 MiB, 97 %, 242.31 W, 53
2026/09/08 10:45:03.654, 29235 MiB, 81920 MiB, 0 %, 90.48 W, 47
2026/09/08 10:45:33.655, 29235 MiB, 81920 MiB, 36 %, 90.94 W, 47
2026/09/08 10:46:03.657, 29235 MiB, 81920 MiB, 59 %, 297.05 W, 52
2026/09/08 10:46:33.659, 29235 MiB, 81920 MiB, 19 %, 104.44 W, 50
2026/09/08 10:47:03.661, 29235 MiB, 81920 MiB, 71 %, 154.91 W, 50
2026/09/08 10:47:33.663, 29235 MiB, 81920 MiB, 55 %, 105.15 W, 52
2026/09/08 10:48:03.664, 29235 MiB, 81920 MiB, 0 %, 89.97 W, 46
2026/09/08 10:48:33.666, 29235 MiB, 81920 MiB, 0 %, 90.24 W, 46
2026/09/08 10:49:03.667, 29235 MiB, 81920 MiB, 0 %, 89.88 W, 46
2026/09/08 10:49:33.668, 29235 MiB, 81920 MiB, 49 %, 219.88 W, 52
2026/09/08 10:50:03.670, 29235 MiB, 81920 MiB, 39 %, 228.20 W, 49
2026/09/08 10:50:33.671, 29235 MiB, 81920 MiB, 0 %, 91.76 W, 47
2026/09/08 10:51:03.673, 29235 MiB, 81920 MiB, 26 %, 89.20 W, 44
2026/09/08 10:51:33.675, 29235 MiB, 81920 MiB, 86 %, 274.67 W, 50
2026/09/08 10:52:03.679, 29235 MiB, 81920 MiB, 0 %, 110.03 W, 50
2026/09/08 10:52:33.683, 29235 MiB, 81920 MiB, 67 %, 295.01 W, 51
2026/09/08 10:53:03.685, 29235 MiB, 81920 MiB, 0 %, 89.29 W, 45
2026/09/08 10:53:33.686, 29235 MiB, 81920 MiB, 0 %, 90.57 W, 47
2026/09/08 10:54:03.687, 29235 MiB, 81920 MiB, 8 %, 90.48 W, 47
2026/09/08 10:54:33.689, 29235 MiB, 81920 MiB, 10 %, 295.88 W, 53
2026/09/08 10:55:03.693, 29235 MiB, 81920 MiB, 0 %, 89.88 W, 46
2026/09/08 10:55:33.694, 29235 MiB, 81920 MiB, 58 %, 341.60 W, 53
2026/09/08 10:56:03.696, 29235 MiB, 81920 MiB, 0 %, 89.65 W, 45
2026/09/08 10:56:33.698, 29235 MiB, 81920 MiB, 3 %, 89.97 W, 46
2026/09/08 10:57:03.699, 29235 MiB, 81920 MiB, 12 %, 90.57 W, 46
2026/09/08 10:57:33.700, 29235 MiB, 81920 MiB, 100 %, 125.69 W, 52
2026/09/08 10:58:03.702, 29235 MiB, 81920 MiB, 29 %, 93.32 W, 49
2026/09/08 10:58:33.704, 29235 MiB, 81920 MiB, 39 %, 338.83 W, 52
2026/09/08 10:59:03.705, 29235 MiB, 81920 MiB, 0 %, 89.38 W, 45
2026/09/08 10:59:33.706, 29235 MiB, 81920 MiB, 56 %, 91.31 W, 47
2026/09/08 11:00:03.713, 29235 MiB, 81920 MiB, 0 %, 93.02 W, 46
2026/09/08 11:00:33.714, 29235 MiB, 81920 MiB, 15 %, 129.15 W, 47
2026/09/08 11:01:03.716, 29235 MiB, 81920 MiB, 0 %, 89.47 W, 45
2026/09/08 11:01:33.718, 29235 MiB, 81920 MiB, 0 %, 80.80 W, 44
2026/09/08 11:02:03.719, 29235 MiB, 81920 MiB, 9 %, 93.48 W, 45
2026/09/08 11:02:33.727, 29235 MiB, 81920 MiB, 44 %, 210.03 W, 49
2026/09/08 11:03:03.729, 29235 MiB, 81920 MiB, 0 %, 98.24 W, 46
2026/09/08 11:03:33.731, 29235 MiB, 81920 MiB, 0 %, 89.84 W, 46
2026/09/08 11:04:03.736, 29235 MiB, 81920 MiB, 100 %, 254.91 W, 51
2026/09/08 11:04:33.737, 29235 MiB, 81920 MiB, 51 %, 92.03 W, 48
2026/09/08 11:05:03.738, 29235 MiB, 81920 MiB, 10 %, 132.42 W, 48
2026/09/08 11:05:33.739, 29235 MiB, 81920 MiB, 38 %, 95.16 W, 47
2026/09/08 11:06:03.740, 29235 MiB, 81920 MiB, 3 %, 89.57 W, 46
2026/09/08 11:06:33.742, 29235 MiB, 81920 MiB, 0 %, 72.57 W, 44
2026/09/08 11:07:03.743, 29235 MiB, 81920 MiB, 73 %, 107.10 W, 50
2026/09/08 11:07:33.744, 29235 MiB, 81920 MiB, 83 %, 114.14 W, 51
2026/09/08 11:08:03.746, 29235 MiB, 81920 MiB, 0 %, 71.53 W, 44
2026/09/08 11:08:33.747, 29235 MiB, 81920 MiB, 36 %, 229.93 W, 51
2026/09/08 11:09:03.749, 29235 MiB, 81920 MiB, 28 %, 178.49 W, 48
2026/09/08 11:09:33.750, 29235 MiB, 81920 MiB, 54 %, 200.60 W, 48
2026/09/08 11:10:03.753, 29235 MiB, 81920 MiB, 57 %, 250.46 W, 48
2026/09/08 11:10:33.754, 29235 MiB, 81920 MiB, 0 %, 89.29 W, 45
2026/09/08 11:11:03.756, 29235 MiB, 81920 MiB, 44 %, 226.02 W, 50
2026/09/08 11:11:33.757, 29235 MiB, 81920 MiB, 62 %, 315.60 W, 51
2026/09/08 11:12:03.759, 29235 MiB, 81920 MiB, 40 %, 140.56 W, 50
2026/09/08 11:12:33.760, 29235 MiB, 81920 MiB, 0 %, 71.73 W, 44
2026/09/08 11:13:03.761, 29235 MiB, 81920 MiB, 24 %, 115.34 W, 49
2026/09/08 11:13:33.762, 29235 MiB, 81920 MiB, 63 %, 271.47 W, 52
2026/09/08 11:14:03.763, 29235 MiB, 81920 MiB, 0 %, 89.29 W, 45
2026/09/08 11:14:33.765, 29235 MiB, 81920 MiB, 0 %, 88.92 W, 45
2026/09/08 11:15:03.766, 29235 MiB, 81920 MiB, 40 %, 164.26 W, 50
2026/09/08 11:15:33.768, 29235 MiB, 81920 MiB, 0 %, 88.87 W, 45
2026/09/08 11:16:03.769, 29235 MiB, 81920 MiB, 47 %, 151.61 W, 52
2026/09/08 11:16:33.770, 29235 MiB, 81920 MiB, 0 %, 71.38 W, 44
2026/09/08 11:17:03.772, 29235 MiB, 81920 MiB, 0 %, 74.98 W, 45
2026/09/08 11:17:33.773, 29235 MiB, 81920 MiB, 84 %, 122.71 W, 48
2026/09/08 11:18:03.777, 29235 MiB, 81920 MiB, 86 %, 177.43 W, 51
2026/09/08 11:18:33.779, 29235 MiB, 81920 MiB, 42 %, 196.88 W, 52
2026/09/08 11:19:03.780, 29235 MiB, 81920 MiB, 3 %, 89.93 W, 46
2026/09/08 11:19:33.783, 29235 MiB, 81920 MiB, 86 %, 124.29 W, 48
2026/09/08 11:20:03.784, 29235 MiB, 81920 MiB, 81 %, 100.21 W, 51
2026/09/08 11:20:33.785, 29235 MiB, 81920 MiB, 65 %, 301.87 W, 52
2026/09/08 11:21:03.787, 29235 MiB, 81920 MiB, 11 %, 117.74 W, 50
2026/09/08 11:21:33.789, 29235 MiB, 81920 MiB, 53 %, 295.68 W, 50
2026/09/08 11:22:03.793, 29235 MiB, 81920 MiB, 0 %, 71.43 W, 44
2026/09/08 11:22:33.795, 29235 MiB, 81920 MiB, 0 %, 69.95 W, 41
2026/09/08 11:23:03.797, 29235 MiB, 81920 MiB, 0 %, 88.64 W, 44
2026/09/08 11:23:33.798, 29235 MiB, 81920 MiB, 55 %, 230.50 W, 46
2026/09/08 11:24:03.800, 29235 MiB, 81920 MiB, 61 %, 149.02 W, 48
2026/09/08 11:24:33.801, 29235 MiB, 81920 MiB, 74 %, 277.00 W, 50
2026/09/08 11:25:03.802, 29235 MiB, 81920 MiB, 52 %, 117.64 W, 50
2026/09/08 11:25:33.803, 29235 MiB, 81920 MiB, 34 %, 287.37 W, 53
2026/09/08 11:26:03.805, 29235 MiB, 81920 MiB, 38 %, 162.28 W, 52
2026/09/08 11:26:33.810, 29235 MiB, 81920 MiB, 37 %, 153.71 W, 47
2026/09/08 11:27:03.815, 29235 MiB, 81920 MiB, 89 %, 89.74 W, 46
2026/09/08 11:27:33.817, 29235 MiB, 81920 MiB, 53 %, 258.16 W, 49
2026/09/08 11:28:03.819, 29235 MiB, 81920 MiB, 1 %, 89.20 W, 44
2026/09/08 11:28:33.820, 29235 MiB, 81920 MiB, 29 %, 102.16 W, 48
2026/09/08 11:29:03.821, 29235 MiB, 81920 MiB, 22 %, 88.78 W, 44
2026/09/08 11:29:33.822, 29235 MiB, 81920 MiB, 0 %, 89.56 W, 45
2026/09/08 11:30:03.823, 29235 MiB, 81920 MiB, 0 %, 89.20 W, 45
2026/09/08 11:30:33.824, 29235 MiB, 81920 MiB, 79 %, 348.36 W, 51
2026/09/08 11:31:03.825, 29235 MiB, 81920 MiB, 0 %, 89.65 W, 46
2026/09/08 11:31:33.827, 29235 MiB, 81920 MiB, 71 %, 116.68 W, 52
2026/09/08 11:32:03.828, 29235 MiB, 81920 MiB, 84 %, 217.46 W, 52
2026/09/08 11:32:33.830, 29235 MiB, 81920 MiB, 8 %, 118.32 W, 49
2026/09/08 11:33:03.831, 29235 MiB, 81920 MiB, 56 %, 296.23 W, 51
2026/09/08 11:33:33.832, 29235 MiB, 81920 MiB, 83 %, 147.48 W, 48
2026/09/08 11:34:03.834, 29235 MiB, 81920 MiB, 2 %, 89.97 W, 46
2026/09/08 11:34:33.835, 29235 MiB, 81920 MiB, 36 %, 71.90 W, 44
2026/09/08 11:35:03.836, 29235 MiB, 81920 MiB, 80 %, 144.13 W, 52
2026/09/08 11:35:33.837, 29235 MiB, 81920 MiB, 0 %, 71.38 W, 44
2026/09/08 11:36:03.838, 29235 MiB, 81920 MiB, 79 %, 262.33 W, 51
2026/09/08 11:36:33.839, 29235 MiB, 81920 MiB, 0 %, 71.46 W, 44
2026/09/08 11:37:03.841, 29235 MiB, 81920 MiB, 90 %, 233.06 W, 50
2026/09/08 11:37:33.842, 29235 MiB, 81920 MiB, 76 %, 90.07 W, 46
2026/09/08 11:38:03.845, 29235 MiB, 81920 MiB, 53 %, 142.47 W, 47
2026/09/08 11:38:33.846, 29235 MiB, 81920 MiB, 0 %, 72.33 W, 45
2026/09/08 11:39:03.851, 29235 MiB, 81920 MiB, 0 %, 89.10 W, 45
2026/09/08 11:39:33.852, 29235 MiB, 81920 MiB, 0 %, 85.02 W, 44
2026/09/08 11:40:03.853, 29235 MiB, 81920 MiB, 15 %, 236.17 W, 51
2026/09/08 11:40:33.854, 29235 MiB, 81920 MiB, 80 %, 293.55 W, 52
2026/09/08 11:41:03.855, 29235 MiB, 81920 MiB, 0 %, 89.84 W, 45
2026/09/08 11:41:33.857, 29235 MiB, 81920 MiB, 0 %, 89.47 W, 45
2026/09/08 11:42:03.859, 29235 MiB, 81920 MiB, 2 %, 94.86 W, 46
2026/09/08 11:42:33.861, 29235 MiB, 81920 MiB, 28 %, 216.08 W, 49
2026/09/08 11:43:03.862, 29235 MiB, 81920 MiB, 0 %, 93.32 W, 45
2026/09/08 11:43:33.863, 29235 MiB, 81920 MiB, 74 %, 294.44 W, 51
2026/09/08 11:44:03.866, 29235 MiB, 81920 MiB, 1 %, 272.63 W, 49
2026/09/08 11:44:33.868, 29235 MiB, 81920 MiB, 62 %, 298.53 W, 55
2026/09/08 11:45:03.870, 29235 MiB, 81920 MiB, 40 %, 91.53 W, 47
2026/09/08 11:45:33.872, 29235 MiB, 81920 MiB, 89 %, 92.78 W, 49
2026/09/08 11:46:03.873, 29235 MiB, 81920 MiB, 89 %, 313.39 W, 52
2026/09/08 11:46:33.875, 29235 MiB, 81920 MiB, 20 %, 90.35 W, 46
2026/09/08 11:47:03.876, 29235 MiB, 81920 MiB, 86 %, 135.82 W, 52
2026/09/08 11:47:33.878, 29235 MiB, 81920 MiB, 17 %, 241.88 W, 51
2026/09/08 11:48:03.879, 29235 MiB, 81920 MiB, 100 %, 299.20 W, 51
2026/09/08 11:48:33.881, 29235 MiB, 81920 MiB, 77 %, 364.17 W, 53
2026/09/08 11:49:03.883, 29235 MiB, 81920 MiB, 93 %, 272.05 W, 51
2026/09/08 11:49:33.884, 29235 MiB, 81920 MiB, 0 %, 90.24 W, 47
2026/09/08 11:50:03.886, 29235 MiB, 81920 MiB, 10 %, 90.43 W, 47
2026/09/08 11:50:33.887, 29235 MiB, 81920 MiB, 83 %, 273.79 W, 48
2026/09/08 11:51:03.889, 29235 MiB, 81920 MiB, 56 %, 110.62 W, 48
2026/09/08 11:51:33.890, 29235 MiB, 81920 MiB, 0 %, 90.07 W, 46
2026/09/08 11:52:03.892, 29235 MiB, 81920 MiB, 70 %, 109.43 W, 49
2026/09/08 11:52:33.892, 29235 MiB, 81920 MiB, 0 %, 89.20 W, 45
2026/09/08 11:53:03.894, 29235 MiB, 81920 MiB, 78 %, 279.09 W, 51
2026/09/08 11:53:33.902, 29235 MiB, 81920 MiB, 86 %, 92.30 W, 50
2026/09/08 11:54:03.904, 29235 MiB, 81920 MiB, 32 %, 277.33 W, 48
2026/09/08 11:54:33.905, 29235 MiB, 81920 MiB, 80 %, 92.40 W, 52
2026/09/08 11:55:03.906, 29235 MiB, 81920 MiB, 23 %, 275.87 W, 53
2026/09/08 11:55:33.908, 29235 MiB, 81920 MiB, 98 %, 225.78 W, 54
2026/09/08 11:56:03.909, 29235 MiB, 81920 MiB, 0 %, 90.57 W, 47
2026/09/08 11:56:33.911, 29235 MiB, 81920 MiB, 26 %, 90.52 W, 47
2026/09/08 11:57:03.912, 29235 MiB, 81920 MiB, 2 %, 89.84 W, 46
2026/09/08 11:57:33.913, 29235 MiB, 81920 MiB, 85 %, 146.61 W, 50
2026/09/08 11:58:03.915, 29235 MiB, 81920 MiB, 38 %, 100.28 W, 50
2026/09/08 11:58:33.916, 29235 MiB, 81920 MiB, 35 %, 164.01 W, 47
2026/09/08 11:59:03.921, 29235 MiB, 81920 MiB, 46 %, 129.02 W, 49
2026/09/08 11:59:33.924, 29235 MiB, 81920 MiB, 20 %, 139.66 W, 48
2026/09/08 12:00:03.926, 29235 MiB, 81920 MiB, 23 %, 94.19 W, 49
2026/09/08 12:00:33.928, 29235 MiB, 81920 MiB, 11 %, 198.33 W, 45
2026/09/08 12:01:03.929, 29235 MiB, 81920 MiB, 0 %, 74.39 W, 43
2026/09/08 12:01:33.930, 29235 MiB, 81920 MiB, 78 %, 97.55 W, 47
2026/09/08 12:02:03.932, 29235 MiB, 81920 MiB, 71 %, 293.23 W, 52
2026/09/08 12:02:33.933, 29235 MiB, 81920 MiB, 81 %, 279.11 W, 51
2026/09/08 12:03:03.934, 29235 MiB, 81920 MiB, 84 %, 278.21 W, 54
2026/09/08 12:03:33.935, 29235 MiB, 81920 MiB, 0 %, 89.84 W, 48
2026/09/08 12:04:03.937, 29235 MiB, 81920 MiB, 20 %, 91.62 W, 47
2026/09/08 12:04:33.938, 29235 MiB, 81920 MiB, 64 %, 127.28 W, 48
2026/09/08 12:05:03.939, 29235 MiB, 81920 MiB, 5 %, 89.47 W, 50
2026/09/08 12:05:33.944, 29235 MiB, 81920 MiB, 66 %, 307.43 W, 53
2026/09/08 12:06:03.945, 29235 MiB, 81920 MiB, 52 %, 90.24 W, 46
2026/09/08 12:06:33.947, 29235 MiB, 81920 MiB, 3 %, 132.93 W, 47
2026/09/08 12:07:03.948, 29235 MiB, 81920 MiB, 20 %, 89.88 W, 47
2026/09/08 12:07:33.949, 29235 MiB, 81920 MiB, 38 %, 104.12 W, 50
2026/09/08 12:08:03.951, 29235 MiB, 81920 MiB, 86 %, 114.83 W, 52
2026/09/08 12:08:33.952, 29235 MiB, 81920 MiB, 94 %, 322.77 W, 54
2026/09/08 12:09:03.953, 29235 MiB, 81920 MiB, 68 %, 132.15 W, 50
2026/09/08 12:09:33.955, 29235 MiB, 81920 MiB, 67 %, 145.45 W, 47
2026/09/08 12:10:03.956, 29235 MiB, 81920 MiB, 0 %, 89.29 W, 45
2026/09/08 12:10:33.957, 29235 MiB, 81920 MiB, 96 %, 278.23 W, 50
2026/09/08 12:11:03.959, 29235 MiB, 81920 MiB, 16 %, 142.46 W, 48
2026/09/08 12:11:33.960, 29235 MiB, 81920 MiB, 76 %, 293.84 W, 55
2026/09/08 12:12:03.961, 29235 MiB, 81920 MiB, 64 %, 273.79 W, 46
2026/09/08 12:12:33.962, 29235 MiB, 81920 MiB, 97 %, 299.47 W, 53
2026/09/08 12:13:03.964, 29235 MiB, 81920 MiB, 22 %, 218.32 W, 50
2026/09/08 12:13:33.965, 29235 MiB, 81920 MiB, 86 %, 274.96 W, 52
2026/09/08 12:14:03.967, 29235 MiB, 81920 MiB, 81 %, 120.77 W, 52
2026/09/08 12:14:33.968, 29235 MiB, 81920 MiB, 5 %, 230.05 W, 48
2026/09/08 12:15:03.970, 29235 MiB, 81920 MiB, 70 %, 212.19 W, 53
2026/09/08 12:15:33.971, 29235 MiB, 81920 MiB, 53 %, 94.32 W, 49
2026/09/08 12:16:03.974, 29235 MiB, 81920 MiB, 70 %, 289.10 W, 51
2026/09/08 12:16:33.976, 29235 MiB, 81920 MiB, 53 %, 296.21 W, 52
2026/09/08 12:17:03.977, 29235 MiB, 81920 MiB, 1 %, 172.75 W, 45
2026/09/08 12:17:33.979, 29235 MiB, 81920 MiB, 54 %, 286.21 W, 51
2026/09/08 12:18:03.980, 29235 MiB, 81920 MiB, 2 %, 89.74 W, 46
2026/09/08 12:18:33.982, 29235 MiB, 81920 MiB, 0 %, 89.20 W, 45
2026/09/08 12:19:03.984, 29235 MiB, 81920 MiB, 55 %, 118.86 W, 50
2026/09/08 12:19:33.985, 29235 MiB, 81920 MiB, 81 %, 187.45 W, 50
2026/09/08 12:20:03.987, 29235 MiB, 81920 MiB, 57 %, 90.48 W, 47
2026/09/08 12:20:33.989, 29235 MiB, 81920 MiB, 0 %, 89.65 W, 46
2026/09/08 12:21:03.990, 29235 MiB, 81920 MiB, 84 %, 279.11 W, 53
2026/09/08 12:21:33.991, 29235 MiB, 81920 MiB, 67 %, 237.86 W, 50
2026/09/08 12:22:03.993, 29235 MiB, 81920 MiB, 78 %, 93.22 W, 49
2026/09/08 12:22:33.998, 29235 MiB, 81920 MiB, 2 %, 260.54 W, 50
2026/09/08 12:23:04.000, 29235 MiB, 81920 MiB, 0 %, 89.29 W, 45
2026/09/08 12:23:34.001, 29235 MiB, 81920 MiB, 0 %, 89.66 W, 45
2026/09/08 12:24:04.002, 29235 MiB, 81920 MiB, 41 %, 92.59 W, 48
2026/09/08 12:24:34.004, 29235 MiB, 81920 MiB, 21 %, 89.93 W, 47
2026/09/08 12:25:04.005, 29235 MiB, 81920 MiB, 29 %, 283.85 W, 51
2026/09/08 12:25:34.007, 29235 MiB, 81920 MiB, 54 %, 90.43 W, 46
2026/09/08 12:26:04.009, 29235 MiB, 81920 MiB, 7 %, 179.86 W, 48
2026/09/08 12:26:34.010, 29235 MiB, 81920 MiB, 58 %, 117.40 W, 47
2026/09/08 12:27:04.014, 29235 MiB, 81920 MiB, 0 %, 70.51 W, 42
2026/09/08 12:27:34.016, 29235 MiB, 81920 MiB, 0 %, 69.85 W, 40
2026/09/08 12:28:04.017, 29235 MiB, 81920 MiB, 90 %, 336.78 W, 52
2026/09/08 12:28:34.018, 29235 MiB, 81920 MiB, 78 %, 278.83 W, 54
2026/09/08 12:29:04.019, 29235 MiB, 81920 MiB, 58 %, 91.35 W, 46
2026/09/08 12:29:34.020, 29235 MiB, 81920 MiB, 0 %, 89.24 W, 45
2026/09/08 12:30:04.021, 29235 MiB, 81920 MiB, 6 %, 90.21 W, 46
2026/09/08 12:30:34.038, 29235 MiB, 81920 MiB, 0 %, 89.57 W, 46
2026/09/08 12:31:04.039, 29235 MiB, 81920 MiB, 38 %, 91.14 W, 47
2026/09/08 12:31:34.041, 29235 MiB, 81920 MiB, 0 %, 72.17 W, 43
2026/09/08 12:32:04.044, 29235 MiB, 81920 MiB, 73 %, 89.75 W, 45
2026/09/08 12:32:34.045, 29235 MiB, 81920 MiB, 79 %, 101.50 W, 50
2026/09/08 12:33:04.047, 29235 MiB, 81920 MiB, 0 %, 88.73 W, 44
2026/09/08 12:33:34.048, 29235 MiB, 81920 MiB, 100 %, 275.50 W, 48
2026/09/08 12:34:04.049, 29235 MiB, 81920 MiB, 52 %, 266.04 W, 52
2026/09/08 12:34:34.051, 29235 MiB, 81920 MiB, 0 %, 78.45 W, 43
2026/09/08 12:35:04.052, 29235 MiB, 81920 MiB, 80 %, 159.09 W, 52
2026/09/08 12:35:34.053, 29235 MiB, 81920 MiB, 29 %, 90.71 W, 46
2026/09/08 12:36:04.055, 29235 MiB, 81920 MiB, 53 %, 90.86 W, 47
2026/09/08 12:36:34.056, 29235 MiB, 81920 MiB, 21 %, 90.43 W, 48
2026/09/08 12:37:04.058, 29235 MiB, 81920 MiB, 80 %, 164.78 W, 51
2026/09/08 12:37:34.059, 29235 MiB, 81920 MiB, 0 %, 71.53 W, 44
2026/09/08 12:38:04.060, 29235 MiB, 81920 MiB, 76 %, 91.16 W, 46
2026/09/08 12:38:34.062, 29235 MiB, 81920 MiB, 23 %, 90.07 W, 46
2026/09/08 12:39:04.063, 29235 MiB, 81920 MiB, 32 %, 129.48 W, 47
2026/09/08 12:39:34.064, 29235 MiB, 81920 MiB, 90 %, 91.67 W, 48
2026/09/08 12:40:04.070, 29235 MiB, 81920 MiB, 40 %, 193.42 W, 50
2026/09/08 12:40:34.072, 29235 MiB, 81920 MiB, 0 %, 89.66 W, 46
2026/09/08 12:41:04.073, 29235 MiB, 81920 MiB, 83 %, 305.08 W, 52
2026/09/08 12:41:34.074, 29235 MiB, 81920 MiB, 54 %, 178.07 W, 49
2026/09/08 12:42:04.075, 29235 MiB, 81920 MiB, 24 %, 90.16 W, 46
2026/09/08 12:42:34.080, 29235 MiB, 81920 MiB, 40 %, 90.16 W, 46
2026/09/08 12:43:04.081, 29235 MiB, 81920 MiB, 30 %, 217.12 W, 50
2026/09/08 12:43:34.083, 29235 MiB, 81920 MiB, 3 %, 71.46 W, 44
2026/09/08 12:44:04.086, 29235 MiB, 81920 MiB, 0 %, 106.18 W, 48
2026/09/08 12:44:34.087, 29235 MiB, 81920 MiB, 0 %, 89.65 W, 46
2026/09/08 12:45:04.089, 29235 MiB, 81920 MiB, 22 %, 186.52 W, 50
2026/09/08 12:45:34.091, 29235 MiB, 81920 MiB, 17 %, 262.92 W, 47
2026/09/08 12:46:04.092, 29235 MiB, 81920 MiB, 0 %, 89.38 W, 46
2026/09/08 12:46:34.093, 29235 MiB, 81920 MiB, 43 %, 101.08 W, 47
2026/09/08 12:47:04.094, 29235 MiB, 81920 MiB, 18 %, 95.55 W, 46
2026/09/08 12:47:34.095, 29235 MiB, 81920 MiB, 78 %, 113.17 W, 49
2026/09/08 12:48:04.096, 29235 MiB, 81920 MiB, 0 %, 89.65 W, 45
2026/09/08 12:48:34.097, 29235 MiB, 81920 MiB, 74 %, 343.38 W, 53
2026/09/08 12:49:04.099, 29235 MiB, 81920 MiB, 17 %, 90.67 W, 46
2026/09/08 12:49:34.100, 29235 MiB, 81920 MiB, 22 %, 90.57 W, 48
2026/09/08 12:50:04.101, 29235 MiB, 81920 MiB, 68 %, 91.16 W, 48
2026/09/08 12:50:34.103, 29235 MiB, 81920 MiB, 53 %, 215.71 W, 51
2026/09/08 12:51:04.104, 29235 MiB, 81920 MiB, 57 %, 122.44 W, 51
2026/09/08 12:51:34.105, 29235 MiB, 81920 MiB, 43 %, 297.06 W, 52
2026/09/08 12:52:04.106, 29235 MiB, 81920 MiB, 37 %, 294.98 W, 54
2026/09/08 12:52:34.108, 29235 MiB, 81920 MiB, 3 %, 89.47 W, 48
2026/09/08 12:53:04.110, 29235 MiB, 81920 MiB, 59 %, 256.70 W, 51
2026/09/08 12:53:34.111, 29235 MiB, 81920 MiB, 85 %, 311.22 W, 54
2026/09/08 12:54:04.114, 29235 MiB, 81920 MiB, 0 %, 89.93 W, 46
2026/09/08 12:54:34.115, 29235 MiB, 81920 MiB, 0 %, 89.93 W, 46
2026/09/08 12:55:04.116, 29235 MiB, 81920 MiB, 0 %, 91.22 W, 46
2026/09/08 12:55:34.118, 29235 MiB, 81920 MiB, 26 %, 242.75 W, 51
2026/09/08 12:56:04.120, 29235 MiB, 81920 MiB, 34 %, 130.54 W, 47
2026/09/08 12:56:34.123, 29235 MiB, 81920 MiB, 42 %, 134.93 W, 48
2026/09/08 12:57:04.124, 29235 MiB, 81920 MiB, 0 %, 90.24 W, 46
2026/09/08 12:57:34.128, 29235 MiB, 81920 MiB, 60 %, 92.63 W, 48
2026/09/08 12:58:04.129, 29235 MiB, 81920 MiB, 11 %, 89.97 W, 46
2026/09/08 12:58:34.130, 29235 MiB, 81920 MiB, 23 %, 169.05 W, 48
2026/09/08 12:59:04.132, 29235 MiB, 81920 MiB, 4 %, 91.53 W, 47
2026/09/08 12:59:34.133, 29235 MiB, 81920 MiB, 55 %, 94.32 W, 50
2026/09/08 13:00:04.134, 29235 MiB, 81920 MiB, 87 %, 92.73 W, 50
2026/09/08 13:00:34.136, 29235 MiB, 81920 MiB, 38 %, 103.03 W, 49
2026/09/08 13:01:04.145, 29235 MiB, 81920 MiB, 53 %, 96.08 W, 48
2026/09/08 13:01:34.147, 29235 MiB, 81920 MiB, 1 %, 120.06 W, 49
2026/09/08 13:02:04.148, 29235 MiB, 81920 MiB, 63 %, 90.57 W, 47
2026/09/08 13:02:34.149, 29235 MiB, 81920 MiB, 92 %, 99.62 W, 49
2026/09/08 13:03:04.150, 29235 MiB, 81920 MiB, 49 %, 126.69 W, 47
2026/09/08 13:03:34.152, 29235 MiB, 81920 MiB, 76 %, 200.33 W, 53
2026/09/08 13:04:04.154, 29235 MiB, 81920 MiB, 40 %, 122.45 W, 47
2026/09/08 13:04:34.158, 29235 MiB, 81920 MiB, 97 %, 91.26 W, 46
2026/09/08 13:05:04.160, 29235 MiB, 81920 MiB, 45 %, 366.93 W, 53
2026/09/08 13:05:34.162, 29235 MiB, 81920 MiB, 0 %, 90.57 W, 45
2026/09/08 13:06:04.164, 29235 MiB, 81920 MiB, 98 %, 257.30 W, 53
2026/09/08 13:06:34.166, 29235 MiB, 81920 MiB, 1 %, 159.90 W, 47
2026/09/08 13:07:04.168, 29235 MiB, 81920 MiB, 0 %, 71.13 W, 44
2026/09/08 13:07:34.169, 29235 MiB, 81920 MiB, 91 %, 91.16 W, 48
2026/09/08 13:08:04.170, 29235 MiB, 81920 MiB, 89 %, 285.61 W, 55
2026/09/08 13:08:34.171, 29235 MiB, 81920 MiB, 65 %, 146.05 W, 50
2026/09/08 13:09:04.173, 29235 MiB, 81920 MiB, 28 %, 162.72 W, 48
2026/09/08 13:09:34.174, 29235 MiB, 81920 MiB, 0 %, 90.16 W, 46
2026/09/08 13:10:04.175, 29235 MiB, 81920 MiB, 95 %, 90.75 W, 48
2026/09/08 13:10:34.177, 29235 MiB, 81920 MiB, 84 %, 285.29 W, 53
2026/09/08 13:11:04.181, 29235 MiB, 81920 MiB, 0 %, 89.38 W, 45
2026/09/08 13:11:34.183, 29235 MiB, 81920 MiB, 0 %, 71.65 W, 44
2026/09/08 13:12:04.184, 29235 MiB, 81920 MiB, 0 %, 89.20 W, 45
2026/09/08 13:12:34.185, 29235 MiB, 81920 MiB, 0 %, 72.40 W, 45
2026/09/08 13:13:04.187, 29235 MiB, 81920 MiB, 39 %, 187.84 W, 49
2026/09/08 13:13:34.189, 29235 MiB, 81920 MiB, 64 %, 97.61 W, 51
2026/09/08 13:14:04.190, 29235 MiB, 81920 MiB, 89 %, 299.15 W, 54
2026/09/08 13:14:34.192, 29235 MiB, 81920 MiB, 0 %, 89.65 W, 46
2026/09/08 13:15:04.194, 29235 MiB, 81920 MiB, 58 %, 135.86 W, 48
2026/09/08 13:15:34.198, 29235 MiB, 81920 MiB, 0 %, 90.07 W, 46
2026/09/08 13:16:04.199, 29235 MiB, 81920 MiB, 78 %, 93.59 W, 50
2026/09/08 13:16:34.202, 29235 MiB, 81920 MiB, 1 %, 101.47 W, 49
2026/09/08 13:17:04.203, 29235 MiB, 81920 MiB, 0 %, 89.65 W, 45
2026/09/08 13:17:34.205, 29235 MiB, 81920 MiB, 22 %, 89.29 W, 46
2026/09/08 13:18:04.206, 29235 MiB, 81920 MiB, 0 %, 90.94 W, 46
2026/09/08 13:18:34.208, 29235 MiB, 81920 MiB, 0 %, 89.74 W, 46
2026/09/08 13:19:04.211, 29235 MiB, 81920 MiB, 0 %, 71.50 W, 44
2026/09/08 13:19:34.213, 29235 MiB, 81920 MiB, 0 %, 71.06 W, 44
2026/09/08 13:20:04.214, 29235 MiB, 81920 MiB, 0 %, 89.38 W, 45
2026/09/08 13:20:34.215, 29235 MiB, 81920 MiB, 52 %, 294.76 W, 54
2026/09/08 13:21:04.216, 29235 MiB, 81920 MiB, 3 %, 89.93 W, 46
2026/09/08 13:21:34.218, 29235 MiB, 81920 MiB, 87 %, 146.46 W, 54
2026/09/08 13:22:04.219, 29235 MiB, 81920 MiB, 69 %, 145.15 W, 54
2026/09/08 13:22:34.220, 29235 MiB, 81920 MiB, 40 %, 189.90 W, 50
2026/09/08 13:23:04.237, 29235 MiB, 81920 MiB, 51 %, 118.93 W, 49
2026/09/08 13:23:34.239, 29235 MiB, 81920 MiB, 32 %, 152.55 W, 49
2026/09/08 13:24:04.241, 29235 MiB, 81920 MiB, 92 %, 149.78 W, 52
2026/09/08 13:24:34.242, 29235 MiB, 81920 MiB, 0 %, 118.01 W, 47
2026/09/08 13:25:04.242, 29235 MiB, 81920 MiB, 69 %, 134.80 W, 53
2026/09/08 13:25:34.244, 29235 MiB, 81920 MiB, 83 %, 305.65 W, 54
2026/09/08 13:26:04.245, 29235 MiB, 81920 MiB, 18 %, 294.78 W, 54
2026/09/08 13:26:34.247, 29235 MiB, 81920 MiB, 0 %, 90.24 W, 47
2026/09/08 13:27:04.252, 29235 MiB, 81920 MiB, 75 %, 139.39 W, 52
2026/09/08 13:27:34.253, 29235 MiB, 81920 MiB, 0 %, 91.26 W, 47
2026/09/08 13:28:04.254, 29235 MiB, 81920 MiB, 99 %, 247.81 W, 56
2026/09/08 13:28:34.255, 29235 MiB, 81920 MiB, 89 %, 170.00 W, 53
2026/09/08 13:29:04.257, 29235 MiB, 81920 MiB, 0 %, 90.52 W, 47
2026/09/08 13:29:34.259, 29235 MiB, 81920 MiB, 10 %, 301.24 W, 53
2026/09/08 13:30:04.260, 29235 MiB, 81920 MiB, 0 %, 71.73 W, 44
