timestamp, memory.used [MiB], memory.total [MiB], utilization.gpu [%], power.draw [W], temperature.gpu
2026/09/07 22:22:30.916, 0 MiB, 81920 MiB, 0 %, 62.94 W, 34
2026/09/07 22:23:00.930, 0 MiB, 81920 MiB, 0 %, 62.88 W, 34
2026/09/07 22:23:30.931, 2289 MiB, 81920 MiB, 0 %, 71.08 W, 35
2026/09/07 22:24:00.931, 25903 MiB, 81920 MiB, 89 %, 101.50 W, 40
2026/09/07 22:24:30.933, 25903 MiB, 81920 MiB, 41 %, 109.28 W, 44
2026/09/07 22:25:00.937, 25903 MiB, 81920 MiB, 0 %, 88.87 W, 41
2026/09/07 22:25:30.943, 25903 MiB, 81920 MiB, 0 %, 89.57 W, 41
2026/09/07 22:26:00.944, 25903 MiB, 81920 MiB, 77 %, 207.32 W, 46
2026/09/07 22:26:30.946, 25903 MiB, 81920 MiB, 99 %, 294.17 W, 48
2026/09/07 22:27:00.948, 25903 MiB, 81920 MiB, 62 %, 123.31 W, 43
2026/09/07 22:27:30.949, 25903 MiB, 81920 MiB, 75 %, 115.34 W, 44
2026/09/07 22:28:00.953, 25903 MiB, 81920 MiB, 82 %, 91.86 W, 43
2026/09/07 22:28:30.955, 26671 MiB, 81920 MiB, 0 %, 89.20 W, 41
2026/09/07 22:29:00.956, 26671 MiB, 81920 MiB, 2 %, 90.07 W, 43
2026/09/07 22:29:30.957, 26671 MiB, 81920 MiB, 37 %, 91.94 W, 44
2026/09/07 22:30:00.959, 26671 MiB, 81920 MiB, 2 %, 122.57 W, 45
2026/09/07 22:30:30.963, 26671 MiB, 81920 MiB, 60 %, 90.43 W, 42
2026/09/07 22:31:00.965, 26895 MiB, 81920 MiB, 33 %, 90.43 W, 42
2026/09/07 22:31:30.966, 26895 MiB, 81920 MiB, 48 %, 109.16 W, 45
2026/09/07 22:32:00.967, 26895 MiB, 81920 MiB, 75 %, 175.15 W, 46
2026/09/07 22:32:30.969, 26895 MiB, 81920 MiB, 2 %, 91.35 W, 42
2026/09/07 22:33:00.970, 26895 MiB, 81920 MiB, 62 %, 209.92 W, 44
2026/09/07 22:33:30.971, 26895 MiB, 81920 MiB, 70 %, 100.10 W, 44
2026/09/07 22:34:00.973, 26895 MiB, 81920 MiB, 85 %, 188.63 W, 48
2026/09/07 22:34:30.974, 26895 MiB, 81920 MiB, 29 %, 149.31 W, 45
2026/09/07 22:35:00.976, 26895 MiB, 81920 MiB, 0 %, 89.74 W, 42
2026/09/07 22:35:30.978, 26895 MiB, 81920 MiB, 0 %, 90.52 W, 42
2026/09/07 22:36:00.979, 26895 MiB, 81920 MiB, 91 %, 299.17 W, 50
2026/09/07 22:36:30.980, 26895 MiB, 81920 MiB, 38 %, 153.11 W, 44
2026/09/07 22:37:00.982, 26895 MiB, 81920 MiB, 0 %, 91.12 W, 42
2026/09/07 22:37:30.993, 26895 MiB, 81920 MiB, 0 %, 90.43 W, 42
2026/09/07 22:38:00.994, 26895 MiB, 81920 MiB, 10 %, 281.15 W, 43
2026/09/07 22:38:30.995, 26895 MiB, 81920 MiB, 0 %, 191.97 W, 44
2026/09/07 22:39:00.997, 26895 MiB, 81920 MiB, 0 %, 72.28 W, 40
2026/09/07 22:39:30.997, 26895 MiB, 81920 MiB, 8 %, 223.96 W, 44
2026/09/07 22:40:01.002, 26895 MiB, 81920 MiB, 72 %, 91.31 W, 43
2026/09/07 22:40:31.004, 26895 MiB, 81920 MiB, 100 %, 171.13 W, 43
2026/09/07 22:41:01.005, 26895 MiB, 81920 MiB, 14 %, 282.02 W, 46
2026/09/07 22:41:31.007, 26895 MiB, 81920 MiB, 59 %, 98.33 W, 44
2026/09/07 22:42:01.008, 26895 MiB, 81920 MiB, 59 %, 118.98 W, 44
2026/09/07 22:42:31.010, 26895 MiB, 81920 MiB, 52 %, 296.55 W, 45
2026/09/07 22:43:01.013, 26895 MiB, 81920 MiB, 22 %, 91.14 W, 43
2026/09/07 22:43:31.015, 26895 MiB, 81920 MiB, 0 %, 90.44 W, 42
2026/09/07 22:44:01.020, 26895 MiB, 81920 MiB, 30 %, 293.28 W, 48
2026/09/07 22:44:31.021, 26895 MiB, 81920 MiB, 74 %, 213.72 W, 48
2026/09/07 22:45:01.027, 26895 MiB, 81920 MiB, 54 %, 191.69 W, 49
2026/09/07 22:45:31.029, 26895 MiB, 81920 MiB, 23 %, 91.45 W, 43
2026/09/07 22:46:01.030, 26895 MiB, 81920 MiB, 0 %, 89.97 W, 42
2026/09/07 22:46:31.031, 26895 MiB, 81920 MiB, 55 %, 91.96 W, 44
2026/09/07 22:47:01.033, 26895 MiB, 81920 MiB, 77 %, 93.59 W, 47
2026/09/07 22:47:31.036, 26895 MiB, 81920 MiB, 51 %, 112.41 W, 46
2026/09/07 22:48:01.038, 26895 MiB, 81920 MiB, 16 %, 114.71 W, 46
2026/09/07 22:48:31.040, 26895 MiB, 81920 MiB, 30 %, 184.20 W, 46
2026/09/07 22:49:01.041, 26895 MiB, 81920 MiB, 0 %, 91.62 W, 44
2026/09/07 22:49:31.042, 26895 MiB, 81920 MiB, 46 %, 217.82 W, 46
2026/09/07 22:50:01.044, 26895 MiB, 81920 MiB, 90 %, 101.47 W, 46
2026/09/07 22:50:31.045, 26895 MiB, 81920 MiB, 68 %, 215.07 W, 47
2026/09/07 22:51:01.050, 26895 MiB, 81920 MiB, 66 %, 94.51 W, 47
2026/09/07 22:51:31.051, 26895 MiB, 81920 MiB, 77 %, 168.03 W, 47
2026/09/07 22:52:01.053, 26895 MiB, 81920 MiB, 16 %, 90.94 W, 43
2026/09/07 22:52:31.054, 26895 MiB, 81920 MiB, 85 %, 298.55 W, 48
2026/09/07 22:53:01.055, 26895 MiB, 81920 MiB, 2 %, 91.26 W, 43
2026/09/07 22:53:31.056, 26895 MiB, 81920 MiB, 0 %, 91.26 W, 43
2026/09/07 22:54:01.058, 26895 MiB, 81920 MiB, 73 %, 92.63 W, 45
2026/09/07 22:54:31.059, 27759 MiB, 81920 MiB, 0 %, 73.00 W, 41
2026/09/07 22:55:01.061, 27759 MiB, 81920 MiB, 72 %, 91.96 W, 44
2026/09/07 22:55:31.062, 27759 MiB, 81920 MiB, 0 %, 91.54 W, 43
2026/09/07 22:56:01.063, 27759 MiB, 81920 MiB, 0 %, 72.55 W, 41
2026/09/07 22:56:31.064, 27759 MiB, 81920 MiB, 0 %, 72.48 W, 41
2026/09/07 22:57:01.068, 27759 MiB, 81920 MiB, 51 %, 117.64 W, 44
2026/09/07 22:57:31.070, 27983 MiB, 81920 MiB, 88 %, 92.42 W, 45
2026/09/07 22:58:01.071, 27983 MiB, 81920 MiB, 0 %, 92.69 W, 42
2026/09/07 22:58:31.073, 27983 MiB, 81920 MiB, 55 %, 90.86 W, 42
2026/09/07 22:59:01.074, 27983 MiB, 81920 MiB, 43 %, 109.98 W, 45
2026/09/07 22:59:31.077, 27983 MiB, 81920 MiB, 0 %, 90.07 W, 42
2026/09/07 23:00:01.079, 27983 MiB, 81920 MiB, 48 %, 258.10 W, 46
2026/09/07 23:00:31.081, 27983 MiB, 81920 MiB, 68 %, 120.65 W, 47
2026/09/07 23:01:01.082, 27983 MiB, 81920 MiB, 14 %, 92.30 W, 42
2026/09/07 23:01:31.084, 27983 MiB, 81920 MiB, 73 %, 91.12 W, 44
2026/09/07 23:02:01.088, 27983 MiB, 81920 MiB, 58 %, 90.94 W, 43
2026/09/07 23:02:31.090, 27983 MiB, 81920 MiB, 0 %, 78.32 W, 42
2026/09/07 23:03:01.091, 27983 MiB, 81920 MiB, 0 %, 72.57 W, 41
2026/09/07 23:03:31.093, 27983 MiB, 81920 MiB, 67 %, 375.97 W, 46
2026/09/07 23:04:01.095, 27983 MiB, 81920 MiB, 0 %, 160.65 W, 43
2026/09/07 23:04:31.097, 27983 MiB, 81920 MiB, 56 %, 112.09 W, 44
2026/09/07 23:05:01.098, 27983 MiB, 81920 MiB, 3 %, 89.74 W, 41
2026/09/07 23:05:31.099, 27983 MiB, 81920 MiB, 100 %, 101.08 W, 45
2026/09/07 23:06:01.101, 27983 MiB, 81920 MiB, 0 %, 73.17 W, 42
2026/09/07 23:06:31.103, 27983 MiB, 81920 MiB, 0 %, 89.84 W, 42
2026/09/07 23:07:01.104, 27983 MiB, 81920 MiB, 67 %, 120.31 W, 43
2026/09/07 23:07:31.106, 27983 MiB, 81920 MiB, 0 %, 89.74 W, 42
2026/09/07 23:08:01.109, 27983 MiB, 81920 MiB, 32 %, 162.62 W, 44
2026/09/07 23:08:31.111, 27983 MiB, 81920 MiB, 19 %, 265.80 W, 48
2026/09/07 23:09:01.112, 27983 MiB, 81920 MiB, 72 %, 91.43 W, 43
2026/09/07 23:09:31.114, 27983 MiB, 81920 MiB, 30 %, 92.30 W, 46
2026/09/07 23:10:01.116, 27983 MiB, 81920 MiB, 0 %, 257.30 W, 47
2026/09/07 23:10:31.123, 27983 MiB, 81920 MiB, 9 %, 84.07 W, 41
2026/09/07 23:11:01.125, 27983 MiB, 81920 MiB, 67 %, 303.59 W, 46
2026/09/07 23:11:31.126, 27983 MiB, 81920 MiB, 73 %, 90.94 W, 42
2026/09/07 23:12:01.132, 27983 MiB, 81920 MiB, 0 %, 90.07 W, 43
2026/09/07 23:12:31.133, 27983 MiB, 81920 MiB, 93 %, 137.33 W, 45
2026/09/07 23:13:01.134, 27983 MiB, 81920 MiB, 30 %, 157.84 W, 44
2026/09/07 23:13:31.135, 27983 MiB, 81920 MiB, 0 %, 90.75 W, 42
2026/09/07 23:14:01.136, 27983 MiB, 81920 MiB, 0 %, 90.76 W, 42
2026/09/07 23:14:31.138, 27983 MiB, 81920 MiB, 88 %, 275.55 W, 49
2026/09/07 23:15:01.139, 27983 MiB, 81920 MiB, 1 %, 280.87 W, 45
2026/09/07 23:15:31.140, 27983 MiB, 81920 MiB, 72 %, 322.77 W, 49
2026/09/07 23:16:01.142, 27983 MiB, 81920 MiB, 60 %, 90.52 W, 42
2026/09/07 23:16:31.143, 27983 MiB, 81920 MiB, 0 %, 90.16 W, 42
2026/09/07 23:17:01.144, 27983 MiB, 81920 MiB, 40 %, 112.76 W, 45
2026/09/07 23:17:31.146, 27983 MiB, 81920 MiB, 80 %, 135.55 W, 48
2026/09/07 23:18:01.148, 27983 MiB, 81920 MiB, 37 %, 138.19 W, 45
2026/09/07 23:18:31.151, 27983 MiB, 81920 MiB, 58 %, 244.61 W, 45
2026/09/07 23:19:01.152, 27983 MiB, 81920 MiB, 73 %, 91.16 W, 43
2026/09/07 23:19:31.153, 27983 MiB, 81920 MiB, 2 %, 72.92 W, 42
2026/09/07 23:20:01.155, 27983 MiB, 81920 MiB, 81 %, 154.47 W, 47
2026/09/07 23:20:31.156, 27983 MiB, 81920 MiB, 58 %, 133.33 W, 47
2026/09/07 23:21:01.157, 27983 MiB, 81920 MiB, 0 %, 91.43 W, 43
2026/09/07 23:21:31.159, 27983 MiB, 81920 MiB, 0 %, 90.34 W, 43
2026/09/07 23:22:01.160, 27983 MiB, 81920 MiB, 69 %, 261.41 W, 49
2026/09/07 23:22:31.162, 27983 MiB, 81920 MiB, 45 %, 295.01 W, 49
2026/09/07 23:23:01.163, 27983 MiB, 81920 MiB, 0 %, 73.00 W, 41
2026/09/07 23:23:31.164, 27983 MiB, 81920 MiB, 91 %, 131.09 W, 45
2026/09/07 23:24:01.166, 27983 MiB, 81920 MiB, 0 %, 92.05 W, 43
2026/09/07 23:24:31.166, 27983 MiB, 81920 MiB, 0 %, 91.03 W, 43
2026/09/07 23:25:01.168, 27983 MiB, 81920 MiB, 0 %, 90.07 W, 42
2026/09/07 23:25:31.169, 27983 MiB, 81920 MiB, 10 %, 116.45 W, 45
2026/09/07 23:26:01.170, 27983 MiB, 81920 MiB, 0 %, 90.52 W, 43
2026/09/07 23:26:31.172, 27983 MiB, 81920 MiB, 36 %, 108.53 W, 43
2026/09/07 23:27:01.174, 27983 MiB, 81920 MiB, 0 %, 90.52 W, 43
2026/09/07 23:27:31.175, 27983 MiB, 81920 MiB, 89 %, 135.82 W, 46
2026/09/07 23:28:01.176, 27983 MiB, 81920 MiB, 77 %, 202.60 W, 49
2026/09/07 23:28:31.177, 27983 MiB, 81920 MiB, 71 %, 244.19 W, 49
2026/09/07 23:29:01.179, 27983 MiB, 81920 MiB, 1 %, 72.84 W, 42
2026/09/07 23:29:31.180, 27985 MiB, 81920 MiB, 0 %, 71.73 W, 39
2026/09/07 23:30:01.181, 27985 MiB, 81920 MiB, 0 %, 70.86 W, 37
2026/09/07 23:30:31.182, 27985 MiB, 81920 MiB, 0 %, 70.66 W, 36
2026/09/07 23:31:01.184, 27985 MiB, 81920 MiB, 0 %, 88.00 W, 40
2026/09/07 23:31:31.185, 27985 MiB, 81920 MiB, 62 %, 137.18 W, 45
2026/09/07 23:32:01.187, 27985 MiB, 81920 MiB, 91 %, 260.27 W, 46
2026/09/07 23:32:31.191, 27987 MiB, 81920 MiB, 0 %, 104.55 W, 41
2026/09/07 23:33:01.192, 27987 MiB, 81920 MiB, 47 %, 91.86 W, 44
2026/09/07 23:33:31.194, 27987 MiB, 81920 MiB, 0 %, 90.94 W, 42
2026/09/07 23:34:01.195, 27987 MiB, 81920 MiB, 76 %, 280.60 W, 48
2026/09/07 23:34:31.196, 27987 MiB, 81920 MiB, 22 %, 91.72 W, 43
2026/09/07 23:35:01.199, 27987 MiB, 81920 MiB, 32 %, 243.07 W, 44
2026/09/07 23:35:31.200, 27987 MiB, 81920 MiB, 2 %, 90.16 W, 44
2026/09/07 23:36:01.200, 27987 MiB, 81920 MiB, 0 %, 90.34 W, 41
2026/09/07 23:36:31.202, 27987 MiB, 81920 MiB, 0 %, 90.67 W, 42
2026/09/07 23:37:01.203, 27987 MiB, 81920 MiB, 7 %, 113.88 W, 46
2026/09/07 23:37:31.204, 27987 MiB, 81920 MiB, 1 %, 93.59 W, 43
2026/09/07 23:38:01.206, 27987 MiB, 81920 MiB, 85 %, 332.17 W, 48
2026/09/07 23:38:31.207, 27987 MiB, 81920 MiB, 24 %, 107.92 W, 45
2026/09/07 23:39:01.209, 27987 MiB, 81920 MiB, 93 %, 284.69 W, 49
2026/09/07 23:39:31.210, 27987 MiB, 81920 MiB, 34 %, 121.12 W, 46
2026/09/07 23:40:01.214, 27987 MiB, 81920 MiB, 61 %, 92.40 W, 44
2026/09/07 23:40:31.216, 27987 MiB, 81920 MiB, 29 %, 293.54 W, 49
2026/09/07 23:41:01.218, 27987 MiB, 81920 MiB, 23 %, 91.26 W, 43
2026/09/07 23:41:31.221, 27987 MiB, 81920 MiB, 60 %, 143.51 W, 44
2026/09/07 23:42:01.224, 27987 MiB, 81920 MiB, 48 %, 166.40 W, 45
2026/09/07 23:42:31.226, 27987 MiB, 81920 MiB, 83 %, 235.80 W, 46
2026/09/07 23:43:01.227, 27987 MiB, 81920 MiB, 73 %, 93.22 W, 44
2026/09/07 23:43:31.228, 27987 MiB, 81920 MiB, 38 %, 114.38 W, 44
2026/09/07 23:44:01.230, 27987 MiB, 81920 MiB, 71 %, 112.09 W, 47
2026/09/07 23:44:31.230, 27987 MiB, 81920 MiB, 2 %, 93.42 W, 42
2026/09/07 23:45:01.232, 27987 MiB, 81920 MiB, 32 %, 91.53 W, 43
2026/09/07 23:45:31.233, 27987 MiB, 81920 MiB, 54 %, 108.34 W, 43
2026/09/07 23:46:01.235, 27987 MiB, 81920 MiB, 59 %, 91.53 W, 44
2026/09/07 23:46:31.236, 27987 MiB, 81920 MiB, 34 %, 284.39 W, 46
2026/09/07 23:47:01.237, 27987 MiB, 81920 MiB, 74 %, 114.47 W, 48
2026/09/07 23:47:31.239, 27987 MiB, 81920 MiB, 59 %, 133.93 W, 44
2026/09/07 23:48:01.240, 27987 MiB, 81920 MiB, 0 %, 91.35 W, 43
2026/09/07 23:48:31.241, 27987 MiB, 81920 MiB, 15 %, 91.35 W, 43
2026/09/07 23:49:01.242, 27987 MiB, 81920 MiB, 1 %, 214.03 W, 45
2026/09/07 23:49:31.244, 27987 MiB, 81920 MiB, 26 %, 196.80 W, 46
2026/09/07 23:50:01.245, 27987 MiB, 81920 MiB, 6 %, 298.56 W, 49
2026/09/07 23:50:31.246, 27987 MiB, 81920 MiB, 58 %, 166.05 W, 45
2026/09/07 23:51:01.255, 27987 MiB, 81920 MiB, 90 %, 108.08 W, 45
2026/09/07 23:51:31.257, 27987 MiB, 81920 MiB, 0 %, 90.94 W, 42
2026/09/07 23:52:01.259, 27987 MiB, 81920 MiB, 23 %, 297.06 W, 49
2026/09/07 23:52:31.262, 27987 MiB, 81920 MiB, 80 %, 96.08 W, 48
2026/09/07 23:53:01.263, 27987 MiB, 81920 MiB, 0 %, 91.12 W, 42
2026/09/07 23:53:31.264, 27987 MiB, 81920 MiB, 0 %, 72.92 W, 42
2026/09/07 23:54:01.266, 27987 MiB, 81920 MiB, 55 %, 97.65 W, 45
2026/09/07 23:54:31.267, 27987 MiB, 81920 MiB, 33 %, 280.26 W, 45
2026/09/07 23:55:01.268, 27987 MiB, 81920 MiB, 52 %, 140.40 W, 47
2026/09/07 23:55:31.269, 27987 MiB, 81920 MiB, 0 %, 90.86 W, 43
2026/09/07 23:56:01.273, 27987 MiB, 81920 MiB, 25 %, 242.58 W, 44
2026/09/07 23:56:31.288, 27987 MiB, 81920 MiB, 95 %, 102.16 W, 48
2026/09/07 23:57:01.292, 27987 MiB, 81920 MiB, 28 %, 91.62 W, 44
2026/09/07 23:57:31.294, 27987 MiB, 81920 MiB, 77 %, 283.22 W, 51
2026/09/07 23:58:01.295, 27987 MiB, 81920 MiB, 0 %, 114.83 W, 45
2026/09/07 23:58:31.296, 27987 MiB, 81920 MiB, 0 %, 90.95 W, 42
2026/09/07 23:59:01.298, 27987 MiB, 81920 MiB, 16 %, 101.12 W, 47
2026/09/07 23:59:31.299, 27987 MiB, 81920 MiB, 34 %, 189.02 W, 46
2026/09/08 00:00:01.300, 27987 MiB, 81920 MiB, 91 %, 277.90 W, 50
2026/09/08 00:00:31.304, 27987 MiB, 81920 MiB, 92 %, 365.48 W, 50
2026/09/08 00:01:01.306, 27987 MiB, 81920 MiB, 0 %, 73.00 W, 42
2026/09/08 00:01:31.307, 27987 MiB, 81920 MiB, 0 %, 72.33 W, 41
2026/09/08 00:02:01.309, 27987 MiB, 81920 MiB, 94 %, 150.73 W, 47
2026/09/08 00:02:31.310, 27987 MiB, 81920 MiB, 0 %, 72.65 W, 41
2026/09/08 00:03:01.311, 27987 MiB, 81920 MiB, 0 %, 90.57 W, 42
2026/09/08 00:03:31.313, 27987 MiB, 81920 MiB, 41 %, 265.52 W, 45
2026/09/08 00:04:01.315, 27987 MiB, 81920 MiB, 0 %, 72.73 W, 41
2026/09/08 00:04:31.317, 27987 MiB, 81920 MiB, 0 %, 90.57 W, 42
2026/09/08 00:05:01.319, 27987 MiB, 81920 MiB, 0 %, 90.95 W, 42
2026/09/08 00:05:31.321, 27987 MiB, 81920 MiB, 3 %, 240.33 W, 44
2026/09/08 00:06:01.323, 27987 MiB, 81920 MiB, 71 %, 277.63 W, 47
2026/09/08 00:06:31.324, 27987 MiB, 81920 MiB, 0 %, 90.43 W, 41
2026/09/08 00:07:01.326, 27987 MiB, 81920 MiB, 1 %, 91.86 W, 43
2026/09/08 00:07:31.327, 27987 MiB, 81920 MiB, 0 %, 91.45 W, 42
2026/09/08 00:08:01.328, 27987 MiB, 81920 MiB, 42 %, 91.62 W, 44
2026/09/08 00:08:31.330, 27987 MiB, 81920 MiB, 26 %, 90.84 W, 44
2026/09/08 00:09:01.331, 27987 MiB, 81920 MiB, 55 %, 110.26 W, 45
2026/09/08 00:09:31.332, 27987 MiB, 81920 MiB, 0 %, 72.73 W, 41
2026/09/08 00:10:01.335, 27987 MiB, 81920 MiB, 0 %, 72.40 W, 41
2026/09/08 00:10:31.337, 27987 MiB, 81920 MiB, 0 %, 90.57 W, 42
2026/09/08 00:11:01.338, 27987 MiB, 81920 MiB, 76 %, 175.74 W, 44
2026/09/08 00:11:31.339, 27987 MiB, 81920 MiB, 9 %, 91.35 W, 44
2026/09/08 00:12:01.340, 27987 MiB, 81920 MiB, 0 %, 91.35 W, 43
2026/09/08 00:12:31.341, 27987 MiB, 81920 MiB, 89 %, 100.59 W, 47
2026/09/08 00:13:01.342, 27987 MiB, 81920 MiB, 12 %, 92.05 W, 43
2026/09/08 00:13:31.343, 27987 MiB, 81920 MiB, 43 %, 144.73 W, 45
2026/09/08 00:14:01.345, 27987 MiB, 81920 MiB, 79 %, 284.12 W, 48
2026/09/08 00:14:31.346, 27987 MiB, 81920 MiB, 0 %, 90.35 W, 42
2026/09/08 00:15:01.348, 27987 MiB, 81920 MiB, 16 %, 140.88 W, 44
2026/09/08 00:15:31.349, 27987 MiB, 81920 MiB, 54 %, 142.04 W, 43
2026/09/08 00:16:01.350, 27987 MiB, 81920 MiB, 36 %, 132.14 W, 47
2026/09/08 00:16:31.352, 27987 MiB, 81920 MiB, 49 %, 91.26 W, 43
2026/09/08 00:17:01.353, 27987 MiB, 81920 MiB, 65 %, 94.68 W, 46
2026/09/08 00:17:31.355, 27987 MiB, 81920 MiB, 68 %, 137.63 W, 46
2026/09/08 00:18:01.356, 27987 MiB, 81920 MiB, 39 %, 192.56 W, 45
2026/09/08 00:18:31.357, 27987 MiB, 81920 MiB, 0 %, 90.75 W, 42
2026/09/08 00:19:01.358, 27987 MiB, 81920 MiB, 0 %, 72.73 W, 41
2026/09/08 00:19:31.360, 27987 MiB, 81920 MiB, 0 %, 90.43 W, 42
2026/09/08 00:20:01.362, 27987 MiB, 81920 MiB, 63 %, 91.53 W, 44
2026/09/08 00:20:31.363, 27987 MiB, 81920 MiB, 83 %, 107.21 W, 46
2026/09/08 00:21:01.364, 27987 MiB, 81920 MiB, 0 %, 91.16 W, 42
2026/09/08 00:21:31.366, 27987 MiB, 81920 MiB, 34 %, 171.20 W, 44
2026/09/08 00:22:01.367, 27987 MiB, 81920 MiB, 0 %, 91.03 W, 42
2026/09/08 00:22:31.368, 27987 MiB, 81920 MiB, 44 %, 154.47 W, 46
2026/09/08 00:23:01.369, 27987 MiB, 81920 MiB, 0 %, 72.65 W, 41
2026/09/08 00:23:31.372, 27987 MiB, 81920 MiB, 74 %, 211.00 W, 46
2026/09/08 00:24:01.374, 27987 MiB, 81920 MiB, 92 %, 137.00 W, 49
2026/09/08 00:24:31.375, 27987 MiB, 81920 MiB, 36 %, 92.73 W, 43
2026/09/08 00:25:01.377, 27987 MiB, 81920 MiB, 18 %, 277.02 W, 45
2026/09/08 00:25:31.379, 27987 MiB, 81920 MiB, 32 %, 260.82 W, 50
2026/09/08 00:26:01.379, 27987 MiB, 81920 MiB, 0 %, 92.49 W, 43
2026/09/08 00:26:31.381, 27987 MiB, 81920 MiB, 0 %, 91.12 W, 42
2026/09/08 00:27:01.382, 27987 MiB, 81920 MiB, 0 %, 90.86 W, 43
2026/09/08 00:27:31.383, 27987 MiB, 81920 MiB, 45 %, 91.54 W, 43
2026/09/08 00:28:01.386, 27987 MiB, 81920 MiB, 75 %, 178.67 W, 49
2026/09/08 00:28:31.387, 27987 MiB, 81920 MiB, 17 %, 78.13 W, 41
2026/09/08 00:29:01.388, 27987 MiB, 81920 MiB, 90 %, 95.16 W, 44
2026/09/08 00:29:31.390, 27987 MiB, 81920 MiB, 30 %, 91.03 W, 43
2026/09/08 00:30:01.391, 27987 MiB, 81920 MiB, 34 %, 132.14 W, 45
2026/09/08 00:30:31.397, 27987 MiB, 81920 MiB, 93 %, 274.36 W, 46
2026/09/08 00:31:01.400, 27987 MiB, 81920 MiB, 97 %, 154.14 W, 45
2026/09/08 00:31:31.402, 27987 MiB, 81920 MiB, 92 %, 109.77 W, 48
2026/09/08 00:32:01.404, 27987 MiB, 81920 MiB, 45 %, 92.49 W, 44
2026/09/08 00:32:31.406, 27987 MiB, 81920 MiB, 99 %, 249.06 W, 45
2026/09/08 00:33:01.407, 27987 MiB, 81920 MiB, 7 %, 206.45 W, 46
2026/09/08 00:33:31.408, 27987 MiB, 81920 MiB, 55 %, 298.30 W, 48
2026/09/08 00:34:01.410, 27987 MiB, 81920 MiB, 0 %, 72.80 W, 41
2026/09/08 00:34:31.412, 27987 MiB, 81920 MiB, 82 %, 248.66 W, 47
2026/09/08 00:35:01.414, 27987 MiB, 81920 MiB, 35 %, 114.23 W, 45
2026/09/08 00:35:31.416, 27987 MiB, 81920 MiB, 100 %, 100.97 W, 43
2026/09/08 00:36:01.418, 27987 MiB, 81920 MiB, 0 %, 71.46 W, 38
2026/09/08 00:36:31.419, 27987 MiB, 81920 MiB, 0 %, 71.46 W, 38
2026/09/08 00:37:01.421, 27987 MiB, 81920 MiB, 53 %, 128.02 W, 45
2026/09/08 00:37:31.422, 27987 MiB, 81920 MiB, 67 %, 309.81 W, 47
2026/09/08 00:38:01.426, 27987 MiB, 81920 MiB, 64 %, 90.76 W, 42
2026/09/08 00:38:31.428, 27987 MiB, 81920 MiB, 96 %, 91.81 W, 44
2026/09/08 00:39:01.429, 27987 MiB, 81920 MiB, 0 %, 91.22 W, 43
2026/09/08 00:39:31.430, 27987 MiB, 81920 MiB, 0 %, 90.25 W, 42
2026/09/08 00:40:01.431, 27987 MiB, 81920 MiB, 1 %, 72.88 W, 41
2026/09/08 00:40:31.432, 27987 MiB, 81920 MiB, 16 %, 245.99 W, 44
2026/09/08 00:41:01.434, 27987 MiB, 81920 MiB, 28 %, 93.00 W, 46
2026/09/08 00:41:31.436, 27987 MiB, 81920 MiB, 99 %, 167.76 W, 45
2026/09/08 00:42:01.437, 27987 MiB, 81920 MiB, 20 %, 91.12 W, 43
2026/09/08 00:42:31.441, 27987 MiB, 81920 MiB, 25 %, 229.06 W, 47
2026/09/08 00:43:01.443, 27987 MiB, 81920 MiB, 26 %, 212.79 W, 46
2026/09/08 00:43:31.447, 27987 MiB, 81920 MiB, 0 %, 90.94 W, 43
2026/09/08 00:44:01.451, 27987 MiB, 81920 MiB, 38 %, 96.75 W, 44
2026/09/08 00:44:31.453, 27987 MiB, 81920 MiB, 0 %, 72.73 W, 41
2026/09/08 00:45:01.454, 27987 MiB, 81920 MiB, 55 %, 90.24 W, 43
2026/09/08 00:45:31.456, 27987 MiB, 81920 MiB, 97 %, 296.49 W, 49
2026/09/08 00:46:01.458, 27987 MiB, 81920 MiB, 55 %, 91.35 W, 43
2026/09/08 00:46:31.460, 27987 MiB, 81920 MiB, 0 %, 91.86 W, 42
2026/09/08 00:47:01.461, 27987 MiB, 81920 MiB, 80 %, 92.22 W, 47
2026/09/08 00:47:31.462, 27987 MiB, 81920 MiB, 28 %, 91.16 W, 43
2026/09/08 00:48:01.463, 27987 MiB, 81920 MiB, 2 %, 91.16 W, 43
2026/09/08 00:48:31.465, 27987 MiB, 81920 MiB, 10 %, 113.40 W, 42
2026/09/08 00:49:01.467, 27987 MiB, 81920 MiB, 87 %, 300.10 W, 49
2026/09/08 00:49:31.469, 27987 MiB, 81920 MiB, 0 %, 90.94 W, 43
2026/09/08 00:50:01.470, 27987 MiB, 81920 MiB, 0 %, 90.67 W, 42
2026/09/08 00:50:31.472, 27987 MiB, 81920 MiB, 60 %, 234.01 W, 45
2026/09/08 00:51:01.473, 27987 MiB, 81920 MiB, 81 %, 211.17 W, 48
2026/09/08 00:51:31.474, 27987 MiB, 81920 MiB, 16 %, 89.66 W, 42
2026/09/08 00:52:01.476, 27987 MiB, 81920 MiB, 48 %, 92.05 W, 44
2026/09/08 00:52:31.478, 27987 MiB, 81920 MiB, 29 %, 73.44 W, 42
2026/09/08 00:53:01.479, 27987 MiB, 81920 MiB, 81 %, 282.34 W, 48
2026/09/08 00:53:31.481, 27987 MiB, 81920 MiB, 40 %, 112.53 W, 46
2026/09/08 00:54:01.482, 27987 MiB, 81920 MiB, 63 %, 149.75 W, 44
2026/09/08 00:54:31.483, 27987 MiB, 81920 MiB, 0 %, 91.35 W, 43
2026/09/08 00:55:01.484, 27987 MiB, 81920 MiB, 48 %, 106.18 W, 44
2026/09/08 00:55:31.485, 27987 MiB, 81920 MiB, 55 %, 118.00 W, 45
2026/09/08 00:56:01.490, 27987 MiB, 81920 MiB, 40 %, 91.86 W, 44
2026/09/08 00:56:31.491, 27987 MiB, 81920 MiB, 91 %, 296.78 W, 50
2026/09/08 00:57:01.492, 27987 MiB, 81920 MiB, 87 %, 124.31 W, 44
2026/09/08 00:57:31.497, 27987 MiB, 81920 MiB, 76 %, 141.30 W, 44
2026/09/08 00:58:01.499, 27987 MiB, 81920 MiB, 15 %, 91.26 W, 46
2026/09/08 00:58:31.499, 27987 MiB, 81920 MiB, 0 %, 251.72 W, 43
2026/09/08 00:59:01.501, 27987 MiB, 81920 MiB, 64 %, 142.65 W, 46
2026/09/08 00:59:31.503, 27987 MiB, 81920 MiB, 61 %, 93.10 W, 45
2026/09/08 01:00:01.504, 27987 MiB, 81920 MiB, 56 %, 348.83 W, 48
2026/09/08 01:00:31.506, 27987 MiB, 81920 MiB, 99 %, 168.36 W, 47
2026/09/08 01:01:01.507, 27987 MiB, 81920 MiB, 48 %, 123.90 W, 46
2026/09/08 01:01:31.508, 27987 MiB, 81920 MiB, 34 %, 92.90 W, 45
2026/09/08 01:02:01.509, 27987 MiB, 81920 MiB, 0 %, 91.76 W, 44
2026/09/08 01:02:31.511, 27987 MiB, 81920 MiB, 68 %, 112.21 W, 44
2026/09/08 01:03:01.512, 27987 MiB, 81920 MiB, 100 %, 303.54 W, 50
2026/09/08 01:03:31.514, 27987 MiB, 81920 MiB, 3 %, 124.03 W, 46
2026/09/08 01:04:01.515, 27987 MiB, 81920 MiB, 14 %, 92.40 W, 44
2026/09/08 01:04:31.517, 27987 MiB, 81920 MiB, 21 %, 98.32 W, 46
2026/09/08 01:05:01.520, 27987 MiB, 81920 MiB, 91 %, 247.54 W, 49
2026/09/08 01:05:31.522, 27987 MiB, 81920 MiB, 11 %, 91.26 W, 43
2026/09/08 01:06:01.523, 27987 MiB, 81920 MiB, 0 %, 90.67 W, 43
2026/09/08 01:06:31.525, 27987 MiB, 81920 MiB, 0 %, 91.03 W, 43
2026/09/08 01:07:01.526, 27987 MiB, 81920 MiB, 67 %, 176.24 W, 48
2026/09/08 01:07:31.530, 27987 MiB, 81920 MiB, 100 %, 299.15 W, 48
2026/09/08 01:08:01.531, 27987 MiB, 81920 MiB, 45 %, 289.46 W, 47
2026/09/08 01:08:31.533, 27987 MiB, 81920 MiB, 46 %, 105.53 W, 44
2026/09/08 01:09:01.534, 27987 MiB, 81920 MiB, 4 %, 107.11 W, 46
2026/09/08 01:09:31.535, 27987 MiB, 81920 MiB, 0 %, 90.86 W, 43
2026/09/08 01:10:01.537, 27987 MiB, 81920 MiB, 0 %, 90.86 W, 42
2026/09/08 01:10:31.538, 27987 MiB, 81920 MiB, 0 %, 91.35 W, 43
2026/09/08 01:11:01.540, 27987 MiB, 81920 MiB, 64 %, 110.47 W, 44
2026/09/08 01:11:31.541, 27987 MiB, 81920 MiB, 94 %, 302.12 W, 46
2026/09/08 01:12:01.542, 27987 MiB, 81920 MiB, 0 %, 90.76 W, 42
2026/09/08 01:12:31.544, 27987 MiB, 81920 MiB, 4 %, 91.35 W, 43
2026/09/08 01:13:01.546, 27987 MiB, 81920 MiB, 35 %, 154.47 W, 46
2026/09/08 01:13:31.547, 27987 MiB, 81920 MiB, 7 %, 90.94 W, 42
2026/09/08 01:14:01.549, 27987 MiB, 81920 MiB, 2 %, 147.36 W, 45
2026/09/08 01:14:31.551, 27987 MiB, 81920 MiB, 0 %, 91.12 W, 42
2026/09/08 01:15:01.552, 27987 MiB, 81920 MiB, 0 %, 90.62 W, 42
2026/09/08 01:15:31.554, 27987 MiB, 81920 MiB, 74 %, 269.61 W, 49
2026/09/08 01:16:01.555, 27987 MiB, 81920 MiB, 99 %, 122.50 W, 47
2026/09/08 01:16:31.556, 27987 MiB, 81920 MiB, 32 %, 273.50 W, 47
2026/09/08 01:17:01.557, 27987 MiB, 81920 MiB, 55 %, 118.36 W, 42
2026/09/08 01:17:31.558, 27987 MiB, 81920 MiB, 92 %, 278.21 W, 49
2026/09/08 01:18:01.559, 27987 MiB, 81920 MiB, 85 %, 345.44 W, 48
2026/09/08 01:18:31.561, 27987 MiB, 81920 MiB, 0 %, 90.84 W, 45
2026/09/08 01:19:01.562, 27987 MiB, 81920 MiB, 86 %, 155.45 W, 45
2026/09/08 01:19:31.563, 27987 MiB, 81920 MiB, 78 %, 236.91 W, 46
2026/09/08 01:20:01.564, 27987 MiB, 81920 MiB, 90 %, 112.05 W, 44
2026/09/08 01:20:31.566, 27987 MiB, 81920 MiB, 0 %, 90.52 W, 42
2026/09/08 01:21:01.567, 27987 MiB, 81920 MiB, 0 %, 90.94 W, 42
2026/09/08 01:21:31.568, 27987 MiB, 81920 MiB, 0 %, 90.94 W, 42
2026/09/08 01:22:01.570, 27987 MiB, 81920 MiB, 57 %, 302.40 W, 49
2026/09/08 01:22:31.571, 27987 MiB, 81920 MiB, 29 %, 125.23 W, 45
2026/09/08 01:23:01.573, 27987 MiB, 81920 MiB, 39 %, 73.17 W, 41
2026/09/08 01:23:31.574, 27987 MiB, 81920 MiB, 0 %, 91.03 W, 42
2026/09/08 01:24:01.575, 27987 MiB, 81920 MiB, 0 %, 90.57 W, 42
2026/09/08 01:24:31.580, 27987 MiB, 81920 MiB, 58 %, 268.18 W, 46
2026/09/08 01:25:01.581, 27987 MiB, 81920 MiB, 0 %, 90.94 W, 43
2026/09/08 01:25:31.583, 27987 MiB, 81920 MiB, 69 %, 260.27 W, 47
2026/09/08 01:26:01.584, 27987 MiB, 81920 MiB, 69 %, 91.96 W, 45
2026/09/08 01:26:31.585, 27987 MiB, 81920 MiB, 98 %, 236.07 W, 46
2026/09/08 01:27:01.586, 27987 MiB, 81920 MiB, 0 %, 91.03 W, 45
2026/09/08 01:27:31.588, 27987 MiB, 81920 MiB, 0 %, 90.43 W, 42
2026/09/08 01:28:01.590, 27987 MiB, 81920 MiB, 0 %, 72.48 W, 41
2026/09/08 01:28:31.602, 27987 MiB, 81920 MiB, 27 %, 238.62 W, 47
2026/09/08 01:29:01.605, 27987 MiB, 81920 MiB, 70 %, 310.13 W, 47
2026/09/08 01:29:31.607, 27987 MiB, 81920 MiB, 33 %, 232.43 W, 47
2026/09/08 01:30:01.608, 27987 MiB, 81920 MiB, 73 %, 268.74 W, 45
2026/09/08 01:30:31.609, 27987 MiB, 81920 MiB, 2 %, 216.49 W, 46
2026/09/08 01:31:01.610, 27987 MiB, 81920 MiB, 0 %, 90.76 W, 42
2026/09/08 01:31:31.611, 27987 MiB, 81920 MiB, 0 %, 75.74 W, 41
2026/09/08 01:32:01.612, 27987 MiB, 81920 MiB, 0 %, 90.43 W, 42
2026/09/08 01:32:31.614, 27987 MiB, 81920 MiB, 38 %, 180.13 W, 45
2026/09/08 01:33:01.615, 27987 MiB, 81920 MiB, 83 %, 129.62 W, 47
2026/09/08 01:33:31.617, 27987 MiB, 81920 MiB, 76 %, 149.16 W, 45
2026/09/08 01:34:01.623, 27987 MiB, 81920 MiB, 83 %, 283.85 W, 48
2026/09/08 01:34:31.624, 27987 MiB, 81920 MiB, 30 %, 308.02 W, 48
2026/09/08 01:35:01.626, 27987 MiB, 81920 MiB, 27 %, 93.52 W, 43
2026/09/08 01:35:31.627, 27987 MiB, 81920 MiB, 1 %, 210.57 W, 45
2026/09/08 01:36:01.628, 27987 MiB, 81920 MiB, 5 %, 121.25 W, 46
2026/09/08 01:36:31.629, 27987 MiB, 81920 MiB, 67 %, 92.32 W, 45
2026/09/08 01:37:01.630, 27987 MiB, 81920 MiB, 0 %, 72.73 W, 41
2026/09/08 01:37:31.631, 27987 MiB, 81920 MiB, 2 %, 90.67 W, 42
2026/09/08 01:38:01.632, 27987 MiB, 81920 MiB, 22 %, 76.18 W, 41
2026/09/08 01:38:31.633, 27987 MiB, 81920 MiB, 22 %, 91.03 W, 42
2026/09/08 01:39:01.634, 27987 MiB, 81920 MiB, 74 %, 227.48 W, 48
2026/09/08 01:39:31.635, 27987 MiB, 81920 MiB, 89 %, 285.91 W, 48
2026/09/08 01:40:01.637, 27987 MiB, 81920 MiB, 45 %, 227.51 W, 47
2026/09/08 01:40:31.640, 27987 MiB, 81920 MiB, 0 %, 72.84 W, 41
2026/09/08 01:41:01.641, 27987 MiB, 81920 MiB, 0 %, 71.21 W, 38
2026/09/08 01:41:31.642, 27987 MiB, 81920 MiB, 26 %, 118.99 W, 41
2026/09/08 01:42:01.648, 27987 MiB, 81920 MiB, 0 %, 89.06 W, 41
2026/09/08 01:42:31.649, 27987 MiB, 81920 MiB, 60 %, 243.92 W, 47
2026/09/08 01:43:01.651, 27987 MiB, 81920 MiB, 0 %, 89.57 W, 42
2026/09/08 01:43:31.652, 27987 MiB, 81920 MiB, 0 %, 72.73 W, 41
2026/09/08 01:44:01.653, 27987 MiB, 81920 MiB, 0 %, 126.69 W, 42
2026/09/08 01:44:31.654, 27987 MiB, 81920 MiB, 77 %, 248.21 W, 48
2026/09/08 01:45:01.655, 27987 MiB, 81920 MiB, 73 %, 108.08 W, 47
2026/09/08 01:45:31.656, 27987 MiB, 81920 MiB, 68 %, 90.94 W, 43
2026/09/08 01:46:01.657, 27987 MiB, 81920 MiB, 67 %, 116.20 W, 47
2026/09/08 01:46:31.659, 27987 MiB, 81920 MiB, 97 %, 154.30 W, 45
2026/09/08 01:47:01.660, 27987 MiB, 81920 MiB, 81 %, 243.92 W, 49
2026/09/08 01:47:31.662, 27987 MiB, 81920 MiB, 99 %, 284.44 W, 49
2026/09/08 01:48:01.663, 27987 MiB, 81920 MiB, 0 %, 92.00 W, 43
2026/09/08 01:48:31.664, 27987 MiB, 81920 MiB, 0 %, 90.44 W, 42
2026/09/08 01:49:01.666, 27987 MiB, 81920 MiB, 0 %, 72.55 W, 41
2026/09/08 01:49:31.668, 27987 MiB, 81920 MiB, 93 %, 91.81 W, 45
2026/09/08 01:50:01.669, 27987 MiB, 81920 MiB, 4 %, 271.72 W, 44
2026/09/08 01:50:31.671, 27987 MiB, 81920 MiB, 100 %, 298.30 W, 46
2026/09/08 01:51:01.672, 27987 MiB, 81920 MiB, 39 %, 92.82 W, 45
2026/09/08 01:51:31.674, 27987 MiB, 81920 MiB, 0 %, 90.76 W, 42
2026/09/08 01:52:01.675, 27987 MiB, 81920 MiB, 60 %, 94.81 W, 45
2026/09/08 01:52:31.677, 27987 MiB, 81920 MiB, 47 %, 298.90 W, 48
2026/09/08 01:53:01.678, 27987 MiB, 81920 MiB, 53 %, 99.61 W, 46
2026/09/08 01:53:31.679, 27987 MiB, 81920 MiB, 12 %, 90.94 W, 42
2026/09/08 01:54:01.681, 27987 MiB, 81920 MiB, 57 %, 111.12 W, 46
2026/09/08 01:54:31.681, 27987 MiB, 81920 MiB, 65 %, 293.82 W, 49
2026/09/08 01:55:01.683, 27987 MiB, 81920 MiB, 51 %, 134.93 W, 44
2026/09/08 01:55:31.684, 27987 MiB, 81920 MiB, 16 %, 86.81 W, 41
2026/09/08 01:56:01.686, 27987 MiB, 81920 MiB, 53 %, 111.22 W, 46
2026/09/08 01:56:31.690, 27987 MiB, 81920 MiB, 93 %, 299.74 W, 47
2026/09/08 01:57:01.692, 27987 MiB, 81920 MiB, 59 %, 91.53 W, 43
2026/09/08 01:57:31.694, 27987 MiB, 81920 MiB, 26 %, 246.94 W, 44
2026/09/08 01:58:01.695, 27987 MiB, 81920 MiB, 12 %, 92.82 W, 44
2026/09/08 01:58:31.696, 27987 MiB, 81920 MiB, 80 %, 286.51 W, 48
2026/09/08 01:59:01.697, 27987 MiB, 81920 MiB, 63 %, 91.53 W, 43
2026/09/08 01:59:31.698, 27987 MiB, 81920 MiB, 0 %, 91.03 W, 42
2026/09/08 02:00:01.700, 27987 MiB, 81920 MiB, 58 %, 282.63 W, 49
2026/09/08 02:00:31.700, 27987 MiB, 81920 MiB, 0 %, 91.35 W, 43
2026/09/08 02:01:01.702, 27987 MiB, 81920 MiB, 75 %, 133.93 W, 45
2026/09/08 02:01:31.703, 27987 MiB, 81920 MiB, 34 %, 91.86 W, 44
2026/09/08 02:02:01.708, 27987 MiB, 81920 MiB, 74 %, 223.99 W, 47
2026/09/08 02:02:31.709, 27987 MiB, 81920 MiB, 4 %, 102.60 W, 42
2026/09/08 02:03:01.711, 27987 MiB, 81920 MiB, 16 %, 127.28 W, 46
2026/09/08 02:03:31.712, 27987 MiB, 81920 MiB, 41 %, 146.76 W, 46
2026/09/08 02:04:01.715, 27987 MiB, 81920 MiB, 62 %, 347.54 W, 48
2026/09/08 02:04:31.724, 27987 MiB, 81920 MiB, 56 %, 156.21 W, 45
2026/09/08 02:05:01.726, 27987 MiB, 81920 MiB, 4 %, 91.16 W, 43
2026/09/08 02:05:31.728, 27987 MiB, 81920 MiB, 0 %, 91.16 W, 43
2026/09/08 02:06:01.729, 27987 MiB, 81920 MiB, 0 %, 92.03 W, 43
2026/09/08 02:06:31.731, 27987 MiB, 81920 MiB, 33 %, 114.86 W, 46
2026/09/08 02:07:01.732, 27987 MiB, 81920 MiB, 64 %, 334.23 W, 48
2026/09/08 02:07:31.733, 27987 MiB, 81920 MiB, 91 %, 108.68 W, 47
2026/09/08 02:08:01.734, 27987 MiB, 81920 MiB, 0 %, 91.16 W, 43
2026/09/08 02:08:31.736, 27987 MiB, 81920 MiB, 2 %, 91.45 W, 43
2026/09/08 02:09:01.738, 27987 MiB, 81920 MiB, 55 %, 203.29 W, 48
2026/09/08 02:09:31.740, 27987 MiB, 81920 MiB, 69 %, 298.30 W, 48
2026/09/08 02:10:01.741, 27987 MiB, 81920 MiB, 99 %, 98.04 W, 45
2026/09/08 02:10:31.743, 27987 MiB, 81920 MiB, 11 %, 90.84 W, 44
2026/09/08 02:11:01.744, 27987 MiB, 81920 MiB, 0 %, 91.03 W, 43
2026/09/08 02:11:31.746, 27987 MiB, 81920 MiB, 0 %, 91.16 W, 43
2026/09/08 02:12:01.747, 27987 MiB, 81920 MiB, 0 %, 90.94 W, 43
2026/09/08 02:12:31.749, 27987 MiB, 81920 MiB, 5 %, 91.96 W, 43
2026/09/08 02:13:01.750, 27987 MiB, 81920 MiB, 88 %, 92.69 W, 45
2026/09/08 02:13:31.751, 27987 MiB, 81920 MiB, 84 %, 300.15 W, 48
2026/09/08 02:14:01.753, 27987 MiB, 81920 MiB, 62 %, 95.20 W, 44
2026/09/08 02:14:31.754, 27987 MiB, 81920 MiB, 0 %, 92.97 W, 42
2026/09/08 02:15:01.756, 27987 MiB, 81920 MiB, 0 %, 73.03 W, 41
2026/09/08 02:15:31.757, 27987 MiB, 81920 MiB, 1 %, 147.08 W, 45
2026/09/08 02:16:01.759, 27987 MiB, 81920 MiB, 83 %, 155.59 W, 47
2026/09/08 02:16:31.769, 27987 MiB, 81920 MiB, 72 %, 292.44 W, 47
2026/09/08 02:17:01.771, 27987 MiB, 81920 MiB, 3 %, 75.18 W, 40
2026/09/08 02:17:31.773, 27987 MiB, 81920 MiB, 70 %, 239.37 W, 48
2026/09/08 02:18:01.774, 27987 MiB, 81920 MiB, 57 %, 111.47 W, 43
2026/09/08 02:18:31.775, 27987 MiB, 81920 MiB, 71 %, 95.98 W, 47
2026/09/08 02:19:01.778, 27987 MiB, 81920 MiB, 87 %, 232.32 W, 46
2026/09/08 02:19:31.787, 27987 MiB, 81920 MiB, 0 %, 91.22 W, 42
2026/09/08 02:20:01.789, 27987 MiB, 81920 MiB, 33 %, 282.95 W, 48
2026/09/08 02:20:31.790, 27987 MiB, 81920 MiB, 75 %, 113.75 W, 46
2026/09/08 02:21:01.793, 27987 MiB, 81920 MiB, 3 %, 90.62 W, 43
2026/09/08 02:21:31.795, 27987 MiB, 81920 MiB, 60 %, 108.64 W, 45
2026/09/08 02:22:01.795, 27987 MiB, 81920 MiB, 52 %, 116.42 W, 44
2026/09/08 02:22:31.797, 27987 MiB, 81920 MiB, 0 %, 90.12 W, 42
2026/09/08 02:23:01.799, 27987 MiB, 81920 MiB, 12 %, 285.28 W, 50
2026/09/08 02:23:31.800, 27987 MiB, 81920 MiB, 91 %, 93.52 W, 47
2026/09/08 02:24:01.801, 27987 MiB, 81920 MiB, 0 %, 90.94 W, 42
2026/09/08 02:24:31.802, 27987 MiB, 81920 MiB, 29 %, 185.39 W, 45
2026/09/08 02:25:01.804, 27987 MiB, 81920 MiB, 0 %, 91.62 W, 43
2026/09/08 02:25:31.805, 27987 MiB, 81920 MiB, 82 %, 92.32 W, 45
2026/09/08 02:26:01.808, 27987 MiB, 81920 MiB, 0 %, 92.22 W, 43
2026/09/08 02:26:31.809, 27987 MiB, 81920 MiB, 18 %, 209.54 W, 44
2026/09/08 02:27:01.810, 27987 MiB, 81920 MiB, 57 %, 154.91 W, 45
2026/09/08 02:27:31.811, 27987 MiB, 81920 MiB, 46 %, 233.98 W, 46
2026/09/08 02:28:01.813, 27987 MiB, 81920 MiB, 32 %, 104.77 W, 45
2026/09/08 02:28:31.814, 27987 MiB, 81920 MiB, 0 %, 91.45 W, 43
2026/09/08 02:29:01.816, 27987 MiB, 81920 MiB, 0 %, 72.40 W, 41
2026/09/08 02:29:31.817, 27987 MiB, 81920 MiB, 97 %, 328.60 W, 47
2026/09/08 02:30:01.821, 27987 MiB, 81920 MiB, 34 %, 205.43 W, 47
2026/09/08 02:30:31.823, 27987 MiB, 81920 MiB, 0 %, 72.65 W, 41
2026/09/08 02:31:01.824, 27987 MiB, 81920 MiB, 32 %, 298.55 W, 48
2026/09/08 02:31:31.825, 27987 MiB, 81920 MiB, 0 %, 91.35 W, 43
2026/09/08 02:32:01.827, 27987 MiB, 81920 MiB, 85 %, 297.67 W, 49
2026/09/08 02:32:31.829, 27987 MiB, 81920 MiB, 100 %, 309.21 W, 47
2026/09/08 02:33:01.830, 27987 MiB, 81920 MiB, 13 %, 91.96 W, 48
2026/09/08 02:33:31.832, 27987 MiB, 81920 MiB, 17 %, 91.16 W, 43
2026/09/08 02:34:01.835, 27987 MiB, 81920 MiB, 0 %, 91.03 W, 42
2026/09/08 02:34:31.836, 27987 MiB, 81920 MiB, 0 %, 90.24 W, 42
2026/09/08 02:35:01.839, 27987 MiB, 81920 MiB, 30 %, 91.53 W, 43
2026/09/08 02:35:31.849, 27987 MiB, 81920 MiB, 38 %, 98.14 W, 45
2026/09/08 02:36:01.850, 27987 MiB, 81920 MiB, 0 %, 72.84 W, 41
2026/09/08 02:36:31.852, 27987 MiB, 81920 MiB, 2 %, 108.35 W, 44
2026/09/08 02:37:01.853, 27987 MiB, 81920 MiB, 3 %, 90.67 W, 43
2026/09/08 02:37:31.855, 27987 MiB, 81920 MiB, 2 %, 95.89 W, 42
2026/09/08 02:38:01.858, 27987 MiB, 81920 MiB, 0 %, 90.94 W, 42
2026/09/08 02:38:31.861, 27987 MiB, 81920 MiB, 34 %, 182.20 W, 44
2026/09/08 02:39:01.862, 27987 MiB, 81920 MiB, 0 %, 72.65 W, 41
2026/09/08 02:39:31.864, 27987 MiB, 81920 MiB, 97 %, 272.02 W, 46
2026/09/08 02:40:01.865, 27987 MiB, 81920 MiB, 30 %, 182.74 W, 43
2026/09/08 02:40:31.866, 27987 MiB, 81920 MiB, 68 %, 200.80 W, 44
2026/09/08 02:41:01.867, 27987 MiB, 81920 MiB, 92 %, 92.69 W, 45
2026/09/08 02:41:31.869, 27987 MiB, 81920 MiB, 10 %, 130.95 W, 45
2026/09/08 02:42:01.870, 27987 MiB, 81920 MiB, 26 %, 91.35 W, 43
2026/09/08 02:42:31.871, 27987 MiB, 81920 MiB, 89 %, 151.49 W, 45
2026/09/08 02:43:01.872, 27987 MiB, 81920 MiB, 0 %, 89.74 W, 42
2026/09/08 02:43:31.874, 27987 MiB, 81920 MiB, 77 %, 91.53 W, 44
2026/09/08 02:44:01.875, 27987 MiB, 81920 MiB, 0 %, 91.34 W, 42
2026/09/08 02:44:31.876, 27987 MiB, 81920 MiB, 58 %, 281.20 W, 47
2026/09/08 02:45:01.878, 27987 MiB, 81920 MiB, 64 %, 92.03 W, 42
2026/09/08 02:45:31.879, 27987 MiB, 81920 MiB, 61 %, 101.57 W, 47
2026/09/08 02:46:01.881, 27987 MiB, 81920 MiB, 0 %, 72.05 W, 40
2026/09/08 02:46:31.882, 27987 MiB, 81920 MiB, 0 %, 70.86 W, 38
2026/09/08 02:47:01.884, 27987 MiB, 81920 MiB, 0 %, 71.80 W, 39
2026/09/08 02:47:31.885, 27987 MiB, 81920 MiB, 0 %, 88.87 W, 40
2026/09/08 02:48:01.886, 27987 MiB, 81920 MiB, 87 %, 319.84 W, 44
2026/09/08 02:48:31.887, 27987 MiB, 81920 MiB, 66 %, 136.32 W, 44
2026/09/08 02:49:01.889, 27987 MiB, 81920 MiB, 70 %, 294.44 W, 49
2026/09/08 02:49:31.891, 27987 MiB, 81920 MiB, 5 %, 115.79 W, 41
2026/09/08 02:50:01.892, 27987 MiB, 81920 MiB, 32 %, 281.44 W, 48
2026/09/08 02:50:31.893, 27987 MiB, 81920 MiB, 70 %, 242.24 W, 46
2026/09/08 02:51:01.895, 27987 MiB, 81920 MiB, 100 %, 276.73 W, 48
2026/09/08 02:51:31.896, 27987 MiB, 81920 MiB, 32 %, 280.60 W, 48
2026/09/08 02:52:01.897, 27987 MiB, 81920 MiB, 67 %, 92.05 W, 44
2026/09/08 02:52:31.899, 27987 MiB, 81920 MiB, 2 %, 108.94 W, 45
2026/09/08 02:53:01.900, 27987 MiB, 81920 MiB, 0 %, 90.67 W, 42
2026/09/08 02:53:31.904, 27987 MiB, 81920 MiB, 58 %, 169.92 W, 49
2026/09/08 02:54:01.906, 27987 MiB, 81920 MiB, 0 %, 90.44 W, 42
2026/09/08 02:54:31.908, 27987 MiB, 81920 MiB, 82 %, 103.96 W, 45
2026/09/08 02:55:01.909, 27987 MiB, 81920 MiB, 40 %, 134.95 W, 45
2026/09/08 02:55:31.910, 27987 MiB, 81920 MiB, 35 %, 90.76 W, 42
2026/09/08 02:56:01.912, 27987 MiB, 81920 MiB, 96 %, 315.92 W, 48
2026/09/08 02:56:31.914, 27987 MiB, 81920 MiB, 44 %, 99.24 W, 44
2026/09/08 02:57:01.917, 27987 MiB, 81920 MiB, 0 %, 221.94 W, 44
2026/09/08 02:57:31.919, 27987 MiB, 81920 MiB, 100 %, 270.55 W, 49
2026/09/08 02:58:01.921, 27987 MiB, 81920 MiB, 3 %, 92.40 W, 43
2026/09/08 02:58:31.923, 27987 MiB, 81920 MiB, 13 %, 99.34 W, 46
2026/09/08 02:59:01.924, 27987 MiB, 81920 MiB, 39 %, 92.40 W, 44
2026/09/08 02:59:31.926, 27987 MiB, 81920 MiB, 45 %, 108.35 W, 45
2026/09/08 03:00:01.927, 27987 MiB, 81920 MiB, 0 %, 90.76 W, 42
2026/09/08 03:00:31.929, 27987 MiB, 81920 MiB, 0 %, 90.94 W, 42
2026/09/08 03:01:01.930, 27987 MiB, 81920 MiB, 64 %, 105.04 W, 46
2026/09/08 03:01:31.932, 27987 MiB, 81920 MiB, 51 %, 107.21 W, 43
2026/09/08 03:02:01.933, 27987 MiB, 81920 MiB, 0 %, 91.12 W, 42
2026/09/08 03:02:31.935, 27987 MiB, 81920 MiB, 46 %, 90.67 W, 42
2026/09/08 03:03:01.936, 27987 MiB, 81920 MiB, 73 %, 107.21 W, 46
2026/09/08 03:03:31.937, 27987 MiB, 81920 MiB, 32 %, 144.98 W, 44
2026/09/08 03:04:01.939, 27987 MiB, 81920 MiB, 44 %, 123.71 W, 47
2026/09/08 03:04:31.941, 27987 MiB, 81920 MiB, 0 %, 90.34 W, 42
2026/09/08 03:05:01.942, 27987 MiB, 81920 MiB, 73 %, 91.81 W, 44
2026/09/08 03:05:31.943, 27987 MiB, 81920 MiB, 0 %, 90.76 W, 42
2026/09/08 03:06:01.945, 27987 MiB, 81920 MiB, 72 %, 136.87 W, 45
2026/09/08 03:06:31.946, 27987 MiB, 81920 MiB, 0 %, 91.26 W, 43
2026/09/08 03:07:01.948, 27987 MiB, 81920 MiB, 16 %, 91.26 W, 43
2026/09/08 03:07:31.949, 27987 MiB, 81920 MiB, 89 %, 279.12 W, 48
2026/09/08 03:08:01.950, 27987 MiB, 81920 MiB, 86 %, 303.03 W, 49
2026/09/08 03:08:31.952, 27987 MiB, 81920 MiB, 100 %, 122.24 W, 49
2026/09/08 03:09:01.954, 27987 MiB, 81920 MiB, 4 %, 92.32 W, 44
2026/09/08 03:09:31.955, 27987 MiB, 81920 MiB, 22 %, 281.75 W, 45
2026/09/08 03:10:01.957, 27987 MiB, 81920 MiB, 0 %, 91.86 W, 44
2026/09/08 03:10:31.958, 27987 MiB, 81920 MiB, 29 %, 158.00 W, 46
2026/09/08 03:11:01.960, 27987 MiB, 81920 MiB, 73 %, 287.96 W, 50
2026/09/08 03:11:31.961, 27987 MiB, 81920 MiB, 94 %, 295.92 W, 51
2026/09/08 03:12:01.962, 27987 MiB, 81920 MiB, 0 %, 91.62 W, 43
2026/09/08 03:12:31.968, 27987 MiB, 81920 MiB, 0 %, 91.53 W, 43
2026/09/08 03:13:01.970, 27987 MiB, 81920 MiB, 79 %, 92.40 W, 45
2026/09/08 03:13:31.971, 27987 MiB, 81920 MiB, 66 %, 114.71 W, 48
2026/09/08 03:14:01.972, 27987 MiB, 81920 MiB, 57 %, 105.91 W, 45
2026/09/08 03:14:31.976, 27987 MiB, 81920 MiB, 88 %, 212.51 W, 50
2026/09/08 03:15:01.978, 27987 MiB, 81920 MiB, 4 %, 186.45 W, 46
2026/09/08 03:15:31.979, 27987 MiB, 81920 MiB, 71 %, 155.18 W, 46
2026/09/08 03:16:01.980, 27987 MiB, 81920 MiB, 55 %, 93.10 W, 47
2026/09/08 03:16:31.982, 27987 MiB, 81920 MiB, 36 %, 179.68 W, 44
2026/09/08 03:17:01.983, 27987 MiB, 81920 MiB, 26 %, 91.62 W, 43
2026/09/08 03:17:31.984, 27987 MiB, 81920 MiB, 40 %, 114.98 W, 46
2026/09/08 03:18:01.985, 27987 MiB, 81920 MiB, 0 %, 90.43 W, 42
2026/09/08 03:18:31.986, 27987 MiB, 81920 MiB, 0 %, 90.86 W, 42
2026/09/08 03:19:01.988, 27987 MiB, 81920 MiB, 32 %, 284.99 W, 49
2026/09/08 03:19:31.990, 27987 MiB, 81920 MiB, 43 %, 115.19 W, 46
2026/09/08 03:20:01.992, 27987 MiB, 81920 MiB, 0 %, 72.80 W, 42
2026/09/08 03:20:31.993, 27987 MiB, 81920 MiB, 2 %, 91.31 W, 43
2026/09/08 03:21:01.995, 27987 MiB, 81920 MiB, 27 %, 91.91 W, 43
2026/09/08 03:21:31.997, 27987 MiB, 81920 MiB, 61 %, 293.26 W, 47
2026/09/08 03:22:01.998, 27987 MiB, 81920 MiB, 0 %, 90.84 W, 42
2026/09/08 03:22:32.000, 27987 MiB, 81920 MiB, 0 %, 72.33 W, 41
2026/09/08 03:23:02.001, 27987 MiB, 81920 MiB, 0 %, 91.03 W, 42
2026/09/08 03:23:32.003, 27987 MiB, 81920 MiB, 88 %, 223.04 W, 49
2026/09/08 03:24:02.005, 27987 MiB, 81920 MiB, 65 %, 105.26 W, 46
2026/09/08 03:24:32.006, 27987 MiB, 81920 MiB, 70 %, 133.02 W, 45
2026/09/08 03:25:02.007, 27987 MiB, 81920 MiB, 0 %, 90.67 W, 42
2026/09/08 03:25:32.008, 27987 MiB, 81920 MiB, 5 %, 75.31 W, 41
2026/09/08 03:26:02.011, 27987 MiB, 81920 MiB, 0 %, 72.40 W, 40
2026/09/08 03:26:32.012, 27987 MiB, 81920 MiB, 39 %, 98.21 W, 43
2026/09/08 03:27:02.013, 27987 MiB, 81920 MiB, 27 %, 96.85 W, 42
2026/09/08 03:27:32.015, 27987 MiB, 81920 MiB, 2 %, 91.35 W, 44
2026/09/08 03:28:02.016, 27987 MiB, 81920 MiB, 0 %, 90.94 W, 43
2026/09/08 03:28:32.019, 27987 MiB, 81920 MiB, 85 %, 94.19 W, 46
2026/09/08 03:29:02.020, 27987 MiB, 81920 MiB, 1 %, 204.56 W, 44
2026/09/08 03:29:32.022, 27987 MiB, 81920 MiB, 55 %, 92.63 W, 46
2026/09/08 03:30:02.024, 27987 MiB, 81920 MiB, 4 %, 269.38 W, 47
2026/09/08 03:30:32.025, 27987 MiB, 81920 MiB, 0 %, 78.56 W, 41
2026/09/08 03:31:02.026, 27987 MiB, 81920 MiB, 54 %, 260.27 W, 48
2026/09/08 03:31:32.028, 27987 MiB, 81920 MiB, 33 %, 91.76 W, 44
2026/09/08 03:32:02.029, 27987 MiB, 81920 MiB, 5 %, 296.51 W, 47
2026/09/08 03:32:32.030, 27987 MiB, 81920 MiB, 71 %, 98.81 W, 44
2026/09/08 03:33:02.032, 27987 MiB, 81920 MiB, 0 %, 90.84 W, 42
2026/09/08 03:33:32.033, 27987 MiB, 81920 MiB, 0 %, 295.04 W, 49
2026/09/08 03:34:02.036, 27987 MiB, 81920 MiB, 0 %, 72.92 W, 41
2026/09/08 03:34:32.038, 27987 MiB, 81920 MiB, 88 %, 285.59 W, 50
2026/09/08 03:35:02.040, 27987 MiB, 81920 MiB, 100 %, 204.39 W, 49
2026/09/08 03:35:32.041, 27987 MiB, 81920 MiB, 57 %, 91.53 W, 43
2026/09/08 03:36:02.048, 27987 MiB, 81920 MiB, 0 %, 100.97 W, 43
2026/09/08 03:36:32.050, 27987 MiB, 81920 MiB, 98 %, 298.85 W, 50
2026/09/08 03:37:02.051, 27987 MiB, 81920 MiB, 82 %, 92.03 W, 45
2026/09/08 03:37:32.052, 27987 MiB, 81920 MiB, 86 %, 319.58 W, 49
2026/09/08 03:38:02.054, 27987 MiB, 81920 MiB, 50 %, 100.60 W, 47
2026/09/08 03:38:32.056, 27987 MiB, 81920 MiB, 0 %, 90.43 W, 42
2026/09/08 03:39:02.057, 27987 MiB, 81920 MiB, 0 %, 72.65 W, 41
2026/09/08 03:39:32.059, 27987 MiB, 81920 MiB, 85 %, 209.00 W, 45
2026/09/08 03:40:02.060, 27987 MiB, 81920 MiB, 26 %, 167.01 W, 45
2026/09/08 03:40:32.064, 27987 MiB, 81920 MiB, 69 %, 177.29 W, 47
2026/09/08 03:41:02.066, 27987 MiB, 81920 MiB, 55 %, 100.17 W, 43
2026/09/08 03:41:32.069, 27987 MiB, 81920 MiB, 57 %, 91.53 W, 43
2026/09/08 03:42:02.071, 27987 MiB, 81920 MiB, 92 %, 242.24 W, 45
2026/09/08 03:42:32.077, 27987 MiB, 81920 MiB, 62 %, 180.54 W, 45
2026/09/08 03:43:02.078, 27987 MiB, 81920 MiB, 90 %, 144.83 W, 46
2026/09/08 03:43:32.079, 27987 MiB, 81920 MiB, 0 %, 91.43 W, 43
2026/09/08 03:44:02.080, 27987 MiB, 81920 MiB, 0 %, 90.67 W, 42
2026/09/08 03:44:32.081, 27987 MiB, 81920 MiB, 0 %, 91.86 W, 43
2026/09/08 03:45:02.084, 27987 MiB, 81920 MiB, 74 %, 194.69 W, 45
2026/09/08 03:45:32.085, 27987 MiB, 81920 MiB, 65 %, 95.55 W, 46
2026/09/08 03:46:02.087, 27987 MiB, 81920 MiB, 0 %, 90.67 W, 42
2026/09/08 03:46:32.088, 27987 MiB, 81920 MiB, 89 %, 92.05 W, 45
2026/09/08 03:47:02.090, 27987 MiB, 81920 MiB, 67 %, 255.77 W, 44
2026/09/08 03:47:32.091, 27987 MiB, 81920 MiB, 0 %, 90.95 W, 42
2026/09/08 03:48:02.093, 27987 MiB, 81920 MiB, 2 %, 259.62 W, 43
2026/09/08 03:48:32.095, 27987 MiB, 81920 MiB, 38 %, 90.94 W, 46
2026/09/08 03:49:02.097, 27987 MiB, 81920 MiB, 0 %, 72.65 W, 41
2026/09/08 03:49:32.098, 27987 MiB, 81920 MiB, 0 %, 90.24 W, 42
2026/09/08 03:50:02.099, 27987 MiB, 81920 MiB, 87 %, 93.10 W, 44
2026/09/08 03:50:32.100, 27987 MiB, 81920 MiB, 0 %, 90.84 W, 43
2026/09/08 03:51:02.102, 27987 MiB, 81920 MiB, 0 %, 71.46 W, 38
2026/09/08 03:51:32.103, 27987 MiB, 81920 MiB, 54 %, 123.71 W, 42
2026/09/08 03:52:02.104, 27987 MiB, 81920 MiB, 0 %, 89.29 W, 41
2026/09/08 03:52:32.105, 27987 MiB, 81920 MiB, 0 %, 89.38 W, 42
2026/09/08 03:53:02.107, 27987 MiB, 81920 MiB, 58 %, 91.62 W, 43
2026/09/08 03:53:32.108, 27987 MiB, 81920 MiB, 40 %, 90.34 W, 42
2026/09/08 03:54:02.112, 27987 MiB, 81920 MiB, 80 %, 136.73 W, 48
2026/09/08 03:54:32.114, 27987 MiB, 81920 MiB, 0 %, 90.86 W, 42
2026/09/08 03:55:02.115, 27987 MiB, 81920 MiB, 1 %, 72.12 W, 40
2026/09/08 03:55:32.116, 27987 MiB, 81920 MiB, 52 %, 98.42 W, 43
2026/09/08 03:56:02.118, 27987 MiB, 81920 MiB, 24 %, 90.94 W, 43
2026/09/08 03:56:32.119, 27987 MiB, 81920 MiB, 0 %, 90.24 W, 42
2026/09/08 03:57:02.121, 27987 MiB, 81920 MiB, 1 %, 106.02 W, 42
2026/09/08 03:57:32.122, 27987 MiB, 81920 MiB, 51 %, 149.16 W, 45
2026/09/08 03:58:02.123, 27987 MiB, 81920 MiB, 84 %, 284.12 W, 45
2026/09/08 03:58:32.124, 27987 MiB, 81920 MiB, 30 %, 102.06 W, 45
2026/09/08 03:59:02.125, 27987 MiB, 81920 MiB, 0 %, 91.03 W, 43
2026/09/08 03:59:32.128, 27987 MiB, 81920 MiB, 65 %, 153.11 W, 46
2026/09/08 04:00:02.129, 27987 MiB, 81920 MiB, 0 %, 91.26 W, 43
2026/09/08 04:00:32.130, 27987 MiB, 81920 MiB, 0 %, 90.67 W, 42
2026/09/08 04:01:02.132, 27987 MiB, 81920 MiB, 0 %, 90.52 W, 42
2026/09/08 04:01:32.134, 27987 MiB, 81920 MiB, 82 %, 93.42 W, 47
2026/09/08 04:02:02.136, 27987 MiB, 81920 MiB, 0 %, 91.16 W, 43
2026/09/08 04:02:32.137, 27987 MiB, 81920 MiB, 26 %, 91.26 W, 44
2026/09/08 04:03:02.138, 27987 MiB, 81920 MiB, 99 %, 294.13 W, 47
2026/09/08 04:03:32.139, 27987 MiB, 81920 MiB, 44 %, 90.67 W, 43
2026/09/08 04:04:02.141, 27987 MiB, 81920 MiB, 0 %, 90.94 W, 42
2026/09/08 04:04:32.142, 27987 MiB, 81920 MiB, 52 %, 122.69 W, 48
2026/09/08 04:05:02.144, 27987 MiB, 81920 MiB, 82 %, 309.81 W, 49
2026/09/08 04:05:32.146, 27987 MiB, 81920 MiB, 24 %, 274.98 W, 45
2026/09/08 04:06:02.147, 27987 MiB, 81920 MiB, 35 %, 152.84 W, 44
2026/09/08 04:06:32.149, 27987 MiB, 81920 MiB, 2 %, 110.37 W, 42
2026/09/08 04:07:02.150, 27987 MiB, 81920 MiB, 65 %, 90.76 W, 43
2026/09/08 04:07:32.151, 27987 MiB, 81920 MiB, 33 %, 280.27 W, 48
2026/09/08 04:08:02.153, 27987 MiB, 81920 MiB, 86 %, 92.49 W, 45
2026/09/08 04:08:32.155, 27987 MiB, 81920 MiB, 81 %, 104.12 W, 44
2026/09/08 04:09:02.156, 27987 MiB, 81920 MiB, 77 %, 211.00 W, 50
2026/09/08 04:09:32.157, 27987 MiB, 81920 MiB, 3 %, 90.94 W, 43
2026/09/08 04:10:02.159, 27987 MiB, 81920 MiB, 13 %, 91.03 W, 43
2026/09/08 04:10:32.161, 27987 MiB, 81920 MiB, 19 %, 72.88 W, 42
2026/09/08 04:11:02.162, 27987 MiB, 81920 MiB, 8 %, 182.87 W, 44
2026/09/08 04:11:32.164, 27987 MiB, 81920 MiB, 0 %, 90.53 W, 42
2026/09/08 04:12:02.165, 27987 MiB, 81920 MiB, 0 %, 90.21 W, 42
2026/09/08 04:12:32.167, 27987 MiB, 81920 MiB, 67 %, 146.78 W, 45
2026/09/08 04:13:02.168, 27987 MiB, 81920 MiB, 5 %, 107.93 W, 42
2026/09/08 04:13:32.169, 27987 MiB, 81920 MiB, 88 %, 93.71 W, 48
2026/09/08 04:14:02.170, 27987 MiB, 81920 MiB, 81 %, 146.17 W, 47
2026/09/08 04:14:32.172, 27987 MiB, 81920 MiB, 84 %, 94.71 W, 47
2026/09/08 04:15:02.174, 27987 MiB, 81920 MiB, 28 %, 255.50 W, 45
2026/09/08 04:15:32.177, 27987 MiB, 81920 MiB, 34 %, 282.06 W, 47
2026/09/08 04:16:02.178, 27987 MiB, 81920 MiB, 83 %, 120.38 W, 48
2026/09/08 04:16:32.182, 27987 MiB, 81920 MiB, 71 %, 130.54 W, 48
2026/09/08 04:17:02.186, 27987 MiB, 81920 MiB, 51 %, 92.82 W, 47
2026/09/08 04:17:32.187, 27987 MiB, 81920 MiB, 0 %, 90.94 W, 44
2026/09/08 04:18:02.189, 27987 MiB, 81920 MiB, 0 %, 91.62 W, 43
2026/09/08 04:18:32.190, 27987 MiB, 81920 MiB, 39 %, 284.72 W, 49
2026/09/08 04:19:02.191, 27987 MiB, 81920 MiB, 0 %, 91.53 W, 44
2026/09/08 04:19:32.192, 27987 MiB, 81920 MiB, 11 %, 115.19 W, 46
2026/09/08 04:20:02.195, 27987 MiB, 81920 MiB, 67 %, 91.86 W, 44
2026/09/08 04:20:32.197, 27987 MiB, 81920 MiB, 54 %, 92.13 W, 44
2026/09/08 04:21:02.198, 27987 MiB, 81920 MiB, 0 %, 91.26 W, 43
2026/09/08 04:21:32.199, 27987 MiB, 81920 MiB, 78 %, 230.14 W, 45
2026/09/08 04:22:02.203, 27987 MiB, 81920 MiB, 0 %, 91.03 W, 43
2026/09/08 04:22:32.206, 27987 MiB, 81920 MiB, 0 %, 72.92 W, 41
2026/09/08 04:23:02.208, 27987 MiB, 81920 MiB, 97 %, 300.03 W, 49
2026/09/08 04:23:32.209, 27987 MiB, 81920 MiB, 9 %, 142.65 W, 44
2026/09/08 04:24:02.211, 27987 MiB, 81920 MiB, 47 %, 135.26 W, 46
2026/09/08 04:24:32.212, 27987 MiB, 81920 MiB, 0 %, 90.57 W, 42
2026/09/08 04:25:02.213, 27987 MiB, 81920 MiB, 74 %, 195.88 W, 45
2026/09/08 04:25:32.214, 27987 MiB, 81920 MiB, 85 %, 260.49 W, 49
2026/09/08 04:26:02.215, 27987 MiB, 81920 MiB, 84 %, 92.30 W, 45
2026/09/08 04:26:32.216, 27987 MiB, 81920 MiB, 53 %, 251.39 W, 46
2026/09/08 04:27:02.218, 27987 MiB, 81920 MiB, 16 %, 217.23 W, 44
2026/09/08 04:27:32.219, 27987 MiB, 81920 MiB, 0 %, 91.16 W, 43
2026/09/08 04:28:02.228, 27987 MiB, 81920 MiB, 31 %, 91.26 W, 46
2026/09/08 04:28:32.230, 27987 MiB, 81920 MiB, 55 %, 95.29 W, 44
2026/09/08 04:29:02.231, 27987 MiB, 81920 MiB, 35 %, 92.03 W, 44
2026/09/08 04:29:32.232, 27987 MiB, 81920 MiB, 20 %, 92.13 W, 48
2026/09/08 04:30:02.234, 27987 MiB, 81920 MiB, 62 %, 91.53 W, 43
2026/09/08 04:30:32.235, 27987 MiB, 81920 MiB, 67 %, 263.70 W, 46
2026/09/08 04:31:02.236, 27987 MiB, 81920 MiB, 57 %, 171.20 W, 44
2026/09/08 04:31:32.238, 27987 MiB, 81920 MiB, 0 %, 91.03 W, 42
2026/09/08 04:32:02.239, 27987 MiB, 81920 MiB, 70 %, 239.34 W, 48
2026/09/08 04:32:32.241, 27987 MiB, 81920 MiB, 99 %, 192.43 W, 49
2026/09/08 04:33:02.243, 27987 MiB, 81920 MiB, 72 %, 133.66 W, 47
2026/09/08 04:33:32.245, 27987 MiB, 81920 MiB, 0 %, 90.94 W, 42
2026/09/08 04:34:02.247, 27987 MiB, 81920 MiB, 78 %, 273.50 W, 48
2026/09/08 04:34:32.248, 27987 MiB, 81920 MiB, 45 %, 219.33 W, 47
2026/09/08 04:35:02.250, 27987 MiB, 81920 MiB, 0 %, 72.48 W, 41
2026/09/08 04:35:32.250, 27987 MiB, 81920 MiB, 32 %, 97.18 W, 43
2026/09/08 04:36:02.252, 27987 MiB, 81920 MiB, 88 %, 109.54 W, 46
2026/09/08 04:36:32.254, 27987 MiB, 81920 MiB, 47 %, 242.82 W, 45
2026/09/08 04:37:02.256, 27987 MiB, 81920 MiB, 0 %, 72.92 W, 41
2026/09/08 04:37:32.257, 27987 MiB, 81920 MiB, 1 %, 236.91 W, 45
2026/09/08 04:38:02.258, 27987 MiB, 81920 MiB, 0 %, 72.40 W, 40
2026/09/08 04:38:32.259, 27987 MiB, 81920 MiB, 42 %, 128.76 W, 45
2026/09/08 04:39:02.261, 27987 MiB, 81920 MiB, 30 %, 241.12 W, 45
2026/09/08 04:39:32.262, 27987 MiB, 81920 MiB, 56 %, 90.94 W, 42
2026/09/08 04:40:02.264, 27987 MiB, 81920 MiB, 94 %, 246.16 W, 46
2026/09/08 04:40:32.267, 27987 MiB, 81920 MiB, 65 %, 102.50 W, 45
2026/09/08 04:41:02.271, 27987 MiB, 81920 MiB, 38 %, 90.67 W, 43
2026/09/08 04:41:32.273, 27987 MiB, 81920 MiB, 96 %, 156.53 W, 48
2026/09/08 04:42:02.274, 27987 MiB, 81920 MiB, 47 %, 91.35 W, 43
2026/09/08 04:42:32.276, 27987 MiB, 81920 MiB, 35 %, 183.52 W, 43
2026/09/08 04:43:02.277, 27987 MiB, 81920 MiB, 74 %, 284.69 W, 48
2026/09/08 04:43:32.279, 27987 MiB, 81920 MiB, 0 %, 90.76 W, 42
2026/09/08 04:44:02.280, 27987 MiB, 81920 MiB, 33 %, 148.56 W, 45
2026/09/08 04:44:32.284, 27987 MiB, 81920 MiB, 0 %, 90.94 W, 43
2026/09/08 04:45:02.287, 27987 MiB, 81920 MiB, 78 %, 116.80 W, 45
2026/09/08 04:45:32.288, 27987 MiB, 81920 MiB, 0 %, 152.08 W, 45
2026/09/08 04:46:02.289, 27987 MiB, 81920 MiB, 15 %, 91.62 W, 43
2026/09/08 04:46:32.291, 27987 MiB, 81920 MiB, 0 %, 90.94 W, 43
2026/09/08 04:47:02.293, 27987 MiB, 81920 MiB, 0 %, 73.33 W, 41
2026/09/08 04:47:32.294, 27987 MiB, 81920 MiB, 78 %, 91.62 W, 43
2026/09/08 04:48:02.296, 27987 MiB, 81920 MiB, 75 %, 291.19 W, 49
2026/09/08 04:48:32.298, 27987 MiB, 81920 MiB, 14 %, 91.53 W, 43
2026/09/08 04:49:02.299, 27987 MiB, 81920 MiB, 0 %, 72.73 W, 41
2026/09/08 04:49:32.300, 27987 MiB, 81920 MiB, 0 %, 90.57 W, 42
2026/09/08 04:50:02.302, 27987 MiB, 81920 MiB, 0 %, 90.94 W, 43
2026/09/08 04:50:32.304, 27987 MiB, 81920 MiB, 86 %, 217.50 W, 49
2026/09/08 04:51:02.306, 27987 MiB, 81920 MiB, 0 %, 90.84 W, 42
2026/09/08 04:51:32.307, 27987 MiB, 81920 MiB, 3 %, 92.73 W, 45
2026/09/08 04:52:02.308, 27987 MiB, 81920 MiB, 99 %, 177.80 W, 45
2026/09/08 04:52:32.309, 27987 MiB, 81920 MiB, 84 %, 190.30 W, 45
2026/09/08 04:53:02.311, 27987 MiB, 81920 MiB, 46 %, 318.64 W, 47
2026/09/08 04:53:32.312, 27987 MiB, 81920 MiB, 72 %, 163.49 W, 45
2026/09/08 04:54:02.316, 27987 MiB, 81920 MiB, 0 %, 91.03 W, 43
2026/09/08 04:54:32.318, 27987 MiB, 81920 MiB, 92 %, 299.74 W, 49
2026/09/08 04:55:02.319, 27987 MiB, 81920 MiB, 33 %, 92.90 W, 46
2026/09/08 04:55:32.320, 27987 MiB, 81920 MiB, 0 %, 71.65 W, 39
2026/09/08 04:56:02.321, 27987 MiB, 81920 MiB, 25 %, 88.60 W, 40
2026/09/08 04:56:32.323, 27987 MiB, 81920 MiB, 6 %, 90.16 W, 42
2026/09/08 04:57:02.324, 27987 MiB, 81920 MiB, 9 %, 268.77 W, 44
2026/09/08 04:57:32.325, 27987 MiB, 81920 MiB, 1 %, 91.04 W, 42
2026/09/08 04:58:02.326, 27987 MiB, 81920 MiB, 56 %, 92.24 W, 44
2026/09/08 04:58:32.327, 27987 MiB, 81920 MiB, 75 %, 91.62 W, 44
2026/09/08 04:59:02.329, 27987 MiB, 81920 MiB, 0 %, 276.42 W, 45
2026/09/08 04:59:32.331, 27987 MiB, 81920 MiB, 61 %, 131.41 W, 46
2026/09/08 05:00:02.333, 27987 MiB, 81920 MiB, 29 %, 91.03 W, 45
2026/09/08 05:00:32.334, 27987 MiB, 81920 MiB, 49 %, 136.74 W, 45
2026/09/08 05:01:02.335, 27987 MiB, 81920 MiB, 0 %, 89.38 W, 41
2026/09/08 05:01:32.337, 27987 MiB, 81920 MiB, 0 %, 90.34 W, 42
2026/09/08 05:02:02.339, 27987 MiB, 81920 MiB, 100 %, 299.16 W, 49
2026/09/08 05:02:32.340, 27987 MiB, 81920 MiB, 0 %, 90.94 W, 43
2026/09/08 05:03:02.341, 27987 MiB, 81920 MiB, 0 %, 90.34 W, 42
2026/09/08 05:03:32.343, 27987 MiB, 81920 MiB, 33 %, 90.67 W, 42
2026/09/08 05:04:02.344, 27987 MiB, 81920 MiB, 0 %, 91.53 W, 44
2026/09/08 05:04:32.345, 27987 MiB, 81920 MiB, 59 %, 215.40 W, 50
2026/09/08 05:05:02.346, 27987 MiB, 81920 MiB, 24 %, 91.53 W, 43
2026/09/08 05:05:32.419, 27987 MiB, 81920 MiB, 36 %, 90.67 W, 42
2026/09/08 05:06:02.421, 27987 MiB, 81920 MiB, 91 %, 119.79 W, 48
2026/09/08 05:06:32.423, 27987 MiB, 81920 MiB, 0 %, 232.79 W, 45
2026/09/08 05:07:02.427, 27987 MiB, 81920 MiB, 0 %, 89.47 W, 42
2026/09/08 05:07:32.428, 27987 MiB, 81920 MiB, 19 %, 98.42 W, 42
2026/09/08 05:08:02.429, 27987 MiB, 81920 MiB, 0 %, 90.67 W, 42
2026/09/08 05:08:32.431, 27987 MiB, 81920 MiB, 0 %, 84.75 W, 41
2026/09/08 05:09:02.432, 27987 MiB, 81920 MiB, 74 %, 284.99 W, 48
2026/09/08 05:09:32.436, 27987 MiB, 81920 MiB, 66 %, 221.61 W, 44
2026/09/08 05:10:02.438, 27987 MiB, 81920 MiB, 0 %, 90.07 W, 42
2026/09/08 05:10:32.440, 27987 MiB, 81920 MiB, 75 %, 259.95 W, 47
2026/09/08 05:11:02.441, 27987 MiB, 81920 MiB, 53 %, 116.78 W, 46
2026/09/08 05:11:32.443, 27987 MiB, 81920 MiB, 0 %, 282.04 W, 49
2026/09/08 05:12:02.444, 27987 MiB, 81920 MiB, 63 %, 120.06 W, 48
2026/09/08 05:12:32.445, 27987 MiB, 81920 MiB, 0 %, 91.03 W, 43
2026/09/08 05:13:02.448, 27987 MiB, 81920 MiB, 84 %, 92.32 W, 44
2026/09/08 05:13:32.449, 27987 MiB, 81920 MiB, 78 %, 284.99 W, 48
2026/09/08 05:14:02.450, 27987 MiB, 81920 MiB, 33 %, 126.11 W, 44
2026/09/08 05:14:32.451, 27987 MiB, 81920 MiB, 18 %, 90.94 W, 42
2026/09/08 05:15:02.453, 27987 MiB, 81920 MiB, 63 %, 292.05 W, 50
2026/09/08 05:15:32.454, 27987 MiB, 81920 MiB, 6 %, 216.26 W, 45
2026/09/08 05:16:02.461, 27987 MiB, 81920 MiB, 0 %, 90.94 W, 42
2026/09/08 05:16:32.462, 27987 MiB, 81920 MiB, 85 %, 297.67 W, 48
2026/09/08 05:17:02.463, 27987 MiB, 81920 MiB, 55 %, 157.84 W, 44
2026/09/08 05:17:32.465, 27987 MiB, 81920 MiB, 65 %, 127.02 W, 46
2026/09/08 05:18:02.467, 27987 MiB, 81920 MiB, 42 %, 294.40 W, 49
2026/09/08 05:18:32.470, 27987 MiB, 81920 MiB, 89 %, 109.87 W, 50
2026/09/08 05:19:02.471, 27987 MiB, 81920 MiB, 5 %, 91.53 W, 43
2026/09/08 05:19:32.475, 27987 MiB, 81920 MiB, 0 %, 91.43 W, 44
2026/09/08 05:20:02.477, 27987 MiB, 81920 MiB, 7 %, 142.77 W, 50
2026/09/08 05:20:32.478, 27987 MiB, 81920 MiB, 0 %, 91.76 W, 43
2026/09/08 05:21:02.479, 27987 MiB, 81920 MiB, 70 %, 181.93 W, 48
2026/09/08 05:21:32.481, 27987 MiB, 81920 MiB, 79 %, 283.55 W, 51
2026/09/08 05:22:02.482, 27987 MiB, 81920 MiB, 26 %, 90.84 W, 42
2026/09/08 05:22:32.483, 27987 MiB, 81920 MiB, 60 %, 121.77 W, 45
2026/09/08 05:23:02.485, 27987 MiB, 81920 MiB, 16 %, 91.53 W, 43
2026/09/08 05:23:32.486, 27987 MiB, 81920 MiB, 55 %, 184.31 W, 46
2026/09/08 05:24:02.487, 27987 MiB, 81920 MiB, 3 %, 92.59 W, 45
2026/09/08 05:24:32.489, 27987 MiB, 81920 MiB, 60 %, 230.97 W, 50
2026/09/08 05:25:02.489, 27987 MiB, 81920 MiB, 38 %, 222.44 W, 47
2026/09/08 05:25:32.491, 27987 MiB, 81920 MiB, 3 %, 215.66 W, 46
2026/09/08 05:26:02.492, 27987 MiB, 81920 MiB, 89 %, 246.94 W, 50
2026/09/08 05:26:32.493, 27987 MiB, 81920 MiB, 27 %, 100.87 W, 45
2026/09/08 05:27:02.494, 27987 MiB, 81920 MiB, 0 %, 77.04 W, 42
2026/09/08 05:27:32.495, 27987 MiB, 81920 MiB, 0 %, 91.76 W, 44
2026/09/08 05:28:02.496, 27987 MiB, 81920 MiB, 0 %, 72.73 W, 42
2026/09/08 05:28:32.497, 27987 MiB, 81920 MiB, 0 %, 91.53 W, 43
2026/09/08 05:29:02.499, 27987 MiB, 81920 MiB, 35 %, 91.35 W, 43
2026/09/08 05:29:32.502, 27987 MiB, 81920 MiB, 0 %, 91.03 W, 43
2026/09/08 05:30:02.503, 27987 MiB, 81920 MiB, 0 %, 91.03 W, 45
2026/09/08 05:30:32.505, 27987 MiB, 81920 MiB, 0 %, 90.95 W, 42
2026/09/08 05:31:02.508, 27987 MiB, 81920 MiB, 4 %, 90.71 W, 42
2026/09/08 05:31:32.510, 27987 MiB, 81920 MiB, 28 %, 73.56 W, 41
2026/09/08 05:32:02.511, 27987 MiB, 81920 MiB, 0 %, 90.44 W, 42
2026/09/08 05:32:32.513, 27987 MiB, 81920 MiB, 98 %, 200.63 W, 48
2026/09/08 05:33:02.514, 27987 MiB, 81920 MiB, 85 %, 286.50 W, 47
2026/09/08 05:33:32.516, 27987 MiB, 81920 MiB, 49 %, 91.53 W, 43
2026/09/08 05:34:02.517, 27987 MiB, 81920 MiB, 5 %, 120.77 W, 47
2026/09/08 05:34:32.518, 27987 MiB, 81920 MiB, 0 %, 72.84 W, 42
2026/09/08 05:35:02.520, 27987 MiB, 81920 MiB, 0 %, 91.35 W, 43
2026/09/08 05:35:32.521, 27987 MiB, 81920 MiB, 0 %, 90.24 W, 42
2026/09/08 05:36:02.525, 27987 MiB, 81920 MiB, 0 %, 90.67 W, 42
2026/09/08 05:36:32.527, 27987 MiB, 81920 MiB, 0 %, 90.34 W, 42
2026/09/08 05:37:02.530, 27987 MiB, 81920 MiB, 26 %, 90.94 W, 43
2026/09/08 05:37:32.531, 27987 MiB, 81920 MiB, 81 %, 91.35 W, 43
2026/09/08 05:38:02.532, 27987 MiB, 81920 MiB, 10 %, 90.76 W, 42
2026/09/08 05:38:32.534, 27987 MiB, 81920 MiB, 27 %, 92.73 W, 44
2026/09/08 05:39:02.536, 27987 MiB, 81920 MiB, 4 %, 79.35 W, 41
2026/09/08 05:39:32.537, 27987 MiB, 81920 MiB, 47 %, 133.79 W, 46
2026/09/08 05:40:02.571, 27987 MiB, 81920 MiB, 38 %, 196.21 W, 46
2026/09/08 05:40:32.573, 27987 MiB, 81920 MiB, 91 %, 168.81 W, 46
2026/09/08 05:41:02.574, 27987 MiB, 81920 MiB, 0 %, 90.34 W, 42
2026/09/08 05:41:32.575, 27987 MiB, 81920 MiB, 35 %, 134.66 W, 44
2026/09/08 05:42:02.576, 27987 MiB, 81920 MiB, 0 %, 90.94 W, 42
2026/09/08 05:42:32.577, 27987 MiB, 81920 MiB, 74 %, 95.85 W, 48
2026/09/08 05:43:02.578, 27987 MiB, 81920 MiB, 89 %, 312.74 W, 48
2026/09/08 05:43:32.579, 27987 MiB, 81920 MiB, 0 %, 90.76 W, 42
2026/09/08 05:44:02.580, 27987 MiB, 81920 MiB, 56 %, 91.26 W, 43
2026/09/08 05:44:32.581, 27987 MiB, 81920 MiB, 32 %, 278.54 W, 48
2026/09/08 05:45:02.582, 27987 MiB, 81920 MiB, 36 %, 91.62 W, 43
2026/09/08 05:45:32.584, 27987 MiB, 81920 MiB, 60 %, 147.40 W, 46
2026/09/08 05:46:02.585, 27987 MiB, 81920 MiB, 86 %, 280.26 W, 48
2026/09/08 05:46:32.586, 27987 MiB, 81920 MiB, 18 %, 129.95 W, 45
2026/09/08 05:47:02.588, 27987 MiB, 81920 MiB, 52 %, 371.79 W, 47
2026/09/08 05:47:32.589, 27987 MiB, 81920 MiB, 92 %, 100.00 W, 46
2026/09/08 05:48:02.590, 27987 MiB, 81920 MiB, 0 %, 90.34 W, 42
2026/09/08 05:48:32.592, 27987 MiB, 81920 MiB, 36 %, 91.26 W, 43
2026/09/08 05:49:02.593, 27987 MiB, 81920 MiB, 0 %, 90.34 W, 42
2026/09/08 05:49:32.595, 27987 MiB, 81920 MiB, 53 %, 149.00 W, 49
2026/09/08 05:50:02.596, 27987 MiB, 81920 MiB, 3 %, 92.13 W, 42
2026/09/08 05:50:32.597, 27987 MiB, 81920 MiB, 0 %, 90.67 W, 42
2026/09/08 05:51:02.599, 27987 MiB, 81920 MiB, 48 %, 221.21 W, 47
2026/09/08 05:51:32.601, 27987 MiB, 81920 MiB, 41 %, 194.62 W, 45
2026/09/08 05:52:02.602, 27987 MiB, 81920 MiB, 99 %, 92.13 W, 43
2026/09/08 05:52:32.603, 27987 MiB, 81920 MiB, 100 %, 102.16 W, 48
2026/09/08 05:53:02.605, 27987 MiB, 81920 MiB, 30 %, 120.04 W, 45
2026/09/08 05:53:32.607, 27987 MiB, 81920 MiB, 56 %, 152.57 W, 44
2026/09/08 05:54:02.608, 27987 MiB, 81920 MiB, 5 %, 91.04 W, 46
2026/09/08 05:54:32.609, 27987 MiB, 81920 MiB, 41 %, 72.80 W, 44
2026/09/08 05:55:02.611, 27987 MiB, 81920 MiB, 1 %, 199.87 W, 45
2026/09/08 05:55:32.612, 27987 MiB, 81920 MiB, 0 %, 90.81 W, 42
2026/09/08 05:56:02.614, 27987 MiB, 81920 MiB, 0 %, 72.70 W, 41
2026/09/08 05:56:32.616, 27987 MiB, 81920 MiB, 85 %, 93.31 W, 44
2026/09/08 05:57:02.619, 27987 MiB, 81920 MiB, 40 %, 102.92 W, 45
2026/09/08 05:57:32.620, 27987 MiB, 81920 MiB, 0 %, 90.86 W, 42
2026/09/08 05:58:02.621, 27987 MiB, 81920 MiB, 83 %, 246.33 W, 47
2026/09/08 05:58:32.622, 27987 MiB, 81920 MiB, 46 %, 295.88 W, 49
2026/09/08 05:59:02.623, 27987 MiB, 81920 MiB, 0 %, 90.76 W, 42
2026/09/08 05:59:32.624, 27987 MiB, 81920 MiB, 11 %, 295.29 W, 47
2026/09/08 06:00:02.626, 27987 MiB, 81920 MiB, 26 %, 112.41 W, 46
2026/09/08 06:00:32.627, 27987 MiB, 81920 MiB, 0 %, 72.12 W, 40
2026/09/08 06:01:02.629, 27987 MiB, 81920 MiB, 0 %, 70.86 W, 38
2026/09/08 06:01:32.631, 27987 MiB, 81920 MiB, 42 %, 88.51 W, 40
2026/09/08 06:02:02.632, 27987 MiB, 81920 MiB, 48 %, 142.31 W, 45
2026/09/08 06:02:32.633, 27987 MiB, 81920 MiB, 0 %, 90.34 W, 42
2026/09/08 06:03:02.634, 27987 MiB, 81920 MiB, 0 %, 90.43 W, 41
2026/09/08 06:03:32.635, 27987 MiB, 81920 MiB, 70 %, 166.07 W, 47
2026/09/08 06:04:02.637, 27987 MiB, 81920 MiB, 85 %, 161.85 W, 47
2026/09/08 06:04:32.638, 27987 MiB, 81920 MiB, 0 %, 90.16 W, 42
2026/09/08 06:05:02.640, 27987 MiB, 81920 MiB, 100 %, 234.25 W, 46
2026/09/08 06:05:32.642, 27987 MiB, 81920 MiB, 0 %, 72.65 W, 41
2026/09/08 06:06:02.644, 27987 MiB, 81920 MiB, 0 %, 90.57 W, 42
2026/09/08 06:06:32.650, 27987 MiB, 81920 MiB, 0 %, 90.43 W, 42
2026/09/08 06:07:02.652, 27987 MiB, 81920 MiB, 95 %, 166.07 W, 47
2026/09/08 06:07:32.654, 27987 MiB, 81920 MiB, 0 %, 90.94 W, 42
2026/09/08 06:08:02.655, 27987 MiB, 81920 MiB, 41 %, 91.43 W, 43
2026/09/08 06:08:32.657, 27987 MiB, 81920 MiB, 0 %, 90.43 W, 42
2026/09/08 06:09:02.658, 27987 MiB, 81920 MiB, 2 %, 90.34 W, 42
2026/09/08 06:09:32.660, 27987 MiB, 81920 MiB, 73 %, 193.55 W, 46
2026/09/08 06:10:02.661, 27987 MiB, 81920 MiB, 0 %, 90.34 W, 42
2026/09/08 06:10:32.662, 27987 MiB, 81920 MiB, 81 %, 177.66 W, 47
2026/09/08 06:11:02.663, 27987 MiB, 81920 MiB, 79 %, 248.14 W, 49
2026/09/08 06:11:32.665, 27987 MiB, 81920 MiB, 73 %, 215.62 W, 46
2026/09/08 06:12:02.666, 27987 MiB, 81920 MiB, 0 %, 91.03 W, 42
2026/09/08 06:12:32.667, 27987 MiB, 81920 MiB, 60 %, 96.58 W, 45
2026/09/08 06:13:02.668, 27987 MiB, 81920 MiB, 5 %, 141.90 W, 46
2026/09/08 06:13:32.669, 27987 MiB, 81920 MiB, 50 %, 111.70 W, 45
2026/09/08 06:14:02.670, 27987 MiB, 81920 MiB, 2 %, 104.12 W, 42
2026/09/08 06:14:32.672, 27987 MiB, 81920 MiB, 21 %, 91.45 W, 43
2026/09/08 06:15:02.673, 27987 MiB, 81920 MiB, 0 %, 90.76 W, 42
2026/09/08 06:15:32.675, 27987 MiB, 81920 MiB, 0 %, 91.26 W, 42
2026/09/08 06:16:02.677, 27987 MiB, 81920 MiB, 53 %, 92.05 W, 46
2026/09/08 06:16:32.678, 27987 MiB, 81920 MiB, 14 %, 91.96 W, 43
2026/09/08 06:17:02.680, 27987 MiB, 81920 MiB, 0 %, 90.94 W, 43
2026/09/08 06:17:32.681, 27987 MiB, 81920 MiB, 3 %, 251.91 W, 43
2026/09/08 06:18:02.708, 27987 MiB, 81920 MiB, 76 %, 298.30 W, 50
2026/09/08 06:18:32.715, 27987 MiB, 81920 MiB, 9 %, 92.90 W, 43
2026/09/08 06:19:02.717, 27987 MiB, 81920 MiB, 72 %, 362.82 W, 50
2026/09/08 06:19:32.718, 27987 MiB, 81920 MiB, 42 %, 170.34 W, 46
2026/09/08 06:20:02.720, 27987 MiB, 81920 MiB, 20 %, 197.47 W, 45
2026/09/08 06:20:32.721, 27987 MiB, 81920 MiB, 50 %, 176.24 W, 45
2026/09/08 06:21:02.723, 27987 MiB, 81920 MiB, 25 %, 265.85 W, 47
2026/09/08 06:21:32.725, 27987 MiB, 81920 MiB, 17 %, 91.86 W, 43
2026/09/08 06:22:02.726, 27987 MiB, 81920 MiB, 62 %, 90.94 W, 43
2026/09/08 06:22:32.740, 27987 MiB, 81920 MiB, 42 %, 114.36 W, 44
2026/09/08 06:23:02.742, 27987 MiB, 81920 MiB, 66 %, 363.04 W, 48
2026/09/08 06:23:32.747, 27987 MiB, 81920 MiB, 0 %, 91.03 W, 43
2026/09/08 06:24:02.748, 27987 MiB, 81920 MiB, 0 %, 91.16 W, 43
2026/09/08 06:24:32.750, 27987 MiB, 81920 MiB, 41 %, 92.22 W, 44
2026/09/08 06:25:02.751, 27987 MiB, 81920 MiB, 31 %, 183.80 W, 44
2026/09/08 06:25:32.754, 27987 MiB, 81920 MiB, 33 %, 92.30 W, 44
2026/09/08 06:26:02.756, 27987 MiB, 81920 MiB, 28 %, 121.52 W, 47
2026/09/08 06:26:32.757, 27987 MiB, 81920 MiB, 29 %, 238.35 W, 48
2026/09/08 06:27:02.758, 27987 MiB, 81920 MiB, 0 %, 91.04 W, 43
2026/09/08 06:27:32.762, 27987 MiB, 81920 MiB, 0 %, 91.83 W, 44
2026/09/08 06:28:02.763, 27987 MiB, 81920 MiB, 54 %, 237.38 W, 47
2026/09/08 06:28:32.764, 27987 MiB, 81920 MiB, 90 %, 205.51 W, 49
2026/09/08 06:29:02.766, 27987 MiB, 81920 MiB, 93 %, 309.90 W, 48
2026/09/08 06:29:32.768, 27987 MiB, 81920 MiB, 38 %, 286.17 W, 47
2026/09/08 06:30:02.770, 27987 MiB, 81920 MiB, 11 %, 92.24 W, 43
2026/09/08 06:30:32.771, 27987 MiB, 81920 MiB, 29 %, 91.91 W, 44
2026/09/08 06:31:02.772, 27987 MiB, 81920 MiB, 65 %, 92.51 W, 45
2026/09/08 06:31:32.773, 27987 MiB, 81920 MiB, 33 %, 90.62 W, 42
2026/09/08 06:32:02.774, 27987 MiB, 81920 MiB, 43 %, 121.48 W, 46
2026/09/08 06:32:32.776, 27987 MiB, 81920 MiB, 49 %, 183.39 W, 46
2026/09/08 06:33:02.777, 27987 MiB, 81920 MiB, 1 %, 199.87 W, 45
2026/09/08 06:33:32.779, 27987 MiB, 81920 MiB, 52 %, 270.21 W, 49
2026/09/08 06:34:02.780, 27987 MiB, 81920 MiB, 59 %, 257.83 W, 49
2026/09/08 06:34:32.781, 27987 MiB, 81920 MiB, 0 %, 72.73 W, 41
2026/09/08 06:35:02.785, 27987 MiB, 81920 MiB, 0 %, 90.43 W, 42
2026/09/08 06:35:32.786, 27987 MiB, 81920 MiB, 54 %, 91.16 W, 43
2026/09/08 06:36:02.788, 27987 MiB, 81920 MiB, 2 %, 199.79 W, 45
2026/09/08 06:36:32.789, 27987 MiB, 81920 MiB, 0 %, 90.81 W, 42
2026/09/08 06:37:02.790, 27987 MiB, 81920 MiB, 89 %, 108.64 W, 49
2026/09/08 06:37:32.792, 27987 MiB, 81920 MiB, 0 %, 72.50 W, 41
2026/09/08 06:38:02.793, 27987 MiB, 81920 MiB, 86 %, 105.37 W, 48
2026/09/08 06:38:32.797, 27987 MiB, 81920 MiB, 29 %, 98.83 W, 45
2026/09/08 06:39:02.801, 27987 MiB, 81920 MiB, 10 %, 91.31 W, 43
2026/09/08 06:39:32.803, 27987 MiB, 81920 MiB, 55 %, 112.19 W, 46
2026/09/08 06:40:02.804, 27987 MiB, 81920 MiB, 24 %, 92.10 W, 44
2026/09/08 06:40:32.805, 27987 MiB, 81920 MiB, 0 %, 90.71 W, 42
2026/09/08 06:41:02.806, 27987 MiB, 81920 MiB, 70 %, 289.16 W, 49
2026/09/08 06:41:32.807, 27987 MiB, 81920 MiB, 73 %, 126.82 W, 46
2026/09/08 06:42:02.808, 27987 MiB, 81920 MiB, 21 %, 340.02 W, 48
2026/09/08 06:42:32.809, 27987 MiB, 81920 MiB, 0 %, 91.34 W, 44
2026/09/08 06:43:02.810, 27987 MiB, 81920 MiB, 43 %, 125.56 W, 45
2026/09/08 06:43:32.811, 27987 MiB, 81920 MiB, 0 %, 90.57 W, 43
2026/09/08 06:44:02.813, 27987 MiB, 81920 MiB, 9 %, 91.16 W, 43
2026/09/08 06:44:32.814, 27987 MiB, 81920 MiB, 35 %, 175.64 W, 44
2026/09/08 06:45:02.815, 27987 MiB, 81920 MiB, 4 %, 91.07 W, 43
2026/09/08 06:45:32.821, 27987 MiB, 81920 MiB, 2 %, 90.76 W, 42
2026/09/08 06:46:02.822, 27987 MiB, 81920 MiB, 9 %, 77.53 W, 42
2026/09/08 06:46:32.824, 27987 MiB, 81920 MiB, 50 %, 267.91 W, 48
2026/09/08 06:47:02.825, 27987 MiB, 81920 MiB, 0 %, 91.03 W, 42
2026/09/08 06:47:32.827, 27987 MiB, 81920 MiB, 33 %, 91.16 W, 45
2026/09/08 06:48:02.829, 27987 MiB, 81920 MiB, 30 %, 90.76 W, 43
2026/09/08 06:48:32.830, 27987 MiB, 81920 MiB, 96 %, 244.97 W, 47
2026/09/08 06:49:02.831, 27987 MiB, 81920 MiB, 85 %, 170.93 W, 48
2026/09/08 06:49:32.832, 27987 MiB, 81920 MiB, 28 %, 237.51 W, 46
2026/09/08 06:50:02.833, 27987 MiB, 81920 MiB, 80 %, 295.93 W, 48
2026/09/08 06:50:32.834, 27987 MiB, 81920 MiB, 80 %, 107.92 W, 46
2026/09/08 06:51:02.835, 27987 MiB, 81920 MiB, 0 %, 72.65 W, 41
2026/09/08 06:51:32.836, 27987 MiB, 81920 MiB, 39 %, 90.76 W, 43
2026/09/08 06:52:02.838, 27987 MiB, 81920 MiB, 81 %, 286.80 W, 47
2026/09/08 06:52:32.840, 27987 MiB, 81920 MiB, 1 %, 91.31 W, 46
2026/09/08 06:53:02.844, 27987 MiB, 81920 MiB, 0 %, 72.55 W, 41
2026/09/08 06:53:32.845, 27987 MiB, 81920 MiB, 5 %, 181.43 W, 45
2026/09/08 06:54:02.847, 27987 MiB, 81920 MiB, 4 %, 91.64 W, 44
2026/09/08 06:54:32.848, 27987 MiB, 81920 MiB, 71 %, 91.91 W, 43
2026/09/08 06:55:02.849, 27987 MiB, 81920 MiB, 0 %, 72.55 W, 41
2026/09/08 06:55:32.850, 27987 MiB, 81920 MiB, 66 %, 111.12 W, 48
2026/09/08 06:56:02.852, 27987 MiB, 81920 MiB, 100 %, 146.65 W, 46
2026/09/08 06:56:32.854, 27987 MiB, 81920 MiB, 62 %, 101.18 W, 43
2026/09/08 06:57:02.855, 27987 MiB, 81920 MiB, 88 %, 125.42 W, 45
2026/09/08 06:57:32.857, 27987 MiB, 81920 MiB, 71 %, 143.96 W, 46
2026/09/08 06:58:02.858, 27987 MiB, 81920 MiB, 89 %, 111.84 W, 46
2026/09/08 06:58:32.861, 27987 MiB, 81920 MiB, 29 %, 91.81 W, 42
2026/09/08 06:59:02.862, 27987 MiB, 81920 MiB, 80 %, 287.95 W, 47
2026/09/08 06:59:32.864, 27987 MiB, 81920 MiB, 48 %, 298.02 W, 48
2026/09/08 07:00:02.865, 27987 MiB, 81920 MiB, 94 %, 169.05 W, 45
2026/09/08 07:00:32.867, 27987 MiB, 81920 MiB, 39 %, 107.92 W, 48
2026/09/08 07:01:02.868, 27987 MiB, 81920 MiB, 24 %, 91.12 W, 42
2026/09/08 07:01:32.870, 27987 MiB, 81920 MiB, 55 %, 126.37 W, 44
2026/09/08 07:02:02.872, 27987 MiB, 81920 MiB, 34 %, 295.30 W, 48
2026/09/08 07:02:32.873, 27987 MiB, 81920 MiB, 16 %, 111.81 W, 46
2026/09/08 07:03:02.875, 27987 MiB, 81920 MiB, 81 %, 282.93 W, 48
2026/09/08 07:03:32.879, 27987 MiB, 81920 MiB, 66 %, 326.53 W, 48
2026/09/08 07:04:02.881, 27987 MiB, 81920 MiB, 60 %, 260.22 W, 46
2026/09/08 07:04:32.883, 27987 MiB, 81920 MiB, 37 %, 150.30 W, 46
2026/09/08 07:05:02.884, 27987 MiB, 81920 MiB, 75 %, 180.27 W, 49
2026/09/08 07:05:32.886, 27987 MiB, 81920 MiB, 0 %, 72.65 W, 41
2026/09/08 07:06:02.887, 27987 MiB, 81920 MiB, 0 %, 71.21 W, 38
2026/09/08 07:06:32.888, 27987 MiB, 81920 MiB, 0 %, 72.12 W, 40
2026/09/08 07:07:02.890, 27987 MiB, 81920 MiB, 0 %, 89.84 W, 41
2026/09/08 07:07:32.891, 27987 MiB, 81920 MiB, 85 %, 298.26 W, 50
2026/09/08 07:08:02.893, 27987 MiB, 81920 MiB, 74 %, 93.32 W, 44
2026/09/08 07:08:32.894, 27987 MiB, 81920 MiB, 78 %, 132.74 W, 46
2026/09/08 07:09:02.895, 27987 MiB, 81920 MiB, 0 %, 90.94 W, 43
2026/09/08 07:09:32.896, 27987 MiB, 81920 MiB, 3 %, 187.05 W, 44
2026/09/08 07:10:02.897, 27987 MiB, 81920 MiB, 90 %, 113.28 W, 44
2026/09/08 07:10:32.898, 27987 MiB, 81920 MiB, 34 %, 72.73 W, 42
2026/09/08 07:11:02.900, 27987 MiB, 81920 MiB, 87 %, 150.14 W, 47
2026/09/08 07:11:32.902, 27987 MiB, 81920 MiB, 51 %, 102.50 W, 47
2026/09/08 07:12:02.904, 27987 MiB, 81920 MiB, 36 %, 90.76 W, 42
2026/09/08 07:12:32.905, 27987 MiB, 81920 MiB, 0 %, 90.84 W, 42
2026/09/08 07:13:02.907, 27987 MiB, 81920 MiB, 76 %, 223.13 W, 45
2026/09/08 07:13:32.909, 27987 MiB, 81920 MiB, 0 %, 91.35 W, 42
2026/09/08 07:14:02.910, 27987 MiB, 81920 MiB, 0 %, 90.76 W, 42
2026/09/08 07:14:32.913, 27987 MiB, 81920 MiB, 28 %, 92.73 W, 45
2026/09/08 07:15:02.916, 27987 MiB, 81920 MiB, 0 %, 90.94 W, 43
2026/09/08 07:15:32.917, 27987 MiB, 81920 MiB, 55 %, 92.49 W, 45
2026/09/08 07:16:02.921, 27987 MiB, 81920 MiB, 22 %, 90.86 W, 43
2026/09/08 07:16:32.925, 27987 MiB, 81920 MiB, 0 %, 104.99 W, 44
2026/09/08 07:17:02.927, 27987 MiB, 81920 MiB, 98 %, 217.39 W, 48
2026/09/08 07:17:32.929, 27987 MiB, 81920 MiB, 41 %, 142.64 W, 46
2026/09/08 07:18:02.931, 27987 MiB, 81920 MiB, 17 %, 92.32 W, 43
2026/09/08 07:18:32.932, 27987 MiB, 81920 MiB, 68 %, 227.03 W, 46
2026/09/08 07:19:02.934, 27987 MiB, 81920 MiB, 19 %, 105.91 W, 43
2026/09/08 07:19:32.936, 27987 MiB, 81920 MiB, 53 %, 91.53 W, 43
2026/09/08 07:20:02.937, 27987 MiB, 81920 MiB, 74 %, 223.87 W, 49
2026/09/08 07:20:32.939, 27987 MiB, 81920 MiB, 0 %, 90.94 W, 43
2026/09/08 07:21:02.942, 27987 MiB, 81920 MiB, 0 %, 74.11 W, 42
2026/09/08 07:21:32.943, 27987 MiB, 81920 MiB, 71 %, 177.80 W, 46
2026/09/08 07:22:02.946, 27987 MiB, 81920 MiB, 18 %, 132.28 W, 45
2026/09/08 07:22:32.947, 27987 MiB, 81920 MiB, 60 %, 93.42 W, 44
2026/09/08 07:23:02.949, 27987 MiB, 81920 MiB, 87 %, 162.28 W, 46
2026/09/08 07:23:32.950, 27987 MiB, 81920 MiB, 45 %, 92.13 W, 43
2026/09/08 07:24:02.952, 27987 MiB, 81920 MiB, 48 %, 96.85 W, 43
2026/09/08 07:24:32.953, 27987 MiB, 81920 MiB, 61 %, 156.37 W, 46
2026/09/08 07:25:02.954, 27987 MiB, 81920 MiB, 52 %, 298.57 W, 48
2026/09/08 07:25:32.956, 27987 MiB, 81920 MiB, 0 %, 91.04 W, 43
2026/09/08 07:26:02.958, 27987 MiB, 81920 MiB, 89 %, 93.39 W, 45
2026/09/08 07:26:32.959, 27987 MiB, 81920 MiB, 44 %, 130.76 W, 44
2026/09/08 07:27:02.961, 27987 MiB, 81920 MiB, 77 %, 290.67 W, 51
2026/09/08 07:27:32.962, 27987 MiB, 81920 MiB, 46 %, 95.88 W, 43
2026/09/08 07:28:02.968, 27987 MiB, 81920 MiB, 72 %, 266.04 W, 49
2026/09/08 07:28:32.970, 27987 MiB, 81920 MiB, 13 %, 114.11 W, 50
2026/09/08 07:29:02.971, 27987 MiB, 81920 MiB, 0 %, 73.03 W, 42
2026/09/08 07:29:32.973, 27987 MiB, 81920 MiB, 86 %, 308.71 W, 50
2026/09/08 07:30:02.974, 27987 MiB, 81920 MiB, 33 %, 147.10 W, 44
2026/09/08 07:30:32.976, 27987 MiB, 81920 MiB, 24 %, 180.42 W, 46
2026/09/08 07:31:02.978, 27987 MiB, 81920 MiB, 78 %, 119.09 W, 48
2026/09/08 07:31:32.980, 27987 MiB, 81920 MiB, 51 %, 294.47 W, 47
2026/09/08 07:32:02.982, 27987 MiB, 81920 MiB, 100 %, 212.26 W, 47
2026/09/08 07:32:32.989, 27987 MiB, 81920 MiB, 60 %, 155.27 W, 45
2026/09/08 07:33:02.993, 27987 MiB, 81920 MiB, 25 %, 92.88 W, 44
2026/09/08 07:33:32.995, 27987 MiB, 81920 MiB, 45 %, 186.61 W, 47
2026/09/08 07:34:02.996, 27987 MiB, 81920 MiB, 41 %, 92.34 W, 44
2026/09/08 07:34:32.998, 27987 MiB, 81920 MiB, 89 %, 229.50 W, 51
2026/09/08 07:35:02.999, 27987 MiB, 81920 MiB, 57 %, 207.41 W, 48
2026/09/08 07:35:33.000, 27987 MiB, 81920 MiB, 0 %, 91.41 W, 43
2026/09/08 07:36:03.002, 27987 MiB, 81920 MiB, 0 %, 92.51 W, 44
2026/09/08 07:36:33.003, 27987 MiB, 81920 MiB, 0 %, 90.71 W, 42
2026/09/08 07:37:03.004, 27987 MiB, 81920 MiB, 0 %, 91.04 W, 42
2026/09/08 07:37:33.006, 27987 MiB, 81920 MiB, 0 %, 90.44 W, 42
2026/09/08 07:38:03.009, 27987 MiB, 81920 MiB, 0 %, 90.81 W, 42
2026/09/08 07:38:33.011, 27987 MiB, 81920 MiB, 35 %, 132.23 W, 46
2026/09/08 07:39:03.012, 27987 MiB, 81920 MiB, 31 %, 113.04 W, 46
2026/09/08 07:39:33.014, 27987 MiB, 81920 MiB, 0 %, 90.35 W, 42
2026/09/08 07:40:03.016, 27987 MiB, 81920 MiB, 64 %, 94.39 W, 45
2026/09/08 07:40:33.018, 27987 MiB, 81920 MiB, 69 %, 92.22 W, 43
2026/09/08 07:41:03.019, 27987 MiB, 81920 MiB, 0 %, 90.75 W, 42
2026/09/08 07:41:33.020, 27987 MiB, 81920 MiB, 38 %, 90.57 W, 44
2026/09/08 07:42:03.021, 27987 MiB, 81920 MiB, 95 %, 253.18 W, 49
2026/09/08 07:42:33.022, 27987 MiB, 81920 MiB, 85 %, 160.55 W, 49
2026/09/08 07:43:03.024, 27987 MiB, 81920 MiB, 51 %, 173.44 W, 44
2026/09/08 07:43:33.025, 27987 MiB, 81920 MiB, 48 %, 209.38 W, 43
2026/09/08 07:44:03.027, 27987 MiB, 81920 MiB, 0 %, 91.04 W, 46
2026/09/08 07:44:33.031, 27987 MiB, 81920 MiB, 36 %, 110.95 W, 44
2026/09/08 07:45:03.033, 27987 MiB, 81920 MiB, 90 %, 190.21 W, 46
2026/09/08 07:45:33.035, 27987 MiB, 81920 MiB, 32 %, 234.88 W, 46
2026/09/08 07:46:03.036, 27987 MiB, 81920 MiB, 90 %, 296.58 W, 49
2026/09/08 07:46:33.037, 27987 MiB, 81920 MiB, 51 %, 334.18 W, 47
2026/09/08 07:47:03.038, 27987 MiB, 81920 MiB, 84 %, 296.23 W, 49
2026/09/08 07:47:33.040, 27987 MiB, 81920 MiB, 0 %, 90.35 W, 42
2026/09/08 07:48:03.041, 27987 MiB, 81920 MiB, 41 %, 268.47 W, 46
2026/09/08 07:48:33.042, 27987 MiB, 81920 MiB, 70 %, 166.99 W, 48
2026/09/08 07:49:03.043, 27987 MiB, 81920 MiB, 15 %, 298.55 W, 49
2026/09/08 07:49:33.044, 27987 MiB, 81920 MiB, 25 %, 106.61 W, 46
2026/09/08 07:50:03.046, 27987 MiB, 81920 MiB, 35 %, 134.79 W, 45
2026/09/08 07:50:33.047, 27987 MiB, 81920 MiB, 86 %, 101.79 W, 47
2026/09/08 07:51:03.048, 27987 MiB, 81920 MiB, 0 %, 72.33 W, 41
2026/09/08 07:51:33.049, 27987 MiB, 81920 MiB, 74 %, 99.61 W, 46
2026/09/08 07:52:03.050, 27987 MiB, 81920 MiB, 77 %, 208.35 W, 47
2026/09/08 07:52:33.052, 27987 MiB, 81920 MiB, 48 %, 91.16 W, 43
2026/09/08 07:53:03.054, 27987 MiB, 81920 MiB, 0 %, 90.57 W, 42
2026/09/08 07:53:33.058, 27987 MiB, 81920 MiB, 0 %, 90.94 W, 42
2026/09/08 07:54:03.059, 27987 MiB, 81920 MiB, 98 %, 257.30 W, 50
2026/09/08 07:54:33.060, 27987 MiB, 81920 MiB, 31 %, 238.13 W, 45
2026/09/08 07:55:03.062, 27987 MiB, 81920 MiB, 55 %, 111.81 W, 45
2026/09/08 07:55:33.063, 27987 MiB, 81920 MiB, 74 %, 282.35 W, 47
2026/09/08 07:56:03.064, 27987 MiB, 81920 MiB, 0 %, 91.72 W, 43
2026/09/08 07:56:33.066, 27987 MiB, 81920 MiB, 1 %, 91.12 W, 45
2026/09/08 07:57:03.067, 27987 MiB, 81920 MiB, 14 %, 132.09 W, 46
2026/09/08 07:57:33.069, 27987 MiB, 81920 MiB, 88 %, 311.15 W, 49
2026/09/08 07:58:03.072, 27987 MiB, 81920 MiB, 100 %, 277.86 W, 49
2026/09/08 07:58:33.074, 27987 MiB, 81920 MiB, 43 %, 111.93 W, 47
2026/09/08 07:59:03.076, 27987 MiB, 81920 MiB, 0 %, 91.42 W, 43
2026/09/08 07:59:33.077, 27987 MiB, 81920 MiB, 85 %, 149.03 W, 46
2026/09/08 08:00:03.079, 27987 MiB, 81920 MiB, 78 %, 245.53 W, 46
2026/09/08 08:00:33.080, 27987 MiB, 81920 MiB, 74 %, 204.85 W, 47
2026/09/08 08:01:03.081, 27987 MiB, 81920 MiB, 0 %, 72.35 W, 41
2026/09/08 08:01:33.083, 27987 MiB, 81920 MiB, 30 %, 91.81 W, 43
2026/09/08 08:02:03.084, 27987 MiB, 81920 MiB, 3 %, 101.18 W, 42
2026/09/08 08:02:33.086, 27987 MiB, 81920 MiB, 38 %, 91.64 W, 43
2026/09/08 08:03:03.091, 27987 MiB, 81920 MiB, 8 %, 92.92 W, 45
2026/09/08 08:03:33.093, 27987 MiB, 81920 MiB, 0 %, 90.76 W, 42
2026/09/08 08:04:03.094, 27987 MiB, 81920 MiB, 9 %, 90.67 W, 42
2026/09/08 08:04:33.096, 27987 MiB, 81920 MiB, 13 %, 90.86 W, 43
2026/09/08 08:05:03.097, 27987 MiB, 81920 MiB, 89 %, 280.27 W, 45
2026/09/08 08:05:33.101, 27987 MiB, 81920 MiB, 36 %, 90.57 W, 44
2026/09/08 08:06:03.107, 27987 MiB, 81920 MiB, 0 %, 91.67 W, 43
2026/09/08 08:06:33.110, 27987 MiB, 81920 MiB, 42 %, 203.85 W, 46
2026/09/08 08:07:03.112, 27987 MiB, 81920 MiB, 0 %, 91.07 W, 43
2026/09/08 08:07:33.113, 27987 MiB, 81920 MiB, 0 %, 90.76 W, 42
2026/09/08 08:08:03.115, 27987 MiB, 81920 MiB, 0 %, 90.86 W, 42
2026/09/08 08:08:33.117, 27987 MiB, 81920 MiB, 0 %, 90.57 W, 42
2026/09/08 08:09:03.119, 27987 MiB, 81920 MiB, 76 %, 317.98 W, 48
2026/09/08 08:09:33.120, 27987 MiB, 81920 MiB, 92 %, 110.24 W, 48
2026/09/08 08:10:03.121, 27987 MiB, 81920 MiB, 72 %, 106.29 W, 47
2026/09/08 08:10:33.122, 27987 MiB, 81920 MiB, 0 %, 72.65 W, 40
2026/09/08 08:11:03.124, 27987 MiB, 81920 MiB, 0 %, 71.06 W, 38
2026/09/08 08:11:33.125, 27987 MiB, 81920 MiB, 0 %, 72.33 W, 40
2026/09/08 08:12:03.127, 27987 MiB, 81920 MiB, 78 %, 291.81 W, 45
2026/09/08 08:12:33.129, 27987 MiB, 81920 MiB, 0 %, 72.12 W, 40
2026/09/08 08:13:03.130, 27987 MiB, 81920 MiB, 1 %, 90.67 W, 42
2026/09/08 08:13:33.132, 27987 MiB, 81920 MiB, 48 %, 209.48 W, 48
2026/09/08 08:14:03.133, 27987 MiB, 81920 MiB, 100 %, 224.83 W, 47
2026/09/08 08:14:33.136, 27987 MiB, 81920 MiB, 78 %, 105.15 W, 44
2026/09/08 08:15:03.137, 27987 MiB, 81920 MiB, 10 %, 91.26 W, 43
2026/09/08 08:15:33.138, 27987 MiB, 81920 MiB, 73 %, 92.22 W, 44
2026/09/08 08:16:03.140, 27987 MiB, 81920 MiB, 59 %, 92.90 W, 44
2026/09/08 08:16:33.144, 27987 MiB, 81920 MiB, 60 %, 292.05 W, 48
2026/09/08 08:17:03.146, 27987 MiB, 81920 MiB, 27 %, 116.06 W, 46
2026/09/08 08:17:33.147, 27987 MiB, 81920 MiB, 27 %, 106.40 W, 46
2026/09/08 08:18:03.149, 27987 MiB, 81920 MiB, 21 %, 211.82 W, 45
2026/09/08 08:18:33.150, 27987 MiB, 81920 MiB, 98 %, 300.65 W, 48
2026/09/08 08:19:03.151, 27987 MiB, 81920 MiB, 17 %, 90.67 W, 42
2026/09/08 08:19:33.152, 27987 MiB, 81920 MiB, 12 %, 91.96 W, 43
2026/09/08 08:20:03.153, 27987 MiB, 81920 MiB, 20 %, 91.35 W, 43
2026/09/08 08:20:33.155, 27987 MiB, 81920 MiB, 9 %, 284.12 W, 43
2026/09/08 08:21:03.157, 27987 MiB, 81920 MiB, 0 %, 91.12 W, 43
2026/09/08 08:21:33.158, 27987 MiB, 81920 MiB, 0 %, 90.76 W, 42
2026/09/08 08:22:03.159, 27987 MiB, 81920 MiB, 54 %, 251.65 W, 45
2026/09/08 08:22:33.160, 27987 MiB, 81920 MiB, 78 %, 168.73 W, 45
2026/09/08 08:23:03.166, 27987 MiB, 81920 MiB, 35 %, 205.85 W, 42
2026/09/08 08:23:33.167, 27987 MiB, 81920 MiB, 64 %, 95.55 W, 45
2026/09/08 08:24:03.169, 27987 MiB, 81920 MiB, 79 %, 115.67 W, 45
2026/09/08 08:24:33.170, 27987 MiB, 81920 MiB, 41 %, 74.71 W, 41
2026/09/08 08:25:03.171, 27987 MiB, 81920 MiB, 0 %, 91.35 W, 42
2026/09/08 08:25:33.173, 27987 MiB, 81920 MiB, 76 %, 101.79 W, 45
2026/09/08 08:26:03.174, 27987 MiB, 81920 MiB, 52 %, 204.18 W, 45
2026/09/08 08:26:33.176, 27987 MiB, 81920 MiB, 36 %, 92.49 W, 43
2026/09/08 08:27:03.177, 27987 MiB, 81920 MiB, 36 %, 90.94 W, 45
2026/09/08 08:27:33.182, 27987 MiB, 81920 MiB, 9 %, 238.87 W, 45
2026/09/08 08:28:03.183, 27987 MiB, 81920 MiB, 2 %, 107.21 W, 43
2026/09/08 08:28:33.185, 27987 MiB, 81920 MiB, 78 %, 101.79 W, 45
2026/09/08 08:29:03.186, 27987 MiB, 81920 MiB, 3 %, 91.26 W, 43
2026/09/08 08:29:33.188, 27987 MiB, 81920 MiB, 7 %, 113.88 W, 45
2026/09/08 08:30:03.189, 27987 MiB, 81920 MiB, 0 %, 90.24 W, 42
2026/09/08 08:30:33.190, 27987 MiB, 81920 MiB, 70 %, 297.68 W, 51
2026/09/08 08:31:03.191, 27987 MiB, 81920 MiB, 12 %, 92.82 W, 43
2026/09/08 08:31:33.192, 27987 MiB, 81920 MiB, 89 %, 115.93 W, 46
2026/09/08 08:32:03.194, 27987 MiB, 81920 MiB, 0 %, 90.57 W, 42
2026/09/08 08:32:33.195, 27987 MiB, 81920 MiB, 86 %, 92.13 W, 44
2026/09/08 08:33:03.197, 27987 MiB, 81920 MiB, 79 %, 145.13 W, 47
2026/09/08 08:33:33.198, 27987 MiB, 81920 MiB, 12 %, 95.38 W, 43
2026/09/08 08:34:03.200, 27987 MiB, 81920 MiB, 4 %, 92.73 W, 45
2026/09/08 08:34:33.201, 27987 MiB, 81920 MiB, 0 %, 91.16 W, 43
2026/09/08 08:35:03.203, 27987 MiB, 81920 MiB, 87 %, 287.35 W, 47
2026/09/08 08:35:33.204, 27987 MiB, 81920 MiB, 51 %, 92.40 W, 44
2026/09/08 08:36:03.208, 27987 MiB, 81920 MiB, 76 %, 92.82 W, 45
2026/09/08 08:36:33.211, 27987 MiB, 81920 MiB, 30 %, 222.63 W, 45
2026/09/08 08:37:03.211, 27987 MiB, 81920 MiB, 38 %, 246.67 W, 48
2026/09/08 08:37:33.213, 27987 MiB, 81920 MiB, 62 %, 107.00 W, 46
2026/09/08 08:38:03.215, 27987 MiB, 81920 MiB, 0 %, 90.76 W, 42
2026/09/08 08:38:33.217, 27987 MiB, 81920 MiB, 77 %, 118.84 W, 45
2026/09/08 08:39:03.219, 27987 MiB, 81920 MiB, 2 %, 91.35 W, 44
2026/09/08 08:39:33.221, 27987 MiB, 81920 MiB, 82 %, 101.18 W, 46
2026/09/08 08:40:03.222, 27987 MiB, 81920 MiB, 2 %, 271.75 W, 46
2026/09/08 08:40:33.223, 27987 MiB, 81920 MiB, 81 %, 144.70 W, 47
2026/09/08 08:41:03.224, 27987 MiB, 81920 MiB, 7 %, 277.31 W, 46
2026/09/08 08:41:33.225, 27987 MiB, 81920 MiB, 70 %, 346.63 W, 49
2026/09/08 08:42:03.226, 27987 MiB, 81920 MiB, 55 %, 367.15 W, 49
2026/09/08 08:42:33.228, 27987 MiB, 81920 MiB, 90 %, 286.51 W, 49
2026/09/08 08:43:03.229, 27987 MiB, 81920 MiB, 68 %, 191.89 W, 47
2026/09/08 08:43:33.230, 27987 MiB, 81920 MiB, 92 %, 298.86 W, 48
2026/09/08 08:44:03.231, 27987 MiB, 81920 MiB, 69 %, 97.18 W, 44
2026/09/08 08:44:33.232, 27987 MiB, 81920 MiB, 42 %, 297.95 W, 47
2026/09/08 08:45:03.237, 27987 MiB, 81920 MiB, 2 %, 91.53 W, 43
2026/09/08 08:45:33.239, 27987 MiB, 81920 MiB, 81 %, 120.31 W, 45
2026/09/08 08:46:03.240, 27987 MiB, 81920 MiB, 97 %, 174.00 W, 50
2026/09/08 08:46:33.241, 27987 MiB, 81920 MiB, 48 %, 92.05 W, 43
2026/09/08 08:47:03.243, 27987 MiB, 81920 MiB, 62 %, 91.72 W, 43
2026/09/08 08:47:33.244, 27987 MiB, 81920 MiB, 0 %, 90.76 W, 42
2026/09/08 08:48:03.245, 27987 MiB, 81920 MiB, 70 %, 129.16 W, 44
2026/09/08 08:48:33.248, 27987 MiB, 81920 MiB, 2 %, 193.15 W, 46
2026/09/08 08:49:03.250, 27987 MiB, 81920 MiB, 48 %, 90.62 W, 43
2026/09/08 08:49:33.251, 27987 MiB, 81920 MiB, 0 %, 90.81 W, 42
2026/09/08 08:50:03.252, 27987 MiB, 81920 MiB, 0 %, 90.35 W, 42
2026/09/08 08:50:33.253, 27987 MiB, 81920 MiB, 82 %, 159.03 W, 45
2026/09/08 08:51:03.260, 27987 MiB, 81920 MiB, 0 %, 90.35 W, 42
2026/09/08 08:51:33.262, 27987 MiB, 81920 MiB, 0 %, 91.14 W, 43
2026/09/08 08:52:03.263, 27987 MiB, 81920 MiB, 71 %, 100.41 W, 44
2026/09/08 08:52:33.264, 27987 MiB, 81920 MiB, 0 %, 72.63 W, 41
2026/09/08 08:53:03.266, 27987 MiB, 81920 MiB, 71 %, 91.45 W, 43
2026/09/08 08:53:33.270, 27987 MiB, 81920 MiB, 0 %, 91.22 W, 43
2026/09/08 08:54:03.271, 27987 MiB, 81920 MiB, 0 %, 72.78 W, 41
2026/09/08 08:54:33.274, 27987 MiB, 81920 MiB, 0 %, 90.71 W, 42
2026/09/08 08:55:03.276, 27987 MiB, 81920 MiB, 0 %, 90.62 W, 42
2026/09/08 08:55:33.277, 27987 MiB, 81920 MiB, 0 %, 90.52 W, 42
2026/09/08 08:56:03.279, 27987 MiB, 81920 MiB, 58 %, 91.54 W, 44
2026/09/08 08:56:33.280, 27987 MiB, 81920 MiB, 33 %, 91.12 W, 43
2026/09/08 08:57:03.281, 27987 MiB, 81920 MiB, 0 %, 74.70 W, 41
2026/09/08 08:57:33.282, 27987 MiB, 81920 MiB, 48 %, 292.40 W, 46
2026/09/08 08:58:03.283, 27987 MiB, 81920 MiB, 98 %, 274.04 W, 46
2026/09/08 08:58:33.284, 27987 MiB, 81920 MiB, 89 %, 254.17 W, 46
2026/09/08 08:59:03.286, 27987 MiB, 81920 MiB, 67 %, 279.12 W, 49
2026/09/08 08:59:33.287, 27987 MiB, 81920 MiB, 8 %, 91.54 W, 43
2026/09/08 09:00:03.289, 27987 MiB, 81920 MiB, 61 %, 285.61 W, 49
2026/09/08 09:00:33.291, 27987 MiB, 81920 MiB, 47 %, 139.84 W, 43
2026/09/08 09:01:03.292, 27987 MiB, 81920 MiB, 0 %, 90.43 W, 42
2026/09/08 09:01:33.294, 27987 MiB, 81920 MiB, 0 %, 90.43 W, 42
2026/09/08 09:02:03.294, 27987 MiB, 81920 MiB, 0 %, 91.26 W, 43
2026/09/08 09:02:33.296, 27987 MiB, 81920 MiB, 40 %, 131.14 W, 46
2026/09/08 09:03:03.298, 27987 MiB, 81920 MiB, 88 %, 295.36 W, 48
2026/09/08 09:03:33.300, 27987 MiB, 81920 MiB, 23 %, 183.50 W, 43
2026/09/08 09:04:03.301, 27987 MiB, 81920 MiB, 86 %, 287.35 W, 51
2026/09/08 09:04:33.302, 27987 MiB, 81920 MiB, 0 %, 72.48 W, 41
2026/09/08 09:05:03.303, 27987 MiB, 81920 MiB, 0 %, 91.62 W, 43
2026/09/08 09:05:33.305, 27987 MiB, 81920 MiB, 46 %, 147.36 W, 45
2026/09/08 09:06:03.305, 27987 MiB, 81920 MiB, 0 %, 72.92 W, 41
2026/09/08 09:06:33.307, 27987 MiB, 81920 MiB, 11 %, 91.62 W, 43
2026/09/08 09:07:03.309, 27987 MiB, 81920 MiB, 0 %, 90.43 W, 42
2026/09/08 09:07:33.310, 27987 MiB, 81920 MiB, 0 %, 90.43 W, 42
2026/09/08 09:08:03.311, 27987 MiB, 81920 MiB, 90 %, 132.46 W, 45
2026/09/08 09:08:33.313, 27987 MiB, 81920 MiB, 0 %, 90.94 W, 43
2026/09/08 09:09:03.314, 27987 MiB, 81920 MiB, 99 %, 297.05 W, 48
2026/09/08 09:09:33.315, 27987 MiB, 81920 MiB, 39 %, 149.27 W, 46
2026/09/08 09:10:03.317, 27987 MiB, 81920 MiB, 46 %, 98.81 W, 45
2026/09/08 09:10:33.318, 27987 MiB, 81920 MiB, 78 %, 104.07 W, 46
2026/09/08 09:11:03.319, 27987 MiB, 81920 MiB, 0 %, 91.35 W, 43
2026/09/08 09:11:33.320, 27987 MiB, 81920 MiB, 0 %, 97.55 W, 43
2026/09/08 09:12:03.325, 27987 MiB, 81920 MiB, 2 %, 241.29 W, 45
2026/09/08 09:12:33.327, 27987 MiB, 81920 MiB, 3 %, 148.56 W, 44
2026/09/08 09:13:03.328, 27987 MiB, 81920 MiB, 32 %, 132.60 W, 45
2026/09/08 09:13:33.330, 27987 MiB, 81920 MiB, 13 %, 91.26 W, 42
2026/09/08 09:14:03.331, 27987 MiB, 81920 MiB, 0 %, 72.84 W, 41
2026/09/08 09:14:33.332, 27987 MiB, 81920 MiB, 73 %, 276.13 W, 46
2026/09/08 09:15:03.334, 27987 MiB, 81920 MiB, 33 %, 119.31 W, 47
2026/09/08 09:15:33.335, 27987 MiB, 81920 MiB, 0 %, 71.65 W, 39
2026/09/08 09:16:03.337, 27987 MiB, 81920 MiB, 0 %, 71.61 W, 38
2026/09/08 09:16:33.339, 27987 MiB, 81920 MiB, 3 %, 249.00 W, 44
2026/09/08 09:17:03.340, 27987 MiB, 81920 MiB, 72 %, 320.44 W, 46
2026/09/08 09:17:33.341, 27987 MiB, 81920 MiB, 34 %, 101.68 W, 43
2026/09/08 09:18:03.342, 27987 MiB, 81920 MiB, 22 %, 90.35 W, 42
2026/09/08 09:18:33.344, 27987 MiB, 81920 MiB, 20 %, 91.31 W, 43
2026/09/08 09:19:03.345, 27987 MiB, 81920 MiB, 23 %, 90.44 W, 42
2026/09/08 09:19:33.347, 27987 MiB, 81920 MiB, 34 %, 91.41 W, 43
2026/09/08 09:20:03.349, 27987 MiB, 81920 MiB, 0 %, 90.44 W, 42
2026/09/08 09:20:33.350, 27987 MiB, 81920 MiB, 0 %, 90.71 W, 42
2026/09/08 09:21:03.351, 27987 MiB, 81920 MiB, 83 %, 92.51 W, 46
2026/09/08 09:21:33.352, 27987 MiB, 81920 MiB, 18 %, 115.70 W, 46
2026/09/08 09:22:03.353, 27987 MiB, 81920 MiB, 77 %, 289.46 W, 48
2026/09/08 09:22:33.355, 27987 MiB, 81920 MiB, 0 %, 90.95 W, 42
2026/09/08 09:23:03.357, 27987 MiB, 81920 MiB, 35 %, 92.05 W, 44
2026/09/08 09:23:33.358, 27987 MiB, 81920 MiB, 30 %, 124.42 W, 46
2026/09/08 09:24:03.360, 27987 MiB, 81920 MiB, 15 %, 145.43 W, 46
2026/09/08 09:24:33.362, 27987 MiB, 81920 MiB, 88 %, 130.35 W, 47
2026/09/08 09:25:03.363, 27987 MiB, 81920 MiB, 83 %, 105.37 W, 47
2026/09/08 09:25:33.365, 27987 MiB, 81920 MiB, 53 %, 92.15 W, 43
2026/09/08 09:26:03.366, 27987 MiB, 81920 MiB, 55 %, 140.73 W, 45
2026/09/08 09:26:33.368, 27987 MiB, 81920 MiB, 0 %, 91.53 W, 43
2026/09/08 09:27:03.369, 27987 MiB, 81920 MiB, 0 %, 90.34 W, 42
2026/09/08 09:27:33.373, 27987 MiB, 81920 MiB, 37 %, 199.66 W, 45
2026/09/08 09:28:03.374, 27987 MiB, 81920 MiB, 39 %, 90.67 W, 46
2026/09/08 09:28:33.376, 27987 MiB, 81920 MiB, 77 %, 295.90 W, 50
2026/09/08 09:29:03.378, 27987 MiB, 81920 MiB, 31 %, 184.20 W, 46
2026/09/08 09:29:33.379, 27987 MiB, 81920 MiB, 31 %, 182.33 W, 43
2026/09/08 09:30:03.380, 27987 MiB, 81920 MiB, 49 %, 91.86 W, 44
2026/09/08 09:30:33.382, 27987 MiB, 81920 MiB, 0 %, 72.92 W, 42
2026/09/08 09:31:03.384, 27987 MiB, 81920 MiB, 87 %, 183.39 W, 44
2026/09/08 09:31:33.385, 27987 MiB, 81920 MiB, 0 %, 196.21 W, 45
2026/09/08 09:32:03.386, 27987 MiB, 81920 MiB, 32 %, 92.30 W, 44
2026/09/08 09:32:33.387, 27987 MiB, 81920 MiB, 4 %, 90.75 W, 43
2026/09/08 09:33:03.389, 27987 MiB, 81920 MiB, 17 %, 91.76 W, 43
2026/09/08 09:33:33.394, 27987 MiB, 81920 MiB, 28 %, 223.36 W, 46
2026/09/08 09:34:03.396, 27987 MiB, 81920 MiB, 0 %, 73.00 W, 41
2026/09/08 09:34:33.398, 27987 MiB, 81920 MiB, 59 %, 211.44 W, 49
2026/09/08 09:35:03.399, 27987 MiB, 81920 MiB, 0 %, 90.34 W, 42
2026/09/08 09:35:33.401, 27987 MiB, 81920 MiB, 24 %, 96.78 W, 44
2026/09/08 09:36:03.402, 27987 MiB, 81920 MiB, 71 %, 298.57 W, 49
2026/09/08 09:36:33.403, 27987 MiB, 81920 MiB, 66 %, 345.48 W, 48
2026/09/08 09:37:03.404, 27987 MiB, 81920 MiB, 89 %, 94.29 W, 45
2026/09/08 09:37:33.405, 27987 MiB, 81920 MiB, 70 %, 321.04 W, 48
2026/09/08 09:38:03.407, 27987 MiB, 81920 MiB, 16 %, 282.34 W, 45
2026/09/08 09:38:33.409, 27987 MiB, 81920 MiB, 39 %, 92.24 W, 44
2026/09/08 09:39:03.411, 27987 MiB, 81920 MiB, 53 %, 107.06 W, 50
2026/09/08 09:39:33.413, 27987 MiB, 81920 MiB, 32 %, 98.26 W, 44
2026/09/08 09:40:03.417, 27987 MiB, 81920 MiB, 66 %, 254.76 W, 49
2026/09/08 09:40:33.418, 27987 MiB, 81920 MiB, 4 %, 73.22 W, 42
2026/09/08 09:41:03.420, 27987 MiB, 81920 MiB, 0 %, 73.07 W, 42
2026/09/08 09:41:33.423, 27987 MiB, 81920 MiB, 15 %, 91.76 W, 44
2026/09/08 09:42:03.431, 27987 MiB, 81920 MiB, 0 %, 93.92 W, 46
2026/09/08 09:42:33.433, 27987 MiB, 81920 MiB, 29 %, 120.06 W, 45
2026/09/08 09:43:03.434, 27987 MiB, 81920 MiB, 81 %, 93.32 W, 45
2026/09/08 09:43:33.436, 27987 MiB, 81920 MiB, 33 %, 118.99 W, 49
2026/09/08 09:44:03.437, 27987 MiB, 81920 MiB, 0 %, 91.26 W, 43
2026/09/08 09:44:33.438, 27987 MiB, 81920 MiB, 73 %, 166.23 W, 46
2026/09/08 09:45:03.439, 27987 MiB, 81920 MiB, 78 %, 220.98 W, 46
2026/09/08 09:45:33.443, 27987 MiB, 81920 MiB, 41 %, 247.20 W, 46
2026/09/08 09:46:03.444, 27987 MiB, 81920 MiB, 67 %, 95.08 W, 45
2026/09/08 09:46:33.445, 27987 MiB, 81920 MiB, 54 %, 92.32 W, 44
2026/09/08 09:47:03.446, 27987 MiB, 81920 MiB, 60 %, 91.12 W, 43
2026/09/08 09:47:33.447, 27987 MiB, 81920 MiB, 53 %, 91.22 W, 43
2026/09/08 09:48:03.448, 27987 MiB, 81920 MiB, 17 %, 90.52 W, 42
2026/09/08 09:48:33.450, 27987 MiB, 81920 MiB, 2 %, 90.95 W, 47
2026/09/08 09:49:03.451, 27987 MiB, 81920 MiB, 20 %, 116.69 W, 46
2026/09/08 09:49:33.452, 27987 MiB, 81920 MiB, 40 %, 170.51 W, 46
2026/09/08 09:50:03.452, 27987 MiB, 81920 MiB, 22 %, 91.53 W, 43
2026/09/08 09:50:33.454, 27987 MiB, 81920 MiB, 7 %, 233.04 W, 45
2026/09/08 09:51:03.455, 27987 MiB, 81920 MiB, 86 %, 98.54 W, 47
2026/09/08 09:51:33.457, 27987 MiB, 81920 MiB, 0 %, 91.35 W, 43
2026/09/08 09:52:03.459, 27987 MiB, 81920 MiB, 0 %, 90.94 W, 43
2026/09/08 09:52:33.460, 27987 MiB, 81920 MiB, 0 %, 91.26 W, 43
2026/09/08 09:53:03.464, 27987 MiB, 81920 MiB, 0 %, 88.51 W, 42
2026/09/08 09:53:33.465, 27987 MiB, 81920 MiB, 32 %, 93.00 W, 46
2026/09/08 09:54:03.470, 27987 MiB, 81920 MiB, 0 %, 72.65 W, 41
2026/09/08 09:54:33.472, 27987 MiB, 81920 MiB, 3 %, 72.92 W, 41
2026/09/08 09:55:03.474, 27987 MiB, 81920 MiB, 3 %, 75.83 W, 41
2026/09/08 09:55:33.477, 27987 MiB, 81920 MiB, 2 %, 90.76 W, 42
2026/09/08 09:56:03.479, 27987 MiB, 81920 MiB, 0 %, 91.96 W, 43
2026/09/08 09:56:33.481, 27987 MiB, 81920 MiB, 0 %, 90.43 W, 42
2026/09/08 09:57:03.482, 27987 MiB, 81920 MiB, 0 %, 90.34 W, 42
2026/09/08 09:57:33.483, 27987 MiB, 81920 MiB, 38 %, 273.50 W, 47
2026/09/08 09:58:03.485, 27987 MiB, 81920 MiB, 64 %, 134.34 W, 45
2026/09/08 09:58:33.487, 27987 MiB, 81920 MiB, 82 %, 178.40 W, 49
2026/09/08 09:59:03.488, 27987 MiB, 81920 MiB, 0 %, 91.26 W, 43
2026/09/08 09:59:33.490, 27987 MiB, 81920 MiB, 88 %, 92.82 W, 46
2026/09/08 10:00:03.491, 27987 MiB, 81920 MiB, 80 %, 286.18 W, 50
2026/09/08 10:00:33.493, 27987 MiB, 81920 MiB, 0 %, 91.62 W, 43
2026/09/08 10:01:03.499, 27987 MiB, 81920 MiB, 75 %, 130.08 W, 50
2026/09/08 10:01:33.501, 27987 MiB, 81920 MiB, 89 %, 130.40 W, 48
2026/09/08 10:02:03.502, 27987 MiB, 81920 MiB, 95 %, 187.05 W, 48
2026/09/08 10:02:33.503, 27987 MiB, 81920 MiB, 65 %, 251.99 W, 46
2026/09/08 10:03:03.505, 27987 MiB, 81920 MiB, 44 %, 90.94 W, 43
2026/09/08 10:03:33.523, 27987 MiB, 81920 MiB, 27 %, 91.53 W, 43
2026/09/08 10:04:03.525, 27987 MiB, 81920 MiB, 0 %, 90.86 W, 43
2026/09/08 10:04:33.526, 27987 MiB, 81920 MiB, 0 %, 91.12 W, 43
2026/09/08 10:05:03.528, 27987 MiB, 81920 MiB, 97 %, 97.65 W, 47
2026/09/08 10:05:33.529, 27987 MiB, 81920 MiB, 85 %, 300.37 W, 50
2026/09/08 10:06:03.530, 27987 MiB, 81920 MiB, 33 %, 91.35 W, 44
2026/09/08 10:06:33.532, 27987 MiB, 81920 MiB, 0 %, 90.76 W, 42
2026/09/08 10:07:03.534, 27987 MiB, 81920 MiB, 100 %, 192.16 W, 45
2026/09/08 10:07:33.535, 27987 MiB, 81920 MiB, 60 %, 282.06 W, 49
2026/09/08 10:08:03.536, 27987 MiB, 81920 MiB, 0 %, 90.76 W, 42
2026/09/08 10:08:33.537, 27987 MiB, 81920 MiB, 33 %, 112.05 W, 45
2026/09/08 10:09:03.541, 27987 MiB, 81920 MiB, 0 %, 91.26 W, 43
2026/09/08 10:09:33.542, 27987 MiB, 81920 MiB, 39 %, 93.59 W, 44
2026/09/08 10:10:03.543, 27987 MiB, 81920 MiB, 92 %, 104.44 W, 46
2026/09/08 10:10:33.544, 27987 MiB, 81920 MiB, 41 %, 108.42 W, 46
2026/09/08 10:11:03.545, 27987 MiB, 81920 MiB, 26 %, 93.88 W, 43
2026/09/08 10:11:33.546, 27987 MiB, 81920 MiB, 61 %, 297.98 W, 48
2026/09/08 10:12:03.547, 27987 MiB, 81920 MiB, 31 %, 278.52 W, 48
2026/09/08 10:12:33.549, 27987 MiB, 81920 MiB, 29 %, 194.69 W, 45
2026/09/08 10:13:03.551, 27987 MiB, 81920 MiB, 0 %, 145.57 W, 45
2026/09/08 10:13:33.552, 27987 MiB, 81920 MiB, 0 %, 90.67 W, 42
2026/09/08 10:14:03.556, 27987 MiB, 81920 MiB, 82 %, 92.73 W, 48
2026/09/08 10:14:33.560, 27987 MiB, 81920 MiB, 0 %, 265.85 W, 45
2026/09/08 10:15:03.562, 27987 MiB, 81920 MiB, 76 %, 374.62 W, 49
2026/09/08 10:15:33.563, 27987 MiB, 81920 MiB, 20 %, 278.52 W, 46
2026/09/08 10:16:03.564, 27987 MiB, 81920 MiB, 0 %, 90.67 W, 42
2026/09/08 10:16:33.573, 27987 MiB, 81920 MiB, 0 %, 72.73 W, 42
2026/09/08 10:17:03.574, 27987 MiB, 81920 MiB, 30 %, 286.48 W, 49
2026/09/08 10:17:33.577, 27987 MiB, 81920 MiB, 50 %, 168.90 W, 47
2026/09/08 10:18:03.579, 27987 MiB, 81920 MiB, 14 %, 90.84 W, 42
2026/09/08 10:18:33.582, 27987 MiB, 81920 MiB, 83 %, 289.73 W, 49
2026/09/08 10:19:03.584, 27987 MiB, 81920 MiB, 19 %, 285.01 W, 49
2026/09/08 10:19:33.586, 27987 MiB, 81920 MiB, 100 %, 101.19 W, 43
2026/09/08 10:20:03.587, 27987 MiB, 81920 MiB, 0 %, 71.61 W, 38
2026/09/08 10:20:33.588, 27987 MiB, 81920 MiB, 5 %, 273.79 W, 43
2026/09/08 10:21:03.590, 27987 MiB, 81920 MiB, 0 %, 72.12 W, 40
2026/09/08 10:21:33.591, 27987 MiB, 81920 MiB, 0 %, 72.12 W, 40
2026/09/08 10:22:03.596, 27987 MiB, 81920 MiB, 0 %, 90.52 W, 42
2026/09/08 10:22:33.602, 27987 MiB, 81920 MiB, 0 %, 72.48 W, 41
2026/09/08 10:23:03.603, 27987 MiB, 81920 MiB, 4 %, 90.34 W, 42
2026/09/08 10:23:33.604, 27987 MiB, 81920 MiB, 16 %, 74.27 W, 40
2026/09/08 10:24:03.606, 27987 MiB, 81920 MiB, 25 %, 282.92 W, 48
2026/09/08 10:24:33.607, 27987 MiB, 81920 MiB, 52 %, 108.64 W, 44
2026/09/08 10:25:03.609, 27987 MiB, 81920 MiB, 42 %, 243.71 W, 45
2026/09/08 10:25:33.610, 27987 MiB, 81920 MiB, 0 %, 90.82 W, 42
2026/09/08 10:26:03.615, 27987 MiB, 81920 MiB, 66 %, 90.99 W, 43
2026/09/08 10:26:33.617, 27987 MiB, 81920 MiB, 77 %, 296.85 W, 48
2026/09/08 10:27:03.619, 27987 MiB, 81920 MiB, 8 %, 91.50 W, 43
2026/09/08 10:27:33.626, 27987 MiB, 81920 MiB, 27 %, 107.33 W, 45
2026/09/08 10:28:03.628, 27987 MiB, 81920 MiB, 79 %, 133.02 W, 44
2026/09/08 10:28:33.629, 27987 MiB, 81920 MiB, 4 %, 151.20 W, 46
2026/09/08 10:29:03.631, 27987 MiB, 81920 MiB, 72 %, 93.42 W, 44
2026/09/08 10:29:33.633, 27987 MiB, 81920 MiB, 59 %, 297.37 W, 46
2026/09/08 10:30:03.634, 27987 MiB, 81920 MiB, 30 %, 91.35 W, 43
2026/09/08 10:30:33.635, 27987 MiB, 81920 MiB, 5 %, 92.03 W, 44
2026/09/08 10:31:03.637, 27987 MiB, 81920 MiB, 0 %, 72.92 W, 41
2026/09/08 10:31:33.642, 27987 MiB, 81920 MiB, 87 %, 133.33 W, 51
2026/09/08 10:32:03.644, 27987 MiB, 81920 MiB, 21 %, 151.81 W, 46
2026/09/08 10:32:33.646, 27987 MiB, 81920 MiB, 59 %, 111.93 W, 44
2026/09/08 10:33:03.648, 27987 MiB, 81920 MiB, 0 %, 72.65 W, 41
2026/09/08 10:33:33.649, 27987 MiB, 81920 MiB, 3 %, 90.94 W, 42
2026/09/08 10:34:03.650, 27987 MiB, 81920 MiB, 0 %, 90.57 W, 42
2026/09/08 10:34:33.652, 27987 MiB, 81920 MiB, 88 %, 92.49 W, 45
2026/09/08 10:35:03.653, 27987 MiB, 81920 MiB, 33 %, 115.34 W, 43
2026/09/08 10:35:33.654, 27987 MiB, 81920 MiB, 42 %, 135.53 W, 45
2026/09/08 10:36:03.656, 27987 MiB, 81920 MiB, 53 %, 277.92 W, 46
2026/09/08 10:36:33.658, 27987 MiB, 81920 MiB, 15 %, 91.16 W, 42
2026/09/08 10:37:03.659, 27987 MiB, 81920 MiB, 98 %, 300.03 W, 51
2026/09/08 10:37:33.661, 27987 MiB, 81920 MiB, 61 %, 91.76 W, 44
2026/09/08 10:38:03.663, 27987 MiB, 81920 MiB, 0 %, 90.94 W, 42
2026/09/08 10:38:33.664, 27987 MiB, 81920 MiB, 26 %, 117.29 W, 45
2026/09/08 10:39:03.666, 27987 MiB, 81920 MiB, 0 %, 72.80 W, 41
2026/09/08 10:39:33.667, 27987 MiB, 81920 MiB, 72 %, 97.45 W, 44
2026/09/08 10:40:03.668, 27987 MiB, 81920 MiB, 5 %, 91.96 W, 43
2026/09/08 10:40:33.669, 27987 MiB, 81920 MiB, 15 %, 90.76 W, 43
2026/09/08 10:41:03.670, 27987 MiB, 81920 MiB, 25 %, 92.82 W, 43
2026/09/08 10:41:33.672, 27987 MiB, 81920 MiB, 0 %, 91.03 W, 42
2026/09/08 10:42:03.673, 27987 MiB, 81920 MiB, 0 %, 90.67 W, 42
2026/09/08 10:42:33.674, 27987 MiB, 81920 MiB, 25 %, 92.73 W, 46
2026/09/08 10:43:03.676, 27987 MiB, 81920 MiB, 15 %, 218.27 W, 46
2026/09/08 10:43:33.677, 27987 MiB, 81920 MiB, 69 %, 263.52 W, 47
2026/09/08 10:44:03.678, 27987 MiB, 81920 MiB, 8 %, 91.86 W, 43
2026/09/08 10:44:33.679, 27987 MiB, 81920 MiB, 0 %, 91.16 W, 43
2026/09/08 10:45:03.683, 27987 MiB, 81920 MiB, 34 %, 91.96 W, 44
2026/09/08 10:45:33.684, 27987 MiB, 81920 MiB, 87 %, 117.85 W, 48
2026/09/08 10:46:03.686, 27987 MiB, 81920 MiB, 99 %, 282.63 W, 51
2026/09/08 10:46:33.687, 27987 MiB, 81920 MiB, 31 %, 114.14 W, 47
2026/09/08 10:47:03.688, 27987 MiB, 81920 MiB, 78 %, 291.51 W, 47
2026/09/08 10:47:33.689, 27987 MiB, 81920 MiB, 4 %, 94.96 W, 43
2026/09/08 10:48:03.691, 27987 MiB, 81920 MiB, 24 %, 124.63 W, 45
2026/09/08 10:48:33.693, 27987 MiB, 81920 MiB, 54 %, 91.86 W, 44
2026/09/08 10:49:03.697, 27987 MiB, 81920 MiB, 64 %, 145.42 W, 49
2026/09/08 10:49:33.698, 27987 MiB, 81920 MiB, 20 %, 208.89 W, 46
2026/09/08 10:50:03.700, 27987 MiB, 81920 MiB, 81 %, 133.79 W, 46
2026/09/08 10:50:33.701, 27987 MiB, 81920 MiB, 0 %, 73.25 W, 42
2026/09/08 10:51:03.706, 27987 MiB, 81920 MiB, 89 %, 92.49 W, 45
2026/09/08 10:51:33.708, 27987 MiB, 81920 MiB, 0 %, 238.10 W, 47
2026/09/08 10:52:03.712, 27987 MiB, 81920 MiB, 90 %, 157.84 W, 48
2026/09/08 10:52:33.714, 27987 MiB, 81920 MiB, 64 %, 91.53 W, 43
2026/09/08 10:53:03.724, 27987 MiB, 81920 MiB, 7 %, 148.52 W, 44
2026/09/08 10:53:33.726, 27987 MiB, 81920 MiB, 57 %, 257.56 W, 44
2026/09/08 10:54:03.727, 27987 MiB, 81920 MiB, 19 %, 256.16 W, 46
2026/09/08 10:54:33.729, 27987 MiB, 81920 MiB, 29 %, 127.28 W, 45
2026/09/08 10:55:03.730, 27987 MiB, 81920 MiB, 2 %, 90.94 W, 43
2026/09/08 10:55:33.731, 27987 MiB, 81920 MiB, 32 %, 184.58 W, 45
2026/09/08 10:56:03.733, 27987 MiB, 81920 MiB, 81 %, 137.60 W, 51
2026/09/08 10:56:33.735, 27987 MiB, 81920 MiB, 90 %, 112.53 W, 45
2026/09/08 10:57:03.737, 27987 MiB, 81920 MiB, 40 %, 322.16 W, 49
2026/09/08 10:57:33.738, 27987 MiB, 81920 MiB, 58 %, 152.68 W, 44
2026/09/08 10:58:03.740, 27987 MiB, 81920 MiB, 72 %, 91.26 W, 44
2026/09/08 10:58:33.741, 27987 MiB, 81920 MiB, 93 %, 286.77 W, 48
2026/09/08 10:59:03.743, 27987 MiB, 81920 MiB, 4 %, 92.15 W, 42
2026/09/08 10:59:33.744, 27987 MiB, 81920 MiB, 1 %, 91.64 W, 43
2026/09/08 11:00:03.747, 27987 MiB, 81920 MiB, 0 %, 72.70 W, 41
2026/09/08 11:00:33.748, 27987 MiB, 81920 MiB, 2 %, 91.50 W, 43
2026/09/08 11:01:03.750, 27987 MiB, 81920 MiB, 0 %, 130.30 W, 44
2026/09/08 11:01:33.752, 27987 MiB, 81920 MiB, 0 %, 91.23 W, 43
2026/09/08 11:02:03.753, 27987 MiB, 81920 MiB, 44 %, 93.31 W, 46
2026/09/08 11:02:33.754, 27987 MiB, 81920 MiB, 75 %, 94.31 W, 46
2026/09/08 11:03:03.755, 27987 MiB, 81920 MiB, 0 %, 72.88 W, 41
2026/09/08 11:03:33.757, 27987 MiB, 81920 MiB, 36 %, 90.76 W, 43
2026/09/08 11:04:03.758, 27987 MiB, 81920 MiB, 77 %, 243.42 W, 47
2026/09/08 11:04:33.760, 27987 MiB, 81920 MiB, 43 %, 112.41 W, 43
2026/09/08 11:05:03.761, 27987 MiB, 81920 MiB, 0 %, 155.77 W, 45
2026/09/08 11:05:33.762, 27987 MiB, 81920 MiB, 6 %, 91.35 W, 43
2026/09/08 11:06:03.763, 27987 MiB, 81920 MiB, 15 %, 111.72 W, 43
2026/09/08 11:06:33.764, 27987 MiB, 81920 MiB, 34 %, 108.08 W, 45
2026/09/08 11:07:03.766, 27987 MiB, 81920 MiB, 0 %, 91.26 W, 43
2026/09/08 11:07:33.767, 27987 MiB, 81920 MiB, 43 %, 147.96 W, 45
2026/09/08 11:08:03.769, 27987 MiB, 81920 MiB, 0 %, 91.26 W, 43
2026/09/08 11:08:33.770, 27987 MiB, 81920 MiB, 85 %, 162.81 W, 47
2026/09/08 11:09:03.771, 27987 MiB, 81920 MiB, 4 %, 183.80 W, 44
2026/09/08 11:09:33.772, 27987 MiB, 81920 MiB, 1 %, 204.45 W, 45
2026/09/08 11:10:03.774, 27987 MiB, 81920 MiB, 0 %, 90.52 W, 42
2026/09/08 11:10:33.776, 27987 MiB, 81920 MiB, 0 %, 90.76 W, 42
2026/09/08 11:11:03.777, 27987 MiB, 81920 MiB, 35 %, 103.14 W, 46
2026/09/08 11:11:33.779, 27987 MiB, 81920 MiB, 78 %, 219.79 W, 45
2026/09/08 11:12:03.780, 27987 MiB, 81920 MiB, 0 %, 91.53 W, 43
2026/09/08 11:12:33.782, 27987 MiB, 81920 MiB, 3 %, 90.94 W, 42
2026/09/08 11:13:03.783, 27987 MiB, 81920 MiB, 0 %, 90.43 W, 42
2026/09/08 11:13:33.784, 27987 MiB, 81920 MiB, 4 %, 244.64 W, 46
2026/09/08 11:14:03.786, 27987 MiB, 81920 MiB, 77 %, 267.04 W, 50
2026/09/08 11:14:33.787, 27987 MiB, 81920 MiB, 57 %, 145.00 W, 46
2026/09/08 11:15:03.790, 27987 MiB, 81920 MiB, 75 %, 150.62 W, 49
2026/09/08 11:15:33.792, 27987 MiB, 81920 MiB, 100 %, 308.89 W, 48
2026/09/08 11:16:03.793, 27987 MiB, 81920 MiB, 86 %, 218.37 W, 45
2026/09/08 11:16:33.795, 27987 MiB, 81920 MiB, 0 %, 90.84 W, 43
2026/09/08 11:17:03.796, 27987 MiB, 81920 MiB, 0 %, 90.34 W, 42
2026/09/08 11:17:33.799, 27987 MiB, 81920 MiB, 0 %, 90.24 W, 42
2026/09/08 11:18:03.801, 27987 MiB, 81920 MiB, 98 %, 96.48 W, 46
2026/09/08 11:18:33.803, 27987 MiB, 81920 MiB, 0 %, 73.33 W, 41
2026/09/08 11:19:03.804, 27987 MiB, 81920 MiB, 25 %, 91.22 W, 43
2026/09/08 11:19:33.805, 27987 MiB, 81920 MiB, 0 %, 92.32 W, 43
2026/09/08 11:20:03.806, 27987 MiB, 81920 MiB, 88 %, 327.14 W, 48
2026/09/08 11:20:33.808, 27987 MiB, 81920 MiB, 49 %, 103.96 W, 42
2026/09/08 11:21:03.810, 27987 MiB, 81920 MiB, 47 %, 91.73 W, 43
2026/09/08 11:21:33.811, 27987 MiB, 81920 MiB, 85 %, 111.70 W, 44
2026/09/08 11:22:03.812, 27987 MiB, 81920 MiB, 0 %, 92.43 W, 46
2026/09/08 11:22:33.813, 27987 MiB, 81920 MiB, 18 %, 92.00 W, 44
2026/09/08 11:23:03.814, 27987 MiB, 81920 MiB, 85 %, 124.67 W, 45
2026/09/08 11:23:33.815, 27987 MiB, 81920 MiB, 33 %, 115.46 W, 45
2026/09/08 11:24:03.817, 27987 MiB, 81920 MiB, 0 %, 91.04 W, 42
2026/09/08 11:24:33.818, 27987 MiB, 81920 MiB, 0 %, 74.62 W, 41
2026/09/08 11:25:03.819, 27987 MiB, 81920 MiB, 100 %, 233.88 W, 51
2026/09/08 11:25:33.821, 27987 MiB, 81920 MiB, 0 %, 71.53 W, 39
2026/09/08 11:26:03.822, 27987 MiB, 81920 MiB, 0 %, 71.13 W, 37
2026/09/08 11:26:33.823, 27987 MiB, 81920 MiB, 9 %, 89.84 W, 42
2026/09/08 11:27:03.825, 27987 MiB, 81920 MiB, 45 %, 297.99 W, 48
2026/09/08 11:27:33.826, 27987 MiB, 81920 MiB, 0 %, 72.73 W, 41
2026/09/08 11:28:03.827, 27987 MiB, 81920 MiB, 62 %, 273.77 W, 46
2026/09/08 11:28:33.828, 27987 MiB, 81920 MiB, 95 %, 214.20 W, 45
2026/09/08 11:29:03.835, 27987 MiB, 81920 MiB, 5 %, 90.94 W, 43
2026/09/08 11:29:33.837, 27987 MiB, 81920 MiB, 0 %, 90.57 W, 42
2026/09/08 11:30:03.841, 27987 MiB, 81920 MiB, 5 %, 91.03 W, 43
2026/09/08 11:30:33.843, 27987 MiB, 81920 MiB, 0 %, 90.76 W, 42
2026/09/08 11:31:03.844, 27987 MiB, 81920 MiB, 35 %, 90.34 W, 42
2026/09/08 11:31:33.845, 27987 MiB, 81920 MiB, 21 %, 297.37 W, 50
2026/09/08 11:32:03.847, 27987 MiB, 81920 MiB, 0 %, 100.10 W, 45
2026/09/08 11:32:33.848, 27987 MiB, 81920 MiB, 24 %, 90.84 W, 43
2026/09/08 11:33:03.850, 27987 MiB, 81920 MiB, 0 %, 91.26 W, 42
2026/09/08 11:33:33.851, 27987 MiB, 81920 MiB, 49 %, 93.10 W, 48
2026/09/08 11:34:03.854, 27987 MiB, 81920 MiB, 99 %, 129.81 W, 47
2026/09/08 11:34:33.856, 27987 MiB, 81920 MiB, 57 %, 108.35 W, 48
2026/09/08 11:35:03.857, 27987 MiB, 81920 MiB, 0 %, 91.76 W, 44
2026/09/08 11:35:33.858, 27987 MiB, 81920 MiB, 40 %, 101.29 W, 45
2026/09/08 11:36:03.860, 27987 MiB, 81920 MiB, 74 %, 236.67 W, 49
2026/09/08 11:36:33.861, 27987 MiB, 81920 MiB, 20 %, 91.26 W, 43
2026/09/08 11:37:03.863, 27987 MiB, 81920 MiB, 0 %, 90.94 W, 43
2026/09/08 11:37:33.864, 27987 MiB, 81920 MiB, 0 %, 90.94 W, 43
2026/09/08 11:38:03.865, 27987 MiB, 81920 MiB, 44 %, 295.00 W, 49
2026/09/08 11:38:33.867, 27987 MiB, 81920 MiB, 0 %, 97.72 W, 42
2026/09/08 11:39:03.868, 27987 MiB, 81920 MiB, 27 %, 94.29 W, 44
2026/09/08 11:39:33.870, 27987 MiB, 81920 MiB, 72 %, 288.56 W, 47
2026/09/08 11:40:03.872, 27987 MiB, 81920 MiB, 74 %, 114.14 W, 46
2026/09/08 11:40:33.873, 27987 MiB, 81920 MiB, 71 %, 110.35 W, 45
2026/09/08 11:41:03.875, 27987 MiB, 81920 MiB, 69 %, 140.25 W, 44
2026/09/08 11:41:33.876, 27987 MiB, 81920 MiB, 42 %, 272.63 W, 47
2026/09/08 11:42:03.878, 27987 MiB, 81920 MiB, 65 %, 304.13 W, 47
2026/09/08 11:42:33.880, 27987 MiB, 81920 MiB, 57 %, 227.24 W, 47
2026/09/08 11:43:03.881, 27987 MiB, 81920 MiB, 37 %, 91.53 W, 43
2026/09/08 11:43:33.888, 27987 MiB, 81920 MiB, 0 %, 90.67 W, 42
2026/09/08 11:44:03.890, 27987 MiB, 81920 MiB, 79 %, 119.58 W, 44
2026/09/08 11:44:33.891, 27987 MiB, 81920 MiB, 1 %, 90.67 W, 42
2026/09/08 11:45:03.892, 27987 MiB, 81920 MiB, 75 %, 110.26 W, 45
2026/09/08 11:45:33.894, 27987 MiB, 81920 MiB, 0 %, 91.54 W, 42
2026/09/08 11:46:03.898, 27987 MiB, 81920 MiB, 35 %, 151.52 W, 45
2026/09/08 11:46:33.899, 27987 MiB, 81920 MiB, 74 %, 92.24 W, 44
2026/09/08 11:47:03.902, 27987 MiB, 81920 MiB, 0 %, 90.62 W, 42
2026/09/08 11:47:33.903, 27987 MiB, 81920 MiB, 61 %, 101.40 W, 44
2026/09/08 11:48:03.904, 27987 MiB, 81920 MiB, 32 %, 114.74 W, 45
2026/09/08 11:48:33.906, 27987 MiB, 81920 MiB, 0 %, 92.92 W, 44
2026/09/08 11:49:03.910, 27987 MiB, 81920 MiB, 77 %, 179.76 W, 47
2026/09/08 11:49:33.912, 27987 MiB, 81920 MiB, 0 %, 74.90 W, 41
2026/09/08 11:50:03.913, 27987 MiB, 81920 MiB, 0 %, 73.67 W, 42
2026/09/08 11:50:33.921, 27987 MiB, 81920 MiB, 0 %, 259.95 W, 45
2026/09/08 11:51:03.923, 27987 MiB, 81920 MiB, 81 %, 92.30 W, 44
2026/09/08 11:51:33.924, 27987 MiB, 81920 MiB, 35 %, 72.73 W, 41
2026/09/08 11:52:03.925, 27987 MiB, 81920 MiB, 0 %, 91.26 W, 43
2026/09/08 11:52:33.927, 27987 MiB, 81920 MiB, 69 %, 285.61 W, 49
2026/09/08 11:53:03.928, 27987 MiB, 81920 MiB, 99 %, 294.73 W, 50
2026/09/08 11:53:33.930, 27987 MiB, 81920 MiB, 19 %, 181.82 W, 44
2026/09/08 11:54:03.931, 27987 MiB, 81920 MiB, 0 %, 90.84 W, 42
2026/09/08 11:54:33.932, 27987 MiB, 81920 MiB, 60 %, 92.73 W, 46
2026/09/08 11:55:03.933, 27987 MiB, 81920 MiB, 74 %, 154.91 W, 45
2026/09/08 11:55:33.934, 27987 MiB, 81920 MiB, 0 %, 90.67 W, 42
2026/09/08 11:56:03.936, 27987 MiB, 81920 MiB, 2 %, 110.89 W, 44
2026/09/08 11:56:33.937, 27987 MiB, 81920 MiB, 76 %, 109.62 W, 44
2026/09/08 11:57:03.939, 27987 MiB, 81920 MiB, 46 %, 144.85 W, 44
2026/09/08 11:57:33.939, 27987 MiB, 81920 MiB, 0 %, 91.86 W, 43
2026/09/08 11:58:03.941, 27987 MiB, 81920 MiB, 80 %, 216.26 W, 47
2026/09/08 11:58:33.943, 27987 MiB, 81920 MiB, 0 %, 91.26 W, 43
2026/09/08 11:59:03.944, 27987 MiB, 81920 MiB, 5 %, 126.82 W, 46
2026/09/08 11:59:33.946, 27987 MiB, 81920 MiB, 12 %, 139.40 W, 44
2026/09/08 12:00:03.954, 27987 MiB, 81920 MiB, 56 %, 138.93 W, 44
2026/09/08 12:00:33.955, 27987 MiB, 81920 MiB, 91 %, 93.00 W, 45
2026/09/08 12:01:03.956, 27987 MiB, 81920 MiB, 9 %, 185.86 W, 44
2026/09/08 12:01:33.957, 27987 MiB, 81920 MiB, 0 %, 90.76 W, 42
2026/09/08 12:02:03.959, 27987 MiB, 81920 MiB, 18 %, 191.76 W, 44
2026/09/08 12:02:33.961, 27987 MiB, 81920 MiB, 38 %, 93.00 W, 45
2026/09/08 12:03:03.962, 27987 MiB, 81920 MiB, 0 %, 91.03 W, 42
2026/09/08 12:03:33.963, 27987 MiB, 81920 MiB, 65 %, 158.76 W, 44
2026/09/08 12:04:03.965, 27987 MiB, 81920 MiB, 71 %, 146.32 W, 45
2026/09/08 12:04:33.967, 27987 MiB, 81920 MiB, 39 %, 314.20 W, 47
2026/09/08 12:05:03.969, 27987 MiB, 81920 MiB, 0 %, 91.03 W, 43
2026/09/08 12:05:33.970, 27987 MiB, 81920 MiB, 76 %, 101.89 W, 44
2026/09/08 12:06:03.972, 27987 MiB, 81920 MiB, 47 %, 92.40 W, 43
2026/09/08 12:06:33.975, 27987 MiB, 81920 MiB, 43 %, 93.82 W, 44
2026/09/08 12:07:03.977, 27987 MiB, 81920 MiB, 81 %, 274.12 W, 49
2026/09/08 12:07:33.979, 27987 MiB, 81920 MiB, 72 %, 135.26 W, 47
2026/09/08 12:08:03.981, 27987 MiB, 81920 MiB, 0 %, 91.22 W, 45
2026/09/08 12:08:33.982, 27987 MiB, 81920 MiB, 86 %, 122.96 W, 45
2026/09/08 12:09:03.983, 27987 MiB, 81920 MiB, 0 %, 93.29 W, 42
2026/09/08 12:09:33.985, 27987 MiB, 81920 MiB, 0 %, 90.86 W, 42
2026/09/08 12:10:03.986, 27987 MiB, 81920 MiB, 42 %, 205.20 W, 47
2026/09/08 12:10:33.988, 27987 MiB, 81920 MiB, 99 %, 95.08 W, 46
2026/09/08 12:11:03.989, 27987 MiB, 81920 MiB, 0 %, 225.06 W, 42
2026/09/08 12:11:34.007, 27987 MiB, 81920 MiB, 38 %, 73.40 W, 41
2026/09/08 12:12:04.008, 27987 MiB, 81920 MiB, 0 %, 137.63 W, 44
2026/09/08 12:12:34.009, 27987 MiB, 81920 MiB, 0 %, 90.94 W, 43
2026/09/08 12:13:04.011, 27987 MiB, 81920 MiB, 32 %, 233.06 W, 48
2026/09/08 12:13:34.012, 27987 MiB, 81920 MiB, 95 %, 218.82 W, 47
2026/09/08 12:14:04.015, 27987 MiB, 81920 MiB, 0 %, 90.67 W, 42
2026/09/08 12:14:34.016, 27987 MiB, 81920 MiB, 22 %, 297.09 W, 45
2026/09/08 12:15:04.018, 27987 MiB, 81920 MiB, 37 %, 284.42 W, 46
2026/09/08 12:15:34.021, 27987 MiB, 81920 MiB, 80 %, 212.96 W, 49
2026/09/08 12:16:04.023, 27987 MiB, 81920 MiB, 54 %, 93.22 W, 44
2026/09/08 12:16:34.024, 27987 MiB, 81920 MiB, 79 %, 93.00 W, 45
2026/09/08 12:17:04.026, 27987 MiB, 81920 MiB, 27 %, 98.14 W, 43
2026/09/08 12:17:34.027, 27987 MiB, 81920 MiB, 45 %, 111.12 W, 46
2026/09/08 12:18:04.032, 27987 MiB, 81920 MiB, 73 %, 284.12 W, 49
2026/09/08 12:18:34.034, 27987 MiB, 81920 MiB, 75 %, 266.72 W, 45
2026/09/08 12:19:04.035, 27987 MiB, 81920 MiB, 7 %, 285.31 W, 49
2026/09/08 12:19:34.039, 27987 MiB, 81920 MiB, 10 %, 140.25 W, 44
2026/09/08 12:20:04.040, 27987 MiB, 81920 MiB, 21 %, 285.91 W, 49
2026/09/08 12:20:34.042, 27987 MiB, 81920 MiB, 0 %, 91.03 W, 43
2026/09/08 12:21:04.044, 27987 MiB, 81920 MiB, 0 %, 91.26 W, 42
2026/09/08 12:21:34.045, 27987 MiB, 81920 MiB, 0 %, 90.34 W, 42
2026/09/08 12:22:04.047, 27987 MiB, 81920 MiB, 86 %, 172.48 W, 47
2026/09/08 12:22:34.048, 27987 MiB, 81920 MiB, 87 %, 229.22 W, 49
2026/09/08 12:23:04.049, 27987 MiB, 81920 MiB, 50 %, 120.16 W, 44
2026/09/08 12:23:34.050, 27987 MiB, 81920 MiB, 5 %, 115.82 W, 44
2026/09/08 12:24:04.060, 27987 MiB, 81920 MiB, 68 %, 100.14 W, 44
2026/09/08 12:24:34.062, 27987 MiB, 81920 MiB, 68 %, 115.10 W, 44
2026/09/08 12:25:04.063, 27987 MiB, 81920 MiB, 0 %, 90.76 W, 42
2026/09/08 12:25:34.066, 27987 MiB, 81920 MiB, 0 %, 72.73 W, 41
2026/09/08 12:26:04.068, 27987 MiB, 81920 MiB, 0 %, 130.08 W, 44
2026/09/08 12:26:34.070, 27987 MiB, 81920 MiB, 83 %, 92.82 W, 44
2026/09/08 12:27:04.071, 27987 MiB, 81920 MiB, 0 %, 72.73 W, 41
2026/09/08 12:27:34.072, 27987 MiB, 81920 MiB, 48 %, 253.45 W, 47
2026/09/08 12:28:04.074, 27987 MiB, 81920 MiB, 82 %, 91.76 W, 43
2026/09/08 12:28:34.078, 27987 MiB, 81920 MiB, 72 %, 117.76 W, 44
2026/09/08 12:29:04.078, 27987 MiB, 81920 MiB, 0 %, 90.35 W, 42
2026/09/08 12:29:34.080, 27987 MiB, 81920 MiB, 93 %, 92.34 W, 45
2026/09/08 12:30:04.081, 27987 MiB, 81920 MiB, 50 %, 91.83 W, 43
2026/09/08 12:30:34.082, 27987 MiB, 81920 MiB, 100 %, 119.93 W, 49
2026/09/08 12:31:04.083, 27987 MiB, 81920 MiB, 0 %, 71.98 W, 39
2026/09/08 12:31:34.084, 27987 MiB, 81920 MiB, 0 %, 71.03 W, 37
2026/09/08 12:32:04.085, 27987 MiB, 81920 MiB, 0 %, 71.98 W, 39
2026/09/08 12:32:34.087, 27987 MiB, 81920 MiB, 0 %, 72.10 W, 40
2026/09/08 12:33:04.088, 27987 MiB, 81920 MiB, 75 %, 172.09 W, 47
2026/09/08 12:33:34.090, 27987 MiB, 81920 MiB, 0 %, 89.94 W, 41
2026/09/08 12:34:04.092, 27987 MiB, 81920 MiB, 0 %, 90.12 W, 41
2026/09/08 12:34:34.093, 27987 MiB, 81920 MiB, 66 %, 148.88 W, 46
2026/09/08 12:35:04.095, 27987 MiB, 81920 MiB, 17 %, 283.52 W, 46
2026/09/08 12:35:34.096, 27987 MiB, 81920 MiB, 25 %, 91.31 W, 43
2026/09/08 12:36:04.098, 27987 MiB, 81920 MiB, 0 %, 90.86 W, 42
2026/09/08 12:36:34.099, 27987 MiB, 81920 MiB, 2 %, 91.45 W, 43
2026/09/08 12:37:04.100, 27987 MiB, 81920 MiB, 42 %, 141.47 W, 46
2026/09/08 12:37:34.105, 27987 MiB, 81920 MiB, 0 %, 90.52 W, 42
2026/09/08 12:38:04.106, 27987 MiB, 81920 MiB, 67 %, 90.94 W, 43
2026/09/08 12:38:34.107, 27987 MiB, 81920 MiB, 46 %, 91.03 W, 42
2026/09/08 12:39:04.109, 27987 MiB, 81920 MiB, 69 %, 194.55 W, 47
2026/09/08 12:39:34.110, 27987 MiB, 81920 MiB, 0 %, 90.43 W, 42
2026/09/08 12:40:04.110, 27987 MiB, 81920 MiB, 0 %, 90.86 W, 42
2026/09/08 12:40:34.114, 27987 MiB, 81920 MiB, 99 %, 298.60 W, 50
2026/09/08 12:41:04.116, 27987 MiB, 81920 MiB, 80 %, 310.73 W, 48
2026/09/08 12:41:34.117, 27987 MiB, 81920 MiB, 64 %, 91.72 W, 44
2026/09/08 12:42:04.119, 27987 MiB, 81920 MiB, 76 %, 108.58 W, 46
2026/09/08 12:42:34.121, 27987 MiB, 81920 MiB, 0 %, 90.52 W, 42
2026/09/08 12:43:04.123, 27987 MiB, 81920 MiB, 34 %, 91.53 W, 43
2026/09/08 12:43:34.124, 27987 MiB, 81920 MiB, 26 %, 90.67 W, 42
2026/09/08 12:44:04.125, 27987 MiB, 81920 MiB, 0 %, 90.67 W, 42
2026/09/08 12:44:34.127, 27987 MiB, 81920 MiB, 27 %, 90.76 W, 42
2026/09/08 12:45:04.128, 27987 MiB, 81920 MiB, 64 %, 215.17 W, 46
2026/09/08 12:45:34.130, 27987 MiB, 81920 MiB, 48 %, 130.08 W, 46
2026/09/08 12:46:04.133, 27987 MiB, 81920 MiB, 0 %, 90.67 W, 42
2026/09/08 12:46:34.135, 27987 MiB, 81920 MiB, 70 %, 128.49 W, 46
2026/09/08 12:47:04.137, 27987 MiB, 81920 MiB, 0 %, 90.34 W, 42
2026/09/08 12:47:34.139, 27987 MiB, 81920 MiB, 94 %, 264.39 W, 49
2026/09/08 12:48:04.141, 27987 MiB, 81920 MiB, 74 %, 156.97 W, 47
2026/09/08 12:48:34.143, 27987 MiB, 81920 MiB, 2 %, 90.84 W, 42
2026/09/08 12:49:04.148, 27987 MiB, 81920 MiB, 89 %, 254.63 W, 48
2026/09/08 12:49:34.150, 27987 MiB, 81920 MiB, 0 %, 90.84 W, 42
2026/09/08 12:50:04.152, 27987 MiB, 81920 MiB, 45 %, 92.22 W, 44
2026/09/08 12:50:34.153, 27987 MiB, 81920 MiB, 0 %, 91.26 W, 43
2026/09/08 12:51:04.155, 27987 MiB, 81920 MiB, 29 %, 274.69 W, 42
2026/09/08 12:51:34.156, 27987 MiB, 81920 MiB, 2 %, 102.28 W, 43
2026/09/08 12:52:04.157, 27987 MiB, 81920 MiB, 75 %, 147.21 W, 46
2026/09/08 12:52:34.166, 27987 MiB, 81920 MiB, 33 %, 298.59 W, 48
2026/09/08 12:53:04.168, 27987 MiB, 81920 MiB, 36 %, 91.16 W, 48
2026/09/08 12:53:34.169, 27987 MiB, 81920 MiB, 59 %, 105.42 W, 44
2026/09/08 12:54:04.170, 27987 MiB, 81920 MiB, 60 %, 104.55 W, 45
2026/09/08 12:54:34.172, 27987 MiB, 81920 MiB, 63 %, 261.03 W, 49
2026/09/08 12:55:04.173, 27987 MiB, 81920 MiB, 55 %, 98.02 W, 44
2026/09/08 12:55:34.174, 27987 MiB, 81920 MiB, 26 %, 92.92 W, 44
2026/09/08 12:56:04.176, 27987 MiB, 81920 MiB, 39 %, 97.72 W, 44
2026/09/08 12:56:34.179, 27987 MiB, 81920 MiB, 79 %, 100.10 W, 46
2026/09/08 12:57:04.184, 27987 MiB, 81920 MiB, 88 %, 213.60 W, 50
2026/09/08 12:57:34.186, 27987 MiB, 81920 MiB, 83 %, 292.07 W, 49
2026/09/08 12:58:04.187, 27987 MiB, 81920 MiB, 1 %, 91.43 W, 44
2026/09/08 12:58:34.192, 27987 MiB, 81920 MiB, 12 %, 102.76 W, 46
2026/09/08 12:59:04.193, 27987 MiB, 81920 MiB, 0 %, 279.67 W, 46
2026/09/08 12:59:34.194, 27987 MiB, 81920 MiB, 63 %, 236.04 W, 46
2026/09/08 13:00:04.195, 27987 MiB, 81920 MiB, 62 %, 118.99 W, 45
2026/09/08 13:00:34.197, 27987 MiB, 81920 MiB, 27 %, 282.33 W, 46
2026/09/08 13:01:04.202, 27987 MiB, 81920 MiB, 0 %, 73.00 W, 41
2026/09/08 13:01:34.203, 27987 MiB, 81920 MiB, 74 %, 95.65 W, 46
2026/09/08 13:02:04.206, 27987 MiB, 81920 MiB, 0 %, 72.92 W, 41
2026/09/08 13:02:34.208, 27987 MiB, 81920 MiB, 75 %, 247.87 W, 45
2026/09/08 13:03:04.210, 27987 MiB, 81920 MiB, 94 %, 110.37 W, 47
2026/09/08 13:03:34.215, 27987 MiB, 81920 MiB, 0 %, 92.30 W, 43
2026/09/08 13:04:04.217, 27987 MiB, 81920 MiB, 34 %, 91.62 W, 43
2026/09/08 13:04:34.218, 27987 MiB, 81920 MiB, 71 %, 182.20 W, 47
2026/09/08 13:05:04.219, 27987 MiB, 81920 MiB, 37 %, 92.13 W, 48
2026/09/08 13:05:34.236, 27987 MiB, 81920 MiB, 0 %, 90.94 W, 42
2026/09/08 13:06:04.240, 27987 MiB, 81920 MiB, 0 %, 90.57 W, 42
2026/09/08 13:06:34.243, 27987 MiB, 81920 MiB, 71 %, 99.24 W, 43
2026/09/08 13:07:04.245, 27987 MiB, 81920 MiB, 36 %, 73.00 W, 41
2026/09/08 13:07:34.252, 27987 MiB, 81920 MiB, 0 %, 91.03 W, 43
2026/09/08 13:08:04.270, 27987 MiB, 81920 MiB, 0 %, 90.76 W, 42
2026/09/08 13:08:34.273, 27987 MiB, 81920 MiB, 86 %, 102.21 W, 47
2026/09/08 13:09:04.274, 27987 MiB, 81920 MiB, 0 %, 91.12 W, 42
2026/09/08 13:09:34.275, 27987 MiB, 81920 MiB, 0 %, 90.76 W, 42
2026/09/08 13:10:04.280, 27987 MiB, 81920 MiB, 54 %, 92.73 W, 44
2026/09/08 13:10:34.287, 27987 MiB, 81920 MiB, 39 %, 241.97 W, 45
2026/09/08 13:11:04.289, 27987 MiB, 81920 MiB, 0 %, 91.53 W, 43
2026/09/08 13:11:34.290, 27987 MiB, 81920 MiB, 63 %, 93.22 W, 44
2026/09/08 13:12:04.291, 27987 MiB, 81920 MiB, 56 %, 112.65 W, 45
2026/09/08 13:12:34.293, 27987 MiB, 81920 MiB, 83 %, 192.83 W, 46
2026/09/08 13:13:04.294, 27987 MiB, 81920 MiB, 29 %, 91.62 W, 43
2026/09/08 13:13:34.296, 27987 MiB, 81920 MiB, 66 %, 91.86 W, 43
2026/09/08 13:14:04.297, 27987 MiB, 81920 MiB, 82 %, 225.57 W, 47
2026/09/08 13:14:34.298, 27987 MiB, 81920 MiB, 74 %, 159.19 W, 50
2026/09/08 13:15:04.300, 27987 MiB, 81920 MiB, 33 %, 91.35 W, 43
2026/09/08 13:15:34.301, 27987 MiB, 81920 MiB, 0 %, 91.35 W, 43
2026/09/08 13:16:04.302, 27987 MiB, 81920 MiB, 6 %, 90.94 W, 43
2026/09/08 13:16:34.304, 27987 MiB, 81920 MiB, 97 %, 102.50 W, 49
2026/09/08 13:17:04.305, 27987 MiB, 81920 MiB, 12 %, 91.26 W, 43
2026/09/08 13:17:34.306, 27987 MiB, 81920 MiB, 85 %, 301.49 W, 50
2026/09/08 13:18:04.308, 27987 MiB, 81920 MiB, 38 %, 290.30 W, 49
2026/09/08 13:18:34.309, 27987 MiB, 81920 MiB, 90 %, 143.24 W, 50
2026/09/08 13:19:04.311, 27987 MiB, 81920 MiB, 58 %, 91.53 W, 43
2026/09/08 13:19:34.312, 27987 MiB, 81920 MiB, 0 %, 90.76 W, 43
2026/09/08 13:20:04.313, 27987 MiB, 81920 MiB, 54 %, 138.79 W, 46
2026/09/08 13:20:34.315, 27987 MiB, 81920 MiB, 33 %, 130.49 W, 45
2026/09/08 13:21:04.316, 27987 MiB, 81920 MiB, 0 %, 92.15 W, 42
2026/09/08 13:21:34.320, 27987 MiB, 81920 MiB, 14 %, 129.81 W, 46
2026/09/08 13:22:04.322, 27987 MiB, 81920 MiB, 90 %, 296.18 W, 49
2026/09/08 13:22:34.323, 27987 MiB, 81920 MiB, 100 %, 284.12 W, 48
2026/09/08 13:23:04.324, 27987 MiB, 81920 MiB, 39 %, 93.21 W, 46
2026/09/08 13:23:34.326, 27987 MiB, 81920 MiB, 1 %, 134.35 W, 44
2026/09/08 13:24:04.327, 27987 MiB, 81920 MiB, 29 %, 126.28 W, 47
2026/09/08 13:24:34.329, 27987 MiB, 81920 MiB, 81 %, 266.04 W, 50
2026/09/08 13:25:04.330, 27987 MiB, 81920 MiB, 91 %, 295.36 W, 49
2026/09/08 13:25:34.331, 27987 MiB, 81920 MiB, 15 %, 226.56 W, 47
2026/09/08 13:26:04.332, 27987 MiB, 81920 MiB, 78 %, 292.96 W, 47
2026/09/08 13:26:34.334, 27987 MiB, 81920 MiB, 74 %, 126.69 W, 50
2026/09/08 13:27:04.335, 27987 MiB, 81920 MiB, 0 %, 91.96 W, 44
2026/09/08 13:27:34.336, 27987 MiB, 81920 MiB, 29 %, 124.16 W, 47
2026/09/08 13:28:04.338, 27987 MiB, 81920 MiB, 3 %, 91.96 W, 44
2026/09/08 13:28:34.339, 27987 MiB, 81920 MiB, 9 %, 74.54 W, 43
2026/09/08 13:29:04.350, 27987 MiB, 81920 MiB, 0 %, 74.34 W, 43
2026/09/08 13:29:34.352, 27987 MiB, 81920 MiB, 0 %, 73.33 W, 42
2026/09/08 13:30:04.354, 27987 MiB, 81920 MiB, 70 %, 153.87 W, 47
2026/09/08 13:30:34.355, 27987 MiB, 81920 MiB, 94 %, 286.77 W, 50
2026/09/08 13:31:04.356, 27987 MiB, 81920 MiB, 68 %, 245.73 W, 49
2026/09/08 13:31:34.357, 27987 MiB, 81920 MiB, 36 %, 99.72 W, 47
2026/09/08 13:32:04.359, 27987 MiB, 81920 MiB, 93 %, 342.90 W, 49
2026/09/08 13:32:34.360, 27987 MiB, 81920 MiB, 28 %, 93.11 W, 45
