timestamp, memory.used [MiB], memory.total [MiB], utilization.gpu [%], power.draw [W], temperature.gpu
2026/09/07 22:24:00.987, 0 MiB, 81920 MiB, 0 %, 62.48 W, 34
2026/09/07 22:24:31.000, 0 MiB, 81920 MiB, 0 %, 62.74 W, 34
2026/09/07 22:25:01.001, 483 MiB, 81920 MiB, 0 %, 69.21 W, 35
2026/09/07 22:25:31.003, 25903 MiB, 81920 MiB, 0 %, 70.81 W, 36
2026/09/07 22:26:01.004, 25903 MiB, 81920 MiB, 40 %, 87.68 W, 40
2026/09/07 22:26:31.005, 25903 MiB, 81920 MiB, 0 %, 88.19 W, 40
2026/09/07 22:27:01.006, 25903 MiB, 81920 MiB, 29 %, 196.41 W, 41
2026/09/07 22:27:31.007, 25903 MiB, 81920 MiB, 23 %, 88.97 W, 41
2026/09/07 22:28:01.010, 25903 MiB, 81920 MiB, 37 %, 166.92 W, 44
2026/09/07 22:28:31.012, 25903 MiB, 81920 MiB, 34 %, 111.45 W, 43
2026/09/07 22:29:01.013, 25903 MiB, 81920 MiB, 94 %, 115.91 W, 46
2026/09/07 22:29:31.015, 25903 MiB, 81920 MiB, 47 %, 313.33 W, 47
2026/09/07 22:30:01.017, 26671 MiB, 81920 MiB, 0 %, 96.78 W, 41
2026/09/07 22:30:31.019, 27087 MiB, 81920 MiB, 47 %, 133.15 W, 44
2026/09/07 22:31:01.020, 27087 MiB, 81920 MiB, 0 %, 89.47 W, 41
2026/09/07 22:31:31.021, 27087 MiB, 81920 MiB, 5 %, 142.79 W, 43
2026/09/07 22:32:01.023, 27087 MiB, 81920 MiB, 9 %, 118.09 W, 45
2026/09/07 22:32:31.024, 27087 MiB, 81920 MiB, 46 %, 234.39 W, 45
2026/09/07 22:33:01.025, 27087 MiB, 81920 MiB, 2 %, 89.15 W, 42
2026/09/07 22:33:31.026, 27087 MiB, 81920 MiB, 0 %, 75.82 W, 41
2026/09/07 22:34:01.027, 27087 MiB, 81920 MiB, 0 %, 90.35 W, 41
2026/09/07 22:34:31.029, 27087 MiB, 81920 MiB, 19 %, 95.58 W, 42
2026/09/07 22:35:01.030, 27087 MiB, 81920 MiB, 79 %, 295.39 W, 49
2026/09/07 22:35:31.031, 27087 MiB, 81920 MiB, 96 %, 296.83 W, 48
2026/09/07 22:36:01.033, 27087 MiB, 81920 MiB, 29 %, 95.18 W, 44
2026/09/07 22:36:31.038, 27087 MiB, 81920 MiB, 59 %, 294.79 W, 48
2026/09/07 22:37:01.038, 27087 MiB, 81920 MiB, 86 %, 292.13 W, 49
2026/09/07 22:37:31.040, 27087 MiB, 81920 MiB, 2 %, 89.47 W, 42
2026/09/07 22:38:01.041, 27087 MiB, 81920 MiB, 48 %, 224.52 W, 48
2026/09/07 22:38:31.044, 27087 MiB, 81920 MiB, 29 %, 72.10 W, 41
2026/09/07 22:39:01.046, 27087 MiB, 81920 MiB, 87 %, 142.64 W, 46
2026/09/07 22:39:31.047, 27087 MiB, 81920 MiB, 31 %, 89.75 W, 43
2026/09/07 22:40:01.048, 27087 MiB, 81920 MiB, 9 %, 89.43 W, 42
2026/09/07 22:40:31.050, 27087 MiB, 81920 MiB, 27 %, 90.30 W, 43
2026/09/07 22:41:01.051, 27087 MiB, 81920 MiB, 0 %, 89.25 W, 42
2026/09/07 22:41:31.053, 27087 MiB, 81920 MiB, 85 %, 90.03 W, 42
2026/09/07 22:42:01.054, 27087 MiB, 81920 MiB, 20 %, 153.68 W, 44
2026/09/07 22:42:31.056, 27087 MiB, 81920 MiB, 100 %, 251.06 W, 44
2026/09/07 22:43:01.057, 27087 MiB, 81920 MiB, 0 %, 280.57 W, 48
2026/09/07 22:43:31.065, 27087 MiB, 81920 MiB, 53 %, 106.84 W, 43
2026/09/07 22:44:01.066, 27087 MiB, 81920 MiB, 0 %, 89.15 W, 42
2026/09/07 22:44:31.067, 27087 MiB, 81920 MiB, 34 %, 276.74 W, 48
2026/09/07 22:45:01.068, 27087 MiB, 81920 MiB, 69 %, 292.97 W, 49
2026/09/07 22:45:31.070, 27087 MiB, 81920 MiB, 21 %, 90.12 W, 43
2026/09/07 22:46:01.071, 27087 MiB, 81920 MiB, 3 %, 89.57 W, 42
2026/09/07 22:46:31.073, 27087 MiB, 81920 MiB, 85 %, 225.20 W, 48
2026/09/07 22:47:01.074, 27087 MiB, 81920 MiB, 92 %, 261.36 W, 48
2026/09/07 22:47:31.075, 27087 MiB, 81920 MiB, 39 %, 262.01 W, 46
2026/09/07 22:48:01.076, 27087 MiB, 81920 MiB, 68 %, 90.76 W, 45
2026/09/07 22:48:31.077, 27087 MiB, 81920 MiB, 62 %, 160.23 W, 48
2026/09/07 22:49:01.078, 27087 MiB, 81920 MiB, 0 %, 89.06 W, 42
2026/09/07 22:49:31.080, 27087 MiB, 81920 MiB, 69 %, 214.43 W, 45
2026/09/07 22:50:01.083, 27087 MiB, 81920 MiB, 84 %, 207.86 W, 49
2026/09/07 22:50:31.085, 27087 MiB, 81920 MiB, 84 %, 130.81 W, 45
2026/09/07 22:51:01.087, 27087 MiB, 81920 MiB, 0 %, 89.84 W, 43
2026/09/07 22:51:31.088, 27089 MiB, 81920 MiB, 32 %, 90.25 W, 44
2026/09/07 22:52:01.089, 27089 MiB, 81920 MiB, 42 %, 101.50 W, 45
2026/09/07 22:52:31.090, 27089 MiB, 81920 MiB, 11 %, 91.03 W, 45
2026/09/07 22:53:01.121, 27089 MiB, 81920 MiB, 89 %, 222.90 W, 49
2026/09/07 22:53:31.122, 27089 MiB, 81920 MiB, 59 %, 111.12 W, 47
2026/09/07 22:54:01.123, 27089 MiB, 81920 MiB, 61 %, 92.22 W, 45
2026/09/07 22:54:31.125, 27089 MiB, 81920 MiB, 61 %, 182.30 W, 48
2026/09/07 22:55:01.126, 27089 MiB, 81920 MiB, 100 %, 293.27 W, 49
2026/09/07 22:55:31.127, 27089 MiB, 81920 MiB, 29 %, 174.76 W, 45
2026/09/07 22:56:01.128, 27729 MiB, 81920 MiB, 70 %, 284.73 W, 50
2026/09/07 22:56:31.129, 27729 MiB, 81920 MiB, 51 %, 90.21 W, 43
2026/09/07 22:57:01.130, 27729 MiB, 81920 MiB, 54 %, 150.05 W, 49
2026/09/07 22:57:31.132, 27729 MiB, 81920 MiB, 69 %, 152.44 W, 46
2026/09/07 22:58:01.133, 27729 MiB, 81920 MiB, 5 %, 239.61 W, 46
2026/09/07 22:58:31.134, 27729 MiB, 81920 MiB, 4 %, 122.48 W, 46
2026/09/07 22:59:01.135, 27953 MiB, 81920 MiB, 57 %, 102.98 W, 45
2026/09/07 22:59:31.137, 27953 MiB, 81920 MiB, 0 %, 89.85 W, 43
2026/09/07 23:00:01.137, 27953 MiB, 81920 MiB, 86 %, 269.30 W, 45
2026/09/07 23:00:31.139, 27953 MiB, 81920 MiB, 0 %, 89.84 W, 42
2026/09/07 23:01:01.144, 27953 MiB, 81920 MiB, 58 %, 103.96 W, 45
2026/09/07 23:01:31.145, 27953 MiB, 81920 MiB, 2 %, 92.15 W, 42
2026/09/07 23:02:01.148, 27953 MiB, 81920 MiB, 0 %, 71.88 W, 41
2026/09/07 23:02:31.150, 27953 MiB, 81920 MiB, 0 %, 89.06 W, 41
2026/09/07 23:03:01.155, 27953 MiB, 81920 MiB, 2 %, 79.87 W, 40
2026/09/07 23:03:31.156, 27953 MiB, 81920 MiB, 4 %, 90.16 W, 43
2026/09/07 23:04:01.158, 27953 MiB, 81920 MiB, 6 %, 92.22 W, 42
2026/09/07 23:04:31.160, 27953 MiB, 81920 MiB, 80 %, 295.96 W, 50
2026/09/07 23:05:01.161, 27953 MiB, 81920 MiB, 0 %, 89.93 W, 42
2026/09/07 23:05:31.162, 27953 MiB, 81920 MiB, 0 %, 88.88 W, 42
2026/09/07 23:06:01.164, 27953 MiB, 81920 MiB, 17 %, 114.71 W, 42
2026/09/07 23:06:31.165, 27953 MiB, 81920 MiB, 36 %, 123.42 W, 45
2026/09/07 23:07:01.166, 27953 MiB, 81920 MiB, 0 %, 89.15 W, 42
2026/09/07 23:07:31.167, 27953 MiB, 81920 MiB, 94 %, 127.83 W, 49
2026/09/07 23:08:01.169, 27953 MiB, 81920 MiB, 0 %, 89.15 W, 42
2026/09/07 23:08:31.170, 27953 MiB, 81920 MiB, 0 %, 89.57 W, 42
2026/09/07 23:09:01.172, 27953 MiB, 81920 MiB, 0 %, 89.38 W, 42
2026/09/07 23:09:31.174, 27953 MiB, 81920 MiB, 31 %, 141.32 W, 46
2026/09/07 23:10:01.176, 27953 MiB, 81920 MiB, 15 %, 278.80 W, 48
2026/09/07 23:10:31.177, 27953 MiB, 81920 MiB, 54 %, 196.09 W, 49
2026/09/07 23:11:01.178, 27953 MiB, 81920 MiB, 0 %, 72.20 W, 41
2026/09/07 23:11:31.179, 27953 MiB, 81920 MiB, 0 %, 72.20 W, 41
2026/09/07 23:12:01.180, 27953 MiB, 81920 MiB, 0 %, 89.66 W, 42
2026/09/07 23:12:31.182, 27953 MiB, 81920 MiB, 21 %, 90.02 W, 43
2026/09/07 23:13:01.183, 27953 MiB, 81920 MiB, 2 %, 89.74 W, 42
2026/09/07 23:13:31.184, 27953 MiB, 81920 MiB, 73 %, 299.19 W, 49
2026/09/07 23:14:01.185, 27953 MiB, 81920 MiB, 28 %, 280.86 W, 47
2026/09/07 23:14:31.189, 27953 MiB, 81920 MiB, 58 %, 182.49 W, 46
2026/09/07 23:15:01.191, 27953 MiB, 81920 MiB, 60 %, 174.22 W, 46
2026/09/07 23:15:31.193, 27953 MiB, 81920 MiB, 0 %, 91.12 W, 43
2026/09/07 23:16:01.194, 27953 MiB, 81920 MiB, 6 %, 90.52 W, 46
2026/09/07 23:16:31.196, 27953 MiB, 81920 MiB, 56 %, 91.45 W, 44
2026/09/07 23:17:01.197, 27953 MiB, 81920 MiB, 0 %, 89.57 W, 42
2026/09/07 23:17:31.199, 27953 MiB, 81920 MiB, 1 %, 89.93 W, 42
2026/09/07 23:18:01.200, 27953 MiB, 81920 MiB, 0 %, 89.38 W, 43
2026/09/07 23:18:31.201, 27953 MiB, 81920 MiB, 0 %, 89.38 W, 42
2026/09/07 23:19:01.203, 27953 MiB, 81920 MiB, 100 %, 287.08 W, 47
2026/09/07 23:19:31.204, 27953 MiB, 81920 MiB, 19 %, 114.11 W, 44
2026/09/07 23:20:01.209, 27953 MiB, 81920 MiB, 17 %, 134.80 W, 46
2026/09/07 23:20:31.211, 27953 MiB, 81920 MiB, 76 %, 91.35 W, 44
2026/09/07 23:21:01.213, 27953 MiB, 81920 MiB, 77 %, 188.71 W, 47
2026/09/07 23:21:31.215, 27953 MiB, 81920 MiB, 0 %, 89.93 W, 43
2026/09/07 23:22:01.216, 27953 MiB, 81920 MiB, 13 %, 92.82 W, 43
2026/09/07 23:22:31.217, 27953 MiB, 81920 MiB, 0 %, 89.66 W, 42
2026/09/07 23:23:01.218, 27953 MiB, 81920 MiB, 0 %, 92.59 W, 43
2026/09/07 23:23:31.220, 27953 MiB, 81920 MiB, 31 %, 134.21 W, 46
2026/09/07 23:24:01.221, 27953 MiB, 81920 MiB, 2 %, 90.44 W, 45
2026/09/07 23:24:31.223, 27953 MiB, 81920 MiB, 70 %, 269.34 W, 48
2026/09/07 23:25:01.224, 27953 MiB, 81920 MiB, 80 %, 303.61 W, 46
2026/09/07 23:25:31.225, 27953 MiB, 81920 MiB, 73 %, 296.55 W, 49
2026/09/07 23:26:01.226, 27953 MiB, 81920 MiB, 97 %, 294.50 W, 49
2026/09/07 23:26:31.227, 27953 MiB, 81920 MiB, 92 %, 112.79 W, 44
2026/09/07 23:27:01.228, 27953 MiB, 81920 MiB, 41 %, 165.79 W, 46
2026/09/07 23:27:31.229, 27953 MiB, 81920 MiB, 2 %, 89.85 W, 42
2026/09/07 23:28:01.231, 27953 MiB, 81920 MiB, 75 %, 261.03 W, 49
2026/09/07 23:28:31.232, 27953 MiB, 81920 MiB, 0 %, 90.35 W, 43
2026/09/07 23:29:01.233, 27953 MiB, 81920 MiB, 97 %, 349.65 W, 50
2026/09/07 23:29:31.235, 27953 MiB, 81920 MiB, 31 %, 79.27 W, 42
2026/09/07 23:30:01.237, 27953 MiB, 81920 MiB, 71 %, 300.64 W, 51
2026/09/07 23:30:31.240, 27955 MiB, 81920 MiB, 0 %, 72.48 W, 42
2026/09/07 23:31:01.241, 27955 MiB, 81920 MiB, 0 %, 70.81 W, 38
2026/09/07 23:31:31.242, 27955 MiB, 81920 MiB, 0 %, 70.26 W, 37
2026/09/07 23:32:01.243, 27955 MiB, 81920 MiB, 91 %, 154.63 W, 44
2026/09/07 23:32:31.245, 27955 MiB, 81920 MiB, 69 %, 276.13 W, 43
2026/09/07 23:33:01.247, 27955 MiB, 81920 MiB, 36 %, 177.38 W, 43
2026/09/07 23:33:31.249, 27955 MiB, 81920 MiB, 74 %, 257.23 W, 47
2026/09/07 23:34:01.251, 27955 MiB, 81920 MiB, 43 %, 77.53 W, 41
2026/09/07 23:34:31.253, 27955 MiB, 81920 MiB, 0 %, 89.24 W, 42
2026/09/07 23:35:01.254, 27955 MiB, 81920 MiB, 62 %, 90.25 W, 42
2026/09/07 23:35:31.256, 27955 MiB, 81920 MiB, 25 %, 265.54 W, 46
2026/09/07 23:36:01.258, 27955 MiB, 81920 MiB, 21 %, 89.84 W, 42
2026/09/07 23:36:31.259, 27955 MiB, 81920 MiB, 0 %, 89.15 W, 42
2026/09/07 23:37:01.260, 27955 MiB, 81920 MiB, 0 %, 89.47 W, 42
2026/09/07 23:37:31.262, 27955 MiB, 81920 MiB, 83 %, 277.04 W, 49
2026/09/07 23:38:01.263, 27955 MiB, 81920 MiB, 99 %, 93.52 W, 45
2026/09/07 23:38:31.265, 27955 MiB, 81920 MiB, 41 %, 165.27 W, 45
2026/09/07 23:39:01.266, 27955 MiB, 81920 MiB, 58 %, 92.92 W, 43
2026/09/07 23:39:31.267, 27955 MiB, 81920 MiB, 16 %, 89.57 W, 42
2026/09/07 23:40:01.269, 27955 MiB, 81920 MiB, 70 %, 91.45 W, 44
2026/09/07 23:40:31.270, 27955 MiB, 81920 MiB, 68 %, 93.79 W, 47
2026/09/07 23:41:01.272, 27955 MiB, 81920 MiB, 12 %, 75.66 W, 41
2026/09/07 23:41:31.273, 27955 MiB, 81920 MiB, 91 %, 91.22 W, 46
2026/09/07 23:42:01.274, 27955 MiB, 81920 MiB, 91 %, 204.27 W, 48
2026/09/07 23:42:31.281, 27955 MiB, 81920 MiB, 33 %, 100.59 W, 45
2026/09/07 23:43:01.282, 27955 MiB, 81920 MiB, 45 %, 97.82 W, 44
2026/09/07 23:43:31.284, 27955 MiB, 81920 MiB, 39 %, 95.95 W, 46
2026/09/07 23:44:01.285, 27955 MiB, 81920 MiB, 11 %, 90.34 W, 44
2026/09/07 23:44:31.287, 27955 MiB, 81920 MiB, 37 %, 108.42 W, 45
2026/09/07 23:45:01.295, 27955 MiB, 81920 MiB, 16 %, 137.14 W, 45
2026/09/07 23:45:31.297, 27955 MiB, 81920 MiB, 86 %, 281.17 W, 50
2026/09/07 23:46:01.299, 27955 MiB, 81920 MiB, 65 %, 278.19 W, 48
2026/09/07 23:46:31.300, 27955 MiB, 81920 MiB, 43 %, 100.10 W, 43
2026/09/07 23:47:01.302, 27955 MiB, 81920 MiB, 39 %, 234.23 W, 45
2026/09/07 23:47:31.303, 27955 MiB, 81920 MiB, 68 %, 90.95 W, 44
2026/09/07 23:48:01.304, 27955 MiB, 81920 MiB, 15 %, 279.68 W, 45
2026/09/07 23:48:31.305, 27955 MiB, 81920 MiB, 55 %, 90.02 W, 45
2026/09/07 23:49:01.306, 27955 MiB, 81920 MiB, 81 %, 203.85 W, 46
2026/09/07 23:49:31.307, 27955 MiB, 81920 MiB, 2 %, 77.12 W, 41
2026/09/07 23:50:01.309, 27955 MiB, 81920 MiB, 29 %, 105.42 W, 45
2026/09/07 23:50:31.311, 27955 MiB, 81920 MiB, 36 %, 116.06 W, 46
2026/09/07 23:51:01.312, 27955 MiB, 81920 MiB, 69 %, 96.45 W, 44
2026/09/07 23:51:31.313, 27955 MiB, 81920 MiB, 1 %, 238.03 W, 43
2026/09/07 23:52:01.316, 27955 MiB, 81920 MiB, 0 %, 90.16 W, 42
2026/09/07 23:52:31.320, 27955 MiB, 81920 MiB, 55 %, 114.98 W, 44
2026/09/07 23:53:01.321, 27955 MiB, 81920 MiB, 16 %, 94.21 W, 44
2026/09/07 23:53:31.326, 27955 MiB, 81920 MiB, 35 %, 167.94 W, 46
2026/09/07 23:54:01.327, 27955 MiB, 81920 MiB, 51 %, 109.73 W, 44
2026/09/07 23:54:31.329, 27955 MiB, 81920 MiB, 0 %, 193.76 W, 46
2026/09/07 23:55:01.330, 27955 MiB, 81920 MiB, 28 %, 154.03 W, 46
2026/09/07 23:55:31.332, 27955 MiB, 81920 MiB, 37 %, 174.58 W, 46
2026/09/07 23:56:01.335, 27955 MiB, 81920 MiB, 69 %, 268.74 W, 49
2026/09/07 23:56:31.336, 27955 MiB, 81920 MiB, 33 %, 163.91 W, 43
2026/09/07 23:57:01.337, 27955 MiB, 81920 MiB, 0 %, 89.75 W, 42
2026/09/07 23:57:31.339, 27955 MiB, 81920 MiB, 0 %, 93.79 W, 43
2026/09/07 23:58:01.340, 27955 MiB, 81920 MiB, 49 %, 113.27 W, 46
2026/09/07 23:58:31.342, 27955 MiB, 81920 MiB, 92 %, 280.55 W, 51
2026/09/07 23:59:01.343, 27955 MiB, 81920 MiB, 75 %, 95.56 W, 45
2026/09/07 23:59:31.344, 27955 MiB, 81920 MiB, 68 %, 291.81 W, 48
2026/09/08 00:00:01.345, 27955 MiB, 81920 MiB, 0 %, 89.94 W, 43
2026/09/08 00:00:31.346, 27955 MiB, 81920 MiB, 52 %, 166.41 W, 45
2026/09/08 00:01:01.347, 27955 MiB, 81920 MiB, 99 %, 179.64 W, 48
2026/09/08 00:01:31.349, 27955 MiB, 81920 MiB, 0 %, 89.29 W, 42
2026/09/08 00:02:01.351, 27955 MiB, 81920 MiB, 0 %, 89.74 W, 42
2026/09/08 00:02:31.353, 27955 MiB, 81920 MiB, 0 %, 89.75 W, 43
2026/09/08 00:03:01.356, 27955 MiB, 81920 MiB, 92 %, 117.64 W, 47
2026/09/08 00:03:31.358, 27955 MiB, 81920 MiB, 41 %, 245.40 W, 48
2026/09/08 00:04:01.359, 27955 MiB, 81920 MiB, 56 %, 111.45 W, 44
2026/09/08 00:04:31.360, 27955 MiB, 81920 MiB, 0 %, 89.84 W, 46
2026/09/08 00:05:01.361, 27955 MiB, 81920 MiB, 0 %, 89.57 W, 42
2026/09/08 00:05:31.363, 27955 MiB, 81920 MiB, 4 %, 89.85 W, 43
2026/09/08 00:06:01.364, 27955 MiB, 81920 MiB, 0 %, 90.02 W, 43
2026/09/08 00:06:31.365, 27955 MiB, 81920 MiB, 30 %, 182.03 W, 46
2026/09/08 00:07:01.367, 27955 MiB, 81920 MiB, 0 %, 89.38 W, 42
2026/09/08 00:07:31.370, 27955 MiB, 81920 MiB, 0 %, 74.34 W, 41
2026/09/08 00:08:01.371, 27955 MiB, 81920 MiB, 0 %, 71.95 W, 40
2026/09/08 00:08:31.372, 27955 MiB, 81920 MiB, 0 %, 89.84 W, 42
2026/09/08 00:09:01.375, 27955 MiB, 81920 MiB, 0 %, 211.88 W, 47
2026/09/08 00:09:31.378, 27955 MiB, 81920 MiB, 59 %, 96.28 W, 44
2026/09/08 00:10:01.380, 27955 MiB, 81920 MiB, 8 %, 89.75 W, 42
2026/09/08 00:10:31.381, 27955 MiB, 81920 MiB, 59 %, 89.84 W, 43
2026/09/08 00:11:01.383, 27955 MiB, 81920 MiB, 87 %, 127.68 W, 46
2026/09/08 00:11:31.384, 27955 MiB, 81920 MiB, 3 %, 89.38 W, 42
2026/09/08 00:12:01.385, 27955 MiB, 81920 MiB, 100 %, 323.42 W, 49
2026/09/08 00:12:31.387, 27955 MiB, 81920 MiB, 93 %, 168.56 W, 47
2026/09/08 00:13:01.389, 27955 MiB, 81920 MiB, 93 %, 150.64 W, 46
2026/09/08 00:13:31.390, 27955 MiB, 81920 MiB, 66 %, 138.31 W, 43
2026/09/08 00:14:01.391, 27955 MiB, 81920 MiB, 85 %, 113.59 W, 47
2026/09/08 00:14:31.392, 27955 MiB, 81920 MiB, 33 %, 95.56 W, 47
2026/09/08 00:15:01.393, 27955 MiB, 81920 MiB, 0 %, 89.66 W, 42
2026/09/08 00:15:31.395, 27955 MiB, 81920 MiB, 69 %, 102.48 W, 46
2026/09/08 00:16:01.396, 27955 MiB, 81920 MiB, 43 %, 205.41 W, 44
2026/09/08 00:16:31.398, 27955 MiB, 81920 MiB, 91 %, 220.61 W, 48
2026/09/08 00:17:01.399, 27955 MiB, 81920 MiB, 76 %, 252.84 W, 48
2026/09/08 00:17:31.401, 27955 MiB, 81920 MiB, 84 %, 267.31 W, 48
2026/09/08 00:18:01.402, 27955 MiB, 81920 MiB, 30 %, 91.03 W, 44
2026/09/08 00:18:31.403, 27955 MiB, 81920 MiB, 77 %, 191.29 W, 46
2026/09/08 00:19:01.404, 27955 MiB, 81920 MiB, 50 %, 130.35 W, 44
2026/09/08 00:19:31.406, 27955 MiB, 81920 MiB, 45 %, 90.35 W, 44
2026/09/08 00:20:01.407, 27955 MiB, 81920 MiB, 7 %, 91.12 W, 44
2026/09/08 00:20:31.408, 27955 MiB, 81920 MiB, 99 %, 292.97 W, 50
2026/09/08 00:21:01.409, 27955 MiB, 81920 MiB, 11 %, 153.27 W, 45
2026/09/08 00:21:31.412, 27955 MiB, 81920 MiB, 0 %, 90.35 W, 43
2026/09/08 00:22:01.419, 27955 MiB, 81920 MiB, 0 %, 90.43 W, 43
2026/09/08 00:22:31.421, 27955 MiB, 81920 MiB, 3 %, 84.93 W, 42
2026/09/08 00:23:01.421, 27955 MiB, 81920 MiB, 0 %, 79.19 W, 41
2026/09/08 00:23:31.423, 27955 MiB, 81920 MiB, 34 %, 157.29 W, 44
2026/09/08 00:24:01.425, 27955 MiB, 81920 MiB, 42 %, 158.60 W, 45
2026/09/08 00:24:31.426, 27955 MiB, 81920 MiB, 0 %, 89.66 W, 42
2026/09/08 00:25:01.427, 27955 MiB, 81920 MiB, 94 %, 186.91 W, 48
2026/09/08 00:25:31.431, 27955 MiB, 81920 MiB, 1 %, 125.63 W, 42
2026/09/08 00:26:01.433, 27955 MiB, 81920 MiB, 32 %, 238.25 W, 49
2026/09/08 00:26:31.434, 27955 MiB, 81920 MiB, 64 %, 109.28 W, 46
2026/09/08 00:27:01.436, 27955 MiB, 81920 MiB, 61 %, 91.64 W, 45
2026/09/08 00:27:31.437, 27955 MiB, 81920 MiB, 36 %, 137.30 W, 46
2026/09/08 00:28:01.439, 27955 MiB, 81920 MiB, 32 %, 89.75 W, 43
2026/09/08 00:28:31.440, 27955 MiB, 81920 MiB, 0 %, 89.24 W, 42
2026/09/08 00:29:01.441, 27955 MiB, 81920 MiB, 0 %, 90.35 W, 43
2026/09/08 00:29:31.442, 27955 MiB, 81920 MiB, 3 %, 89.66 W, 46
2026/09/08 00:30:01.443, 27955 MiB, 81920 MiB, 49 %, 91.26 W, 43
2026/09/08 00:30:31.444, 27955 MiB, 81920 MiB, 1 %, 113.04 W, 44
2026/09/08 00:31:01.447, 27955 MiB, 81920 MiB, 92 %, 356.20 W, 46
2026/09/08 00:31:31.449, 27955 MiB, 81920 MiB, 0 %, 89.06 W, 42
2026/09/08 00:32:01.451, 27955 MiB, 81920 MiB, 89 %, 135.21 W, 47
2026/09/08 00:32:31.452, 27955 MiB, 81920 MiB, 31 %, 174.73 W, 45
2026/09/08 00:33:01.453, 27955 MiB, 81920 MiB, 82 %, 206.07 W, 47
2026/09/08 00:33:31.455, 27955 MiB, 81920 MiB, 78 %, 321.71 W, 49
2026/09/08 00:34:01.457, 27955 MiB, 81920 MiB, 0 %, 90.71 W, 44
2026/09/08 00:34:31.458, 27955 MiB, 81920 MiB, 69 %, 104.55 W, 45
2026/09/08 00:35:01.459, 27955 MiB, 81920 MiB, 0 %, 89.75 W, 43
2026/09/08 00:35:31.462, 27955 MiB, 81920 MiB, 98 %, 126.35 W, 47
2026/09/08 00:36:01.464, 27955 MiB, 81920 MiB, 33 %, 91.86 W, 46
2026/09/08 00:36:31.465, 27955 MiB, 81920 MiB, 30 %, 99.34 W, 46
2026/09/08 00:37:01.467, 27955 MiB, 81920 MiB, 0 %, 71.88 W, 41
2026/09/08 00:37:31.468, 27955 MiB, 81920 MiB, 0 %, 70.96 W, 38
2026/09/08 00:38:01.469, 27955 MiB, 81920 MiB, 78 %, 312.46 W, 45
2026/09/08 00:38:31.471, 27955 MiB, 81920 MiB, 63 %, 277.29 W, 45
2026/09/08 00:39:01.472, 27955 MiB, 81920 MiB, 0 %, 89.66 W, 42
2026/09/08 00:39:31.475, 27955 MiB, 81920 MiB, 0 %, 91.31 W, 42
2026/09/08 00:40:01.477, 27955 MiB, 81920 MiB, 80 %, 282.34 W, 48
2026/09/08 00:40:31.478, 27955 MiB, 81920 MiB, 0 %, 73.07 W, 41
2026/09/08 00:41:01.480, 27955 MiB, 81920 MiB, 0 %, 89.57 W, 42
2026/09/08 00:41:31.481, 27955 MiB, 81920 MiB, 53 %, 189.62 W, 47
2026/09/08 00:42:01.483, 27955 MiB, 81920 MiB, 52 %, 212.20 W, 47
2026/09/08 00:42:31.484, 27955 MiB, 81920 MiB, 33 %, 167.59 W, 46
2026/09/08 00:43:01.486, 27955 MiB, 81920 MiB, 3 %, 123.09 W, 44
2026/09/08 00:43:31.487, 27955 MiB, 81920 MiB, 60 %, 121.23 W, 46
2026/09/08 00:44:01.488, 27955 MiB, 81920 MiB, 65 %, 118.84 W, 43
2026/09/08 00:44:31.490, 27955 MiB, 81920 MiB, 0 %, 89.38 W, 41
2026/09/08 00:45:01.491, 27955 MiB, 81920 MiB, 29 %, 90.16 W, 43
2026/09/08 00:45:31.493, 27955 MiB, 81920 MiB, 81 %, 294.16 W, 48
2026/09/08 00:46:01.494, 27955 MiB, 81920 MiB, 68 %, 111.57 W, 45
2026/09/08 00:46:31.495, 27955 MiB, 81920 MiB, 12 %, 123.69 W, 46
2026/09/08 00:47:01.497, 27955 MiB, 81920 MiB, 52 %, 219.97 W, 46
2026/09/08 00:47:31.500, 27955 MiB, 81920 MiB, 87 %, 147.94 W, 50
2026/09/08 00:48:01.502, 27955 MiB, 81920 MiB, 60 %, 90.16 W, 43
2026/09/08 00:48:31.503, 27955 MiB, 81920 MiB, 66 %, 153.11 W, 46
2026/09/08 00:49:01.505, 27955 MiB, 81920 MiB, 0 %, 90.35 W, 43
2026/09/08 00:49:31.506, 27955 MiB, 81920 MiB, 89 %, 364.44 W, 47
2026/09/08 00:50:01.507, 27955 MiB, 81920 MiB, 0 %, 89.66 W, 42
2026/09/08 00:50:31.509, 27955 MiB, 81920 MiB, 36 %, 112.65 W, 44
2026/09/08 00:51:01.510, 27955 MiB, 81920 MiB, 0 %, 90.35 W, 43
2026/09/08 00:51:31.512, 27955 MiB, 81920 MiB, 3 %, 75.54 W, 41
2026/09/08 00:52:01.513, 27955 MiB, 81920 MiB, 0 %, 90.35 W, 43
2026/09/08 00:52:31.515, 27955 MiB, 81920 MiB, 56 %, 164.34 W, 44
2026/09/08 00:53:01.516, 27955 MiB, 81920 MiB, 0 %, 89.57 W, 42
2026/09/08 00:53:31.517, 27955 MiB, 81920 MiB, 2 %, 89.93 W, 42
2026/09/08 00:54:01.519, 27955 MiB, 81920 MiB, 18 %, 132.55 W, 46
2026/09/08 00:54:31.521, 27955 MiB, 81920 MiB, 13 %, 91.12 W, 44
2026/09/08 00:55:01.522, 27955 MiB, 81920 MiB, 45 %, 151.97 W, 46
2026/09/08 00:55:31.523, 27955 MiB, 81920 MiB, 85 %, 290.62 W, 48
2026/09/08 00:56:01.525, 27955 MiB, 81920 MiB, 18 %, 89.47 W, 43
2026/09/08 00:56:31.526, 27955 MiB, 81920 MiB, 51 %, 116.18 W, 46
2026/09/08 00:57:01.528, 27955 MiB, 81920 MiB, 67 %, 135.55 W, 44
2026/09/08 00:57:31.529, 27955 MiB, 81920 MiB, 60 %, 159.36 W, 46
2026/09/08 00:58:01.531, 27955 MiB, 81920 MiB, 65 %, 109.39 W, 46
2026/09/08 00:58:31.532, 27955 MiB, 81920 MiB, 1 %, 233.55 W, 45
2026/09/08 00:59:01.535, 27955 MiB, 81920 MiB, 60 %, 90.86 W, 43
2026/09/08 00:59:31.537, 27955 MiB, 81920 MiB, 74 %, 93.88 W, 45
2026/09/08 01:00:01.543, 27955 MiB, 81920 MiB, 48 %, 90.43 W, 44
2026/09/08 01:00:31.545, 27955 MiB, 81920 MiB, 70 %, 102.00 W, 45
2026/09/08 01:01:01.546, 27955 MiB, 81920 MiB, 26 %, 278.83 W, 48
2026/09/08 01:01:31.548, 27955 MiB, 81920 MiB, 80 %, 233.30 W, 50
2026/09/08 01:02:01.550, 27955 MiB, 81920 MiB, 77 %, 92.92 W, 45
2026/09/08 01:02:31.552, 27955 MiB, 81920 MiB, 45 %, 187.51 W, 49
2026/09/08 01:03:01.554, 27955 MiB, 81920 MiB, 0 %, 90.16 W, 43
2026/09/08 01:03:31.568, 27955 MiB, 81920 MiB, 3 %, 90.43 W, 43
2026/09/08 01:04:01.570, 27955 MiB, 81920 MiB, 8 %, 90.16 W, 43
2026/09/08 01:04:31.572, 27955 MiB, 81920 MiB, 48 %, 90.67 W, 44
2026/09/08 01:05:01.573, 27955 MiB, 81920 MiB, 73 %, 158.92 W, 46
2026/09/08 01:05:31.574, 27955 MiB, 81920 MiB, 42 %, 91.45 W, 45
2026/09/08 01:06:01.575, 27955 MiB, 81920 MiB, 29 %, 119.24 W, 44
2026/09/08 01:06:31.577, 27955 MiB, 81920 MiB, 96 %, 92.42 W, 45
2026/09/08 01:07:01.578, 27955 MiB, 81920 MiB, 100 %, 144.98 W, 47
2026/09/08 01:07:31.580, 27955 MiB, 81920 MiB, 96 %, 290.60 W, 49
2026/09/08 01:08:01.582, 27955 MiB, 81920 MiB, 39 %, 92.05 W, 45
2026/09/08 01:08:31.584, 27955 MiB, 81920 MiB, 0 %, 89.38 W, 42
2026/09/08 01:09:01.586, 27955 MiB, 81920 MiB, 0 %, 178.62 W, 43
2026/09/08 01:09:31.588, 27955 MiB, 81920 MiB, 0 %, 72.35 W, 41
2026/09/08 01:10:01.589, 27955 MiB, 81920 MiB, 79 %, 220.10 W, 45
2026/09/08 01:10:31.590, 27955 MiB, 81920 MiB, 19 %, 92.69 W, 43
2026/09/08 01:11:01.591, 27955 MiB, 81920 MiB, 0 %, 89.38 W, 42
2026/09/08 01:11:31.593, 27955 MiB, 81920 MiB, 53 %, 292.39 W, 48
2026/09/08 01:12:01.594, 27955 MiB, 81920 MiB, 66 %, 123.09 W, 47
2026/09/08 01:12:31.596, 27955 MiB, 81920 MiB, 81 %, 92.32 W, 45
2026/09/08 01:13:01.597, 27955 MiB, 81920 MiB, 37 %, 131.28 W, 45
2026/09/08 01:13:31.598, 27955 MiB, 81920 MiB, 51 %, 112.16 W, 45
2026/09/08 01:14:01.600, 27955 MiB, 81920 MiB, 78 %, 89.93 W, 44
2026/09/08 01:14:31.601, 27955 MiB, 81920 MiB, 0 %, 90.95 W, 42
2026/09/08 01:15:01.604, 27955 MiB, 81920 MiB, 36 %, 291.50 W, 47
2026/09/08 01:15:31.609, 27955 MiB, 81920 MiB, 67 %, 109.01 W, 45
2026/09/08 01:16:01.613, 27955 MiB, 81920 MiB, 88 %, 294.20 W, 48
2026/09/08 01:16:31.615, 27955 MiB, 81920 MiB, 99 %, 145.45 W, 49
2026/09/08 01:17:01.616, 27955 MiB, 81920 MiB, 0 %, 89.85 W, 43
2026/09/08 01:17:31.618, 27955 MiB, 81920 MiB, 55 %, 219.27 W, 46
2026/09/08 01:18:01.619, 27955 MiB, 81920 MiB, 39 %, 89.75 W, 42
2026/09/08 01:18:31.621, 27955 MiB, 81920 MiB, 30 %, 89.84 W, 43
2026/09/08 01:19:01.622, 27955 MiB, 81920 MiB, 60 %, 285.28 W, 49
2026/09/08 01:19:31.624, 27955 MiB, 81920 MiB, 0 %, 89.84 W, 45
2026/09/08 01:20:01.628, 27955 MiB, 81920 MiB, 12 %, 90.35 W, 43
2026/09/08 01:20:31.630, 27955 MiB, 81920 MiB, 0 %, 89.47 W, 42
2026/09/08 01:21:01.634, 27955 MiB, 81920 MiB, 68 %, 228.91 W, 49
2026/09/08 01:21:31.636, 27955 MiB, 81920 MiB, 0 %, 72.48 W, 41
2026/09/08 01:22:01.640, 27955 MiB, 81920 MiB, 0 %, 89.57 W, 42
2026/09/08 01:22:31.642, 27955 MiB, 81920 MiB, 0 %, 89.66 W, 42
2026/09/08 01:23:01.643, 27955 MiB, 81920 MiB, 83 %, 362.33 W, 48
2026/09/08 01:23:31.645, 27955 MiB, 81920 MiB, 39 %, 91.22 W, 43
2026/09/08 01:24:01.646, 27955 MiB, 81920 MiB, 55 %, 280.27 W, 46
2026/09/08 01:24:31.648, 27955 MiB, 81920 MiB, 10 %, 90.16 W, 43
2026/09/08 01:25:01.649, 27955 MiB, 81920 MiB, 0 %, 72.40 W, 41
2026/09/08 01:25:31.651, 27955 MiB, 81920 MiB, 0 %, 89.66 W, 43
2026/09/08 01:26:01.652, 27955 MiB, 81920 MiB, 36 %, 138.81 W, 47
2026/09/08 01:26:31.653, 27955 MiB, 81920 MiB, 96 %, 236.89 W, 47
2026/09/08 01:27:01.656, 27955 MiB, 81920 MiB, 33 %, 73.67 W, 41
2026/09/08 01:27:31.657, 27955 MiB, 81920 MiB, 33 %, 202.15 W, 45
2026/09/08 01:28:01.658, 27955 MiB, 81920 MiB, 21 %, 251.84 W, 45
2026/09/08 01:28:31.660, 27955 MiB, 81920 MiB, 29 %, 257.83 W, 47
2026/09/08 01:29:01.661, 27955 MiB, 81920 MiB, 52 %, 107.11 W, 45
2026/09/08 01:29:31.663, 27955 MiB, 81920 MiB, 48 %, 227.36 W, 45
2026/09/08 01:30:01.664, 27955 MiB, 81920 MiB, 2 %, 125.76 W, 44
2026/09/08 01:30:31.666, 27955 MiB, 81920 MiB, 0 %, 89.75 W, 42
2026/09/08 01:31:01.668, 27955 MiB, 81920 MiB, 0 %, 89.06 W, 42
2026/09/08 01:31:31.669, 27955 MiB, 81920 MiB, 88 %, 231.13 W, 48
2026/09/08 01:32:01.670, 27955 MiB, 81920 MiB, 0 %, 89.47 W, 42
2026/09/08 01:32:31.672, 27955 MiB, 81920 MiB, 71 %, 206.94 W, 45
2026/09/08 01:33:01.676, 27955 MiB, 81920 MiB, 48 %, 251.64 W, 48
2026/09/08 01:33:31.678, 27955 MiB, 81920 MiB, 50 %, 90.35 W, 43
2026/09/08 01:34:01.680, 27955 MiB, 81920 MiB, 55 %, 91.45 W, 45
2026/09/08 01:34:31.681, 27955 MiB, 81920 MiB, 34 %, 90.86 W, 46
2026/09/08 01:35:01.683, 27955 MiB, 81920 MiB, 14 %, 89.24 W, 45
2026/09/08 01:35:31.686, 27955 MiB, 81920 MiB, 28 %, 293.84 W, 48
2026/09/08 01:36:01.688, 27955 MiB, 81920 MiB, 21 %, 102.87 W, 42
2026/09/08 01:36:31.689, 27955 MiB, 81920 MiB, 0 %, 89.47 W, 42
2026/09/08 01:37:01.691, 27955 MiB, 81920 MiB, 98 %, 138.03 W, 46
2026/09/08 01:37:31.692, 27955 MiB, 81920 MiB, 30 %, 172.52 W, 47
2026/09/08 01:38:01.694, 27955 MiB, 81920 MiB, 72 %, 271.14 W, 46
2026/09/08 01:38:31.695, 27955 MiB, 81920 MiB, 0 %, 88.97 W, 42
2026/09/08 01:39:01.697, 27955 MiB, 81920 MiB, 73 %, 282.63 W, 49
2026/09/08 01:39:31.698, 27955 MiB, 81920 MiB, 91 %, 245.99 W, 49
2026/09/08 01:40:01.703, 27955 MiB, 81920 MiB, 48 %, 130.82 W, 44
2026/09/08 01:40:31.705, 27955 MiB, 81920 MiB, 34 %, 140.73 W, 46
2026/09/08 01:41:01.706, 27955 MiB, 81920 MiB, 0 %, 89.38 W, 42
2026/09/08 01:41:31.708, 27955 MiB, 81920 MiB, 96 %, 136.00 W, 49
2026/09/08 01:42:01.709, 27955 MiB, 81920 MiB, 0 %, 72.03 W, 40
2026/09/08 01:42:31.710, 27955 MiB, 81920 MiB, 0 %, 71.08 W, 38
2026/09/08 01:43:01.718, 27955 MiB, 81920 MiB, 0 %, 71.36 W, 40
2026/09/08 01:43:31.720, 27955 MiB, 81920 MiB, 2 %, 286.20 W, 49
2026/09/08 01:44:01.721, 27955 MiB, 81920 MiB, 56 %, 89.57 W, 43
2026/09/08 01:44:31.722, 27955 MiB, 81920 MiB, 84 %, 320.70 W, 48
2026/09/08 01:45:01.724, 27955 MiB, 81920 MiB, 48 %, 220.01 W, 47
2026/09/08 01:45:31.726, 27955 MiB, 81920 MiB, 85 %, 296.24 W, 49
2026/09/08 01:46:01.727, 27955 MiB, 81920 MiB, 88 %, 197.48 W, 48
2026/09/08 01:46:31.728, 27955 MiB, 81920 MiB, 64 %, 118.81 W, 43
2026/09/08 01:47:01.729, 27955 MiB, 81920 MiB, 78 %, 290.33 W, 50
2026/09/08 01:47:31.730, 27955 MiB, 81920 MiB, 86 %, 324.97 W, 48
2026/09/08 01:48:01.731, 27955 MiB, 81920 MiB, 0 %, 89.61 W, 42
2026/09/08 01:48:31.733, 27955 MiB, 81920 MiB, 87 %, 272.53 W, 49
2026/09/08 01:49:01.735, 27955 MiB, 81920 MiB, 22 %, 126.75 W, 45
2026/09/08 01:49:31.736, 27955 MiB, 81920 MiB, 70 %, 125.15 W, 47
2026/09/08 01:50:01.738, 27955 MiB, 81920 MiB, 6 %, 111.68 W, 44
2026/09/08 01:50:31.739, 27955 MiB, 81920 MiB, 89 %, 107.55 W, 45
2026/09/08 01:51:01.741, 27955 MiB, 81920 MiB, 50 %, 196.82 W, 47
2026/09/08 01:51:31.743, 27955 MiB, 81920 MiB, 10 %, 116.42 W, 44
2026/09/08 01:52:01.744, 27955 MiB, 81920 MiB, 0 %, 235.93 W, 43
2026/09/08 01:52:31.749, 27955 MiB, 81920 MiB, 55 %, 131.82 W, 44
2026/09/08 01:53:01.752, 27955 MiB, 81920 MiB, 56 %, 97.65 W, 44
2026/09/08 01:53:31.753, 27955 MiB, 81920 MiB, 73 %, 97.28 W, 44
2026/09/08 01:54:01.754, 27955 MiB, 81920 MiB, 9 %, 276.73 W, 48
2026/09/08 01:54:31.757, 27955 MiB, 81920 MiB, 3 %, 124.77 W, 46
2026/09/08 01:55:01.759, 27955 MiB, 81920 MiB, 63 %, 228.55 W, 47
2026/09/08 01:55:31.760, 27955 MiB, 81920 MiB, 84 %, 279.70 W, 47
2026/09/08 01:56:01.761, 27955 MiB, 81920 MiB, 21 %, 72.40 W, 41
2026/09/08 01:56:31.765, 27955 MiB, 81920 MiB, 87 %, 91.62 W, 44
2026/09/08 01:57:01.770, 27955 MiB, 81920 MiB, 0 %, 89.66 W, 42
2026/09/08 01:57:31.772, 27955 MiB, 81920 MiB, 60 %, 281.16 W, 46
2026/09/08 01:58:01.774, 27955 MiB, 81920 MiB, 17 %, 278.23 W, 48
2026/09/08 01:58:31.776, 27955 MiB, 81920 MiB, 0 %, 282.35 W, 45
2026/09/08 01:59:01.778, 27955 MiB, 81920 MiB, 31 %, 110.97 W, 47
2026/09/08 01:59:31.779, 27955 MiB, 81920 MiB, 0 %, 90.35 W, 43
2026/09/08 02:00:01.780, 27955 MiB, 81920 MiB, 48 %, 92.05 W, 44
2026/09/08 02:00:31.781, 27955 MiB, 81920 MiB, 68 %, 159.63 W, 45
2026/09/08 02:01:01.787, 27955 MiB, 81920 MiB, 39 %, 128.89 W, 46
2026/09/08 02:01:31.794, 27955 MiB, 81920 MiB, 52 %, 91.54 W, 43
2026/09/08 02:02:01.796, 27955 MiB, 81920 MiB, 46 %, 281.16 W, 47
2026/09/08 02:02:31.797, 27955 MiB, 81920 MiB, 99 %, 221.21 W, 48
2026/09/08 02:03:01.798, 27955 MiB, 81920 MiB, 6 %, 89.66 W, 43
2026/09/08 02:03:31.800, 27955 MiB, 81920 MiB, 24 %, 240.33 W, 46
2026/09/08 02:04:01.802, 27955 MiB, 81920 MiB, 66 %, 90.62 W, 43
2026/09/08 02:04:31.803, 27955 MiB, 81920 MiB, 68 %, 292.42 W, 47
2026/09/08 02:05:01.805, 27955 MiB, 81920 MiB, 57 %, 112.05 W, 47
2026/09/08 02:05:31.806, 27955 MiB, 81920 MiB, 4 %, 159.63 W, 47
2026/09/08 02:06:01.807, 27955 MiB, 81920 MiB, 59 %, 133.20 W, 46
2026/09/08 02:06:31.809, 27955 MiB, 81920 MiB, 34 %, 106.35 W, 46
2026/09/08 02:07:01.811, 27955 MiB, 81920 MiB, 99 %, 135.82 W, 50
2026/09/08 02:07:31.812, 27955 MiB, 81920 MiB, 0 %, 89.57 W, 43
2026/09/08 02:08:01.814, 27955 MiB, 81920 MiB, 0 %, 110.26 W, 46
2026/09/08 02:08:31.817, 27955 MiB, 81920 MiB, 99 %, 328.83 W, 50
2026/09/08 02:09:01.819, 27955 MiB, 81920 MiB, 86 %, 262.77 W, 48
2026/09/08 02:09:31.828, 27955 MiB, 81920 MiB, 50 %, 226.73 W, 46
2026/09/08 02:10:01.833, 27955 MiB, 81920 MiB, 74 %, 90.52 W, 44
2026/09/08 02:10:31.846, 27955 MiB, 81920 MiB, 34 %, 279.40 W, 50
2026/09/08 02:11:01.847, 27955 MiB, 81920 MiB, 90 %, 346.52 W, 49
2026/09/08 02:11:31.848, 27955 MiB, 81920 MiB, 84 %, 96.95 W, 45
2026/09/08 02:12:01.849, 27955 MiB, 81920 MiB, 0 %, 72.40 W, 42
2026/09/08 02:12:31.853, 27955 MiB, 81920 MiB, 77 %, 92.69 W, 49
2026/09/08 02:13:01.855, 27955 MiB, 81920 MiB, 0 %, 89.66 W, 43
2026/09/08 02:13:31.856, 27955 MiB, 81920 MiB, 0 %, 89.61 W, 42
2026/09/08 02:14:01.857, 27955 MiB, 81920 MiB, 0 %, 72.25 W, 41
2026/09/08 02:14:31.859, 27955 MiB, 81920 MiB, 25 %, 90.40 W, 43
2026/09/08 02:15:01.861, 27955 MiB, 81920 MiB, 31 %, 296.29 W, 49
2026/09/08 02:15:31.865, 27955 MiB, 81920 MiB, 38 %, 90.91 W, 44
2026/09/08 02:16:01.867, 27955 MiB, 81920 MiB, 76 %, 106.13 W, 45
2026/09/08 02:16:31.869, 27955 MiB, 81920 MiB, 48 %, 90.31 W, 43
2026/09/08 02:17:01.870, 27955 MiB, 81920 MiB, 0 %, 72.05 W, 40
2026/09/08 02:17:31.871, 27955 MiB, 81920 MiB, 0 %, 71.90 W, 41
2026/09/08 02:18:01.873, 27955 MiB, 81920 MiB, 0 %, 89.16 W, 42
2026/09/08 02:18:31.874, 27955 MiB, 81920 MiB, 4 %, 74.73 W, 42
2026/09/08 02:19:01.876, 27955 MiB, 81920 MiB, 0 %, 72.50 W, 42
2026/09/08 02:19:31.877, 27955 MiB, 81920 MiB, 21 %, 90.53 W, 43
2026/09/08 02:20:01.878, 27955 MiB, 81920 MiB, 77 %, 169.58 W, 49
2026/09/08 02:20:31.880, 27955 MiB, 81920 MiB, 33 %, 105.09 W, 42
2026/09/08 02:21:01.881, 27955 MiB, 81920 MiB, 76 %, 130.43 W, 46
2026/09/08 02:21:31.882, 27955 MiB, 81920 MiB, 0 %, 89.43 W, 42
2026/09/08 02:22:01.883, 27955 MiB, 81920 MiB, 0 %, 88.88 W, 42
2026/09/08 02:22:31.885, 27955 MiB, 81920 MiB, 5 %, 89.94 W, 43
2026/09/08 02:23:01.887, 27955 MiB, 81920 MiB, 0 %, 89.57 W, 42
2026/09/08 02:23:31.889, 27955 MiB, 81920 MiB, 82 %, 96.65 W, 46
2026/09/08 02:24:01.890, 27955 MiB, 81920 MiB, 92 %, 115.70 W, 47
2026/09/08 02:24:31.893, 27955 MiB, 81920 MiB, 0 %, 89.38 W, 42
2026/09/08 02:25:01.895, 27955 MiB, 81920 MiB, 0 %, 89.47 W, 42
2026/09/08 02:25:31.896, 27955 MiB, 81920 MiB, 0 %, 89.06 W, 42
2026/09/08 02:26:01.898, 27955 MiB, 81920 MiB, 0 %, 89.66 W, 42
2026/09/08 02:26:31.899, 27955 MiB, 81920 MiB, 0 %, 72.20 W, 41
2026/09/08 02:27:01.900, 27955 MiB, 81920 MiB, 32 %, 186.76 W, 46
2026/09/08 02:27:31.902, 27955 MiB, 81920 MiB, 75 %, 94.21 W, 45
2026/09/08 02:28:01.903, 27955 MiB, 81920 MiB, 0 %, 90.35 W, 43
2026/09/08 02:28:31.904, 27955 MiB, 81920 MiB, 0 %, 72.35 W, 41
2026/09/08 02:29:01.906, 27955 MiB, 81920 MiB, 79 %, 292.42 W, 50
2026/09/08 02:29:31.908, 27955 MiB, 81920 MiB, 0 %, 72.40 W, 42
2026/09/08 02:30:01.910, 27955 MiB, 81920 MiB, 0 %, 72.05 W, 41
2026/09/08 02:30:31.911, 27955 MiB, 81920 MiB, 67 %, 344.34 W, 49
2026/09/08 02:31:01.912, 27955 MiB, 81920 MiB, 45 %, 90.16 W, 43
2026/09/08 02:31:31.914, 27955 MiB, 81920 MiB, 91 %, 193.16 W, 50
2026/09/08 02:32:01.916, 27955 MiB, 81920 MiB, 53 %, 293.89 W, 47
2026/09/08 02:32:31.916, 27955 MiB, 81920 MiB, 20 %, 90.35 W, 42
2026/09/08 02:33:01.917, 27955 MiB, 81920 MiB, 48 %, 89.93 W, 42
2026/09/08 02:33:31.919, 27955 MiB, 81920 MiB, 7 %, 112.44 W, 43
2026/09/08 02:34:01.920, 27955 MiB, 81920 MiB, 80 %, 153.43 W, 45
2026/09/08 02:34:31.922, 27955 MiB, 81920 MiB, 36 %, 135.82 W, 46
2026/09/08 02:35:01.925, 27955 MiB, 81920 MiB, 72 %, 287.35 W, 49
2026/09/08 02:35:31.927, 27955 MiB, 81920 MiB, 0 %, 89.29 W, 42
2026/09/08 02:36:01.928, 27955 MiB, 81920 MiB, 59 %, 90.25 W, 43
2026/09/08 02:36:31.929, 27955 MiB, 81920 MiB, 25 %, 298.91 W, 48
2026/09/08 02:37:01.931, 27955 MiB, 81920 MiB, 44 %, 92.49 W, 43
2026/09/08 02:37:31.933, 27955 MiB, 81920 MiB, 0 %, 89.66 W, 42
2026/09/08 02:38:01.933, 27955 MiB, 81920 MiB, 0 %, 89.84 W, 43
2026/09/08 02:38:31.935, 27955 MiB, 81920 MiB, 0 %, 78.81 W, 41
2026/09/08 02:39:01.937, 27955 MiB, 81920 MiB, 0 %, 87.17 W, 41
2026/09/08 02:39:31.937, 27955 MiB, 81920 MiB, 94 %, 109.98 W, 46
2026/09/08 02:40:01.939, 28083 MiB, 81920 MiB, 27 %, 291.79 W, 49
2026/09/08 02:40:31.941, 28083 MiB, 81920 MiB, 74 %, 143.54 W, 47
2026/09/08 02:41:01.942, 28083 MiB, 81920 MiB, 63 %, 302.19 W, 46
2026/09/08 02:41:31.945, 28083 MiB, 81920 MiB, 41 %, 89.15 W, 42
2026/09/08 02:42:01.947, 28083 MiB, 81920 MiB, 0 %, 89.93 W, 43
2026/09/08 02:42:31.950, 28083 MiB, 81920 MiB, 15 %, 293.26 W, 49
2026/09/08 02:43:01.952, 28083 MiB, 81920 MiB, 13 %, 89.93 W, 43
2026/09/08 02:43:31.953, 28083 MiB, 81920 MiB, 0 %, 88.97 W, 42
2026/09/08 02:44:01.955, 28083 MiB, 81920 MiB, 0 %, 89.74 W, 42
2026/09/08 02:44:31.957, 28083 MiB, 81920 MiB, 31 %, 93.69 W, 42
2026/09/08 02:45:01.958, 28083 MiB, 81920 MiB, 69 %, 340.52 W, 49
2026/09/08 02:45:31.959, 28083 MiB, 81920 MiB, 76 %, 291.49 W, 50
2026/09/08 02:46:01.960, 28083 MiB, 81920 MiB, 52 %, 247.54 W, 45
2026/09/08 02:46:31.961, 28083 MiB, 81920 MiB, 71 %, 274.71 W, 48
2026/09/08 02:47:01.965, 28083 MiB, 81920 MiB, 0 %, 71.00 W, 39
2026/09/08 02:47:31.967, 28083 MiB, 81920 MiB, 86 %, 292.10 W, 44
2026/09/08 02:48:01.968, 28083 MiB, 81920 MiB, 57 %, 118.36 W, 43
2026/09/08 02:48:31.970, 28083 MiB, 81920 MiB, 45 %, 89.10 W, 42
2026/09/08 02:49:01.971, 28083 MiB, 81920 MiB, 0 %, 89.29 W, 42
2026/09/08 02:49:31.973, 28083 MiB, 81920 MiB, 3 %, 90.86 W, 43
2026/09/08 02:50:01.974, 28083 MiB, 81920 MiB, 0 %, 89.20 W, 43
2026/09/08 02:50:31.977, 28083 MiB, 81920 MiB, 0 %, 89.06 W, 42
2026/09/08 02:51:01.979, 28083 MiB, 81920 MiB, 0 %, 71.88 W, 41
2026/09/08 02:51:31.980, 28083 MiB, 81920 MiB, 0 %, 88.97 W, 41
2026/09/08 02:52:01.981, 28083 MiB, 81920 MiB, 4 %, 89.75 W, 43
2026/09/08 02:52:31.982, 28083 MiB, 81920 MiB, 42 %, 166.41 W, 47
2026/09/08 02:53:01.983, 28083 MiB, 81920 MiB, 98 %, 118.36 W, 47
2026/09/08 02:53:31.986, 28083 MiB, 81920 MiB, 57 %, 95.16 W, 43
2026/09/08 02:54:01.989, 28083 MiB, 81920 MiB, 0 %, 89.75 W, 42
2026/09/08 02:54:31.991, 28083 MiB, 81920 MiB, 76 %, 230.50 W, 46
2026/09/08 02:55:01.992, 28083 MiB, 81920 MiB, 60 %, 299.80 W, 49
2026/09/08 02:55:31.993, 28083 MiB, 81920 MiB, 19 %, 235.86 W, 47
2026/09/08 02:56:01.994, 28083 MiB, 81920 MiB, 0 %, 89.66 W, 43
2026/09/08 02:56:31.996, 28083 MiB, 81920 MiB, 65 %, 93.42 W, 47
2026/09/08 02:57:01.997, 28083 MiB, 81920 MiB, 17 %, 103.74 W, 46
2026/09/08 02:57:31.998, 28083 MiB, 81920 MiB, 56 %, 177.88 W, 45
2026/09/08 02:58:01.999, 28083 MiB, 81920 MiB, 69 %, 92.59 W, 45
2026/09/08 02:58:32.000, 28083 MiB, 81920 MiB, 3 %, 89.93 W, 43
2026/09/08 02:59:02.002, 28083 MiB, 81920 MiB, 83 %, 331.15 W, 46
2026/09/08 02:59:32.004, 28083 MiB, 81920 MiB, 78 %, 136.00 W, 45
2026/09/08 03:00:02.005, 28083 MiB, 81920 MiB, 0 %, 72.28 W, 41
2026/09/08 03:00:32.006, 28083 MiB, 81920 MiB, 38 %, 90.25 W, 43
2026/09/08 03:01:02.008, 28083 MiB, 81920 MiB, 21 %, 292.38 W, 48
2026/09/08 03:01:32.009, 28083 MiB, 81920 MiB, 34 %, 92.82 W, 45
2026/09/08 03:02:02.010, 28083 MiB, 81920 MiB, 0 %, 90.12 W, 43
2026/09/08 03:02:32.012, 28083 MiB, 81920 MiB, 0 %, 89.75 W, 42
2026/09/08 03:03:02.013, 28083 MiB, 81920 MiB, 70 %, 116.78 W, 47
2026/09/08 03:03:32.014, 28083 MiB, 81920 MiB, 0 %, 89.66 W, 43
2026/09/08 03:04:02.026, 28083 MiB, 81920 MiB, 52 %, 289.14 W, 47
2026/09/08 03:04:32.027, 28083 MiB, 81920 MiB, 61 %, 94.21 W, 44
2026/09/08 03:05:02.028, 28083 MiB, 81920 MiB, 47 %, 90.53 W, 43
2026/09/08 03:05:32.030, 28083 MiB, 81920 MiB, 75 %, 100.14 W, 47
2026/09/08 03:06:02.031, 28083 MiB, 81920 MiB, 32 %, 114.02 W, 45
2026/09/08 03:06:32.033, 28083 MiB, 81920 MiB, 81 %, 165.72 W, 47
2026/09/08 03:07:02.034, 28083 MiB, 81920 MiB, 18 %, 130.49 W, 46
2026/09/08 03:07:32.035, 28083 MiB, 81920 MiB, 30 %, 106.51 W, 45
2026/09/08 03:08:02.037, 28083 MiB, 81920 MiB, 2 %, 89.47 W, 44
2026/09/08 03:08:32.038, 28083 MiB, 81920 MiB, 73 %, 137.28 W, 46
2026/09/08 03:09:02.040, 28083 MiB, 81920 MiB, 49 %, 97.38 W, 44
2026/09/08 03:09:32.041, 28083 MiB, 81920 MiB, 35 %, 92.13 W, 43
2026/09/08 03:10:02.042, 28083 MiB, 81920 MiB, 55 %, 91.96 W, 48
2026/09/08 03:10:32.043, 28083 MiB, 81920 MiB, 48 %, 118.57 W, 47
2026/09/08 03:11:02.045, 28083 MiB, 81920 MiB, 86 %, 216.26 W, 48
2026/09/08 03:11:32.046, 28083 MiB, 81920 MiB, 37 %, 100.91 W, 43
2026/09/08 03:12:02.048, 28083 MiB, 81920 MiB, 0 %, 89.66 W, 43
2026/09/08 03:12:32.049, 28083 MiB, 81920 MiB, 57 %, 91.12 W, 45
2026/09/08 03:13:02.050, 28083 MiB, 81920 MiB, 40 %, 112.65 W, 46
2026/09/08 03:13:32.052, 28083 MiB, 81920 MiB, 4 %, 92.05 W, 44
2026/09/08 03:14:02.053, 28083 MiB, 81920 MiB, 0 %, 89.66 W, 43
2026/09/08 03:14:32.056, 28083 MiB, 81920 MiB, 39 %, 274.07 W, 49
2026/09/08 03:15:02.058, 28083 MiB, 81920 MiB, 0 %, 90.16 W, 44
2026/09/08 03:15:32.059, 28083 MiB, 81920 MiB, 66 %, 92.32 W, 46
2026/09/08 03:16:02.061, 28083 MiB, 81920 MiB, 34 %, 96.78 W, 46
2026/09/08 03:16:32.062, 28083 MiB, 81920 MiB, 90 %, 92.05 W, 46
2026/09/08 03:17:02.063, 28083 MiB, 81920 MiB, 22 %, 271.14 W, 45
2026/09/08 03:17:32.065, 28083 MiB, 81920 MiB, 0 %, 90.25 W, 43
2026/09/08 03:18:02.067, 28083 MiB, 81920 MiB, 84 %, 372.75 W, 49
2026/09/08 03:18:32.069, 28083 MiB, 81920 MiB, 0 %, 90.12 W, 43
2026/09/08 03:19:02.070, 28083 MiB, 81920 MiB, 0 %, 89.57 W, 42
2026/09/08 03:19:32.071, 28083 MiB, 81920 MiB, 0 %, 89.47 W, 42
2026/09/08 03:20:02.073, 28083 MiB, 81920 MiB, 42 %, 102.92 W, 44
2026/09/08 03:20:32.074, 28083 MiB, 81920 MiB, 84 %, 295.08 W, 51
2026/09/08 03:21:02.075, 28083 MiB, 81920 MiB, 48 %, 102.53 W, 46
2026/09/08 03:21:32.077, 28083 MiB, 81920 MiB, 60 %, 206.55 W, 48
2026/09/08 03:22:02.079, 28083 MiB, 81920 MiB, 25 %, 90.34 W, 43
2026/09/08 03:22:32.080, 28083 MiB, 81920 MiB, 54 %, 299.17 W, 48
2026/09/08 03:23:02.081, 28083 MiB, 81920 MiB, 30 %, 298.33 W, 49
2026/09/08 03:23:32.082, 28083 MiB, 81920 MiB, 18 %, 97.05 W, 45
2026/09/08 03:24:02.084, 28083 MiB, 81920 MiB, 5 %, 92.15 W, 45
2026/09/08 03:24:32.085, 28083 MiB, 81920 MiB, 0 %, 89.85 W, 42
2026/09/08 03:25:02.086, 28083 MiB, 81920 MiB, 27 %, 89.57 W, 43
2026/09/08 03:25:32.088, 28083 MiB, 81920 MiB, 15 %, 90.43 W, 43
2026/09/08 03:26:02.089, 28083 MiB, 81920 MiB, 0 %, 89.47 W, 42
2026/09/08 03:26:32.091, 28083 MiB, 81920 MiB, 0 %, 72.12 W, 41
2026/09/08 03:27:02.092, 28083 MiB, 81920 MiB, 92 %, 288.24 W, 45
2026/09/08 03:27:32.093, 28083 MiB, 81920 MiB, 0 %, 89.15 W, 42
2026/09/08 03:28:02.095, 28083 MiB, 81920 MiB, 0 %, 88.97 W, 42
2026/09/08 03:28:32.104, 28083 MiB, 81920 MiB, 31 %, 91.12 W, 43
2026/09/08 03:29:02.105, 28083 MiB, 81920 MiB, 4 %, 100.04 W, 44
2026/09/08 03:29:32.106, 28083 MiB, 81920 MiB, 0 %, 90.25 W, 43
2026/09/08 03:30:02.110, 28083 MiB, 81920 MiB, 35 %, 184.50 W, 44
2026/09/08 03:30:32.111, 28083 MiB, 81920 MiB, 59 %, 365.37 W, 49
2026/09/08 03:31:02.113, 28083 MiB, 81920 MiB, 86 %, 92.05 W, 45
2026/09/08 03:31:32.114, 28083 MiB, 81920 MiB, 42 %, 118.57 W, 47
2026/09/08 03:32:02.116, 28083 MiB, 81920 MiB, 31 %, 186.91 W, 46
2026/09/08 03:32:32.117, 28083 MiB, 81920 MiB, 73 %, 98.42 W, 44
2026/09/08 03:33:02.118, 28083 MiB, 81920 MiB, 77 %, 340.41 W, 48
2026/09/08 03:33:32.120, 28083 MiB, 81920 MiB, 92 %, 280.86 W, 47
2026/09/08 03:34:02.121, 28083 MiB, 81920 MiB, 89 %, 269.06 W, 48
2026/09/08 03:34:32.122, 28083 MiB, 81920 MiB, 27 %, 162.72 W, 46
2026/09/08 03:35:02.125, 28083 MiB, 81920 MiB, 54 %, 90.52 W, 44
2026/09/08 03:35:32.129, 28083 MiB, 81920 MiB, 0 %, 89.29 W, 42
2026/09/08 03:36:02.131, 28083 MiB, 81920 MiB, 31 %, 89.38 W, 44
2026/09/08 03:36:32.132, 28083 MiB, 81920 MiB, 14 %, 278.79 W, 48
2026/09/08 03:37:02.133, 28083 MiB, 81920 MiB, 0 %, 87.68 W, 41
2026/09/08 03:37:32.135, 28083 MiB, 81920 MiB, 0 %, 89.75 W, 42
2026/09/08 03:38:02.136, 28083 MiB, 81920 MiB, 57 %, 89.84 W, 47
2026/09/08 03:38:32.137, 28083 MiB, 81920 MiB, 0 %, 89.47 W, 42
2026/09/08 03:39:02.139, 28083 MiB, 81920 MiB, 0 %, 89.57 W, 42
2026/09/08 03:39:32.140, 28083 MiB, 81920 MiB, 36 %, 131.82 W, 45
2026/09/08 03:40:02.141, 28083 MiB, 81920 MiB, 0 %, 89.75 W, 42
2026/09/08 03:40:32.143, 28083 MiB, 81920 MiB, 1 %, 217.68 W, 46
2026/09/08 03:41:02.145, 28083 MiB, 81920 MiB, 57 %, 165.97 W, 46
2026/09/08 03:41:32.146, 28083 MiB, 81920 MiB, 95 %, 295.36 W, 49
2026/09/08 03:42:02.147, 28083 MiB, 81920 MiB, 18 %, 109.17 W, 46
2026/09/08 03:42:32.148, 28083 MiB, 81920 MiB, 0 %, 89.75 W, 43
2026/09/08 03:43:02.151, 28083 MiB, 81920 MiB, 0 %, 91.03 W, 43
2026/09/08 03:43:32.155, 28083 MiB, 81920 MiB, 48 %, 90.25 W, 43
2026/09/08 03:44:02.157, 28083 MiB, 81920 MiB, 0 %, 89.47 W, 42
2026/09/08 03:44:32.159, 28083 MiB, 81920 MiB, 0 %, 72.20 W, 41
2026/09/08 03:45:02.160, 28083 MiB, 81920 MiB, 76 %, 278.83 W, 46
2026/09/08 03:45:32.162, 28083 MiB, 81920 MiB, 54 %, 91.45 W, 44
2026/09/08 03:46:02.163, 28083 MiB, 81920 MiB, 0 %, 72.80 W, 41
2026/09/08 03:46:32.164, 28083 MiB, 81920 MiB, 0 %, 90.71 W, 42
2026/09/08 03:47:02.166, 28083 MiB, 81920 MiB, 0 %, 72.28 W, 41
2026/09/08 03:47:32.167, 28083 MiB, 81920 MiB, 67 %, 272.24 W, 47
2026/09/08 03:48:02.169, 28083 MiB, 81920 MiB, 78 %, 228.22 W, 48
2026/09/08 03:48:32.171, 28083 MiB, 81920 MiB, 87 %, 295.09 W, 48
2026/09/08 03:49:02.172, 28083 MiB, 81920 MiB, 63 %, 163.38 W, 47
2026/09/08 03:49:32.173, 28083 MiB, 81920 MiB, 92 %, 176.10 W, 49
2026/09/08 03:50:02.174, 28083 MiB, 81920 MiB, 0 %, 90.02 W, 43
2026/09/08 03:50:32.175, 28083 MiB, 81920 MiB, 27 %, 90.34 W, 44
2026/09/08 03:51:02.177, 28083 MiB, 81920 MiB, 49 %, 166.41 W, 44
2026/09/08 03:51:32.178, 28083 MiB, 81920 MiB, 0 %, 71.28 W, 39
2026/09/08 03:52:02.180, 28083 MiB, 81920 MiB, 60 %, 92.42 W, 42
2026/09/08 03:52:32.181, 28083 MiB, 81920 MiB, 52 %, 101.68 W, 45
2026/09/08 03:53:02.182, 28083 MiB, 81920 MiB, 67 %, 99.94 W, 43
2026/09/08 03:53:32.183, 28083 MiB, 81920 MiB, 94 %, 260.82 W, 48
2026/09/08 03:54:02.185, 28083 MiB, 81920 MiB, 0 %, 90.76 W, 43
2026/09/08 03:54:32.186, 28083 MiB, 81920 MiB, 14 %, 287.64 W, 49
2026/09/08 03:55:02.187, 28083 MiB, 81920 MiB, 78 %, 274.07 W, 48
2026/09/08 03:55:32.188, 28083 MiB, 81920 MiB, 0 %, 89.38 W, 42
2026/09/08 03:56:02.189, 28083 MiB, 81920 MiB, 73 %, 91.72 W, 44
2026/09/08 03:56:32.190, 28083 MiB, 81920 MiB, 33 %, 90.16 W, 43
2026/09/08 03:57:02.192, 28083 MiB, 81920 MiB, 0 %, 71.88 W, 41
2026/09/08 03:57:32.193, 28083 MiB, 81920 MiB, 90 %, 243.32 W, 46
2026/09/08 03:58:02.194, 28083 MiB, 81920 MiB, 0 %, 89.38 W, 42
2026/09/08 03:58:32.195, 28083 MiB, 81920 MiB, 67 %, 90.25 W, 44
2026/09/08 03:59:02.196, 28083 MiB, 81920 MiB, 0 %, 89.57 W, 42
2026/09/08 03:59:32.197, 28083 MiB, 81920 MiB, 69 %, 135.82 W, 44
2026/09/08 04:00:02.198, 28083 MiB, 81920 MiB, 59 %, 117.37 W, 45
2026/09/08 04:00:32.199, 28083 MiB, 81920 MiB, 69 %, 142.49 W, 45
2026/09/08 04:01:02.200, 28083 MiB, 81920 MiB, 50 %, 93.88 W, 43
2026/09/08 04:01:32.202, 28083 MiB, 81920 MiB, 0 %, 89.15 W, 42
2026/09/08 04:02:02.204, 28083 MiB, 81920 MiB, 36 %, 287.35 W, 48
2026/09/08 04:02:32.205, 28083 MiB, 81920 MiB, 0 %, 89.93 W, 43
2026/09/08 04:03:02.207, 28083 MiB, 81920 MiB, 46 %, 307.75 W, 49
2026/09/08 04:03:32.208, 28083 MiB, 81920 MiB, 66 %, 228.79 W, 46
2026/09/08 04:04:02.209, 28083 MiB, 81920 MiB, 39 %, 90.76 W, 46
2026/09/08 04:04:32.211, 28083 MiB, 81920 MiB, 94 %, 138.21 W, 49
2026/09/08 04:05:02.212, 28083 MiB, 81920 MiB, 16 %, 134.76 W, 45
2026/09/08 04:05:32.215, 28083 MiB, 81920 MiB, 72 %, 94.81 W, 43
2026/09/08 04:06:02.217, 28083 MiB, 81920 MiB, 0 %, 89.38 W, 43
2026/09/08 04:06:32.218, 28083 MiB, 81920 MiB, 33 %, 89.57 W, 42
2026/09/08 04:07:02.222, 28083 MiB, 81920 MiB, 0 %, 71.95 W, 41
2026/09/08 04:07:32.224, 28083 MiB, 81920 MiB, 69 %, 190.70 W, 49
2026/09/08 04:08:02.225, 28083 MiB, 81920 MiB, 61 %, 194.43 W, 46
2026/09/08 04:08:32.226, 28083 MiB, 81920 MiB, 0 %, 89.38 W, 42
2026/09/08 04:09:02.227, 28083 MiB, 81920 MiB, 36 %, 268.75 W, 43
2026/09/08 04:09:32.229, 28083 MiB, 81920 MiB, 0 %, 272.63 W, 45
2026/09/08 04:10:02.238, 28083 MiB, 81920 MiB, 59 %, 90.02 W, 43
2026/09/08 04:10:32.240, 28083 MiB, 81920 MiB, 37 %, 89.24 W, 45
2026/09/08 04:11:02.241, 28083 MiB, 81920 MiB, 23 %, 108.76 W, 45
2026/09/08 04:11:32.243, 28083 MiB, 81920 MiB, 0 %, 89.25 W, 42
2026/09/08 04:12:02.245, 28083 MiB, 81920 MiB, 0 %, 72.25 W, 41
2026/09/08 04:12:32.247, 28083 MiB, 81920 MiB, 58 %, 164.34 W, 47
2026/09/08 04:13:02.248, 28083 MiB, 81920 MiB, 0 %, 90.03 W, 43
2026/09/08 04:13:32.249, 28083 MiB, 81920 MiB, 42 %, 150.37 W, 45
2026/09/08 04:14:02.251, 28083 MiB, 81920 MiB, 1 %, 90.35 W, 43
2026/09/08 04:14:32.252, 28083 MiB, 81920 MiB, 86 %, 148.70 W, 47
2026/09/08 04:15:02.254, 28083 MiB, 81920 MiB, 20 %, 125.16 W, 46
2026/09/08 04:15:32.260, 28083 MiB, 81920 MiB, 4 %, 90.95 W, 44
2026/09/08 04:16:02.265, 28083 MiB, 81920 MiB, 70 %, 260.22 W, 47
2026/09/08 04:16:32.277, 28083 MiB, 81920 MiB, 18 %, 318.05 W, 48
2026/09/08 04:17:02.278, 28083 MiB, 81920 MiB, 0 %, 90.52 W, 43
2026/09/08 04:17:32.280, 28083 MiB, 81920 MiB, 77 %, 241.54 W, 48
2026/09/08 04:18:02.284, 28083 MiB, 81920 MiB, 0 %, 90.62 W, 44
2026/09/08 04:18:32.285, 28083 MiB, 81920 MiB, 78 %, 91.53 W, 46
2026/09/08 04:19:02.287, 28083 MiB, 81920 MiB, 98 %, 295.34 W, 51
2026/09/08 04:19:32.288, 28083 MiB, 81920 MiB, 0 %, 89.93 W, 43
2026/09/08 04:20:02.289, 28083 MiB, 81920 MiB, 0 %, 82.45 W, 42
2026/09/08 04:20:32.291, 28083 MiB, 81920 MiB, 75 %, 91.12 W, 44
2026/09/08 04:21:02.293, 28083 MiB, 81920 MiB, 0 %, 90.52 W, 43
2026/09/08 04:21:32.296, 28083 MiB, 81920 MiB, 44 %, 288.84 W, 50
2026/09/08 04:22:02.297, 28083 MiB, 81920 MiB, 42 %, 90.52 W, 44
2026/09/08 04:22:32.299, 28083 MiB, 81920 MiB, 68 %, 294.46 W, 47
2026/09/08 04:23:02.301, 28083 MiB, 81920 MiB, 83 %, 277.33 W, 48
2026/09/08 04:23:32.302, 28083 MiB, 81920 MiB, 0 %, 89.93 W, 43
2026/09/08 04:24:02.304, 28083 MiB, 81920 MiB, 75 %, 101.08 W, 44
2026/09/08 04:24:32.307, 28083 MiB, 81920 MiB, 0 %, 89.84 W, 43
2026/09/08 04:25:02.308, 28083 MiB, 81920 MiB, 0 %, 89.93 W, 43
2026/09/08 04:25:32.309, 28083 MiB, 81920 MiB, 51 %, 292.98 W, 48
2026/09/08 04:26:02.311, 28083 MiB, 81920 MiB, 3 %, 123.83 W, 44
2026/09/08 04:26:32.312, 28083 MiB, 81920 MiB, 0 %, 71.80 W, 41
2026/09/08 04:27:02.314, 28083 MiB, 81920 MiB, 87 %, 275.57 W, 49
2026/09/08 04:27:32.315, 28083 MiB, 81920 MiB, 23 %, 289.09 W, 48
2026/09/08 04:28:02.316, 28083 MiB, 81920 MiB, 0 %, 89.93 W, 43
2026/09/08 04:28:32.318, 28083 MiB, 81920 MiB, 85 %, 254.24 W, 50
2026/09/08 04:29:02.319, 28083 MiB, 81920 MiB, 2 %, 105.80 W, 45
2026/09/08 04:29:32.321, 28083 MiB, 81920 MiB, 40 %, 90.86 W, 45
2026/09/08 04:30:02.322, 28083 MiB, 81920 MiB, 0 %, 72.20 W, 41
2026/09/08 04:30:32.324, 28083 MiB, 81920 MiB, 56 %, 173.47 W, 46
2026/09/08 04:31:02.325, 28083 MiB, 81920 MiB, 0 %, 89.47 W, 42
2026/09/08 04:31:32.326, 28083 MiB, 81920 MiB, 0 %, 90.02 W, 43
2026/09/08 04:32:02.327, 28083 MiB, 81920 MiB, 91 %, 285.31 W, 46
2026/09/08 04:32:32.329, 28083 MiB, 81920 MiB, 31 %, 214.10 W, 45
2026/09/08 04:33:02.330, 28083 MiB, 81920 MiB, 27 %, 205.32 W, 45
2026/09/08 04:33:32.340, 28083 MiB, 81920 MiB, 26 %, 105.04 W, 44
2026/09/08 04:34:02.348, 28083 MiB, 81920 MiB, 0 %, 89.20 W, 42
2026/09/08 04:34:32.349, 28083 MiB, 81920 MiB, 47 %, 292.38 W, 47
2026/09/08 04:35:02.351, 28083 MiB, 81920 MiB, 9 %, 90.95 W, 44
2026/09/08 04:35:32.352, 28083 MiB, 81920 MiB, 0 %, 89.38 W, 42
2026/09/08 04:36:02.353, 28083 MiB, 81920 MiB, 0 %, 71.88 W, 41
2026/09/08 04:36:32.354, 28083 MiB, 81920 MiB, 16 %, 89.66 W, 42
2026/09/08 04:37:02.355, 28083 MiB, 81920 MiB, 70 %, 187.11 W, 47
2026/09/08 04:37:32.357, 28083 MiB, 81920 MiB, 98 %, 206.72 W, 48
2026/09/08 04:38:02.358, 28083 MiB, 81920 MiB, 73 %, 90.02 W, 43
2026/09/08 04:38:32.360, 28083 MiB, 81920 MiB, 57 %, 168.03 W, 46
2026/09/08 04:39:02.361, 28083 MiB, 81920 MiB, 90 %, 284.99 W, 47
2026/09/08 04:39:32.363, 28083 MiB, 81920 MiB, 47 %, 145.72 W, 46
2026/09/08 04:40:02.364, 28083 MiB, 81920 MiB, 78 %, 292.09 W, 50
2026/09/08 04:40:32.365, 28083 MiB, 81920 MiB, 85 %, 93.10 W, 48
2026/09/08 04:41:02.366, 28083 MiB, 81920 MiB, 58 %, 223.23 W, 46
2026/09/08 04:41:32.367, 28083 MiB, 81920 MiB, 66 %, 214.10 W, 47
2026/09/08 04:42:02.368, 28083 MiB, 81920 MiB, 0 %, 160.92 W, 41
2026/09/08 04:42:32.370, 28083 MiB, 81920 MiB, 0 %, 89.38 W, 42
2026/09/08 04:43:02.372, 28083 MiB, 81920 MiB, 66 %, 90.25 W, 44
2026/09/08 04:43:32.373, 28083 MiB, 81920 MiB, 0 %, 89.47 W, 42
2026/09/08 04:44:02.381, 28083 MiB, 81920 MiB, 0 %, 89.38 W, 42
2026/09/08 04:44:32.383, 28083 MiB, 81920 MiB, 80 %, 91.54 W, 44
2026/09/08 04:45:02.384, 28083 MiB, 81920 MiB, 0 %, 89.57 W, 43
2026/09/08 04:45:32.386, 28083 MiB, 81920 MiB, 87 %, 295.09 W, 51
2026/09/08 04:46:02.387, 28083 MiB, 81920 MiB, 29 %, 175.33 W, 46
2026/09/08 04:46:32.391, 28083 MiB, 81920 MiB, 42 %, 91.12 W, 44
2026/09/08 04:47:02.393, 28083 MiB, 81920 MiB, 60 %, 90.76 W, 45
2026/09/08 04:47:32.394, 28083 MiB, 81920 MiB, 3 %, 89.66 W, 44
2026/09/08 04:48:02.395, 28083 MiB, 81920 MiB, 0 %, 90.25 W, 43
2026/09/08 04:48:32.396, 28083 MiB, 81920 MiB, 71 %, 173.53 W, 46
2026/09/08 04:49:02.400, 28083 MiB, 81920 MiB, 51 %, 213.40 W, 45
2026/09/08 04:49:32.402, 28083 MiB, 81920 MiB, 54 %, 92.32 W, 44
2026/09/08 04:50:02.403, 28083 MiB, 81920 MiB, 0 %, 89.47 W, 42
2026/09/08 04:50:32.405, 28083 MiB, 81920 MiB, 32 %, 240.68 W, 45
2026/09/08 04:51:02.407, 28083 MiB, 81920 MiB, 61 %, 149.58 W, 47
2026/09/08 04:51:32.408, 28083 MiB, 81920 MiB, 91 %, 186.91 W, 49
2026/09/08 04:52:02.411, 28083 MiB, 81920 MiB, 91 %, 274.38 W, 49
2026/09/08 04:52:32.412, 28083 MiB, 81920 MiB, 75 %, 195.01 W, 48
2026/09/08 04:53:02.413, 28083 MiB, 81920 MiB, 41 %, 158.60 W, 45
2026/09/08 04:53:32.414, 28083 MiB, 81920 MiB, 80 %, 277.92 W, 49
2026/09/08 04:54:02.415, 28083 MiB, 81920 MiB, 7 %, 93.79 W, 43
2026/09/08 04:54:32.416, 28083 MiB, 81920 MiB, 0 %, 89.84 W, 43
2026/09/08 04:55:02.418, 28083 MiB, 81920 MiB, 85 %, 117.49 W, 46
2026/09/08 04:55:32.420, 28083 MiB, 81920 MiB, 49 %, 246.41 W, 47
2026/09/08 04:56:02.422, 28083 MiB, 81920 MiB, 100 %, 101.40 W, 44
2026/09/08 04:56:32.423, 28083 MiB, 81920 MiB, 0 %, 71.08 W, 38
2026/09/08 04:57:02.425, 28083 MiB, 81920 MiB, 0 %, 88.10 W, 40
2026/09/08 04:57:32.426, 28083 MiB, 81920 MiB, 71 %, 274.64 W, 45
2026/09/08 04:58:02.429, 28083 MiB, 81920 MiB, 89 %, 92.70 W, 45
2026/09/08 04:58:32.430, 28083 MiB, 81920 MiB, 76 %, 293.26 W, 46
2026/09/08 04:59:02.432, 28083 MiB, 81920 MiB, 0 %, 89.15 W, 42
2026/09/08 04:59:32.433, 28083 MiB, 81920 MiB, 9 %, 224.93 W, 47
2026/09/08 05:00:02.434, 28083 MiB, 81920 MiB, 27 %, 124.42 W, 46
2026/09/08 05:00:32.435, 28083 MiB, 81920 MiB, 0 %, 89.57 W, 42
2026/09/08 05:01:02.436, 28083 MiB, 81920 MiB, 10 %, 90.95 W, 41
2026/09/08 05:01:32.437, 28083 MiB, 81920 MiB, 0 %, 89.06 W, 41
2026/09/08 05:02:02.439, 28083 MiB, 81920 MiB, 0 %, 89.10 W, 42
2026/09/08 05:02:32.440, 28083 MiB, 81920 MiB, 60 %, 297.36 W, 48
2026/09/08 05:03:02.441, 28083 MiB, 81920 MiB, 99 %, 126.08 W, 46
2026/09/08 05:03:32.445, 28083 MiB, 81920 MiB, 2 %, 109.66 W, 45
2026/09/08 05:04:02.447, 28083 MiB, 81920 MiB, 35 %, 90.62 W, 43
2026/09/08 05:04:32.449, 28083 MiB, 81920 MiB, 30 %, 89.38 W, 45
2026/09/08 05:05:02.450, 28083 MiB, 81920 MiB, 36 %, 92.15 W, 44
2026/09/08 05:05:32.452, 28083 MiB, 81920 MiB, 0 %, 89.66 W, 42
2026/09/08 05:06:02.454, 28083 MiB, 81920 MiB, 30 %, 203.40 W, 49
2026/09/08 05:06:32.456, 28083 MiB, 81920 MiB, 13 %, 89.15 W, 42
2026/09/08 05:07:02.458, 28083 MiB, 81920 MiB, 79 %, 93.79 W, 44
2026/09/08 05:07:32.459, 28083 MiB, 81920 MiB, 3 %, 229.70 W, 46
2026/09/08 05:08:02.460, 28083 MiB, 81920 MiB, 67 %, 92.32 W, 47
2026/09/08 05:08:32.461, 28083 MiB, 81920 MiB, 0 %, 181.11 W, 45
2026/09/08 05:09:02.463, 28083 MiB, 81920 MiB, 67 %, 114.71 W, 46
2026/09/08 05:09:32.464, 28083 MiB, 81920 MiB, 0 %, 90.16 W, 43
2026/09/08 05:10:02.465, 28083 MiB, 81920 MiB, 72 %, 295.05 W, 49
2026/09/08 05:10:32.467, 28083 MiB, 81920 MiB, 82 %, 92.82 W, 44
2026/09/08 05:11:02.468, 28083 MiB, 81920 MiB, 49 %, 166.32 W, 44
2026/09/08 05:11:32.469, 28083 MiB, 81920 MiB, 89 %, 222.08 W, 45
2026/09/08 05:12:02.471, 28083 MiB, 81920 MiB, 55 %, 246.60 W, 42
2026/09/08 05:12:32.472, 28083 MiB, 81920 MiB, 0 %, 90.86 W, 43
2026/09/08 05:13:02.473, 28083 MiB, 81920 MiB, 58 %, 89.75 W, 43
2026/09/08 05:13:32.475, 28083 MiB, 81920 MiB, 49 %, 143.36 W, 48
2026/09/08 05:14:02.477, 28083 MiB, 81920 MiB, 70 %, 288.86 W, 49
2026/09/08 05:14:32.478, 28083 MiB, 81920 MiB, 0 %, 89.66 W, 42
2026/09/08 05:15:02.480, 28083 MiB, 81920 MiB, 55 %, 85.71 W, 41
2026/09/08 05:15:32.481, 28083 MiB, 81920 MiB, 75 %, 287.67 W, 49
2026/09/08 05:16:02.482, 28083 MiB, 81920 MiB, 67 %, 193.35 W, 46
2026/09/08 05:16:32.484, 28083 MiB, 81920 MiB, 82 %, 95.58 W, 45
2026/09/08 05:17:02.485, 28083 MiB, 81920 MiB, 52 %, 103.74 W, 44
2026/09/08 05:17:32.486, 28083 MiB, 81920 MiB, 1 %, 93.00 W, 43
2026/09/08 05:18:02.488, 28083 MiB, 81920 MiB, 30 %, 112.32 W, 45
2026/09/08 05:18:32.489, 28083 MiB, 81920 MiB, 59 %, 253.98 W, 46
2026/09/08 05:19:02.491, 28083 MiB, 81920 MiB, 59 %, 158.60 W, 48
2026/09/08 05:19:32.494, 28083 MiB, 81920 MiB, 0 %, 90.86 W, 43
2026/09/08 05:20:02.495, 28083 MiB, 81920 MiB, 0 %, 90.43 W, 45
2026/09/08 05:20:32.497, 28083 MiB, 81920 MiB, 92 %, 94.12 W, 46
2026/09/08 05:21:02.499, 28083 MiB, 81920 MiB, 0 %, 89.93 W, 43
2026/09/08 05:21:32.500, 28083 MiB, 81920 MiB, 87 %, 143.81 W, 48
2026/09/08 05:22:02.501, 28083 MiB, 81920 MiB, 49 %, 209.38 W, 47
2026/09/08 05:22:32.509, 28083 MiB, 81920 MiB, 0 %, 90.52 W, 44
2026/09/08 05:23:02.511, 28083 MiB, 81920 MiB, 45 %, 120.31 W, 45
2026/09/08 05:23:32.513, 28083 MiB, 81920 MiB, 85 %, 115.22 W, 46
2026/09/08 05:24:02.514, 28083 MiB, 81920 MiB, 43 %, 90.95 W, 45
2026/09/08 05:24:32.516, 28083 MiB, 81920 MiB, 36 %, 98.35 W, 45
2026/09/08 05:25:02.517, 28083 MiB, 81920 MiB, 82 %, 243.07 W, 49
2026/09/08 05:25:32.518, 28083 MiB, 81920 MiB, 0 %, 90.25 W, 44
2026/09/08 05:26:02.519, 28083 MiB, 81920 MiB, 46 %, 148.54 W, 48
2026/09/08 05:26:32.521, 28083 MiB, 81920 MiB, 23 %, 293.24 W, 50
2026/09/08 05:27:02.522, 28083 MiB, 81920 MiB, 76 %, 329.88 W, 48
2026/09/08 05:27:32.523, 28083 MiB, 81920 MiB, 44 %, 114.98 W, 47
2026/09/08 05:28:02.525, 28083 MiB, 81920 MiB, 0 %, 89.93 W, 43
2026/09/08 05:28:32.527, 28083 MiB, 81920 MiB, 36 %, 177.38 W, 44
2026/09/08 05:29:02.528, 28083 MiB, 81920 MiB, 87 %, 91.12 W, 45
2026/09/08 05:29:32.529, 28083 MiB, 81920 MiB, 67 %, 109.01 W, 45
2026/09/08 05:30:02.531, 28083 MiB, 81920 MiB, 37 %, 93.29 W, 46
2026/09/08 05:30:32.532, 28083 MiB, 81920 MiB, 30 %, 92.00 W, 44
2026/09/08 05:31:02.533, 28083 MiB, 81920 MiB, 55 %, 294.20 W, 48
2026/09/08 05:31:32.534, 28083 MiB, 81920 MiB, 15 %, 279.97 W, 43
2026/09/08 05:32:02.535, 28083 MiB, 81920 MiB, 62 %, 217.51 W, 47
2026/09/08 05:32:32.537, 28083 MiB, 81920 MiB, 0 %, 89.24 W, 42
2026/09/08 05:33:02.538, 28083 MiB, 81920 MiB, 3 %, 90.12 W, 43
2026/09/08 05:33:32.541, 28083 MiB, 81920 MiB, 96 %, 291.52 W, 49
2026/09/08 05:34:02.546, 28083 MiB, 81920 MiB, 36 %, 91.35 W, 45
2026/09/08 05:34:32.548, 28083 MiB, 81920 MiB, 84 %, 289.73 W, 51
2026/09/08 05:35:02.549, 28083 MiB, 81920 MiB, 5 %, 130.49 W, 46
2026/09/08 05:35:32.551, 28083 MiB, 81920 MiB, 30 %, 89.84 W, 43
2026/09/08 05:36:02.554, 28083 MiB, 81920 MiB, 94 %, 291.79 W, 49
2026/09/08 05:36:32.556, 28083 MiB, 81920 MiB, 0 %, 89.66 W, 43
2026/09/08 05:37:02.557, 28083 MiB, 81920 MiB, 76 %, 291.23 W, 48
2026/09/08 05:37:32.558, 28083 MiB, 81920 MiB, 20 %, 90.25 W, 43
2026/09/08 05:38:02.561, 28083 MiB, 81920 MiB, 0 %, 90.02 W, 43
2026/09/08 05:38:32.562, 28083 MiB, 81920 MiB, 65 %, 90.76 W, 44
2026/09/08 05:39:02.563, 28083 MiB, 81920 MiB, 92 %, 247.80 W, 46
2026/09/08 05:39:32.565, 28083 MiB, 81920 MiB, 26 %, 91.45 W, 44
2026/09/08 05:40:02.566, 28083 MiB, 81920 MiB, 5 %, 76.53 W, 41
2026/09/08 05:40:32.570, 28083 MiB, 81920 MiB, 58 %, 90.52 W, 44
2026/09/08 05:41:02.572, 28083 MiB, 81920 MiB, 93 %, 92.05 W, 45
2026/09/08 05:41:32.574, 28083 MiB, 81920 MiB, 6 %, 81.39 W, 41
2026/09/08 05:42:02.575, 28083 MiB, 81920 MiB, 100 %, 194.16 W, 50
2026/09/08 05:42:32.576, 28083 MiB, 81920 MiB, 44 %, 102.21 W, 45
2026/09/08 05:43:02.577, 28083 MiB, 81920 MiB, 88 %, 182.71 W, 46
2026/09/08 05:43:32.580, 28083 MiB, 81920 MiB, 5 %, 90.62 W, 43
2026/09/08 05:44:02.582, 28083 MiB, 81920 MiB, 71 %, 110.37 W, 47
2026/09/08 05:44:32.583, 28083 MiB, 81920 MiB, 32 %, 118.09 W, 45
2026/09/08 05:45:02.584, 28083 MiB, 81920 MiB, 0 %, 72.55 W, 42
2026/09/08 05:45:32.586, 28083 MiB, 81920 MiB, 0 %, 89.57 W, 42
2026/09/08 05:46:02.587, 28083 MiB, 81920 MiB, 61 %, 90.71 W, 43
2026/09/08 05:46:32.588, 28083 MiB, 81920 MiB, 80 %, 238.85 W, 45
2026/09/08 05:47:02.590, 28083 MiB, 81920 MiB, 41 %, 281.76 W, 46
2026/09/08 05:47:32.591, 28083 MiB, 81920 MiB, 35 %, 90.76 W, 44
2026/09/08 05:48:02.592, 28083 MiB, 81920 MiB, 66 %, 91.45 W, 44
2026/09/08 05:48:32.593, 28083 MiB, 81920 MiB, 0 %, 92.42 W, 43
2026/09/08 05:49:02.595, 28083 MiB, 81920 MiB, 83 %, 288.27 W, 48
2026/09/08 05:49:32.596, 28083 MiB, 81920 MiB, 9 %, 200.93 W, 45
2026/09/08 05:50:02.597, 28083 MiB, 81920 MiB, 80 %, 193.96 W, 46
2026/09/08 05:50:32.599, 28083 MiB, 81920 MiB, 82 %, 136.14 W, 51
2026/09/08 05:51:02.601, 28083 MiB, 81920 MiB, 49 %, 118.69 W, 44
2026/09/08 05:51:32.602, 28083 MiB, 81920 MiB, 54 %, 89.66 W, 43
2026/09/08 05:52:02.604, 28083 MiB, 81920 MiB, 5 %, 72.48 W, 41
2026/09/08 05:52:32.607, 28083 MiB, 81920 MiB, 0 %, 72.20 W, 41
2026/09/08 05:53:02.608, 28083 MiB, 81920 MiB, 31 %, 89.15 W, 42
2026/09/08 05:53:32.609, 28083 MiB, 81920 MiB, 77 %, 299.80 W, 48
2026/09/08 05:54:02.611, 28083 MiB, 81920 MiB, 13 %, 270.46 W, 48
2026/09/08 05:54:32.613, 28083 MiB, 81920 MiB, 57 %, 97.85 W, 49
2026/09/08 05:55:02.615, 28083 MiB, 81920 MiB, 88 %, 104.77 W, 48
2026/09/08 05:55:32.617, 28083 MiB, 81920 MiB, 0 %, 89.16 W, 42
2026/09/08 05:56:02.618, 28083 MiB, 81920 MiB, 86 %, 215.06 W, 48
2026/09/08 05:56:32.620, 28083 MiB, 81920 MiB, 89 %, 112.42 W, 44
2026/09/08 05:57:02.623, 28083 MiB, 81920 MiB, 55 %, 92.61 W, 44
2026/09/08 05:57:32.624, 28083 MiB, 81920 MiB, 85 %, 198.97 W, 50
2026/09/08 05:58:02.630, 28083 MiB, 81920 MiB, 63 %, 109.50 W, 45
2026/09/08 05:58:32.631, 28083 MiB, 81920 MiB, 100 %, 323.09 W, 49
2026/09/08 05:59:02.633, 28083 MiB, 81920 MiB, 0 %, 89.66 W, 43
2026/09/08 05:59:32.634, 28083 MiB, 81920 MiB, 83 %, 377.28 W, 47
2026/09/08 06:00:02.635, 28083 MiB, 81920 MiB, 100 %, 167.34 W, 48
2026/09/08 06:00:32.640, 28083 MiB, 81920 MiB, 86 %, 103.68 W, 48
2026/09/08 06:01:02.645, 28083 MiB, 81920 MiB, 0 %, 71.21 W, 39
2026/09/08 06:01:32.647, 28083 MiB, 81920 MiB, 66 %, 290.01 W, 45
2026/09/08 06:02:02.649, 28083 MiB, 81920 MiB, 0 %, 88.97 W, 41
2026/09/08 06:02:32.650, 28083 MiB, 81920 MiB, 0 %, 71.95 W, 41
2026/09/08 06:03:02.653, 28083 MiB, 81920 MiB, 59 %, 91.54 W, 43
2026/09/08 06:03:32.655, 28083 MiB, 81920 MiB, 85 %, 262.87 W, 47
2026/09/08 06:04:02.657, 28083 MiB, 81920 MiB, 96 %, 238.00 W, 49
2026/09/08 06:04:32.660, 28083 MiB, 81920 MiB, 0 %, 89.06 W, 42
2026/09/08 06:05:02.664, 28083 MiB, 81920 MiB, 7 %, 89.66 W, 42
2026/09/08 06:05:32.674, 28083 MiB, 81920 MiB, 3 %, 90.07 W, 42
2026/09/08 06:06:02.676, 28083 MiB, 81920 MiB, 93 %, 133.93 W, 47
2026/09/08 06:06:32.678, 28083 MiB, 81920 MiB, 0 %, 72.28 W, 41
2026/09/08 06:07:02.680, 28083 MiB, 81920 MiB, 54 %, 201.13 W, 45
2026/09/08 06:07:32.682, 28083 MiB, 81920 MiB, 4 %, 90.02 W, 44
2026/09/08 06:08:02.683, 28083 MiB, 81920 MiB, 0 %, 89.29 W, 42
2026/09/08 06:08:32.685, 28083 MiB, 81920 MiB, 0 %, 89.75 W, 42
2026/09/08 06:09:02.692, 28083 MiB, 81920 MiB, 52 %, 311.87 W, 48
2026/09/08 06:09:32.694, 28083 MiB, 81920 MiB, 20 %, 90.16 W, 43
2026/09/08 06:10:02.695, 28083 MiB, 81920 MiB, 23 %, 107.00 W, 44
2026/09/08 06:10:32.697, 28083 MiB, 81920 MiB, 29 %, 89.75 W, 43
2026/09/08 06:11:02.698, 28083 MiB, 81920 MiB, 82 %, 282.95 W, 48
2026/09/08 06:11:32.699, 28083 MiB, 81920 MiB, 93 %, 92.32 W, 44
2026/09/08 06:12:02.700, 28083 MiB, 81920 MiB, 0 %, 89.66 W, 42
2026/09/08 06:12:32.702, 28083 MiB, 81920 MiB, 73 %, 121.37 W, 47
2026/09/08 06:13:02.704, 28083 MiB, 81920 MiB, 62 %, 294.47 W, 49
2026/09/08 06:13:32.705, 28083 MiB, 81920 MiB, 3 %, 89.84 W, 45
2026/09/08 06:14:02.706, 28083 MiB, 81920 MiB, 68 %, 176.71 W, 48
2026/09/08 06:14:32.708, 28083 MiB, 81920 MiB, 65 %, 279.08 W, 50
2026/09/08 06:15:02.711, 28083 MiB, 81920 MiB, 18 %, 89.85 W, 43
2026/09/08 06:15:32.713, 28083 MiB, 81920 MiB, 38 %, 173.08 W, 46
2026/09/08 06:16:02.715, 28083 MiB, 81920 MiB, 51 %, 204.82 W, 44
2026/09/08 06:16:32.717, 28083 MiB, 81920 MiB, 6 %, 89.66 W, 43
2026/09/08 06:17:02.718, 28083 MiB, 81920 MiB, 81 %, 264.89 W, 49
2026/09/08 06:17:32.719, 28083 MiB, 81920 MiB, 80 %, 292.70 W, 47
2026/09/08 06:18:02.721, 28083 MiB, 81920 MiB, 34 %, 239.19 W, 46
2026/09/08 06:18:32.722, 28083 MiB, 81920 MiB, 89 %, 292.96 W, 49
2026/09/08 06:19:02.724, 28083 MiB, 81920 MiB, 82 %, 297.73 W, 48
2026/09/08 06:19:32.726, 28083 MiB, 81920 MiB, 68 %, 91.62 W, 45
2026/09/08 06:20:02.727, 28083 MiB, 81920 MiB, 0 %, 90.16 W, 43
2026/09/08 06:20:32.728, 28083 MiB, 81920 MiB, 53 %, 174.54 W, 46
2026/09/08 06:21:02.730, 28083 MiB, 81920 MiB, 85 %, 148.56 W, 48
2026/09/08 06:21:32.731, 28083 MiB, 81920 MiB, 17 %, 203.08 W, 44
2026/09/08 06:22:02.732, 28083 MiB, 81920 MiB, 85 %, 340.25 W, 49
2026/09/08 06:22:32.736, 28083 MiB, 81920 MiB, 0 %, 89.20 W, 42
2026/09/08 06:23:02.737, 28083 MiB, 81920 MiB, 44 %, 100.97 W, 44
2026/09/08 06:23:32.739, 28083 MiB, 81920 MiB, 5 %, 91.54 W, 44
2026/09/08 06:24:02.741, 28083 MiB, 81920 MiB, 76 %, 91.35 W, 45
2026/09/08 06:24:32.743, 28083 MiB, 81920 MiB, 40 %, 91.12 W, 47
2026/09/08 06:25:02.745, 28083 MiB, 81920 MiB, 99 %, 195.88 W, 47
2026/09/08 06:25:32.749, 28083 MiB, 81920 MiB, 49 %, 281.76 W, 49
2026/09/08 06:26:02.750, 28083 MiB, 81920 MiB, 0 %, 89.66 W, 43
2026/09/08 06:26:32.752, 28083 MiB, 81920 MiB, 19 %, 74.95 W, 42
2026/09/08 06:27:02.753, 28083 MiB, 81920 MiB, 0 %, 90.30 W, 43
2026/09/08 06:27:32.755, 28083 MiB, 81920 MiB, 1 %, 110.07 W, 47
2026/09/08 06:28:02.756, 28083 MiB, 81920 MiB, 56 %, 107.88 W, 47
2026/09/08 06:28:32.757, 28083 MiB, 81920 MiB, 57 %, 121.86 W, 46
2026/09/08 06:29:02.759, 28083 MiB, 81920 MiB, 44 %, 96.68 W, 45
2026/09/08 06:29:32.761, 28083 MiB, 81920 MiB, 36 %, 110.18 W, 47
2026/09/08 06:30:02.762, 28083 MiB, 81920 MiB, 0 %, 90.63 W, 44
2026/09/08 06:30:32.764, 28083 MiB, 81920 MiB, 6 %, 90.81 W, 44
2026/09/08 06:31:02.766, 28083 MiB, 81920 MiB, 0 %, 73.30 W, 42
2026/09/08 06:31:32.767, 28083 MiB, 81920 MiB, 73 %, 237.54 W, 46
2026/09/08 06:32:02.771, 28083 MiB, 81920 MiB, 0 %, 149.60 W, 46
2026/09/08 06:32:32.773, 28083 MiB, 81920 MiB, 98 %, 291.83 W, 52
2026/09/08 06:33:02.774, 28083 MiB, 81920 MiB, 96 %, 339.24 W, 50
2026/09/08 06:33:32.775, 28083 MiB, 81920 MiB, 14 %, 90.02 W, 43
2026/09/08 06:34:02.776, 28083 MiB, 81920 MiB, 22 %, 114.14 W, 43
2026/09/08 06:34:32.780, 28083 MiB, 81920 MiB, 0 %, 90.25 W, 43
2026/09/08 06:35:02.781, 28083 MiB, 81920 MiB, 0 %, 72.28 W, 42
2026/09/08 06:35:32.785, 28083 MiB, 81920 MiB, 34 %, 151.37 W, 47
2026/09/08 06:36:02.786, 28083 MiB, 81920 MiB, 66 %, 118.12 W, 46
2026/09/08 06:36:32.787, 28083 MiB, 81920 MiB, 11 %, 244.94 W, 47
2026/09/08 06:37:02.788, 28083 MiB, 81920 MiB, 52 %, 90.99 W, 44
2026/09/08 06:37:32.790, 28083 MiB, 81920 MiB, 0 %, 159.15 W, 45
2026/09/08 06:38:02.792, 28083 MiB, 81920 MiB, 38 %, 124.06 W, 44
2026/09/08 06:38:32.793, 28083 MiB, 81920 MiB, 62 %, 94.18 W, 44
2026/09/08 06:39:02.795, 28083 MiB, 81920 MiB, 69 %, 105.20 W, 44
2026/09/08 06:39:32.797, 28083 MiB, 81920 MiB, 0 %, 89.52 W, 42
2026/09/08 06:40:02.799, 28083 MiB, 81920 MiB, 21 %, 180.57 W, 46
2026/09/08 06:40:32.800, 28083 MiB, 81920 MiB, 2 %, 120.06 W, 45
2026/09/08 06:41:02.802, 28083 MiB, 81920 MiB, 75 %, 142.91 W, 48
2026/09/08 06:41:32.803, 28083 MiB, 81920 MiB, 0 %, 89.06 W, 42
2026/09/08 06:42:02.808, 28083 MiB, 81920 MiB, 84 %, 279.37 W, 48
2026/09/08 06:42:32.809, 28083 MiB, 81920 MiB, 36 %, 159.45 W, 47
2026/09/08 06:43:02.810, 28083 MiB, 81920 MiB, 82 %, 269.05 W, 49
2026/09/08 06:43:32.812, 28083 MiB, 81920 MiB, 0 %, 89.57 W, 42
2026/09/08 06:44:02.813, 28083 MiB, 81920 MiB, 15 %, 89.93 W, 43
2026/09/08 06:44:32.814, 28083 MiB, 81920 MiB, 99 %, 114.86 W, 47
2026/09/08 06:45:02.817, 28083 MiB, 81920 MiB, 59 %, 135.86 W, 47
2026/09/08 06:45:32.819, 28083 MiB, 81920 MiB, 15 %, 102.82 W, 46
2026/09/08 06:46:02.820, 28083 MiB, 81920 MiB, 0 %, 90.02 W, 43
2026/09/08 06:46:32.821, 28083 MiB, 81920 MiB, 84 %, 279.66 W, 50
2026/09/08 06:47:02.823, 28083 MiB, 81920 MiB, 68 %, 90.25 W, 44
2026/09/08 06:47:32.825, 28083 MiB, 81920 MiB, 0 %, 89.47 W, 43
2026/09/08 06:48:02.826, 28083 MiB, 81920 MiB, 2 %, 89.75 W, 43
2026/09/08 06:48:32.827, 28083 MiB, 81920 MiB, 87 %, 289.73 W, 47
2026/09/08 06:49:02.829, 28083 MiB, 81920 MiB, 32 %, 178.30 W, 48
2026/09/08 06:49:32.830, 28083 MiB, 81920 MiB, 51 %, 97.82 W, 46
2026/09/08 06:50:02.831, 28083 MiB, 81920 MiB, 69 %, 97.55 W, 46
2026/09/08 06:50:32.832, 28083 MiB, 81920 MiB, 56 %, 97.48 W, 44
2026/09/08 06:51:02.833, 28083 MiB, 81920 MiB, 0 %, 72.48 W, 41
2026/09/08 06:51:32.834, 28083 MiB, 81920 MiB, 77 %, 92.32 W, 44
2026/09/08 06:52:02.835, 28083 MiB, 81920 MiB, 0 %, 89.66 W, 42
2026/09/08 06:52:32.837, 28083 MiB, 81920 MiB, 70 %, 90.53 W, 44
2026/09/08 06:53:02.838, 28083 MiB, 81920 MiB, 0 %, 91.14 W, 43
2026/09/08 06:53:32.840, 28083 MiB, 81920 MiB, 0 %, 72.42 W, 41
2026/09/08 06:54:02.842, 28083 MiB, 81920 MiB, 86 %, 128.36 W, 48
2026/09/08 06:54:32.843, 28083 MiB, 81920 MiB, 42 %, 293.01 W, 50
2026/09/08 06:55:02.844, 28083 MiB, 81920 MiB, 79 %, 90.71 W, 44
2026/09/08 06:55:32.845, 28083 MiB, 81920 MiB, 75 %, 299.84 W, 50
2026/09/08 06:56:02.847, 28083 MiB, 81920 MiB, 100 %, 304.25 W, 49
2026/09/08 06:56:32.848, 28083 MiB, 81920 MiB, 25 %, 262.50 W, 43
2026/09/08 06:57:02.850, 28083 MiB, 81920 MiB, 63 %, 90.30 W, 44
2026/09/08 06:57:32.851, 28083 MiB, 81920 MiB, 62 %, 101.39 W, 44
2026/09/08 06:58:02.853, 28083 MiB, 81920 MiB, 0 %, 89.57 W, 42
2026/09/08 06:58:32.854, 28083 MiB, 81920 MiB, 80 %, 90.81 W, 46
2026/09/08 06:59:02.856, 28083 MiB, 81920 MiB, 0 %, 89.85 W, 43
2026/09/08 06:59:32.858, 28083 MiB, 81920 MiB, 73 %, 237.90 W, 48
2026/09/08 07:00:02.860, 28083 MiB, 81920 MiB, 85 %, 341.68 W, 50
2026/09/08 07:00:32.861, 28083 MiB, 81920 MiB, 41 %, 90.25 W, 44
2026/09/08 07:01:02.862, 28083 MiB, 81920 MiB, 57 %, 97.25 W, 44
2026/09/08 07:01:32.864, 28083 MiB, 81920 MiB, 24 %, 252.77 W, 45
2026/09/08 07:02:02.865, 28083 MiB, 81920 MiB, 73 %, 90.52 W, 43
2026/09/08 07:02:32.870, 28083 MiB, 81920 MiB, 0 %, 72.40 W, 41
2026/09/08 07:03:02.872, 28083 MiB, 81920 MiB, 89 %, 93.10 W, 46
2026/09/08 07:03:32.874, 28083 MiB, 81920 MiB, 26 %, 74.19 W, 42
2026/09/08 07:04:02.879, 28083 MiB, 81920 MiB, 27 %, 113.24 W, 43
2026/09/08 07:04:32.881, 28083 MiB, 81920 MiB, 50 %, 214.20 W, 45
2026/09/08 07:05:02.883, 28083 MiB, 81920 MiB, 2 %, 89.57 W, 43
2026/09/08 07:05:32.885, 28083 MiB, 81920 MiB, 0 %, 71.00 W, 39
2026/09/08 07:06:02.886, 28083 MiB, 81920 MiB, 0 %, 88.19 W, 40
2026/09/08 07:06:32.887, 28083 MiB, 81920 MiB, 20 %, 71.36 W, 40
2026/09/08 07:07:02.889, 28083 MiB, 81920 MiB, 79 %, 300.09 W, 49
2026/09/08 07:07:32.891, 28083 MiB, 81920 MiB, 0 %, 89.57 W, 42
2026/09/08 07:08:02.892, 28083 MiB, 81920 MiB, 89 %, 103.25 W, 45
2026/09/08 07:08:32.894, 28083 MiB, 81920 MiB, 49 %, 292.96 W, 50
2026/09/08 07:09:02.895, 28083 MiB, 81920 MiB, 44 %, 90.43 W, 43
2026/09/08 07:09:32.896, 28083 MiB, 81920 MiB, 0 %, 89.29 W, 42
2026/09/08 07:10:02.897, 28083 MiB, 81920 MiB, 1 %, 122.96 W, 42
2026/09/08 07:10:32.897, 28083 MiB, 81920 MiB, 0 %, 89.47 W, 42
2026/09/08 07:11:02.899, 28083 MiB, 81920 MiB, 85 %, 310.40 W, 47
2026/09/08 07:11:32.901, 28083 MiB, 81920 MiB, 5 %, 110.10 W, 46
2026/09/08 07:12:02.911, 28083 MiB, 81920 MiB, 58 %, 202.15 W, 44
2026/09/08 07:12:32.912, 28083 MiB, 81920 MiB, 46 %, 105.37 W, 44
2026/09/08 07:13:02.913, 28083 MiB, 81920 MiB, 82 %, 329.88 W, 46
2026/09/08 07:13:32.914, 28083 MiB, 81920 MiB, 82 %, 187.90 W, 46
2026/09/08 07:14:02.916, 28083 MiB, 81920 MiB, 56 %, 98.45 W, 44
2026/09/08 07:14:32.917, 28083 MiB, 81920 MiB, 31 %, 251.90 W, 43
2026/09/08 07:15:02.919, 28083 MiB, 81920 MiB, 0 %, 90.25 W, 44
2026/09/08 07:15:32.920, 28083 MiB, 81920 MiB, 69 %, 163.21 W, 44
2026/09/08 07:16:02.922, 28083 MiB, 81920 MiB, 60 %, 90.44 W, 43
2026/09/08 07:16:32.925, 28083 MiB, 81920 MiB, 60 %, 166.07 W, 46
2026/09/08 07:17:02.927, 28083 MiB, 81920 MiB, 22 %, 91.41 W, 43
2026/09/08 07:17:32.929, 28083 MiB, 81920 MiB, 33 %, 89.66 W, 43
2026/09/08 07:18:02.930, 28083 MiB, 81920 MiB, 1 %, 90.44 W, 43
2026/09/08 07:18:32.931, 28083 MiB, 81920 MiB, 17 %, 211.88 W, 46
2026/09/08 07:19:02.932, 28083 MiB, 81920 MiB, 85 %, 109.40 W, 48
2026/09/08 07:19:32.933, 28083 MiB, 81920 MiB, 46 %, 199.55 W, 48
2026/09/08 07:20:02.939, 28083 MiB, 81920 MiB, 0 %, 92.15 W, 43
2026/09/08 07:20:32.941, 28083 MiB, 81920 MiB, 2 %, 92.49 W, 42
2026/09/08 07:21:02.942, 28083 MiB, 81920 MiB, 58 %, 90.86 W, 44
2026/09/08 07:21:32.943, 28083 MiB, 81920 MiB, 0 %, 73.60 W, 42
2026/09/08 07:22:02.945, 28083 MiB, 81920 MiB, 92 %, 133.75 W, 45
2026/09/08 07:22:32.947, 28083 MiB, 81920 MiB, 3 %, 89.93 W, 43
2026/09/08 07:23:02.948, 28083 MiB, 81920 MiB, 68 %, 251.05 W, 49
2026/09/08 07:23:32.949, 28083 MiB, 81920 MiB, 0 %, 89.84 W, 42
2026/09/08 07:24:02.950, 28083 MiB, 81920 MiB, 20 %, 90.62 W, 44
2026/09/08 07:24:32.952, 28083 MiB, 81920 MiB, 0 %, 89.38 W, 42
2026/09/08 07:25:02.953, 28083 MiB, 81920 MiB, 30 %, 99.22 W, 45
2026/09/08 07:25:32.955, 28083 MiB, 81920 MiB, 18 %, 211.93 W, 48
2026/09/08 07:26:02.956, 28083 MiB, 81920 MiB, 0 %, 89.85 W, 47
2026/09/08 07:26:32.958, 28083 MiB, 81920 MiB, 66 %, 218.48 W, 46
2026/09/08 07:27:02.960, 28083 MiB, 81920 MiB, 51 %, 260.37 W, 45
2026/09/08 07:27:32.961, 28083 MiB, 81920 MiB, 51 %, 281.44 W, 49
2026/09/08 07:28:02.965, 28083 MiB, 81920 MiB, 45 %, 213.96 W, 46
2026/09/08 07:28:32.967, 28083 MiB, 81920 MiB, 50 %, 91.60 W, 45
2026/09/08 07:29:02.968, 28083 MiB, 81920 MiB, 71 %, 140.86 W, 47
2026/09/08 07:29:32.969, 28083 MiB, 81920 MiB, 98 %, 234.27 W, 48
2026/09/08 07:30:02.971, 28083 MiB, 81920 MiB, 0 %, 92.70 W, 44
2026/09/08 07:30:32.973, 28083 MiB, 81920 MiB, 0 %, 103.19 W, 43
2026/09/08 07:31:02.975, 28083 MiB, 81920 MiB, 0 %, 89.94 W, 43
2026/09/08 07:31:32.976, 28083 MiB, 81920 MiB, 20 %, 99.55 W, 43
2026/09/08 07:32:02.978, 28083 MiB, 81920 MiB, 0 %, 90.12 W, 43
2026/09/08 07:32:32.979, 28083 MiB, 81920 MiB, 71 %, 93.07 W, 46
2026/09/08 07:33:02.981, 28083 MiB, 81920 MiB, 62 %, 93.50 W, 48
2026/09/08 07:33:32.982, 28083 MiB, 81920 MiB, 93 %, 145.90 W, 52
2026/09/08 07:34:02.984, 28083 MiB, 81920 MiB, 70 %, 263.31 W, 48
2026/09/08 07:34:32.985, 28083 MiB, 81920 MiB, 86 %, 105.92 W, 47
2026/09/08 07:35:02.987, 28083 MiB, 81920 MiB, 82 %, 101.21 W, 48
2026/09/08 07:35:32.988, 28083 MiB, 81920 MiB, 82 %, 229.41 W, 46
2026/09/08 07:36:02.990, 28083 MiB, 81920 MiB, 0 %, 90.03 W, 43
2026/09/08 07:36:32.991, 28083 MiB, 81920 MiB, 56 %, 197.70 W, 46
2026/09/08 07:37:02.992, 28083 MiB, 81920 MiB, 0 %, 90.40 W, 44
2026/09/08 07:37:32.993, 28083 MiB, 81920 MiB, 47 %, 290.06 W, 48
2026/09/08 07:38:02.995, 28083 MiB, 81920 MiB, 86 %, 124.33 W, 47
2026/09/08 07:38:32.997, 28083 MiB, 81920 MiB, 1 %, 91.50 W, 43
2026/09/08 07:39:02.998, 28083 MiB, 81920 MiB, 80 %, 290.91 W, 50
2026/09/08 07:39:33.000, 28083 MiB, 81920 MiB, 0 %, 72.03 W, 41
2026/09/08 07:40:03.001, 28083 MiB, 81920 MiB, 0 %, 89.47 W, 42
2026/09/08 07:40:33.002, 28083 MiB, 81920 MiB, 0 %, 71.88 W, 41
2026/09/08 07:41:03.003, 28083 MiB, 81920 MiB, 0 %, 90.25 W, 43
2026/09/08 07:41:33.005, 28083 MiB, 81920 MiB, 24 %, 162.55 W, 45
2026/09/08 07:42:03.007, 28083 MiB, 81920 MiB, 0 %, 90.34 W, 43
2026/09/08 07:42:33.008, 28083 MiB, 81920 MiB, 55 %, 121.48 W, 44
2026/09/08 07:43:03.010, 28083 MiB, 81920 MiB, 58 %, 94.41 W, 48
2026/09/08 07:43:33.012, 28083 MiB, 81920 MiB, 30 %, 273.79 W, 47
2026/09/08 07:44:03.013, 28083 MiB, 81920 MiB, 26 %, 92.10 W, 43
2026/09/08 07:44:33.015, 28083 MiB, 81920 MiB, 38 %, 222.21 W, 45
2026/09/08 07:45:03.016, 28083 MiB, 81920 MiB, 64 %, 91.50 W, 43
2026/09/08 07:45:33.018, 28083 MiB, 81920 MiB, 0 %, 89.43 W, 42
2026/09/08 07:46:03.019, 28083 MiB, 81920 MiB, 33 %, 117.63 W, 43
2026/09/08 07:46:33.020, 28083 MiB, 81920 MiB, 37 %, 293.91 W, 50
2026/09/08 07:47:03.024, 28083 MiB, 81920 MiB, 88 %, 296.57 W, 50
2026/09/08 07:47:33.026, 28083 MiB, 81920 MiB, 88 %, 279.98 W, 49
2026/09/08 07:48:03.027, 28083 MiB, 81920 MiB, 0 %, 72.63 W, 41
2026/09/08 07:48:33.028, 28083 MiB, 81920 MiB, 70 %, 223.00 W, 45
2026/09/08 07:49:03.029, 28083 MiB, 81920 MiB, 20 %, 207.70 W, 46
2026/09/08 07:49:33.031, 28083 MiB, 81920 MiB, 40 %, 93.19 W, 46
2026/09/08 07:50:03.032, 28083 MiB, 81920 MiB, 74 %, 160.23 W, 49
2026/09/08 07:50:33.033, 28083 MiB, 81920 MiB, 20 %, 299.79 W, 48
2026/09/08 07:51:03.034, 28083 MiB, 81920 MiB, 4 %, 95.85 W, 43
2026/09/08 07:51:33.040, 28083 MiB, 81920 MiB, 30 %, 89.75 W, 43
2026/09/08 07:52:03.042, 28083 MiB, 81920 MiB, 2 %, 89.84 W, 44
2026/09/08 07:52:33.043, 28083 MiB, 81920 MiB, 21 %, 172.16 W, 45
2026/09/08 07:53:03.044, 28083 MiB, 81920 MiB, 61 %, 98.14 W, 45
2026/09/08 07:53:33.046, 28083 MiB, 81920 MiB, 0 %, 89.93 W, 43
2026/09/08 07:54:03.047, 28083 MiB, 81920 MiB, 0 %, 97.28 W, 47
2026/09/08 07:54:33.049, 28083 MiB, 81920 MiB, 0 %, 89.57 W, 42
2026/09/08 07:55:03.049, 28083 MiB, 81920 MiB, 0 %, 90.25 W, 43
2026/09/08 07:55:33.051, 28083 MiB, 81920 MiB, 14 %, 173.02 W, 46
2026/09/08 07:56:03.052, 28083 MiB, 81920 MiB, 77 %, 357.54 W, 45
2026/09/08 07:56:33.053, 28083 MiB, 81920 MiB, 50 %, 125.02 W, 45
2026/09/08 07:57:03.054, 28083 MiB, 81920 MiB, 1 %, 90.12 W, 42
2026/09/08 07:57:33.056, 28083 MiB, 81920 MiB, 0 %, 72.05 W, 40
2026/09/08 07:58:03.057, 28083 MiB, 81920 MiB, 44 %, 146.03 W, 43
2026/09/08 07:58:33.058, 28083 MiB, 81920 MiB, 0 %, 72.13 W, 41
2026/09/08 07:59:03.059, 28083 MiB, 81920 MiB, 2 %, 72.47 W, 43
2026/09/08 07:59:33.060, 28083 MiB, 81920 MiB, 0 %, 90.12 W, 42
2026/09/08 08:00:03.065, 28083 MiB, 81920 MiB, 6 %, 91.51 W, 44
2026/09/08 08:00:33.066, 28083 MiB, 81920 MiB, 75 %, 105.31 W, 47
2026/09/08 08:01:03.068, 28083 MiB, 81920 MiB, 0 %, 72.17 W, 41
2026/09/08 08:01:33.070, 28083 MiB, 81920 MiB, 62 %, 141.31 W, 45
2026/09/08 08:02:03.071, 28083 MiB, 81920 MiB, 71 %, 292.11 W, 47
2026/09/08 08:02:33.072, 28083 MiB, 81920 MiB, 0 %, 71.83 W, 40
2026/09/08 08:03:03.074, 28083 MiB, 81920 MiB, 0 %, 89.07 W, 42
2026/09/08 08:03:33.075, 28083 MiB, 81920 MiB, 47 %, 118.09 W, 45
2026/09/08 08:04:03.076, 28083 MiB, 81920 MiB, 35 %, 168.21 W, 45
2026/09/08 08:04:33.077, 28083 MiB, 81920 MiB, 0 %, 72.35 W, 41
2026/09/08 08:05:03.078, 28083 MiB, 81920 MiB, 80 %, 142.61 W, 49
2026/09/08 08:05:33.080, 28083 MiB, 81920 MiB, 79 %, 104.17 W, 48
2026/09/08 08:06:03.081, 28083 MiB, 81920 MiB, 0 %, 89.84 W, 43
2026/09/08 08:06:33.082, 28083 MiB, 81920 MiB, 0 %, 71.88 W, 41
2026/09/08 08:07:03.083, 28083 MiB, 81920 MiB, 42 %, 336.88 W, 47
2026/09/08 08:07:33.084, 28083 MiB, 81920 MiB, 18 %, 118.49 W, 46
2026/09/08 08:08:03.086, 28083 MiB, 81920 MiB, 0 %, 72.28 W, 41
2026/09/08 08:08:33.087, 28083 MiB, 81920 MiB, 74 %, 210.20 W, 50
2026/09/08 08:09:03.088, 28083 MiB, 81920 MiB, 83 %, 131.82 W, 45
2026/09/08 08:09:33.089, 28083 MiB, 81920 MiB, 92 %, 292.99 W, 49
2026/09/08 08:10:03.091, 28083 MiB, 81920 MiB, 0 %, 71.61 W, 40
2026/09/08 08:10:33.091, 28083 MiB, 81920 MiB, 0 %, 70.66 W, 38
2026/09/08 08:11:03.094, 28083 MiB, 81920 MiB, 88 %, 106.02 W, 45
2026/09/08 08:11:33.094, 28083 MiB, 81920 MiB, 91 %, 270.85 W, 49
2026/09/08 08:12:03.095, 28083 MiB, 81920 MiB, 0 %, 89.47 W, 42
2026/09/08 08:12:33.097, 28083 MiB, 81920 MiB, 25 %, 148.54 W, 43
2026/09/08 08:13:03.099, 28083 MiB, 81920 MiB, 12 %, 129.76 W, 46
2026/09/08 08:13:33.100, 28083 MiB, 81920 MiB, 30 %, 247.20 W, 45
2026/09/08 08:14:03.101, 28083 MiB, 81920 MiB, 4 %, 190.70 W, 45
2026/09/08 08:14:33.103, 28083 MiB, 81920 MiB, 0 %, 89.66 W, 43
2026/09/08 08:15:03.104, 28083 MiB, 81920 MiB, 67 %, 293.57 W, 49
2026/09/08 08:15:33.106, 28083 MiB, 81920 MiB, 2 %, 89.15 W, 42
2026/09/08 08:16:03.108, 28083 MiB, 81920 MiB, 87 %, 210.57 W, 47
2026/09/08 08:16:33.109, 28083 MiB, 81920 MiB, 0 %, 72.20 W, 41
2026/09/08 08:17:03.110, 28083 MiB, 81920 MiB, 16 %, 90.34 W, 43
2026/09/08 08:17:33.111, 28083 MiB, 81920 MiB, 0 %, 105.91 W, 43
2026/09/08 08:18:03.113, 28083 MiB, 81920 MiB, 95 %, 94.61 W, 48
2026/09/08 08:18:33.117, 28083 MiB, 81920 MiB, 3 %, 89.93 W, 43
2026/09/08 08:19:03.118, 28083 MiB, 81920 MiB, 0 %, 180.05 W, 49
2026/09/08 08:19:33.119, 28083 MiB, 81920 MiB, 88 %, 267.27 W, 46
2026/09/08 08:20:03.120, 28083 MiB, 81920 MiB, 59 %, 117.76 W, 44
2026/09/08 08:20:33.121, 28083 MiB, 81920 MiB, 59 %, 97.38 W, 46
2026/09/08 08:21:03.123, 28083 MiB, 81920 MiB, 0 %, 90.62 W, 43
2026/09/08 08:21:33.126, 28083 MiB, 81920 MiB, 54 %, 91.12 W, 44
2026/09/08 08:22:03.141, 28083 MiB, 81920 MiB, 2 %, 89.66 W, 43
2026/09/08 08:22:33.143, 28083 MiB, 81920 MiB, 62 %, 101.50 W, 43
2026/09/08 08:23:03.144, 28083 MiB, 81920 MiB, 26 %, 117.76 W, 46
2026/09/08 08:23:33.145, 28083 MiB, 81920 MiB, 57 %, 173.76 W, 45
2026/09/08 08:24:03.147, 28083 MiB, 81920 MiB, 0 %, 90.76 W, 43
2026/09/08 08:24:33.148, 28083 MiB, 81920 MiB, 62 %, 94.12 W, 45
2026/09/08 08:25:03.150, 28083 MiB, 81920 MiB, 90 %, 91.35 W, 44
2026/09/08 08:25:33.152, 28083 MiB, 81920 MiB, 80 %, 203.40 W, 43
2026/09/08 08:26:03.173, 28083 MiB, 81920 MiB, 0 %, 89.57 W, 42
2026/09/08 08:26:33.174, 28083 MiB, 81920 MiB, 0 %, 89.38 W, 42
2026/09/08 08:27:03.175, 28083 MiB, 81920 MiB, 24 %, 272.87 W, 46
2026/09/08 08:27:33.177, 28083 MiB, 81920 MiB, 0 %, 89.85 W, 43
2026/09/08 08:28:03.178, 28083 MiB, 81920 MiB, 61 %, 89.66 W, 43
2026/09/08 08:28:33.180, 28083 MiB, 81920 MiB, 79 %, 293.26 W, 49
2026/09/08 08:29:03.181, 28083 MiB, 81920 MiB, 88 %, 92.59 W, 45
2026/09/08 08:29:33.182, 28083 MiB, 81920 MiB, 4 %, 90.16 W, 43
2026/09/08 08:30:03.185, 28083 MiB, 81920 MiB, 60 %, 92.92 W, 44
2026/09/08 08:30:33.187, 28083 MiB, 81920 MiB, 76 %, 313.33 W, 47
2026/09/08 08:31:03.189, 28083 MiB, 81920 MiB, 0 %, 89.38 W, 42
2026/09/08 08:31:33.190, 28083 MiB, 81920 MiB, 90 %, 92.59 W, 47
2026/09/08 08:32:03.191, 28083 MiB, 81920 MiB, 63 %, 277.63 W, 49
2026/09/08 08:32:33.193, 28083 MiB, 81920 MiB, 27 %, 130.35 W, 45
2026/09/08 08:33:03.194, 28083 MiB, 81920 MiB, 92 %, 272.87 W, 50
2026/09/08 08:33:33.197, 28083 MiB, 81920 MiB, 0 %, 89.84 W, 43
2026/09/08 08:34:03.199, 28083 MiB, 81920 MiB, 67 %, 113.64 W, 46
2026/09/08 08:34:33.200, 28083 MiB, 81920 MiB, 84 %, 105.53 W, 47
2026/09/08 08:35:03.202, 28083 MiB, 81920 MiB, 29 %, 107.32 W, 45
2026/09/08 08:35:33.203, 28083 MiB, 81920 MiB, 3 %, 89.84 W, 45
2026/09/08 08:36:03.205, 28083 MiB, 81920 MiB, 51 %, 110.10 W, 48
2026/09/08 08:36:33.207, 28083 MiB, 81920 MiB, 59 %, 90.44 W, 44
2026/09/08 08:37:03.207, 28083 MiB, 81920 MiB, 46 %, 156.53 W, 47
2026/09/08 08:37:33.213, 28083 MiB, 81920 MiB, 94 %, 205.47 W, 50
2026/09/08 08:38:03.216, 28083 MiB, 81920 MiB, 88 %, 295.39 W, 51
2026/09/08 08:38:33.217, 28083 MiB, 81920 MiB, 92 %, 266.96 W, 51
2026/09/08 08:39:03.219, 28083 MiB, 81920 MiB, 41 %, 159.20 W, 44
2026/09/08 08:39:33.221, 28083 MiB, 81920 MiB, 30 %, 90.02 W, 43
2026/09/08 08:40:03.222, 28083 MiB, 81920 MiB, 40 %, 90.76 W, 46
2026/09/08 08:40:33.223, 28083 MiB, 81920 MiB, 55 %, 138.48 W, 42
2026/09/08 08:41:03.224, 28083 MiB, 81920 MiB, 0 %, 89.38 W, 42
2026/09/08 08:41:33.226, 28083 MiB, 81920 MiB, 68 %, 128.02 W, 46
2026/09/08 08:42:03.228, 28083 MiB, 81920 MiB, 6 %, 117.25 W, 46
2026/09/08 08:42:33.229, 28083 MiB, 81920 MiB, 86 %, 92.59 W, 47
2026/09/08 08:43:03.231, 28083 MiB, 81920 MiB, 40 %, 134.21 W, 44
2026/09/08 08:43:33.232, 28083 MiB, 81920 MiB, 52 %, 137.01 W, 46
2026/09/08 08:44:03.234, 28083 MiB, 81920 MiB, 20 %, 91.45 W, 44
2026/09/08 08:44:33.236, 28083 MiB, 81920 MiB, 98 %, 294.46 W, 47
2026/09/08 08:45:03.237, 28083 MiB, 81920 MiB, 10 %, 195.10 W, 46
2026/09/08 08:45:33.239, 28083 MiB, 81920 MiB, 0 %, 71.95 W, 41
2026/09/08 08:46:03.240, 28083 MiB, 81920 MiB, 6 %, 252.24 W, 45
2026/09/08 08:46:33.241, 28083 MiB, 81920 MiB, 42 %, 90.35 W, 44
2026/09/08 08:47:03.242, 28083 MiB, 81920 MiB, 43 %, 90.95 W, 45
2026/09/08 08:47:33.244, 28083 MiB, 81920 MiB, 87 %, 276.13 W, 49
2026/09/08 08:48:03.246, 28083 MiB, 81920 MiB, 7 %, 236.78 W, 45
2026/09/08 08:48:33.247, 28083 MiB, 81920 MiB, 0 %, 89.75 W, 42
2026/09/08 08:49:03.248, 28083 MiB, 81920 MiB, 0 %, 89.94 W, 42
2026/09/08 08:49:33.250, 28083 MiB, 81920 MiB, 70 %, 187.42 W, 45
2026/09/08 08:50:03.251, 28083 MiB, 81920 MiB, 72 %, 139.51 W, 45
2026/09/08 08:50:33.252, 28083 MiB, 81920 MiB, 0 %, 88.88 W, 42
2026/09/08 08:51:03.254, 28083 MiB, 81920 MiB, 0 %, 89.33 W, 42
2026/09/08 08:51:33.255, 28083 MiB, 81920 MiB, 68 %, 89.85 W, 43
2026/09/08 08:52:03.257, 28083 MiB, 81920 MiB, 76 %, 330.66 W, 48
2026/09/08 08:52:33.258, 28083 MiB, 81920 MiB, 0 %, 95.28 W, 43
2026/09/08 08:53:03.259, 28083 MiB, 81920 MiB, 0 %, 90.71 W, 43
2026/09/08 08:53:33.261, 28083 MiB, 81920 MiB, 73 %, 90.81 W, 44
2026/09/08 08:54:03.262, 28083 MiB, 81920 MiB, 95 %, 296.32 W, 48
2026/09/08 08:54:33.264, 28083 MiB, 81920 MiB, 0 %, 230.37 W, 44
2026/09/08 08:55:03.265, 28083 MiB, 81920 MiB, 37 %, 90.12 W, 43
2026/09/08 08:55:33.266, 28083 MiB, 81920 MiB, 65 %, 94.91 W, 45
2026/09/08 08:56:03.267, 28083 MiB, 81920 MiB, 1 %, 181.62 W, 45
2026/09/08 08:56:33.270, 28083 MiB, 81920 MiB, 84 %, 269.30 W, 50
2026/09/08 08:57:03.271, 28083 MiB, 81920 MiB, 45 %, 75.37 W, 42
2026/09/08 08:57:33.274, 28083 MiB, 81920 MiB, 38 %, 94.51 W, 44
2026/09/08 08:58:03.277, 28083 MiB, 81920 MiB, 89 %, 94.08 W, 45
2026/09/08 08:58:33.279, 28083 MiB, 81920 MiB, 0 %, 72.42 W, 41
2026/09/08 08:59:03.281, 28083 MiB, 81920 MiB, 0 %, 89.33 W, 42
2026/09/08 08:59:33.283, 28083 MiB, 81920 MiB, 9 %, 130.49 W, 41
2026/09/08 09:00:03.284, 28083 MiB, 81920 MiB, 58 %, 94.81 W, 45
2026/09/08 09:00:33.290, 28083 MiB, 81920 MiB, 74 %, 339.38 W, 49
2026/09/08 09:01:03.291, 28083 MiB, 81920 MiB, 0 %, 88.79 W, 41
2026/09/08 09:01:33.293, 28083 MiB, 81920 MiB, 3 %, 90.02 W, 43
2026/09/08 09:02:03.293, 28083 MiB, 81920 MiB, 0 %, 89.75 W, 42
2026/09/08 09:02:33.295, 28083 MiB, 81920 MiB, 0 %, 89.66 W, 43
2026/09/08 09:03:03.297, 28083 MiB, 81920 MiB, 0 %, 89.75 W, 42
2026/09/08 09:03:33.299, 28083 MiB, 81920 MiB, 81 %, 110.11 W, 48
2026/09/08 09:04:03.300, 28083 MiB, 81920 MiB, 12 %, 108.14 W, 44
2026/09/08 09:04:33.301, 28083 MiB, 81920 MiB, 11 %, 89.85 W, 43
2026/09/08 09:05:03.302, 28083 MiB, 81920 MiB, 57 %, 145.15 W, 45
2026/09/08 09:05:33.303, 28083 MiB, 81920 MiB, 72 %, 131.95 W, 46
2026/09/08 09:06:03.305, 28083 MiB, 81920 MiB, 38 %, 89.57 W, 45
2026/09/08 09:06:33.306, 28083 MiB, 81920 MiB, 68 %, 100.48 W, 43
2026/09/08 09:07:03.307, 28083 MiB, 81920 MiB, 19 %, 234.47 W, 46
2026/09/08 09:07:33.309, 28083 MiB, 81920 MiB, 0 %, 90.02 W, 43
2026/09/08 09:08:03.310, 28083 MiB, 81920 MiB, 54 %, 105.53 W, 45
2026/09/08 09:08:33.312, 28083 MiB, 81920 MiB, 0 %, 89.66 W, 42
2026/09/08 09:09:03.314, 28083 MiB, 81920 MiB, 88 %, 106.72 W, 46
2026/09/08 09:09:33.316, 28083 MiB, 81920 MiB, 58 %, 244.19 W, 47
2026/09/08 09:10:03.324, 28083 MiB, 81920 MiB, 72 %, 138.93 W, 47
2026/09/08 09:10:33.326, 28083 MiB, 81920 MiB, 0 %, 90.35 W, 44
2026/09/08 09:11:03.327, 28083 MiB, 81920 MiB, 0 %, 72.48 W, 41
2026/09/08 09:11:33.328, 28083 MiB, 81920 MiB, 0 %, 89.38 W, 42
2026/09/08 09:12:03.330, 28083 MiB, 81920 MiB, 0 %, 72.20 W, 41
2026/09/08 09:12:33.331, 28083 MiB, 81920 MiB, 42 %, 116.57 W, 44
2026/09/08 09:13:03.333, 28083 MiB, 81920 MiB, 44 %, 131.14 W, 44
2026/09/08 09:13:33.334, 28083 MiB, 81920 MiB, 0 %, 73.07 W, 41
2026/09/08 09:14:03.335, 28083 MiB, 81920 MiB, 34 %, 224.96 W, 47
2026/09/08 09:14:33.341, 28083 MiB, 81920 MiB, 2 %, 120.04 W, 45
2026/09/08 09:15:03.343, 28083 MiB, 81920 MiB, 0 %, 71.28 W, 39
2026/09/08 09:15:33.344, 28083 MiB, 81920 MiB, 0 %, 88.10 W, 40
2026/09/08 09:16:03.346, 28083 MiB, 81920 MiB, 30 %, 92.42 W, 43
2026/09/08 09:16:33.348, 28083 MiB, 81920 MiB, 71 %, 271.12 W, 46
2026/09/08 09:17:03.349, 28083 MiB, 81920 MiB, 85 %, 236.46 W, 47
2026/09/08 09:17:33.352, 28083 MiB, 81920 MiB, 0 %, 72.10 W, 41
2026/09/08 09:18:03.353, 28083 MiB, 81920 MiB, 0 %, 95.01 W, 42
2026/09/08 09:18:33.354, 28083 MiB, 81920 MiB, 0 %, 72.10 W, 41
2026/09/08 09:19:03.356, 28083 MiB, 81920 MiB, 80 %, 106.35 W, 44
2026/09/08 09:19:33.360, 28083 MiB, 81920 MiB, 23 %, 108.48 W, 45
2026/09/08 09:20:03.361, 28083 MiB, 81920 MiB, 74 %, 96.58 W, 46
2026/09/08 09:20:33.363, 28083 MiB, 81920 MiB, 0 %, 89.43 W, 42
2026/09/08 09:21:03.364, 28083 MiB, 81920 MiB, 82 %, 107.77 W, 48
2026/09/08 09:21:33.367, 28083 MiB, 81920 MiB, 39 %, 90.12 W, 43
2026/09/08 09:22:03.369, 28083 MiB, 81920 MiB, 7 %, 201.16 W, 43
2026/09/08 09:22:33.370, 28083 MiB, 81920 MiB, 0 %, 89.33 W, 42
2026/09/08 09:23:03.374, 28083 MiB, 81920 MiB, 0 %, 72.28 W, 41
2026/09/08 09:23:33.376, 28083 MiB, 81920 MiB, 50 %, 90.44 W, 43
2026/09/08 09:24:03.377, 28083 MiB, 81920 MiB, 59 %, 201.43 W, 46
2026/09/08 09:24:33.379, 28083 MiB, 81920 MiB, 86 %, 184.89 W, 48
2026/09/08 09:25:03.381, 28083 MiB, 81920 MiB, 22 %, 91.31 W, 44
2026/09/08 09:25:33.382, 28083 MiB, 81920 MiB, 62 %, 92.61 W, 44
2026/09/08 09:26:03.383, 28083 MiB, 81920 MiB, 90 %, 108.25 W, 49
2026/09/08 09:26:33.384, 28083 MiB, 81920 MiB, 0 %, 90.25 W, 43
2026/09/08 09:27:03.386, 28083 MiB, 81920 MiB, 76 %, 229.46 W, 48
2026/09/08 09:27:33.387, 28083 MiB, 81920 MiB, 11 %, 285.01 W, 50
2026/09/08 09:28:03.389, 28083 MiB, 81920 MiB, 0 %, 90.02 W, 43
2026/09/08 09:28:33.390, 28083 MiB, 81920 MiB, 63 %, 172.75 W, 46
2026/09/08 09:29:03.392, 28083 MiB, 81920 MiB, 44 %, 90.25 W, 44
2026/09/08 09:29:33.395, 28083 MiB, 81920 MiB, 33 %, 251.31 W, 44
2026/09/08 09:30:03.396, 28083 MiB, 81920 MiB, 100 %, 181.66 W, 44
2026/09/08 09:30:33.400, 28083 MiB, 81920 MiB, 75 %, 340.25 W, 49
2026/09/08 09:31:03.402, 28083 MiB, 81920 MiB, 0 %, 89.57 W, 42
2026/09/08 09:31:33.403, 28083 MiB, 81920 MiB, 36 %, 105.15 W, 45
2026/09/08 09:32:03.405, 28083 MiB, 81920 MiB, 30 %, 179.73 W, 44
2026/09/08 09:32:33.406, 28083 MiB, 81920 MiB, 81 %, 282.93 W, 50
2026/09/08 09:33:03.408, 28083 MiB, 81920 MiB, 82 %, 294.47 W, 47
2026/09/08 09:33:33.409, 28083 MiB, 81920 MiB, 4 %, 90.62 W, 44
2026/09/08 09:34:03.411, 28083 MiB, 81920 MiB, 40 %, 206.07 W, 44
2026/09/08 09:34:33.412, 28083 MiB, 81920 MiB, 44 %, 208.35 W, 44
2026/09/08 09:35:03.413, 28083 MiB, 81920 MiB, 37 %, 164.95 W, 43
2026/09/08 09:35:33.414, 28083 MiB, 81920 MiB, 48 %, 90.02 W, 43
2026/09/08 09:36:03.415, 28083 MiB, 81920 MiB, 66 %, 90.02 W, 43
2026/09/08 09:36:33.417, 28083 MiB, 81920 MiB, 49 %, 152.84 W, 44
2026/09/08 09:37:03.418, 28083 MiB, 81920 MiB, 0 %, 89.66 W, 43
2026/09/08 09:37:33.419, 28083 MiB, 81920 MiB, 26 %, 132.42 W, 45
2026/09/08 09:38:03.422, 28083 MiB, 81920 MiB, 90 %, 106.73 W, 49
2026/09/08 09:38:33.427, 28083 MiB, 81920 MiB, 56 %, 106.84 W, 44
2026/09/08 09:39:03.429, 28083 MiB, 81920 MiB, 65 %, 222.59 W, 49
2026/09/08 09:39:33.430, 28083 MiB, 81920 MiB, 0 %, 90.31 W, 44
2026/09/08 09:40:03.432, 28083 MiB, 81920 MiB, 0 %, 90.30 W, 43
2026/09/08 09:40:33.433, 28083 MiB, 81920 MiB, 34 %, 211.66 W, 46
2026/09/08 09:41:03.436, 28083 MiB, 81920 MiB, 84 %, 92.78 W, 48
2026/09/08 09:41:33.438, 28083 MiB, 81920 MiB, 82 %, 285.59 W, 47
2026/09/08 09:42:03.439, 28083 MiB, 81920 MiB, 0 %, 72.48 W, 42
2026/09/08 09:42:33.441, 28083 MiB, 81920 MiB, 83 %, 91.96 W, 48
2026/09/08 09:43:03.443, 28083 MiB, 81920 MiB, 65 %, 184.09 W, 49
2026/09/08 09:43:33.444, 28083 MiB, 81920 MiB, 47 %, 262.82 W, 47
2026/09/08 09:44:03.446, 28083 MiB, 81920 MiB, 66 %, 90.52 W, 44
2026/09/08 09:44:33.447, 28083 MiB, 81920 MiB, 41 %, 152.41 W, 45
2026/09/08 09:45:03.449, 28083 MiB, 81920 MiB, 3 %, 172.66 W, 46
2026/09/08 09:45:33.450, 28083 MiB, 81920 MiB, 77 %, 282.91 W, 51
2026/09/08 09:46:03.451, 28083 MiB, 81920 MiB, 0 %, 89.66 W, 43
2026/09/08 09:46:33.453, 28083 MiB, 81920 MiB, 0 %, 89.75 W, 42
2026/09/08 09:47:03.454, 28083 MiB, 81920 MiB, 9 %, 91.41 W, 48
2026/09/08 09:47:33.455, 28083 MiB, 81920 MiB, 67 %, 118.61 W, 46
2026/09/08 09:48:03.456, 28083 MiB, 81920 MiB, 57 %, 127.81 W, 45
2026/09/08 09:48:33.458, 28083 MiB, 81920 MiB, 20 %, 94.49 W, 45
2026/09/08 09:49:03.459, 28083 MiB, 81920 MiB, 0 %, 97.85 W, 43
2026/09/08 09:49:33.460, 28083 MiB, 81920 MiB, 0 %, 71.88 W, 41
2026/09/08 09:50:03.462, 28083 MiB, 81920 MiB, 0 %, 100.91 W, 42
2026/09/08 09:50:33.464, 28083 MiB, 81920 MiB, 42 %, 89.75 W, 42
2026/09/08 09:51:03.465, 28083 MiB, 81920 MiB, 44 %, 227.03 W, 50
2026/09/08 09:51:33.467, 28083 MiB, 81920 MiB, 48 %, 91.72 W, 44
2026/09/08 09:52:03.468, 28083 MiB, 81920 MiB, 87 %, 94.39 W, 46
2026/09/08 09:52:33.471, 28083 MiB, 81920 MiB, 37 %, 242.73 W, 45
2026/09/08 09:53:03.473, 28083 MiB, 81920 MiB, 13 %, 91.62 W, 43
2026/09/08 09:53:33.475, 28083 MiB, 81920 MiB, 91 %, 328.74 W, 49
2026/09/08 09:54:03.476, 28083 MiB, 81920 MiB, 62 %, 221.85 W, 46
2026/09/08 09:54:33.477, 28083 MiB, 81920 MiB, 92 %, 307.75 W, 49
2026/09/08 09:55:03.481, 28083 MiB, 81920 MiB, 0 %, 72.20 W, 41
2026/09/08 09:55:33.482, 28083 MiB, 81920 MiB, 0 %, 71.95 W, 41
2026/09/08 09:56:03.490, 28083 MiB, 81920 MiB, 0 %, 88.79 W, 42
2026/09/08 09:56:33.491, 28083 MiB, 81920 MiB, 18 %, 91.22 W, 43
2026/09/08 09:57:03.492, 28083 MiB, 81920 MiB, 42 %, 90.43 W, 44
2026/09/08 09:57:33.496, 28083 MiB, 81920 MiB, 83 %, 97.05 W, 44
2026/09/08 09:58:03.498, 28083 MiB, 81920 MiB, 0 %, 89.06 W, 42
2026/09/08 09:58:33.499, 28083 MiB, 81920 MiB, 19 %, 91.72 W, 44
2026/09/08 09:59:03.503, 28083 MiB, 81920 MiB, 90 %, 118.36 W, 49
2026/09/08 09:59:33.505, 28083 MiB, 81920 MiB, 71 %, 317.78 W, 48
2026/09/08 10:00:03.506, 28083 MiB, 81920 MiB, 0 %, 266.95 W, 44
2026/09/08 10:00:33.507, 28083 MiB, 81920 MiB, 0 %, 89.75 W, 42
2026/09/08 10:01:03.508, 28083 MiB, 81920 MiB, 88 %, 106.51 W, 48
2026/09/08 10:01:33.509, 28083 MiB, 81920 MiB, 4 %, 90.67 W, 47
2026/09/08 10:02:03.510, 28083 MiB, 81920 MiB, 19 %, 90.52 W, 44
2026/09/08 10:02:33.511, 28083 MiB, 81920 MiB, 0 %, 89.20 W, 42
2026/09/08 10:03:03.512, 28083 MiB, 81920 MiB, 86 %, 287.11 W, 47
2026/09/08 10:03:33.513, 28083 MiB, 81920 MiB, 83 %, 106.83 W, 46
2026/09/08 10:04:03.515, 28083 MiB, 81920 MiB, 0 %, 115.67 W, 43
2026/09/08 10:04:33.516, 28083 MiB, 81920 MiB, 75 %, 329.70 W, 50
2026/09/08 10:05:03.521, 28083 MiB, 81920 MiB, 0 %, 89.57 W, 42
2026/09/08 10:05:33.522, 28083 MiB, 81920 MiB, 0 %, 89.47 W, 42
2026/09/08 10:06:03.524, 28083 MiB, 81920 MiB, 0 %, 89.75 W, 43
2026/09/08 10:06:33.525, 28083 MiB, 81920 MiB, 50 %, 90.95 W, 44
2026/09/08 10:07:03.526, 28083 MiB, 81920 MiB, 59 %, 325.42 W, 50
2026/09/08 10:07:33.527, 28083 MiB, 81920 MiB, 35 %, 90.25 W, 43
2026/09/08 10:08:03.529, 28083 MiB, 81920 MiB, 80 %, 141.89 W, 45
2026/09/08 10:08:33.530, 28083 MiB, 81920 MiB, 47 %, 90.52 W, 44
2026/09/08 10:09:03.532, 28083 MiB, 81920 MiB, 59 %, 90.25 W, 43
2026/09/08 10:09:33.533, 28083 MiB, 81920 MiB, 99 %, 109.50 W, 47
2026/09/08 10:10:03.535, 28083 MiB, 81920 MiB, 58 %, 109.39 W, 47
2026/09/08 10:10:33.536, 28083 MiB, 81920 MiB, 0 %, 89.57 W, 43
2026/09/08 10:11:03.537, 28083 MiB, 81920 MiB, 0 %, 72.42 W, 41
2026/09/08 10:11:33.539, 28083 MiB, 81920 MiB, 1 %, 136.56 W, 45
2026/09/08 10:12:03.542, 28083 MiB, 81920 MiB, 92 %, 109.13 W, 46
2026/09/08 10:12:33.544, 28083 MiB, 81920 MiB, 82 %, 286.77 W, 49
2026/09/08 10:13:03.545, 28083 MiB, 81920 MiB, 0 %, 71.88 W, 41
2026/09/08 10:13:33.546, 28083 MiB, 81920 MiB, 0 %, 92.59 W, 42
2026/09/08 10:14:03.548, 28083 MiB, 81920 MiB, 12 %, 96.45 W, 44
2026/09/08 10:14:33.549, 28083 MiB, 81920 MiB, 11 %, 283.85 W, 49
2026/09/08 10:15:03.550, 28083 MiB, 81920 MiB, 0 %, 145.72 W, 45
2026/09/08 10:15:33.553, 28083 MiB, 81920 MiB, 58 %, 116.03 W, 44
2026/09/08 10:16:03.556, 28083 MiB, 81920 MiB, 0 %, 89.38 W, 42
2026/09/08 10:16:33.562, 28083 MiB, 81920 MiB, 0 %, 72.80 W, 41
2026/09/08 10:17:03.564, 28083 MiB, 81920 MiB, 35 %, 110.37 W, 45
2026/09/08 10:17:33.565, 28083 MiB, 81920 MiB, 60 %, 90.86 W, 44
2026/09/08 10:18:03.567, 28083 MiB, 81920 MiB, 0 %, 90.16 W, 43
2026/09/08 10:18:33.568, 28083 MiB, 81920 MiB, 0 %, 75.38 W, 41
2026/09/08 10:19:03.569, 28083 MiB, 81920 MiB, 81 %, 373.62 W, 46
2026/09/08 10:19:33.571, 28083 MiB, 81920 MiB, 59 %, 235.10 W, 45
2026/09/08 10:20:03.572, 28083 MiB, 81920 MiB, 0 %, 71.75 W, 40
2026/09/08 10:20:33.574, 28083 MiB, 81920 MiB, 0 %, 70.73 W, 38
2026/09/08 10:21:03.577, 28083 MiB, 81920 MiB, 62 %, 100.41 W, 42
2026/09/08 10:21:33.578, 28083 MiB, 81920 MiB, 37 %, 147.67 W, 45
2026/09/08 10:22:03.580, 28083 MiB, 81920 MiB, 7 %, 72.35 W, 40
2026/09/08 10:22:33.586, 28083 MiB, 81920 MiB, 17 %, 184.96 W, 44
2026/09/08 10:23:03.588, 28083 MiB, 81920 MiB, 47 %, 110.37 W, 44
2026/09/08 10:23:33.589, 28083 MiB, 81920 MiB, 3 %, 90.02 W, 43
2026/09/08 10:24:03.591, 28083 MiB, 81920 MiB, 29 %, 231.96 W, 45
2026/09/08 10:24:33.592, 28083 MiB, 81920 MiB, 2 %, 216.14 W, 45
2026/09/08 10:25:03.593, 28083 MiB, 81920 MiB, 63 %, 272.22 W, 49
2026/09/08 10:25:33.595, 28083 MiB, 81920 MiB, 0 %, 89.43 W, 42
2026/09/08 10:26:03.596, 28083 MiB, 81920 MiB, 94 %, 294.79 W, 49
2026/09/08 10:26:33.598, 28083 MiB, 81920 MiB, 16 %, 89.94 W, 44
2026/09/08 10:27:03.599, 28083 MiB, 81920 MiB, 23 %, 90.82 W, 45
2026/09/08 10:27:33.600, 28083 MiB, 81920 MiB, 33 %, 294.48 W, 49
2026/09/08 10:28:03.601, 28083 MiB, 81920 MiB, 64 %, 224.43 W, 48
2026/09/08 10:28:33.602, 28083 MiB, 81920 MiB, 19 %, 280.84 W, 49
2026/09/08 10:29:03.609, 28083 MiB, 81920 MiB, 0 %, 89.47 W, 42
2026/09/08 10:29:33.611, 28083 MiB, 81920 MiB, 73 %, 215.52 W, 47
2026/09/08 10:30:03.612, 28083 MiB, 81920 MiB, 0 %, 90.35 W, 44
2026/09/08 10:30:33.613, 28083 MiB, 81920 MiB, 0 %, 89.84 W, 43
2026/09/08 10:31:03.615, 28083 MiB, 81920 MiB, 0 %, 102.38 W, 43
2026/09/08 10:31:33.621, 28083 MiB, 81920 MiB, 32 %, 104.33 W, 45
2026/09/08 10:32:03.623, 28083 MiB, 81920 MiB, 30 %, 251.57 W, 46
2026/09/08 10:32:33.627, 28083 MiB, 81920 MiB, 1 %, 162.62 W, 46
2026/09/08 10:33:03.630, 28083 MiB, 81920 MiB, 72 %, 90.76 W, 43
2026/09/08 10:33:33.632, 28083 MiB, 81920 MiB, 0 %, 89.84 W, 42
2026/09/08 10:34:03.633, 28083 MiB, 81920 MiB, 99 %, 295.01 W, 51
2026/09/08 10:34:33.634, 28083 MiB, 81920 MiB, 83 %, 91.45 W, 44
2026/09/08 10:35:03.635, 28083 MiB, 81920 MiB, 34 %, 76.61 W, 41
2026/09/08 10:35:33.636, 28083 MiB, 81920 MiB, 64 %, 289.14 W, 47
2026/09/08 10:36:03.648, 28083 MiB, 81920 MiB, 86 %, 283.53 W, 48
2026/09/08 10:36:33.650, 28083 MiB, 81920 MiB, 10 %, 90.16 W, 43
2026/09/08 10:37:03.651, 28083 MiB, 81920 MiB, 89 %, 218.05 W, 45
2026/09/08 10:37:33.652, 28083 MiB, 81920 MiB, 42 %, 103.74 W, 46
2026/09/08 10:38:03.653, 28083 MiB, 81920 MiB, 98 %, 104.28 W, 48
2026/09/08 10:38:33.654, 28083 MiB, 81920 MiB, 62 %, 96.38 W, 44
2026/09/08 10:39:03.656, 28083 MiB, 81920 MiB, 1 %, 125.75 W, 45
2026/09/08 10:39:33.658, 28083 MiB, 81920 MiB, 99 %, 283.82 W, 51
2026/09/08 10:40:03.660, 28083 MiB, 81920 MiB, 59 %, 124.22 W, 46
2026/09/08 10:40:33.662, 28083 MiB, 81920 MiB, 0 %, 90.02 W, 43
2026/09/08 10:41:03.664, 28083 MiB, 81920 MiB, 30 %, 277.31 W, 43
2026/09/08 10:41:33.665, 28083 MiB, 81920 MiB, 83 %, 228.59 W, 47
2026/09/08 10:42:03.667, 28083 MiB, 81920 MiB, 2 %, 153.59 W, 45
2026/09/08 10:42:33.669, 28083 MiB, 81920 MiB, 100 %, 295.63 W, 49
2026/09/08 10:43:03.674, 28083 MiB, 81920 MiB, 80 %, 152.13 W, 48
2026/09/08 10:43:33.678, 28083 MiB, 81920 MiB, 86 %, 289.46 W, 52
2026/09/08 10:44:03.679, 28083 MiB, 81920 MiB, 0 %, 90.25 W, 43
2026/09/08 10:44:33.681, 28083 MiB, 81920 MiB, 77 %, 92.82 W, 45
2026/09/08 10:45:03.682, 28083 MiB, 81920 MiB, 55 %, 309.22 W, 48
2026/09/08 10:45:33.684, 28083 MiB, 81920 MiB, 39 %, 109.06 W, 44
2026/09/08 10:46:03.686, 28083 MiB, 81920 MiB, 20 %, 93.32 W, 45
2026/09/08 10:46:33.687, 28083 MiB, 81920 MiB, 69 %, 280.30 W, 49
2026/09/08 10:47:03.689, 28083 MiB, 81920 MiB, 85 %, 110.97 W, 49
2026/09/08 10:47:33.690, 28083 MiB, 81920 MiB, 99 %, 139.95 W, 51
2026/09/08 10:48:03.691, 28083 MiB, 81920 MiB, 77 %, 107.59 W, 46
2026/09/08 10:48:33.693, 28083 MiB, 81920 MiB, 67 %, 227.63 W, 47
2026/09/08 10:49:03.695, 28083 MiB, 81920 MiB, 1 %, 90.94 W, 46
2026/09/08 10:49:33.696, 28083 MiB, 81920 MiB, 23 %, 161.09 W, 46
2026/09/08 10:50:03.698, 28083 MiB, 81920 MiB, 36 %, 127.69 W, 44
2026/09/08 10:50:33.703, 28083 MiB, 81920 MiB, 0 %, 89.93 W, 43
2026/09/08 10:51:03.705, 28083 MiB, 81920 MiB, 30 %, 114.35 W, 47
2026/09/08 10:51:33.714, 28083 MiB, 81920 MiB, 0 %, 90.25 W, 43
2026/09/08 10:52:03.716, 28083 MiB, 81920 MiB, 86 %, 173.86 W, 50
2026/09/08 10:52:33.718, 28083 MiB, 81920 MiB, 87 %, 104.33 W, 47
2026/09/08 10:53:03.719, 28083 MiB, 81920 MiB, 82 %, 349.33 W, 49
2026/09/08 10:53:33.721, 28083 MiB, 81920 MiB, 41 %, 147.79 W, 46
2026/09/08 10:54:03.722, 28083 MiB, 81920 MiB, 88 %, 92.73 W, 47
2026/09/08 10:54:33.723, 28083 MiB, 81920 MiB, 58 %, 90.76 W, 44
2026/09/08 10:55:03.725, 28083 MiB, 81920 MiB, 0 %, 90.16 W, 43
2026/09/08 10:55:33.727, 28083 MiB, 81920 MiB, 11 %, 163.21 W, 43
2026/09/08 10:56:03.728, 28083 MiB, 81920 MiB, 0 %, 89.57 W, 42
2026/09/08 10:56:33.730, 28083 MiB, 81920 MiB, 4 %, 77.81 W, 41
2026/09/08 10:57:03.733, 28083 MiB, 81920 MiB, 87 %, 268.47 W, 49
2026/09/08 10:57:33.735, 28083 MiB, 81920 MiB, 0 %, 89.66 W, 42
2026/09/08 10:58:03.736, 28083 MiB, 81920 MiB, 88 %, 117.17 W, 47
2026/09/08 10:58:33.738, 28083 MiB, 81920 MiB, 71 %, 289.40 W, 47
2026/09/08 10:59:03.739, 28083 MiB, 81920 MiB, 19 %, 182.68 W, 43
2026/09/08 10:59:33.740, 28083 MiB, 81920 MiB, 0 %, 71.90 W, 41
2026/09/08 11:00:03.741, 28083 MiB, 81920 MiB, 35 %, 118.71 W, 44
2026/09/08 11:00:33.742, 28083 MiB, 81920 MiB, 30 %, 91.42 W, 43
2026/09/08 11:01:03.743, 28083 MiB, 81920 MiB, 68 %, 140.86 W, 45
2026/09/08 11:01:33.745, 28083 MiB, 81920 MiB, 1 %, 89.85 W, 42
2026/09/08 11:02:03.746, 28083 MiB, 81920 MiB, 0 %, 89.52 W, 42
2026/09/08 11:02:33.750, 28083 MiB, 81920 MiB, 2 %, 154.51 W, 45
2026/09/08 11:03:03.752, 28083 MiB, 81920 MiB, 4 %, 73.30 W, 41
2026/09/08 11:03:33.753, 28083 MiB, 81920 MiB, 89 %, 91.81 W, 45
2026/09/08 11:04:03.759, 28083 MiB, 81920 MiB, 73 %, 90.52 W, 43
2026/09/08 11:04:33.761, 28083 MiB, 81920 MiB, 0 %, 89.29 W, 42
2026/09/08 11:05:03.762, 28083 MiB, 81920 MiB, 0 %, 90.71 W, 43
2026/09/08 11:05:33.763, 28083 MiB, 81920 MiB, 100 %, 105.26 W, 46
2026/09/08 11:06:03.765, 28083 MiB, 81920 MiB, 0 %, 95.68 W, 42
2026/09/08 11:06:33.766, 28083 MiB, 81920 MiB, 90 %, 294.74 W, 45
2026/09/08 11:07:03.767, 28083 MiB, 81920 MiB, 12 %, 98.85 W, 45
2026/09/08 11:07:33.769, 28083 MiB, 81920 MiB, 74 %, 271.67 W, 48
2026/09/08 11:08:03.770, 28083 MiB, 81920 MiB, 6 %, 89.84 W, 43
2026/09/08 11:08:33.771, 28083 MiB, 81920 MiB, 79 %, 283.85 W, 49
2026/09/08 11:09:03.773, 28083 MiB, 81920 MiB, 3 %, 240.68 W, 45
2026/09/08 11:09:33.775, 28083 MiB, 81920 MiB, 20 %, 205.20 W, 46
2026/09/08 11:10:03.777, 28083 MiB, 81920 MiB, 0 %, 90.12 W, 43
2026/09/08 11:10:33.778, 28083 MiB, 81920 MiB, 89 %, 222.27 W, 48
2026/09/08 11:11:03.780, 28083 MiB, 81920 MiB, 61 %, 225.20 W, 46
2026/09/08 11:11:33.782, 28083 MiB, 81920 MiB, 0 %, 89.74 W, 43
2026/09/08 11:12:03.784, 28083 MiB, 81920 MiB, 38 %, 168.99 W, 44
2026/09/08 11:12:33.785, 28083 MiB, 81920 MiB, 0 %, 89.75 W, 43
2026/09/08 11:13:03.787, 28083 MiB, 81920 MiB, 88 %, 235.34 W, 47
2026/09/08 11:13:33.788, 28083 MiB, 81920 MiB, 0 %, 71.97 W, 40
2026/09/08 11:14:03.789, 28083 MiB, 81920 MiB, 73 %, 295.65 W, 51
2026/09/08 11:14:33.790, 28083 MiB, 81920 MiB, 82 %, 143.69 W, 46
2026/09/08 11:15:03.792, 28083 MiB, 81920 MiB, 83 %, 306.88 W, 49
2026/09/08 11:15:33.793, 28083 MiB, 81920 MiB, 22 %, 93.19 W, 44
2026/09/08 11:16:03.794, 28083 MiB, 81920 MiB, 2 %, 157.13 W, 44
2026/09/08 11:16:33.796, 28083 MiB, 81920 MiB, 0 %, 92.59 W, 43
2026/09/08 11:17:03.797, 28083 MiB, 81920 MiB, 0 %, 71.88 W, 41
2026/09/08 11:17:33.799, 28083 MiB, 81920 MiB, 64 %, 282.95 W, 48
2026/09/08 11:18:03.802, 28083 MiB, 81920 MiB, 0 %, 89.84 W, 43
2026/09/08 11:18:33.803, 28083 MiB, 81920 MiB, 45 %, 93.02 W, 43
2026/09/08 11:19:03.804, 28083 MiB, 81920 MiB, 0 %, 90.21 W, 43
2026/09/08 11:19:33.806, 28083 MiB, 81920 MiB, 92 %, 155.27 W, 45
2026/09/08 11:20:03.808, 28083 MiB, 81920 MiB, 2 %, 191.89 W, 45
2026/09/08 11:20:33.810, 28083 MiB, 81920 MiB, 4 %, 91.41 W, 43
2026/09/08 11:21:03.811, 28083 MiB, 81920 MiB, 5 %, 294.49 W, 48
2026/09/08 11:21:33.813, 28083 MiB, 81920 MiB, 0 %, 89.71 W, 42
2026/09/08 11:22:03.814, 28083 MiB, 81920 MiB, 19 %, 238.66 W, 47
2026/09/08 11:22:33.816, 28083 MiB, 81920 MiB, 48 %, 170.71 W, 44
2026/09/08 11:23:03.817, 28083 MiB, 81920 MiB, 57 %, 112.91 W, 46
2026/09/08 11:23:33.818, 28083 MiB, 81920 MiB, 41 %, 118.98 W, 46
2026/09/08 11:24:03.824, 28083 MiB, 81920 MiB, 20 %, 173.56 W, 46
2026/09/08 11:24:33.826, 28083 MiB, 81920 MiB, 89 %, 94.58 W, 46
2026/09/08 11:25:03.827, 28083 MiB, 81920 MiB, 100 %, 99.92 W, 44
2026/09/08 11:25:33.836, 28083 MiB, 81920 MiB, 0 %, 71.08 W, 39
2026/09/08 11:26:03.838, 28083 MiB, 81920 MiB, 52 %, 89.57 W, 41
2026/09/08 11:26:33.840, 28083 MiB, 81920 MiB, 48 %, 90.86 W, 43
2026/09/08 11:27:03.842, 28083 MiB, 81920 MiB, 0 %, 89.15 W, 41
2026/09/08 11:27:33.844, 28083 MiB, 81920 MiB, 9 %, 89.93 W, 44
2026/09/08 11:28:03.846, 28083 MiB, 81920 MiB, 53 %, 199.15 W, 44
2026/09/08 11:28:33.847, 28083 MiB, 81920 MiB, 1 %, 89.84 W, 42
2026/09/08 11:29:03.849, 28083 MiB, 81920 MiB, 0 %, 72.12 W, 41
2026/09/08 11:29:33.850, 28083 MiB, 81920 MiB, 0 %, 72.12 W, 40
2026/09/08 11:30:03.851, 28083 MiB, 81920 MiB, 78 %, 90.95 W, 43
2026/09/08 11:30:33.853, 28083 MiB, 81920 MiB, 0 %, 89.38 W, 42
2026/09/08 11:31:03.854, 28083 MiB, 81920 MiB, 0 %, 90.25 W, 43
2026/09/08 11:31:33.856, 28083 MiB, 81920 MiB, 82 %, 101.89 W, 46
2026/09/08 11:32:03.857, 28083 MiB, 81920 MiB, 97 %, 94.98 W, 46
2026/09/08 11:32:33.858, 28083 MiB, 81920 MiB, 32 %, 99.61 W, 43
2026/09/08 11:33:03.861, 28083 MiB, 81920 MiB, 72 %, 118.84 W, 45
2026/09/08 11:33:33.863, 28083 MiB, 81920 MiB, 70 %, 139.68 W, 48
2026/09/08 11:34:03.866, 28083 MiB, 81920 MiB, 30 %, 200.14 W, 46
2026/09/08 11:34:33.867, 28083 MiB, 81920 MiB, 46 %, 114.50 W, 46
2026/09/08 11:35:03.868, 28083 MiB, 81920 MiB, 40 %, 277.63 W, 46
2026/09/08 11:35:33.869, 28083 MiB, 81920 MiB, 29 %, 142.46 W, 46
2026/09/08 11:36:03.870, 28083 MiB, 81920 MiB, 65 %, 90.43 W, 44
2026/09/08 11:36:33.873, 28083 MiB, 81920 MiB, 45 %, 208.72 W, 45
2026/09/08 11:37:03.876, 28083 MiB, 81920 MiB, 59 %, 281.78 W, 49
2026/09/08 11:37:33.878, 28083 MiB, 81920 MiB, 29 %, 282.07 W, 49
2026/09/08 11:38:03.879, 28083 MiB, 81920 MiB, 18 %, 129.02 W, 44
2026/09/08 11:38:33.880, 28083 MiB, 81920 MiB, 21 %, 89.93 W, 42
2026/09/08 11:39:03.883, 28083 MiB, 81920 MiB, 91 %, 292.70 W, 51
2026/09/08 11:39:33.885, 28083 MiB, 81920 MiB, 0 %, 90.25 W, 43
2026/09/08 11:40:03.886, 28083 MiB, 81920 MiB, 57 %, 145.90 W, 48
2026/09/08 11:40:33.888, 28083 MiB, 81920 MiB, 31 %, 90.35 W, 43
2026/09/08 11:41:03.889, 28083 MiB, 81920 MiB, 75 %, 191.69 W, 47
2026/09/08 11:41:33.890, 28083 MiB, 81920 MiB, 83 %, 291.50 W, 49
2026/09/08 11:42:03.892, 28083 MiB, 81920 MiB, 2 %, 89.47 W, 42
2026/09/08 11:42:33.894, 28083 MiB, 81920 MiB, 59 %, 275.28 W, 47
2026/09/08 11:43:03.895, 28083 MiB, 81920 MiB, 37 %, 253.37 W, 47
2026/09/08 11:43:33.896, 28083 MiB, 81920 MiB, 0 %, 89.38 W, 42
2026/09/08 11:44:03.897, 28083 MiB, 81920 MiB, 2 %, 235.93 W, 42
2026/09/08 11:44:33.899, 28083 MiB, 81920 MiB, 38 %, 91.62 W, 45
2026/09/08 11:45:03.900, 28083 MiB, 81920 MiB, 40 %, 100.59 W, 45
2026/09/08 11:45:33.901, 28083 MiB, 81920 MiB, 46 %, 126.01 W, 45
2026/09/08 11:46:03.903, 28083 MiB, 81920 MiB, 72 %, 288.27 W, 50
2026/09/08 11:46:33.904, 28083 MiB, 81920 MiB, 96 %, 157.18 W, 48
2026/09/08 11:47:03.905, 28083 MiB, 81920 MiB, 19 %, 273.77 W, 46
2026/09/08 11:47:33.907, 28083 MiB, 81920 MiB, 72 %, 116.69 W, 45
2026/09/08 11:48:03.911, 28083 MiB, 81920 MiB, 30 %, 90.21 W, 44
2026/09/08 11:48:33.912, 28083 MiB, 81920 MiB, 20 %, 117.14 W, 46
2026/09/08 11:49:03.913, 28083 MiB, 81920 MiB, 63 %, 93.32 W, 46
2026/09/08 11:49:33.915, 28083 MiB, 81920 MiB, 32 %, 149.13 W, 47
2026/09/08 11:50:03.916, 28083 MiB, 81920 MiB, 36 %, 222.86 W, 48
2026/09/08 11:50:33.918, 28083 MiB, 81920 MiB, 75 %, 109.39 W, 49
2026/09/08 11:51:03.920, 28083 MiB, 81920 MiB, 0 %, 89.74 W, 43
2026/09/08 11:51:33.922, 28083 MiB, 81920 MiB, 32 %, 131.68 W, 47
2026/09/08 11:52:03.923, 28083 MiB, 81920 MiB, 1 %, 256.96 W, 46
2026/09/08 11:52:33.924, 28083 MiB, 81920 MiB, 87 %, 216.98 W, 51
2026/09/08 11:53:03.926, 28083 MiB, 81920 MiB, 97 %, 259.56 W, 49
2026/09/08 11:53:33.927, 28083 MiB, 81920 MiB, 90 %, 279.96 W, 52
2026/09/08 11:54:03.929, 28083 MiB, 81920 MiB, 6 %, 92.05 W, 46
2026/09/08 11:54:33.930, 28083 MiB, 81920 MiB, 100 %, 226.39 W, 49
2026/09/08 11:55:03.934, 28083 MiB, 81920 MiB, 71 %, 96.35 W, 45
2026/09/08 11:55:33.936, 28083 MiB, 81920 MiB, 0 %, 89.57 W, 43
2026/09/08 11:56:03.938, 28083 MiB, 81920 MiB, 24 %, 136.28 W, 46
2026/09/08 11:56:33.939, 28083 MiB, 81920 MiB, 0 %, 89.57 W, 42
2026/09/08 11:57:03.941, 28083 MiB, 81920 MiB, 12 %, 336.24 W, 50
2026/09/08 11:57:33.942, 28083 MiB, 81920 MiB, 29 %, 109.98 W, 46
2026/09/08 11:58:03.943, 28083 MiB, 81920 MiB, 7 %, 90.25 W, 43
2026/09/08 11:58:33.977, 28083 MiB, 81920 MiB, 44 %, 204.27 W, 45
2026/09/08 11:59:03.979, 28083 MiB, 81920 MiB, 50 %, 114.95 W, 45
2026/09/08 11:59:33.980, 28083 MiB, 81920 MiB, 0 %, 89.15 W, 43
2026/09/08 12:00:03.981, 28083 MiB, 81920 MiB, 0 %, 89.93 W, 43
2026/09/08 12:00:33.983, 28083 MiB, 81920 MiB, 0 %, 89.06 W, 42
2026/09/08 12:01:03.984, 28083 MiB, 81920 MiB, 16 %, 90.52 W, 44
2026/09/08 12:01:33.985, 28083 MiB, 81920 MiB, 39 %, 102.82 W, 43
2026/09/08 12:02:03.986, 28083 MiB, 81920 MiB, 33 %, 246.26 W, 47
2026/09/08 12:02:33.988, 28083 MiB, 81920 MiB, 89 %, 92.92 W, 46
2026/09/08 12:03:03.989, 28083 MiB, 81920 MiB, 39 %, 114.23 W, 47
2026/09/08 12:03:33.991, 28083 MiB, 81920 MiB, 61 %, 180.24 W, 46
2026/09/08 12:04:03.992, 28083 MiB, 81920 MiB, 31 %, 249.26 W, 46
2026/09/08 12:04:33.993, 28083 MiB, 81920 MiB, 10 %, 96.78 W, 43
2026/09/08 12:05:03.995, 28083 MiB, 81920 MiB, 88 %, 97.05 W, 46
2026/09/08 12:05:33.996, 28083 MiB, 81920 MiB, 30 %, 117.17 W, 46
2026/09/08 12:06:03.997, 28083 MiB, 81920 MiB, 34 %, 190.37 W, 46
2026/09/08 12:06:33.998, 28083 MiB, 81920 MiB, 83 %, 221.85 W, 48
2026/09/08 12:07:04.000, 28083 MiB, 81920 MiB, 41 %, 207.32 W, 46
2026/09/08 12:07:34.002, 28083 MiB, 81920 MiB, 0 %, 89.57 W, 43
2026/09/08 12:08:04.003, 28083 MiB, 81920 MiB, 0 %, 89.75 W, 42
2026/09/08 12:08:34.004, 28083 MiB, 81920 MiB, 79 %, 91.54 W, 48
2026/09/08 12:09:04.005, 28083 MiB, 81920 MiB, 89 %, 159.85 W, 47
2026/09/08 12:09:34.006, 28083 MiB, 81920 MiB, 0 %, 89.57 W, 42
2026/09/08 12:10:04.007, 28083 MiB, 81920 MiB, 0 %, 89.24 W, 42
2026/09/08 12:10:34.009, 28083 MiB, 81920 MiB, 92 %, 162.20 W, 46
2026/09/08 12:11:04.010, 28083 MiB, 81920 MiB, 67 %, 280.59 W, 45
2026/09/08 12:11:34.012, 28083 MiB, 81920 MiB, 0 %, 112.56 W, 46
2026/09/08 12:12:04.013, 28083 MiB, 81920 MiB, 13 %, 200.21 W, 48
2026/09/08 12:12:34.014, 28083 MiB, 81920 MiB, 84 %, 103.25 W, 48
2026/09/08 12:13:04.015, 28083 MiB, 81920 MiB, 0 %, 72.20 W, 41
2026/09/08 12:13:34.017, 28083 MiB, 81920 MiB, 21 %, 89.38 W, 42
2026/09/08 12:14:04.019, 28083 MiB, 81920 MiB, 37 %, 113.04 W, 47
2026/09/08 12:14:34.020, 28083 MiB, 81920 MiB, 30 %, 197.42 W, 45
2026/09/08 12:15:04.022, 28083 MiB, 81920 MiB, 26 %, 94.02 W, 45
2026/09/08 12:15:34.023, 28083 MiB, 81920 MiB, 19 %, 97.28 W, 44
2026/09/08 12:16:04.025, 28083 MiB, 81920 MiB, 3 %, 109.98 W, 45
2026/09/08 12:16:34.027, 28083 MiB, 81920 MiB, 0 %, 89.93 W, 42
2026/09/08 12:17:04.043, 28083 MiB, 81920 MiB, 77 %, 90.95 W, 44
2026/09/08 12:17:34.045, 28083 MiB, 81920 MiB, 1 %, 89.93 W, 43
2026/09/08 12:18:04.046, 28083 MiB, 81920 MiB, 56 %, 93.52 W, 45
2026/09/08 12:18:34.048, 28083 MiB, 81920 MiB, 80 %, 91.54 W, 45
2026/09/08 12:19:04.049, 28083 MiB, 81920 MiB, 37 %, 89.29 W, 42
2026/09/08 12:19:34.050, 28083 MiB, 81920 MiB, 57 %, 172.93 W, 47
2026/09/08 12:20:04.052, 28083 MiB, 81920 MiB, 85 %, 90.76 W, 44
2026/09/08 12:20:34.053, 28083 MiB, 81920 MiB, 79 %, 279.10 W, 48
2026/09/08 12:21:04.057, 28083 MiB, 81920 MiB, 73 %, 169.08 W, 46
2026/09/08 12:21:34.059, 28083 MiB, 81920 MiB, 87 %, 175.00 W, 48
2026/09/08 12:22:04.060, 28083 MiB, 81920 MiB, 82 %, 92.22 W, 45
2026/09/08 12:22:34.063, 28083 MiB, 81920 MiB, 3 %, 89.06 W, 42
2026/09/08 12:23:04.064, 28083 MiB, 81920 MiB, 72 %, 308.39 W, 49
2026/09/08 12:23:34.065, 28083 MiB, 81920 MiB, 0 %, 89.66 W, 43
2026/09/08 12:24:04.067, 28083 MiB, 81920 MiB, 9 %, 91.04 W, 42
2026/09/08 12:24:34.071, 28083 MiB, 81920 MiB, 49 %, 265.49 W, 48
2026/09/08 12:25:04.073, 28083 MiB, 81920 MiB, 41 %, 90.02 W, 44
2026/09/08 12:25:34.074, 28083 MiB, 81920 MiB, 57 %, 90.95 W, 44
2026/09/08 12:26:04.075, 28083 MiB, 81920 MiB, 0 %, 89.93 W, 43
2026/09/08 12:26:34.077, 28083 MiB, 81920 MiB, 0 %, 72.48 W, 41
2026/09/08 12:27:04.080, 28083 MiB, 81920 MiB, 60 %, 95.26 W, 45
2026/09/08 12:27:34.081, 28083 MiB, 81920 MiB, 20 %, 90.43 W, 43
2026/09/08 12:28:04.083, 28083 MiB, 81920 MiB, 91 %, 272.62 W, 47
2026/09/08 12:28:34.085, 28083 MiB, 81920 MiB, 25 %, 90.44 W, 43
2026/09/08 12:29:04.087, 28083 MiB, 81920 MiB, 32 %, 126.35 W, 45
2026/09/08 12:29:34.088, 28083 MiB, 81920 MiB, 63 %, 96.68 W, 44
2026/09/08 12:30:04.090, 28083 MiB, 81920 MiB, 0 %, 72.32 W, 41
2026/09/08 12:30:34.091, 28083 MiB, 81920 MiB, 0 %, 70.78 W, 38
2026/09/08 12:31:04.092, 28083 MiB, 81920 MiB, 20 %, 205.54 W, 44
2026/09/08 12:31:34.093, 28083 MiB, 81920 MiB, 40 %, 123.71 W, 44
2026/09/08 12:32:04.095, 28083 MiB, 81920 MiB, 0 %, 89.01 W, 41
2026/09/08 12:32:34.096, 28083 MiB, 81920 MiB, 0 %, 89.25 W, 42
2026/09/08 12:33:04.097, 28083 MiB, 81920 MiB, 0 %, 72.05 W, 41
2026/09/08 12:33:34.099, 28083 MiB, 81920 MiB, 68 %, 137.12 W, 47
2026/09/08 12:34:04.102, 28083 MiB, 81920 MiB, 70 %, 137.13 W, 45
2026/09/08 12:34:34.102, 28083 MiB, 81920 MiB, 39 %, 89.01 W, 45
2026/09/08 12:35:04.104, 28083 MiB, 81920 MiB, 88 %, 221.85 W, 47
2026/09/08 12:35:34.106, 28083 MiB, 81920 MiB, 0 %, 89.07 W, 41
2026/09/08 12:36:04.107, 28083 MiB, 81920 MiB, 55 %, 139.69 W, 45
2026/09/08 12:36:34.108, 28083 MiB, 81920 MiB, 0 %, 89.85 W, 42
2026/09/08 12:37:04.109, 28083 MiB, 81920 MiB, 0 %, 89.75 W, 43
2026/09/08 12:37:34.111, 28083 MiB, 81920 MiB, 56 %, 90.12 W, 43
2026/09/08 12:38:04.114, 28083 MiB, 81920 MiB, 99 %, 123.69 W, 48
2026/09/08 12:38:34.116, 28083 MiB, 81920 MiB, 61 %, 269.02 W, 44
2026/09/08 12:39:04.117, 28083 MiB, 81920 MiB, 34 %, 92.42 W, 45
2026/09/08 12:39:34.118, 28083 MiB, 81920 MiB, 19 %, 89.66 W, 42
2026/09/08 12:40:04.120, 28083 MiB, 81920 MiB, 2 %, 89.85 W, 43
2026/09/08 12:40:34.121, 28083 MiB, 81920 MiB, 17 %, 276.70 W, 50
2026/09/08 12:41:04.126, 28083 MiB, 81920 MiB, 46 %, 213.25 W, 44
2026/09/08 12:41:34.127, 28083 MiB, 81920 MiB, 56 %, 197.83 W, 49
2026/09/08 12:42:04.129, 28083 MiB, 81920 MiB, 11 %, 99.32 W, 45
2026/09/08 12:42:34.131, 28083 MiB, 81920 MiB, 57 %, 90.71 W, 44
2026/09/08 12:43:04.136, 28083 MiB, 81920 MiB, 68 %, 91.45 W, 44
2026/09/08 12:43:34.138, 28083 MiB, 81920 MiB, 0 %, 89.38 W, 42
2026/09/08 12:44:04.139, 28083 MiB, 81920 MiB, 59 %, 91.96 W, 44
2026/09/08 12:44:34.141, 28083 MiB, 81920 MiB, 0 %, 90.02 W, 42
2026/09/08 12:45:04.142, 28083 MiB, 81920 MiB, 68 %, 272.63 W, 49
2026/09/08 12:45:34.144, 28083 MiB, 81920 MiB, 38 %, 90.34 W, 43
2026/09/08 12:46:04.145, 28083 MiB, 81920 MiB, 91 %, 91.03 W, 44
2026/09/08 12:46:34.147, 28083 MiB, 81920 MiB, 0 %, 89.57 W, 42
2026/09/08 12:47:04.149, 28083 MiB, 81920 MiB, 0 %, 72.48 W, 41
2026/09/08 12:47:34.150, 28083 MiB, 81920 MiB, 74 %, 100.38 W, 48
2026/09/08 12:48:04.151, 28083 MiB, 81920 MiB, 32 %, 90.25 W, 43
2026/09/08 12:48:34.157, 28083 MiB, 81920 MiB, 83 %, 90.62 W, 43
2026/09/08 12:49:04.159, 28083 MiB, 81920 MiB, 30 %, 246.58 W, 47
2026/09/08 12:49:34.161, 28083 MiB, 81920 MiB, 4 %, 90.25 W, 43
2026/09/08 12:50:04.162, 28083 MiB, 81920 MiB, 18 %, 90.95 W, 44
2026/09/08 12:50:34.163, 28083 MiB, 81920 MiB, 62 %, 102.27 W, 44
2026/09/08 12:51:04.164, 28083 MiB, 81920 MiB, 0 %, 91.45 W, 43
2026/09/08 12:51:34.166, 28083 MiB, 81920 MiB, 58 %, 292.96 W, 48
2026/09/08 12:52:04.167, 28083 MiB, 81920 MiB, 26 %, 205.74 W, 45
2026/09/08 12:52:34.168, 28083 MiB, 81920 MiB, 17 %, 92.59 W, 44
2026/09/08 12:53:04.169, 28083 MiB, 81920 MiB, 37 %, 93.79 W, 46
2026/09/08 12:53:34.170, 28083 MiB, 81920 MiB, 32 %, 124.69 W, 47
2026/09/08 12:54:04.171, 28083 MiB, 81920 MiB, 82 %, 144.10 W, 49
2026/09/08 12:54:34.172, 28083 MiB, 81920 MiB, 57 %, 265.76 W, 48
2026/09/08 12:55:04.174, 28083 MiB, 81920 MiB, 82 %, 362.15 W, 48
2026/09/08 12:55:34.175, 28083 MiB, 81920 MiB, 35 %, 104.07 W, 46
2026/09/08 12:56:04.177, 28083 MiB, 81920 MiB, 69 %, 91.45 W, 44
2026/09/08 12:56:34.208, 28083 MiB, 81920 MiB, 0 %, 72.28 W, 41
2026/09/08 12:57:04.209, 28083 MiB, 81920 MiB, 0 %, 89.66 W, 43
2026/09/08 12:57:34.211, 28083 MiB, 81920 MiB, 59 %, 153.71 W, 50
2026/09/08 12:58:04.212, 28083 MiB, 81920 MiB, 67 %, 279.67 W, 50
2026/09/08 12:58:34.214, 28083 MiB, 81920 MiB, 99 %, 271.12 W, 48
2026/09/08 12:59:04.215, 28083 MiB, 81920 MiB, 81 %, 140.54 W, 48
2026/09/08 12:59:34.217, 28083 MiB, 81920 MiB, 65 %, 154.63 W, 49
2026/09/08 13:00:04.218, 28083 MiB, 81920 MiB, 87 %, 111.24 W, 45
2026/09/08 13:00:34.219, 28083 MiB, 81920 MiB, 87 %, 100.69 W, 47
2026/09/08 13:01:04.220, 28083 MiB, 81920 MiB, 0 %, 91.04 W, 43
2026/09/08 13:01:34.223, 28083 MiB, 81920 MiB, 65 %, 97.38 W, 44
2026/09/08 13:02:04.225, 28083 MiB, 81920 MiB, 0 %, 180.32 W, 45
2026/09/08 13:02:34.226, 28083 MiB, 81920 MiB, 23 %, 90.16 W, 44
2026/09/08 13:03:04.230, 28083 MiB, 81920 MiB, 0 %, 90.12 W, 44
2026/09/08 13:03:34.232, 28083 MiB, 81920 MiB, 46 %, 230.97 W, 46
2026/09/08 13:04:04.233, 28083 MiB, 81920 MiB, 39 %, 91.12 W, 45
2026/09/08 13:04:34.234, 28083 MiB, 81920 MiB, 0 %, 90.86 W, 43
2026/09/08 13:05:04.236, 28083 MiB, 81920 MiB, 17 %, 186.24 W, 44
2026/09/08 13:05:34.238, 28083 MiB, 81920 MiB, 0 %, 89.93 W, 46
2026/09/08 13:06:04.264, 28083 MiB, 81920 MiB, 83 %, 183.90 W, 49
2026/09/08 13:06:34.265, 28083 MiB, 81920 MiB, 0 %, 89.15 W, 42
2026/09/08 13:07:04.266, 28083 MiB, 81920 MiB, 96 %, 163.76 W, 48
2026/09/08 13:07:34.268, 28083 MiB, 81920 MiB, 0 %, 89.75 W, 43
2026/09/08 13:08:04.269, 28083 MiB, 81920 MiB, 0 %, 92.24 W, 44
2026/09/08 13:08:34.270, 28083 MiB, 81920 MiB, 0 %, 89.24 W, 42
2026/09/08 13:09:04.271, 28083 MiB, 81920 MiB, 61 %, 90.35 W, 43
2026/09/08 13:09:34.273, 28083 MiB, 81920 MiB, 0 %, 89.66 W, 42
2026/09/08 13:10:04.275, 28083 MiB, 81920 MiB, 0 %, 90.07 W, 43
2026/09/08 13:10:34.276, 28083 MiB, 81920 MiB, 0 %, 90.07 W, 43
2026/09/08 13:11:04.279, 28083 MiB, 81920 MiB, 88 %, 93.52 W, 45
2026/09/08 13:11:34.280, 28083 MiB, 81920 MiB, 83 %, 291.20 W, 50
2026/09/08 13:12:04.281, 28083 MiB, 81920 MiB, 83 %, 92.42 W, 44
2026/09/08 13:12:34.282, 28083 MiB, 81920 MiB, 75 %, 317.25 W, 47
2026/09/08 13:13:04.286, 28083 MiB, 81920 MiB, 56 %, 96.28 W, 48
2026/09/08 13:13:34.287, 28083 MiB, 81920 MiB, 90 %, 93.79 W, 46
2026/09/08 13:14:04.288, 28083 MiB, 81920 MiB, 86 %, 90.95 W, 44
2026/09/08 13:14:34.290, 28083 MiB, 81920 MiB, 0 %, 89.66 W, 42
2026/09/08 13:15:04.291, 28083 MiB, 81920 MiB, 64 %, 89.93 W, 43
2026/09/08 13:15:34.293, 28083 MiB, 81920 MiB, 23 %, 124.42 W, 46
2026/09/08 13:16:04.297, 28083 MiB, 81920 MiB, 54 %, 89.93 W, 43
2026/09/08 13:16:34.299, 28083 MiB, 81920 MiB, 77 %, 105.04 W, 46
2026/09/08 13:17:04.300, 28083 MiB, 81920 MiB, 89 %, 280.30 W, 50
2026/09/08 13:17:34.302, 28083 MiB, 81920 MiB, 84 %, 194.02 W, 44
2026/09/08 13:18:04.304, 28083 MiB, 81920 MiB, 47 %, 90.86 W, 44
2026/09/08 13:18:34.306, 28083 MiB, 81920 MiB, 31 %, 218.13 W, 46
2026/09/08 13:19:04.311, 28083 MiB, 81920 MiB, 88 %, 202.12 W, 47
2026/09/08 13:19:34.312, 28083 MiB, 81920 MiB, 38 %, 181.51 W, 45
2026/09/08 13:20:04.324, 28083 MiB, 81920 MiB, 57 %, 92.92 W, 43
2026/09/08 13:20:34.326, 28083 MiB, 81920 MiB, 0 %, 71.95 W, 41
2026/09/08 13:21:04.327, 28083 MiB, 81920 MiB, 3 %, 89.57 W, 42
2026/09/08 13:21:34.328, 28083 MiB, 81920 MiB, 0 %, 89.38 W, 42
2026/09/08 13:22:04.331, 28083 MiB, 81920 MiB, 28 %, 131.68 W, 46
2026/09/08 13:22:34.333, 28083 MiB, 81920 MiB, 40 %, 145.60 W, 45
2026/09/08 13:23:04.333, 28083 MiB, 81920 MiB, 39 %, 247.54 W, 47
2026/09/08 13:23:34.335, 28083 MiB, 81920 MiB, 30 %, 279.35 W, 50
2026/09/08 13:24:04.337, 28083 MiB, 81920 MiB, 3 %, 175.82 W, 46
2026/09/08 13:24:34.338, 28083 MiB, 81920 MiB, 0 %, 72.10 W, 41
2026/09/08 13:25:04.340, 28083 MiB, 81920 MiB, 77 %, 100.41 W, 49
2026/09/08 13:25:34.342, 28083 MiB, 81920 MiB, 19 %, 91.72 W, 45
2026/09/08 13:26:04.343, 28083 MiB, 81920 MiB, 0 %, 89.93 W, 43
2026/09/08 13:26:34.345, 28083 MiB, 81920 MiB, 53 %, 140.54 W, 48
2026/09/08 13:27:04.346, 28083 MiB, 81920 MiB, 64 %, 92.69 W, 45
2026/09/08 13:27:34.347, 28083 MiB, 81920 MiB, 0 %, 226.03 W, 47
2026/09/08 13:28:04.349, 28083 MiB, 81920 MiB, 0 %, 90.95 W, 44
2026/09/08 13:28:34.350, 28083 MiB, 81920 MiB, 28 %, 80.36 W, 42
2026/09/08 13:29:04.352, 28083 MiB, 81920 MiB, 25 %, 138.76 W, 48
2026/09/08 13:29:34.353, 28083 MiB, 81920 MiB, 66 %, 301.26 W, 51
2026/09/08 13:30:04.354, 28083 MiB, 81920 MiB, 100 %, 190.90 W, 51
2026/09/08 13:30:34.355, 28083 MiB, 81920 MiB, 76 %, 92.42 W, 46
2026/09/08 13:31:04.356, 28083 MiB, 81920 MiB, 0 %, 161.15 W, 48
2026/09/08 13:31:34.357, 28083 MiB, 81920 MiB, 87 %, 288.87 W, 49
2026/09/08 13:32:04.359, 28083 MiB, 81920 MiB, 100 %, 100.25 W, 44
2026/09/08 13:32:34.360, 28083 MiB, 81920 MiB, 0 %, 71.30 W, 39
