timestamp, memory.used [MiB], memory.total [MiB], utilization.gpu [%], power.draw [W], temperature.gpu
2026/09/07 22:25:30.982, 0 MiB, 81920 MiB, 0 %, 59.40 W, 35
2026/09/07 22:26:00.998, 0 MiB, 81920 MiB, 0 %, 59.73 W, 36
2026/09/07 22:26:30.999, 477 MiB, 81920 MiB, 0 %, 67.09 W, 37
2026/09/07 22:27:01.000, 25613 MiB, 81920 MiB, 73 %, 122.48 W, 43
2026/09/07 22:27:31.001, 25615 MiB, 81920 MiB, 96 %, 143.09 W, 49
2026/09/07 22:28:01.004, 25615 MiB, 81920 MiB, 54 %, 85.79 W, 44
2026/09/07 22:28:31.006, 25807 MiB, 81920 MiB, 69 %, 275.22 W, 52
2026/09/07 22:29:01.007, 25807 MiB, 81920 MiB, 0 %, 85.70 W, 44
2026/09/07 22:29:31.008, 25807 MiB, 81920 MiB, 0 %, 282.92 W, 49
2026/09/07 22:30:01.013, 25807 MiB, 81920 MiB, 0 %, 85.97 W, 45
2026/09/07 22:30:31.015, 25807 MiB, 81920 MiB, 27 %, 299.22 W, 49
2026/09/07 22:31:01.017, 25807 MiB, 81920 MiB, 0 %, 87.26 W, 45
2026/09/07 22:31:31.029, 26607 MiB, 81920 MiB, 87 %, 128.88 W, 49
2026/09/07 22:32:01.033, 26607 MiB, 81920 MiB, 29 %, 268.43 W, 50
2026/09/07 22:32:31.035, 26607 MiB, 81920 MiB, 40 %, 141.91 W, 49
2026/09/07 22:33:01.036, 26607 MiB, 81920 MiB, 35 %, 89.75 W, 47
2026/09/07 22:33:31.038, 26607 MiB, 81920 MiB, 60 %, 85.55 W, 45
2026/09/07 22:34:01.039, 26703 MiB, 81920 MiB, 36 %, 143.81 W, 50
2026/09/07 22:34:31.040, 26703 MiB, 81920 MiB, 89 %, 154.07 W, 50
2026/09/07 22:35:01.041, 26703 MiB, 81920 MiB, 0 %, 69.43 W, 45
2026/09/07 22:35:31.043, 26703 MiB, 81920 MiB, 17 %, 287.67 W, 48
2026/09/07 22:36:01.044, 26703 MiB, 81920 MiB, 2 %, 86.57 W, 46
2026/09/07 22:36:31.045, 26703 MiB, 81920 MiB, 65 %, 149.48 W, 50
2026/09/07 22:37:01.046, 26703 MiB, 81920 MiB, 64 %, 91.50 W, 48
2026/09/07 22:37:31.047, 26703 MiB, 81920 MiB, 56 %, 87.26 W, 51
2026/09/07 22:38:01.049, 26703 MiB, 81920 MiB, 65 %, 89.61 W, 51
2026/09/07 22:38:31.051, 26703 MiB, 81920 MiB, 6 %, 153.52 W, 51
2026/09/07 22:39:01.052, 26705 MiB, 81920 MiB, 0 %, 86.06 W, 45
2026/09/07 22:39:31.053, 26705 MiB, 81920 MiB, 3 %, 86.42 W, 47
2026/09/07 22:40:01.054, 26705 MiB, 81920 MiB, 33 %, 86.75 W, 48
2026/09/07 22:40:31.056, 26705 MiB, 81920 MiB, 75 %, 115.33 W, 49
2026/09/07 22:41:01.058, 26705 MiB, 81920 MiB, 4 %, 100.27 W, 49
2026/09/07 22:41:31.063, 26705 MiB, 81920 MiB, 49 %, 93.46 W, 47
2026/09/07 22:42:01.063, 26705 MiB, 81920 MiB, 48 %, 87.89 W, 48
2026/09/07 22:42:31.065, 26705 MiB, 81920 MiB, 0 %, 69.86 W, 44
2026/09/07 22:43:01.067, 26705 MiB, 81920 MiB, 36 %, 101.25 W, 49
2026/09/07 22:43:31.070, 26705 MiB, 81920 MiB, 44 %, 87.53 W, 47
2026/09/07 22:44:01.072, 26705 MiB, 81920 MiB, 58 %, 135.64 W, 49
2026/09/07 22:44:31.074, 26705 MiB, 81920 MiB, 24 %, 122.61 W, 47
2026/09/07 22:45:01.075, 26705 MiB, 81920 MiB, 67 %, 104.61 W, 49
2026/09/07 22:45:31.077, 26705 MiB, 81920 MiB, 0 %, 92.43 W, 46
2026/09/07 22:46:01.079, 26705 MiB, 81920 MiB, 81 %, 298.60 W, 54
2026/09/07 22:46:31.080, 26705 MiB, 81920 MiB, 25 %, 89.16 W, 47
2026/09/07 22:47:01.081, 26705 MiB, 81920 MiB, 0 %, 105.37 W, 47
2026/09/07 22:47:31.083, 26705 MiB, 81920 MiB, 61 %, 91.14 W, 54
2026/09/07 22:48:01.085, 26705 MiB, 81920 MiB, 6 %, 87.78 W, 46
2026/09/07 22:48:31.091, 26705 MiB, 81920 MiB, 34 %, 131.23 W, 48
2026/09/07 22:49:01.092, 26705 MiB, 81920 MiB, 75 %, 365.96 W, 53
2026/09/07 22:49:31.093, 26705 MiB, 81920 MiB, 2 %, 116.81 W, 49
2026/09/07 22:50:01.094, 26705 MiB, 81920 MiB, 30 %, 88.97 W, 49
2026/09/07 22:50:31.095, 26705 MiB, 81920 MiB, 57 %, 286.47 W, 50
2026/09/07 22:51:01.098, 26705 MiB, 81920 MiB, 34 %, 275.50 W, 52
2026/09/07 22:51:31.101, 26705 MiB, 81920 MiB, 87 %, 106.73 W, 50
2026/09/07 22:52:01.102, 26705 MiB, 81920 MiB, 0 %, 69.95 W, 45
2026/09/07 22:52:31.107, 26705 MiB, 81920 MiB, 59 %, 265.49 W, 50
2026/09/07 22:53:01.110, 26705 MiB, 81920 MiB, 29 %, 176.56 W, 52
2026/09/07 22:53:31.112, 26705 MiB, 81920 MiB, 96 %, 194.76 W, 53
2026/09/07 22:54:01.115, 26705 MiB, 81920 MiB, 51 %, 141.17 W, 52
2026/09/07 22:54:31.116, 26705 MiB, 81920 MiB, 97 %, 303.42 W, 53
2026/09/07 22:55:01.117, 26705 MiB, 81920 MiB, 27 %, 155.43 W, 51
2026/09/07 22:55:31.118, 26705 MiB, 81920 MiB, 57 %, 87.71 W, 46
2026/09/07 22:56:01.120, 28433 MiB, 81920 MiB, 0 %, 86.33 W, 46
2026/09/07 22:56:31.121, 28433 MiB, 81920 MiB, 86 %, 99.56 W, 50
2026/09/07 22:57:01.123, 28433 MiB, 81920 MiB, 30 %, 238.99 W, 51
2026/09/07 22:57:31.124, 28433 MiB, 81920 MiB, 52 %, 86.24 W, 47
2026/09/07 22:58:01.125, 28433 MiB, 81920 MiB, 66 %, 88.05 W, 49
2026/09/07 22:58:31.127, 28433 MiB, 81920 MiB, 0 %, 173.14 W, 52
2026/09/07 22:59:01.129, 28433 MiB, 81920 MiB, 19 %, 112.79 W, 49
2026/09/07 22:59:31.130, 28433 MiB, 81920 MiB, 60 %, 100.03 W, 48
2026/09/07 23:00:01.131, 28433 MiB, 81920 MiB, 28 %, 240.81 W, 47
2026/09/07 23:00:31.133, 28433 MiB, 81920 MiB, 66 %, 127.81 W, 50
2026/09/07 23:01:01.134, 28433 MiB, 81920 MiB, 43 %, 283.51 W, 53
2026/09/07 23:01:31.136, 28433 MiB, 81920 MiB, 0 %, 86.15 W, 46
2026/09/07 23:02:01.137, 28433 MiB, 81920 MiB, 0 %, 69.68 W, 44
2026/09/07 23:02:31.139, 28433 MiB, 81920 MiB, 84 %, 192.16 W, 51
2026/09/07 23:03:01.143, 28433 MiB, 81920 MiB, 1 %, 86.30 W, 46
2026/09/07 23:03:31.145, 28433 MiB, 81920 MiB, 0 %, 86.30 W, 46
2026/09/07 23:04:01.146, 28433 MiB, 81920 MiB, 44 %, 145.15 W, 48
2026/09/07 23:04:31.147, 28433 MiB, 81920 MiB, 61 %, 106.46 W, 49
2026/09/07 23:05:01.149, 28433 MiB, 81920 MiB, 72 %, 91.41 W, 50
2026/09/07 23:05:31.151, 28433 MiB, 81920 MiB, 13 %, 86.99 W, 46
2026/09/07 23:06:01.152, 28433 MiB, 81920 MiB, 81 %, 114.35 W, 50
2026/09/07 23:06:31.157, 28433 MiB, 81920 MiB, 37 %, 84.86 W, 45
2026/09/07 23:07:01.159, 28433 MiB, 81920 MiB, 0 %, 85.79 W, 46
2026/09/07 23:07:31.160, 28433 MiB, 81920 MiB, 0 %, 86.06 W, 46
2026/09/07 23:08:01.164, 28433 MiB, 81920 MiB, 62 %, 148.28 W, 48
2026/09/07 23:08:31.165, 28433 MiB, 81920 MiB, 0 %, 86.30 W, 46
2026/09/07 23:09:01.168, 28433 MiB, 81920 MiB, 47 %, 89.33 W, 47
2026/09/07 23:09:31.169, 28433 MiB, 81920 MiB, 54 %, 134.49 W, 50
2026/09/07 23:10:01.171, 28433 MiB, 81920 MiB, 100 %, 311.92 W, 51
2026/09/07 23:10:31.172, 28433 MiB, 81920 MiB, 71 %, 126.76 W, 48
2026/09/07 23:11:01.175, 28433 MiB, 81920 MiB, 65 %, 108.04 W, 47
2026/09/07 23:11:31.177, 28433 MiB, 81920 MiB, 54 %, 87.53 W, 48
2026/09/07 23:12:01.178, 28433 MiB, 81920 MiB, 91 %, 299.20 W, 54
2026/09/07 23:12:31.179, 28433 MiB, 81920 MiB, 68 %, 86.99 W, 47
2026/09/07 23:13:01.180, 28433 MiB, 81920 MiB, 92 %, 223.96 W, 54
2026/09/07 23:13:31.181, 28433 MiB, 81920 MiB, 96 %, 245.05 W, 51
2026/09/07 23:14:01.182, 28433 MiB, 81920 MiB, 96 %, 117.74 W, 50
2026/09/07 23:14:31.183, 28433 MiB, 81920 MiB, 64 %, 106.24 W, 51
2026/09/07 23:15:01.185, 28433 MiB, 81920 MiB, 0 %, 90.21 W, 47
2026/09/07 23:15:31.186, 28433 MiB, 81920 MiB, 0 %, 69.68 W, 44
2026/09/07 23:16:01.187, 28433 MiB, 81920 MiB, 36 %, 188.22 W, 49
2026/09/07 23:16:31.189, 28433 MiB, 81920 MiB, 0 %, 85.19 W, 45
2026/09/07 23:17:01.196, 28433 MiB, 81920 MiB, 0 %, 85.79 W, 45
2026/09/07 23:17:31.198, 28433 MiB, 81920 MiB, 61 %, 87.53 W, 50
2026/09/07 23:18:01.199, 28433 MiB, 81920 MiB, 33 %, 293.33 W, 54
2026/09/07 23:18:31.201, 28433 MiB, 81920 MiB, 0 %, 85.46 W, 45
2026/09/07 23:19:01.202, 28433 MiB, 81920 MiB, 25 %, 87.78 W, 48
2026/09/07 23:19:31.203, 28433 MiB, 81920 MiB, 0 %, 69.68 W, 44
2026/09/07 23:20:01.204, 28433 MiB, 81920 MiB, 61 %, 186.22 W, 50
2026/09/07 23:20:31.205, 28433 MiB, 81920 MiB, 98 %, 287.10 W, 55
2026/09/07 23:21:01.207, 28433 MiB, 81920 MiB, 61 %, 228.10 W, 53
2026/09/07 23:21:31.208, 28433 MiB, 81920 MiB, 0 %, 86.30 W, 46
2026/09/07 23:22:01.209, 28433 MiB, 81920 MiB, 64 %, 351.88 W, 51
2026/09/07 23:22:31.210, 28433 MiB, 81920 MiB, 15 %, 86.99 W, 47
2026/09/07 23:23:01.212, 28433 MiB, 81920 MiB, 8 %, 186.82 W, 50
2026/09/07 23:23:31.213, 28433 MiB, 81920 MiB, 0 %, 69.57 W, 45
2026/09/07 23:24:01.215, 28433 MiB, 81920 MiB, 0 %, 87.08 W, 47
2026/09/07 23:24:31.216, 28433 MiB, 81920 MiB, 38 %, 85.46 W, 46
2026/09/07 23:25:01.218, 28433 MiB, 81920 MiB, 12 %, 89.07 W, 46
2026/09/07 23:25:31.220, 28433 MiB, 81920 MiB, 1 %, 86.67 W, 47
2026/09/07 23:26:01.222, 28433 MiB, 81920 MiB, 68 %, 285.30 W, 53
2026/09/07 23:26:31.223, 28433 MiB, 81920 MiB, 39 %, 99.73 W, 46
2026/09/07 23:27:01.225, 28433 MiB, 81920 MiB, 17 %, 69.83 W, 44
2026/09/07 23:27:31.227, 28433 MiB, 81920 MiB, 36 %, 103.78 W, 50
2026/09/07 23:28:01.229, 28433 MiB, 81920 MiB, 61 %, 214.61 W, 53
2026/09/07 23:28:31.230, 28433 MiB, 81920 MiB, 77 %, 100.46 W, 50
2026/09/07 23:29:01.232, 28433 MiB, 81920 MiB, 84 %, 335.30 W, 54
2026/09/07 23:29:31.233, 28435 MiB, 81920 MiB, 0 %, 86.67 W, 46
2026/09/07 23:30:01.234, 28435 MiB, 81920 MiB, 0 %, 68.76 W, 42
2026/09/07 23:30:31.235, 28435 MiB, 81920 MiB, 0 %, 68.56 W, 41
2026/09/07 23:31:01.237, 28435 MiB, 81920 MiB, 0 %, 83.99 W, 42
2026/09/07 23:31:31.238, 28435 MiB, 81920 MiB, 80 %, 132.70 W, 51
2026/09/07 23:32:01.240, 28435 MiB, 81920 MiB, 5 %, 261.95 W, 46
2026/09/07 23:32:31.241, 28435 MiB, 81920 MiB, 67 %, 281.13 W, 48
2026/09/07 23:33:01.242, 28435 MiB, 81920 MiB, 38 %, 102.32 W, 44
2026/09/07 23:33:31.244, 28435 MiB, 81920 MiB, 17 %, 84.86 W, 45
2026/09/07 23:34:01.246, 28435 MiB, 81920 MiB, 25 %, 108.64 W, 50
2026/09/07 23:34:31.248, 28435 MiB, 81920 MiB, 1 %, 85.36 W, 45
2026/09/07 23:35:01.249, 28435 MiB, 81920 MiB, 0 %, 90.81 W, 45
2026/09/07 23:35:31.250, 28435 MiB, 81920 MiB, 0 %, 85.70 W, 45
2026/09/07 23:36:01.252, 28435 MiB, 81920 MiB, 68 %, 121.13 W, 48
2026/09/07 23:36:31.255, 28435 MiB, 81920 MiB, 24 %, 87.08 W, 46
2026/09/07 23:37:01.256, 28435 MiB, 81920 MiB, 3 %, 173.02 W, 51
2026/09/07 23:37:31.257, 28435 MiB, 81920 MiB, 85 %, 90.44 W, 50
2026/09/07 23:38:01.258, 28435 MiB, 81920 MiB, 2 %, 87.78 W, 47
2026/09/07 23:38:31.259, 28435 MiB, 81920 MiB, 0 %, 86.58 W, 46
2026/09/07 23:39:01.261, 28435 MiB, 81920 MiB, 69 %, 119.48 W, 48
2026/09/07 23:39:31.263, 28435 MiB, 81920 MiB, 31 %, 197.02 W, 49
2026/09/07 23:40:01.264, 28435 MiB, 81920 MiB, 14 %, 155.11 W, 49
2026/09/07 23:40:31.265, 28435 MiB, 81920 MiB, 50 %, 153.04 W, 48
2026/09/07 23:41:01.266, 28435 MiB, 81920 MiB, 58 %, 152.60 W, 51
2026/09/07 23:41:31.268, 28435 MiB, 81920 MiB, 0 %, 85.46 W, 46
2026/09/07 23:42:01.270, 28435 MiB, 81920 MiB, 65 %, 310.78 W, 51
2026/09/07 23:42:31.271, 28435 MiB, 81920 MiB, 80 %, 185.35 W, 51
2026/09/07 23:43:01.272, 28435 MiB, 81920 MiB, 25 %, 88.64 W, 48
2026/09/07 23:43:31.274, 28435 MiB, 81920 MiB, 0 %, 225.07 W, 46
2026/09/07 23:44:01.275, 28435 MiB, 81920 MiB, 68 %, 217.66 W, 51
2026/09/07 23:44:31.276, 28435 MiB, 81920 MiB, 75 %, 86.48 W, 47
2026/09/07 23:45:01.278, 28435 MiB, 81920 MiB, 42 %, 165.79 W, 48
2026/09/07 23:45:31.279, 28435 MiB, 81920 MiB, 99 %, 257.83 W, 50
2026/09/07 23:46:01.281, 28435 MiB, 81920 MiB, 7 %, 170.80 W, 50
2026/09/07 23:46:31.282, 28435 MiB, 81920 MiB, 72 %, 243.25 W, 50
2026/09/07 23:47:01.283, 28435 MiB, 81920 MiB, 57 %, 87.86 W, 48
2026/09/07 23:47:31.284, 28435 MiB, 81920 MiB, 46 %, 87.35 W, 46
2026/09/07 23:48:01.285, 28435 MiB, 81920 MiB, 82 %, 277.88 W, 53
2026/09/07 23:48:31.286, 28435 MiB, 81920 MiB, 86 %, 302.20 W, 50
2026/09/07 23:49:01.288, 28435 MiB, 81920 MiB, 0 %, 87.08 W, 47
2026/09/07 23:49:31.293, 28435 MiB, 81920 MiB, 34 %, 299.80 W, 52
2026/09/07 23:50:01.295, 28435 MiB, 81920 MiB, 80 %, 322.31 W, 52
2026/09/07 23:50:31.296, 28435 MiB, 81920 MiB, 72 %, 87.08 W, 47
2026/09/07 23:51:01.298, 28435 MiB, 81920 MiB, 54 %, 87.44 W, 47
2026/09/07 23:51:31.299, 28435 MiB, 81920 MiB, 38 %, 280.24 W, 50
2026/09/07 23:52:01.300, 28435 MiB, 81920 MiB, 79 %, 301.59 W, 52
2026/09/07 23:52:31.302, 28435 MiB, 81920 MiB, 12 %, 105.70 W, 50
2026/09/07 23:53:01.308, 28435 MiB, 81920 MiB, 76 %, 282.02 W, 50
2026/09/07 23:53:31.310, 28435 MiB, 81920 MiB, 28 %, 86.58 W, 47
2026/09/07 23:54:01.311, 28435 MiB, 81920 MiB, 0 %, 86.76 W, 46
2026/09/07 23:54:31.319, 28435 MiB, 81920 MiB, 51 %, 250.81 W, 49
2026/09/07 23:55:01.320, 28435 MiB, 81920 MiB, 27 %, 104.61 W, 53
2026/09/07 23:55:31.321, 28435 MiB, 81920 MiB, 5 %, 86.06 W, 47
2026/09/07 23:56:01.322, 28435 MiB, 81920 MiB, 34 %, 209.54 W, 50
2026/09/07 23:56:31.324, 28435 MiB, 81920 MiB, 22 %, 256.24 W, 50
2026/09/07 23:57:01.325, 28435 MiB, 81920 MiB, 52 %, 274.91 W, 50
2026/09/07 23:57:31.327, 28435 MiB, 81920 MiB, 72 %, 95.56 W, 52
2026/09/07 23:58:01.328, 28435 MiB, 81920 MiB, 56 %, 302.80 W, 51
2026/09/07 23:58:31.364, 28435 MiB, 81920 MiB, 0 %, 87.53 W, 47
2026/09/07 23:59:01.365, 28435 MiB, 81920 MiB, 42 %, 95.20 W, 48
2026/09/07 23:59:31.367, 28435 MiB, 81920 MiB, 31 %, 233.80 W, 51
2026/09/08 00:00:01.368, 28435 MiB, 81920 MiB, 0 %, 87.62 W, 47
2026/09/08 00:00:31.369, 28435 MiB, 81920 MiB, 38 %, 112.91 W, 52
2026/09/08 00:01:01.374, 28435 MiB, 81920 MiB, 0 %, 87.26 W, 47
2026/09/08 00:01:31.375, 28435 MiB, 81920 MiB, 34 %, 74.78 W, 45
2026/09/08 00:02:01.377, 28435 MiB, 81920 MiB, 79 %, 178.96 W, 49
2026/09/08 00:02:31.378, 28435 MiB, 81920 MiB, 23 %, 237.54 W, 49
2026/09/08 00:03:01.380, 28435 MiB, 81920 MiB, 74 %, 88.04 W, 49
2026/09/08 00:03:31.382, 28435 MiB, 81920 MiB, 59 %, 215.10 W, 51
2026/09/08 00:04:01.383, 28435 MiB, 81920 MiB, 0 %, 86.39 W, 47
2026/09/08 00:04:31.385, 28435 MiB, 81920 MiB, 55 %, 86.81 W, 47
2026/09/08 00:05:01.386, 28435 MiB, 81920 MiB, 6 %, 290.34 W, 53
2026/09/08 00:05:31.388, 28435 MiB, 81920 MiB, 54 %, 126.14 W, 48
2026/09/08 00:06:01.389, 28435 MiB, 81920 MiB, 95 %, 207.37 W, 52
2026/09/08 00:06:31.390, 28435 MiB, 81920 MiB, 4 %, 87.53 W, 47
2026/09/08 00:07:01.391, 28435 MiB, 81920 MiB, 79 %, 170.20 W, 53
2026/09/08 00:07:31.392, 28435 MiB, 81920 MiB, 0 %, 86.39 W, 46
2026/09/08 00:08:01.393, 28435 MiB, 81920 MiB, 24 %, 85.88 W, 48
2026/09/08 00:08:31.394, 28435 MiB, 81920 MiB, 85 %, 251.83 W, 50
2026/09/08 00:09:01.395, 28435 MiB, 81920 MiB, 28 %, 74.10 W, 44
2026/09/08 00:09:31.398, 28435 MiB, 81920 MiB, 3 %, 86.67 W, 46
2026/09/08 00:10:01.400, 28435 MiB, 81920 MiB, 39 %, 96.85 W, 48
2026/09/08 00:10:31.412, 28435 MiB, 81920 MiB, 60 %, 171.55 W, 50
2026/09/08 00:11:01.414, 28435 MiB, 81920 MiB, 89 %, 88.23 W, 48
2026/09/08 00:11:31.415, 28435 MiB, 81920 MiB, 0 %, 69.83 W, 44
2026/09/08 00:12:01.423, 28435 MiB, 81920 MiB, 73 %, 133.57 W, 52
2026/09/08 00:12:31.425, 28435 MiB, 81920 MiB, 59 %, 104.28 W, 50
2026/09/08 00:13:01.427, 28435 MiB, 81920 MiB, 66 %, 210.09 W, 51
2026/09/08 00:13:31.428, 28435 MiB, 81920 MiB, 37 %, 180.99 W, 52
2026/09/08 00:14:01.430, 28435 MiB, 81920 MiB, 0 %, 86.06 W, 45
2026/09/08 00:14:31.433, 28435 MiB, 81920 MiB, 0 %, 77.41 W, 44
2026/09/08 00:15:01.435, 28435 MiB, 81920 MiB, 1 %, 106.79 W, 48
2026/09/08 00:15:31.436, 28435 MiB, 81920 MiB, 0 %, 87.35 W, 47
2026/09/08 00:16:01.438, 28435 MiB, 81920 MiB, 61 %, 105.97 W, 53
2026/09/08 00:16:31.439, 28435 MiB, 81920 MiB, 37 %, 97.25 W, 49
2026/09/08 00:17:01.440, 28435 MiB, 81920 MiB, 88 %, 138.03 W, 52
2026/09/08 00:17:31.441, 28435 MiB, 81920 MiB, 36 %, 122.62 W, 51
2026/09/08 00:18:01.442, 28435 MiB, 81920 MiB, 81 %, 387.51 W, 53
2026/09/08 00:18:31.443, 28435 MiB, 81920 MiB, 66 %, 348.71 W, 51
2026/09/08 00:19:01.445, 28435 MiB, 81920 MiB, 68 %, 109.35 W, 48
2026/09/08 00:19:31.446, 28435 MiB, 81920 MiB, 67 %, 93.21 W, 49
2026/09/08 00:20:01.447, 28435 MiB, 81920 MiB, 7 %, 87.17 W, 47
2026/09/08 00:20:31.449, 28435 MiB, 81920 MiB, 0 %, 86.67 W, 46
2026/09/08 00:21:01.450, 28435 MiB, 81920 MiB, 47 %, 131.22 W, 48
2026/09/08 00:21:31.452, 28435 MiB, 81920 MiB, 89 %, 89.43 W, 50
2026/09/08 00:22:01.453, 28435 MiB, 81920 MiB, 0 %, 69.68 W, 45
2026/09/08 00:22:31.455, 28435 MiB, 81920 MiB, 78 %, 215.91 W, 49
2026/09/08 00:23:01.456, 28435 MiB, 81920 MiB, 0 %, 85.37 W, 45
2026/09/08 00:23:31.458, 28435 MiB, 81920 MiB, 0 %, 86.06 W, 45
2026/09/08 00:24:01.459, 28435 MiB, 81920 MiB, 45 %, 86.39 W, 45
2026/09/08 00:24:31.460, 28435 MiB, 81920 MiB, 30 %, 86.99 W, 47
2026/09/08 00:25:01.461, 28435 MiB, 81920 MiB, 64 %, 256.57 W, 52
2026/09/08 00:25:31.475, 28435 MiB, 81920 MiB, 8 %, 87.26 W, 46
2026/09/08 00:26:01.476, 28435 MiB, 81920 MiB, 75 %, 98.43 W, 50
2026/09/08 00:26:31.477, 28435 MiB, 81920 MiB, 62 %, 285.87 W, 50
2026/09/08 00:27:01.478, 28435 MiB, 81920 MiB, 89 %, 201.58 W, 49
2026/09/08 00:27:31.480, 28435 MiB, 81920 MiB, 3 %, 86.48 W, 46
2026/09/08 00:28:01.481, 28435 MiB, 81920 MiB, 96 %, 301.89 W, 52
2026/09/08 00:28:31.484, 28435 MiB, 81920 MiB, 63 %, 306.67 W, 52
2026/09/08 00:29:01.486, 28435 MiB, 81920 MiB, 67 %, 326.18 W, 53
2026/09/08 00:29:31.488, 28435 MiB, 81920 MiB, 61 %, 87.86 W, 48
2026/09/08 00:30:01.489, 28435 MiB, 81920 MiB, 74 %, 163.12 W, 49
2026/09/08 00:30:31.490, 28435 MiB, 81920 MiB, 25 %, 148.73 W, 47
2026/09/08 00:31:01.491, 28435 MiB, 81920 MiB, 82 %, 118.86 W, 51
2026/09/08 00:31:31.493, 28435 MiB, 81920 MiB, 78 %, 129.83 W, 52
2026/09/08 00:32:01.494, 28435 MiB, 81920 MiB, 77 %, 129.56 W, 48
2026/09/08 00:32:31.496, 28435 MiB, 81920 MiB, 68 %, 88.04 W, 47
2026/09/08 00:33:01.497, 28435 MiB, 81920 MiB, 66 %, 111.04 W, 48
2026/09/08 00:33:31.499, 28435 MiB, 81920 MiB, 21 %, 88.14 W, 48
2026/09/08 00:34:01.500, 28435 MiB, 81920 MiB, 70 %, 165.10 W, 53
2026/09/08 00:34:31.501, 28435 MiB, 81920 MiB, 0 %, 69.29 W, 43
2026/09/08 00:35:01.503, 28435 MiB, 81920 MiB, 38 %, 182.79 W, 46
2026/09/08 00:35:31.505, 28435 MiB, 81920 MiB, 90 %, 284.44 W, 51
2026/09/08 00:36:01.506, 28435 MiB, 81920 MiB, 81 %, 301.86 W, 52
2026/09/08 00:36:31.507, 28435 MiB, 81920 MiB, 38 %, 149.33 W, 48
2026/09/08 00:37:01.508, 28435 MiB, 81920 MiB, 79 %, 162.36 W, 51
2026/09/08 00:37:31.509, 28435 MiB, 81920 MiB, 63 %, 95.10 W, 49
2026/09/08 00:38:01.510, 28435 MiB, 81920 MiB, 0 %, 84.68 W, 44
2026/09/08 00:38:31.512, 28435 MiB, 81920 MiB, 49 %, 300.44 W, 50
2026/09/08 00:39:01.513, 28435 MiB, 81920 MiB, 83 %, 178.67 W, 53
2026/09/08 00:39:31.515, 28435 MiB, 81920 MiB, 61 %, 118.10 W, 47
2026/09/08 00:40:01.516, 28435 MiB, 81920 MiB, 0 %, 69.83 W, 44
2026/09/08 00:40:31.518, 28435 MiB, 81920 MiB, 0 %, 281.15 W, 49
2026/09/08 00:41:01.520, 28435 MiB, 81920 MiB, 35 %, 311.97 W, 52
2026/09/08 00:41:31.524, 28435 MiB, 81920 MiB, 18 %, 282.35 W, 52
2026/09/08 00:42:01.530, 28435 MiB, 81920 MiB, 27 %, 145.18 W, 48
2026/09/08 00:42:31.531, 28435 MiB, 81920 MiB, 35 %, 281.47 W, 51
2026/09/08 00:43:01.533, 28435 MiB, 81920 MiB, 18 %, 299.26 W, 52
2026/09/08 00:43:31.534, 28435 MiB, 81920 MiB, 55 %, 100.52 W, 47
2026/09/08 00:44:01.535, 28435 MiB, 81920 MiB, 7 %, 85.97 W, 46
2026/09/08 00:44:31.537, 28435 MiB, 81920 MiB, 48 %, 96.85 W, 47
2026/09/08 00:45:01.540, 28435 MiB, 81920 MiB, 72 %, 146.78 W, 49
2026/09/08 00:45:31.541, 28435 MiB, 81920 MiB, 47 %, 90.21 W, 46
2026/09/08 00:46:01.543, 28435 MiB, 81920 MiB, 100 %, 161.93 W, 52
2026/09/08 00:46:31.545, 28435 MiB, 81920 MiB, 3 %, 85.97 W, 45
2026/09/08 00:47:01.547, 28435 MiB, 81920 MiB, 77 %, 97.35 W, 48
2026/09/08 00:47:31.549, 28435 MiB, 81920 MiB, 0 %, 70.03 W, 45
2026/09/08 00:48:01.550, 28435 MiB, 81920 MiB, 18 %, 300.99 W, 52
2026/09/08 00:48:31.551, 28435 MiB, 81920 MiB, 70 %, 88.14 W, 48
2026/09/08 00:49:01.553, 28435 MiB, 81920 MiB, 59 %, 97.45 W, 47
2026/09/08 00:49:31.554, 28435 MiB, 81920 MiB, 18 %, 182.41 W, 49
2026/09/08 00:50:01.555, 28435 MiB, 81920 MiB, 0 %, 86.39 W, 46
2026/09/08 00:50:31.557, 28435 MiB, 81920 MiB, 2 %, 104.07 W, 45
2026/09/08 00:51:01.558, 28435 MiB, 81920 MiB, 92 %, 129.42 W, 51
2026/09/08 00:51:31.562, 28435 MiB, 81920 MiB, 69 %, 185.54 W, 51
2026/09/08 00:52:01.563, 28435 MiB, 81920 MiB, 0 %, 86.15 W, 46
2026/09/08 00:52:31.565, 28435 MiB, 81920 MiB, 31 %, 159.53 W, 51
2026/09/08 00:53:01.567, 28435 MiB, 81920 MiB, 0 %, 86.30 W, 46
2026/09/08 00:53:31.569, 28435 MiB, 81920 MiB, 3 %, 87.86 W, 47
2026/09/08 00:54:01.571, 28435 MiB, 81920 MiB, 0 %, 85.46 W, 45
2026/09/08 00:54:31.572, 28435 MiB, 81920 MiB, 31 %, 276.99 W, 49
2026/09/08 00:55:01.573, 28435 MiB, 81920 MiB, 0 %, 69.36 W, 44
2026/09/08 00:55:31.574, 28435 MiB, 81920 MiB, 92 %, 88.04 W, 49
2026/09/08 00:56:01.576, 28435 MiB, 81920 MiB, 86 %, 296.86 W, 52
2026/09/08 00:56:31.577, 28435 MiB, 81920 MiB, 36 %, 87.78 W, 48
2026/09/08 00:57:01.578, 28435 MiB, 81920 MiB, 55 %, 137.30 W, 50
2026/09/08 00:57:31.579, 28435 MiB, 81920 MiB, 41 %, 97.85 W, 49
2026/09/08 00:58:01.586, 28435 MiB, 81920 MiB, 65 %, 219.23 W, 51
2026/09/08 00:58:31.588, 28435 MiB, 81920 MiB, 0 %, 69.68 W, 45
2026/09/08 00:59:01.589, 28435 MiB, 81920 MiB, 0 %, 86.99 W, 47
2026/09/08 00:59:31.591, 28435 MiB, 81920 MiB, 3 %, 218.25 W, 50
2026/09/08 01:00:01.592, 28435 MiB, 81920 MiB, 86 %, 115.22 W, 52
2026/09/08 01:00:31.593, 28435 MiB, 81920 MiB, 61 %, 87.17 W, 47
2026/09/08 01:01:01.595, 28435 MiB, 81920 MiB, 44 %, 142.22 W, 48
2026/09/08 01:01:31.596, 28435 MiB, 81920 MiB, 40 %, 89.33 W, 48
2026/09/08 01:02:01.597, 28435 MiB, 81920 MiB, 52 %, 99.65 W, 51
2026/09/08 01:02:31.599, 28435 MiB, 81920 MiB, 0 %, 87.17 W, 47
2026/09/08 01:03:01.601, 28435 MiB, 81920 MiB, 63 %, 91.31 W, 48
2026/09/08 01:03:31.611, 28435 MiB, 81920 MiB, 22 %, 155.11 W, 50
2026/09/08 01:04:01.613, 28435 MiB, 81920 MiB, 86 %, 204.52 W, 52
2026/09/08 01:04:31.614, 28435 MiB, 81920 MiB, 0 %, 87.17 W, 47
2026/09/08 01:05:01.615, 28435 MiB, 81920 MiB, 74 %, 88.14 W, 49
2026/09/08 01:05:31.616, 28435 MiB, 81920 MiB, 48 %, 100.35 W, 49
2026/09/08 01:06:01.617, 28435 MiB, 81920 MiB, 0 %, 87.26 W, 47
2026/09/08 01:06:31.618, 28435 MiB, 81920 MiB, 11 %, 104.17 W, 47
2026/09/08 01:07:01.619, 28435 MiB, 81920 MiB, 66 %, 291.51 W, 52
2026/09/08 01:07:31.621, 28435 MiB, 81920 MiB, 86 %, 88.73 W, 50
2026/09/08 01:08:01.622, 28435 MiB, 81920 MiB, 65 %, 89.07 W, 51
2026/09/08 01:08:31.625, 28435 MiB, 81920 MiB, 69 %, 176.06 W, 48
2026/09/08 01:09:01.627, 28435 MiB, 81920 MiB, 0 %, 90.40 W, 46
2026/09/08 01:09:31.629, 28435 MiB, 81920 MiB, 49 %, 219.69 W, 49
2026/09/08 01:10:01.630, 28435 MiB, 81920 MiB, 8 %, 236.35 W, 49
2026/09/08 01:10:31.631, 28435 MiB, 81920 MiB, 0 %, 69.43 W, 44
2026/09/08 01:11:01.636, 28435 MiB, 81920 MiB, 80 %, 147.53 W, 49
2026/09/08 01:11:31.639, 28435 MiB, 81920 MiB, 39 %, 92.51 W, 49
2026/09/08 01:12:01.640, 28435 MiB, 81920 MiB, 78 %, 87.08 W, 47
2026/09/08 01:12:31.641, 28435 MiB, 81920 MiB, 37 %, 301.35 W, 50
2026/09/08 01:13:01.642, 28435 MiB, 81920 MiB, 85 %, 286.79 W, 52
2026/09/08 01:13:31.644, 28435 MiB, 81920 MiB, 37 %, 87.17 W, 47
2026/09/08 01:14:01.645, 28435 MiB, 81920 MiB, 3 %, 86.67 W, 48
2026/09/08 01:14:31.646, 28435 MiB, 81920 MiB, 0 %, 86.48 W, 46
2026/09/08 01:15:01.647, 28435 MiB, 81920 MiB, 0 %, 70.96 W, 44
2026/09/08 01:15:31.650, 28435 MiB, 81920 MiB, 0 %, 69.83 W, 44
2026/09/08 01:16:01.652, 28435 MiB, 81920 MiB, 16 %, 85.79 W, 46
2026/09/08 01:16:31.653, 28435 MiB, 81920 MiB, 0 %, 86.06 W, 45
2026/09/08 01:17:01.654, 28435 MiB, 81920 MiB, 11 %, 90.40 W, 46
2026/09/08 01:17:31.657, 28435 MiB, 81920 MiB, 0 %, 86.24 W, 46
2026/09/08 01:18:01.658, 28435 MiB, 81920 MiB, 36 %, 107.28 W, 49
2026/09/08 01:18:31.660, 28435 MiB, 81920 MiB, 18 %, 125.15 W, 50
2026/09/08 01:19:01.661, 28435 MiB, 81920 MiB, 86 %, 88.37 W, 49
2026/09/08 01:19:31.668, 28435 MiB, 81920 MiB, 99 %, 298.05 W, 54
2026/09/08 01:20:01.674, 28435 MiB, 81920 MiB, 0 %, 86.99 W, 46
2026/09/08 01:20:31.677, 28435 MiB, 81920 MiB, 0 %, 86.48 W, 45
2026/09/08 01:21:01.679, 28435 MiB, 81920 MiB, 35 %, 287.10 W, 50
2026/09/08 01:21:31.680, 28435 MiB, 81920 MiB, 0 %, 86.90 W, 46
2026/09/08 01:22:01.685, 28435 MiB, 81920 MiB, 86 %, 254.77 W, 51
2026/09/08 01:22:31.686, 28435 MiB, 81920 MiB, 0 %, 69.83 W, 44
2026/09/08 01:23:01.688, 28435 MiB, 81920 MiB, 73 %, 128.09 W, 50
2026/09/08 01:23:31.689, 28435 MiB, 81920 MiB, 79 %, 86.06 W, 46
2026/09/08 01:24:01.695, 28435 MiB, 81920 MiB, 52 %, 161.15 W, 51
2026/09/08 01:24:31.696, 28435 MiB, 81920 MiB, 0 %, 95.46 W, 47
2026/09/08 01:25:01.698, 28435 MiB, 81920 MiB, 7 %, 191.89 W, 49
2026/09/08 01:25:31.699, 28435 MiB, 81920 MiB, 38 %, 257.44 W, 49
2026/09/08 01:26:01.700, 28435 MiB, 81920 MiB, 0 %, 86.67 W, 45
2026/09/08 01:26:31.702, 28435 MiB, 81920 MiB, 0 %, 86.39 W, 46
2026/09/08 01:27:01.703, 28435 MiB, 81920 MiB, 38 %, 133.57 W, 48
2026/09/08 01:27:31.706, 28435 MiB, 81920 MiB, 79 %, 295.38 W, 53
2026/09/08 01:28:01.707, 28435 MiB, 81920 MiB, 0 %, 86.15 W, 46
2026/09/08 01:28:31.708, 28435 MiB, 81920 MiB, 0 %, 69.50 W, 44
2026/09/08 01:29:01.709, 28435 MiB, 81920 MiB, 78 %, 109.47 W, 52
2026/09/08 01:29:31.711, 28435 MiB, 81920 MiB, 76 %, 219.18 W, 50
2026/09/08 01:30:01.712, 28435 MiB, 81920 MiB, 50 %, 112.51 W, 47
2026/09/08 01:30:31.714, 28435 MiB, 81920 MiB, 0 %, 86.85 W, 46
2026/09/08 01:31:01.715, 28435 MiB, 81920 MiB, 41 %, 300.11 W, 50
2026/09/08 01:31:31.717, 28435 MiB, 81920 MiB, 0 %, 85.88 W, 46
2026/09/08 01:32:01.719, 28435 MiB, 81920 MiB, 0 %, 97.68 W, 46
2026/09/08 01:32:31.720, 28435 MiB, 81920 MiB, 0 %, 89.94 W, 45
2026/09/08 01:33:01.721, 28435 MiB, 81920 MiB, 86 %, 245.56 W, 53
2026/09/08 01:33:31.722, 28435 MiB, 81920 MiB, 40 %, 200.38 W, 50
2026/09/08 01:34:01.724, 28435 MiB, 81920 MiB, 27 %, 86.58 W, 47
2026/09/08 01:34:31.731, 28435 MiB, 81920 MiB, 0 %, 86.06 W, 46
2026/09/08 01:35:01.733, 28435 MiB, 81920 MiB, 55 %, 92.10 W, 47
2026/09/08 01:35:31.735, 28435 MiB, 81920 MiB, 0 %, 85.97 W, 45
2026/09/08 01:36:01.736, 28435 MiB, 81920 MiB, 24 %, 150.20 W, 49
2026/09/08 01:36:31.738, 28435 MiB, 81920 MiB, 0 %, 88.55 W, 47
2026/09/08 01:37:01.740, 28435 MiB, 81920 MiB, 0 %, 86.48 W, 46
2026/09/08 01:37:31.741, 28435 MiB, 81920 MiB, 19 %, 85.79 W, 46
2026/09/08 01:38:01.744, 28435 MiB, 81920 MiB, 50 %, 95.46 W, 47
2026/09/08 01:38:31.745, 28435 MiB, 81920 MiB, 35 %, 220.43 W, 51
2026/09/08 01:39:01.746, 28435 MiB, 81920 MiB, 39 %, 183.88 W, 51
2026/09/08 01:39:31.747, 28435 MiB, 81920 MiB, 59 %, 145.03 W, 51
2026/09/08 01:40:01.748, 28435 MiB, 81920 MiB, 0 %, 69.08 W, 43
2026/09/08 01:40:31.749, 28435 MiB, 81920 MiB, 68 %, 200.17 W, 49
2026/09/08 01:41:01.751, 28435 MiB, 81920 MiB, 0 %, 84.59 W, 44
2026/09/08 01:41:31.752, 28435 MiB, 81920 MiB, 40 %, 90.81 W, 48
2026/09/08 01:42:01.759, 28435 MiB, 81920 MiB, 85 %, 108.76 W, 50
2026/09/08 01:42:31.762, 28435 MiB, 81920 MiB, 84 %, 144.86 W, 49
2026/09/08 01:43:01.763, 28435 MiB, 81920 MiB, 0 %, 85.28 W, 44
2026/09/08 01:43:31.765, 28435 MiB, 81920 MiB, 0 %, 124.95 W, 45
2026/09/08 01:44:01.767, 28435 MiB, 81920 MiB, 77 %, 87.17 W, 46
2026/09/08 01:44:31.769, 28435 MiB, 81920 MiB, 79 %, 87.26 W, 50
2026/09/08 01:45:01.773, 28435 MiB, 81920 MiB, 5 %, 85.97 W, 45
2026/09/08 01:45:31.775, 28435 MiB, 81920 MiB, 0 %, 243.58 W, 47
2026/09/08 01:46:01.776, 28435 MiB, 81920 MiB, 67 %, 102.10 W, 50
2026/09/08 01:46:31.777, 28435 MiB, 81920 MiB, 0 %, 85.88 W, 46
2026/09/08 01:47:01.778, 28435 MiB, 81920 MiB, 0 %, 85.36 W, 45
2026/09/08 01:47:31.779, 28435 MiB, 81920 MiB, 24 %, 86.24 W, 45
2026/09/08 01:48:01.781, 28435 MiB, 81920 MiB, 83 %, 88.41 W, 48
2026/09/08 01:48:31.783, 28435 MiB, 81920 MiB, 84 %, 127.00 W, 52
2026/09/08 01:49:01.784, 28435 MiB, 81920 MiB, 83 %, 103.62 W, 53
2026/09/08 01:49:31.786, 28435 MiB, 81920 MiB, 0 %, 86.66 W, 46
2026/09/08 01:50:01.788, 28435 MiB, 81920 MiB, 61 %, 269.30 W, 52
2026/09/08 01:50:31.790, 28435 MiB, 81920 MiB, 10 %, 286.17 W, 53
2026/09/08 01:51:01.791, 28435 MiB, 81920 MiB, 24 %, 87.62 W, 48
2026/09/08 01:51:31.793, 28435 MiB, 81920 MiB, 38 %, 93.81 W, 47
2026/09/08 01:52:01.795, 28435 MiB, 81920 MiB, 85 %, 285.00 W, 51
2026/09/08 01:52:31.799, 28435 MiB, 81920 MiB, 36 %, 90.12 W, 46
2026/09/08 01:53:01.804, 28435 MiB, 81920 MiB, 75 %, 333.30 W, 51
2026/09/08 01:53:31.807, 28435 MiB, 81920 MiB, 61 %, 90.81 W, 48
2026/09/08 01:54:01.809, 28435 MiB, 81920 MiB, 15 %, 87.86 W, 47
2026/09/08 01:54:31.818, 28435 MiB, 81920 MiB, 69 %, 111.08 W, 50
2026/09/08 01:55:01.819, 28435 MiB, 81920 MiB, 0 %, 87.17 W, 47
2026/09/08 01:55:31.820, 28435 MiB, 81920 MiB, 73 %, 88.14 W, 48
2026/09/08 01:56:01.827, 28435 MiB, 81920 MiB, 58 %, 88.73 W, 49
2026/09/08 01:56:31.833, 28435 MiB, 81920 MiB, 3 %, 73.03 W, 45
2026/09/08 01:57:01.835, 28435 MiB, 81920 MiB, 0 %, 86.99 W, 46
2026/09/08 01:57:31.836, 28435 MiB, 81920 MiB, 17 %, 86.30 W, 47
2026/09/08 01:58:01.837, 28435 MiB, 81920 MiB, 80 %, 240.58 W, 53
2026/09/08 01:58:31.838, 28435 MiB, 81920 MiB, 35 %, 87.53 W, 47
2026/09/08 01:59:01.840, 28435 MiB, 81920 MiB, 0 %, 87.26 W, 47
2026/09/08 01:59:31.841, 28435 MiB, 81920 MiB, 4 %, 87.26 W, 47
2026/09/08 02:00:01.842, 28435 MiB, 81920 MiB, 0 %, 86.99 W, 46
2026/09/08 02:00:31.844, 28435 MiB, 81920 MiB, 70 %, 92.34 W, 51
2026/09/08 02:01:01.845, 28435 MiB, 81920 MiB, 60 %, 227.20 W, 49
2026/09/08 02:01:31.846, 28435 MiB, 81920 MiB, 62 %, 87.26 W, 46
2026/09/08 02:02:01.847, 28435 MiB, 81920 MiB, 17 %, 296.28 W, 53
2026/09/08 02:02:31.849, 28435 MiB, 81920 MiB, 9 %, 87.08 W, 47
2026/09/08 02:03:01.853, 28435 MiB, 81920 MiB, 51 %, 88.46 W, 49
2026/09/08 02:03:31.855, 28435 MiB, 81920 MiB, 48 %, 88.14 W, 48
2026/09/08 02:04:01.856, 28435 MiB, 81920 MiB, 0 %, 86.48 W, 50
2026/09/08 02:04:31.857, 28435 MiB, 81920 MiB, 44 %, 90.03 W, 49
2026/09/08 02:05:01.859, 28435 MiB, 81920 MiB, 60 %, 300.09 W, 52
2026/09/08 02:05:31.860, 28435 MiB, 81920 MiB, 0 %, 86.67 W, 46
2026/09/08 02:06:01.861, 28435 MiB, 81920 MiB, 0 %, 86.99 W, 47
2026/09/08 02:06:31.862, 28435 MiB, 81920 MiB, 83 %, 203.17 W, 49
2026/09/08 02:07:01.864, 28435 MiB, 81920 MiB, 27 %, 109.24 W, 51
2026/09/08 02:07:31.865, 28435 MiB, 81920 MiB, 38 %, 166.39 W, 52
2026/09/08 02:08:01.867, 28435 MiB, 81920 MiB, 8 %, 126.35 W, 50
2026/09/08 02:08:31.868, 28435 MiB, 81920 MiB, 0 %, 87.08 W, 47
2026/09/08 02:09:01.869, 28435 MiB, 81920 MiB, 37 %, 109.35 W, 51
2026/09/08 02:09:31.872, 28435 MiB, 81920 MiB, 73 %, 88.46 W, 48
2026/09/08 02:10:01.873, 28435 MiB, 81920 MiB, 0 %, 86.90 W, 46
2026/09/08 02:10:31.875, 28435 MiB, 81920 MiB, 24 %, 131.55 W, 48
2026/09/08 02:11:01.876, 28435 MiB, 81920 MiB, 72 %, 87.26 W, 50
2026/09/08 02:11:31.883, 28435 MiB, 81920 MiB, 4 %, 86.49 W, 47
2026/09/08 02:12:01.884, 28435 MiB, 81920 MiB, 3 %, 86.58 W, 47
2026/09/08 02:12:31.885, 28435 MiB, 81920 MiB, 0 %, 86.48 W, 46
2026/09/08 02:13:01.887, 28435 MiB, 81920 MiB, 82 %, 138.88 W, 49
2026/09/08 02:13:31.889, 28435 MiB, 81920 MiB, 61 %, 102.63 W, 50
2026/09/08 02:14:01.890, 28435 MiB, 81920 MiB, 0 %, 91.28 W, 47
2026/09/08 02:14:31.891, 28435 MiB, 81920 MiB, 0 %, 197.32 W, 46
2026/09/08 02:15:01.892, 28435 MiB, 81920 MiB, 50 %, 87.99 W, 48
2026/09/08 02:15:31.894, 28435 MiB, 81920 MiB, 31 %, 86.92 W, 46
2026/09/08 02:16:01.896, 28435 MiB, 81920 MiB, 0 %, 85.81 W, 46
2026/09/08 02:16:31.897, 28435 MiB, 81920 MiB, 1 %, 89.62 W, 46
2026/09/08 02:17:01.899, 28435 MiB, 81920 MiB, 47 %, 86.92 W, 48
2026/09/08 02:17:31.900, 28435 MiB, 81920 MiB, 84 %, 152.14 W, 50
2026/09/08 02:18:01.901, 28435 MiB, 81920 MiB, 94 %, 247.78 W, 52
2026/09/08 02:18:31.902, 28435 MiB, 81920 MiB, 30 %, 103.06 W, 48
2026/09/08 02:19:01.903, 28435 MiB, 81920 MiB, 18 %, 194.16 W, 49
2026/09/08 02:19:31.905, 28435 MiB, 81920 MiB, 91 %, 91.69 W, 47
2026/09/08 02:20:01.906, 28435 MiB, 81920 MiB, 25 %, 153.74 W, 48
2026/09/08 02:20:31.908, 28435 MiB, 81920 MiB, 0 %, 70.50 W, 44
2026/09/08 02:21:01.909, 28435 MiB, 81920 MiB, 91 %, 267.42 W, 50
2026/09/08 02:21:31.910, 28435 MiB, 81920 MiB, 100 %, 258.51 W, 51
2026/09/08 02:22:01.911, 28435 MiB, 81920 MiB, 59 %, 295.71 W, 52
2026/09/08 02:22:31.912, 28435 MiB, 81920 MiB, 4 %, 86.93 W, 47
2026/09/08 02:23:01.913, 28435 MiB, 81920 MiB, 0 %, 86.66 W, 46
2026/09/08 02:23:31.915, 28435 MiB, 81920 MiB, 0 %, 69.97 W, 45
2026/09/08 02:24:01.916, 28435 MiB, 81920 MiB, 35 %, 299.22 W, 54
2026/09/08 02:24:31.918, 28435 MiB, 81920 MiB, 46 %, 86.39 W, 47
2026/09/08 02:25:01.920, 28435 MiB, 81920 MiB, 15 %, 86.99 W, 47
2026/09/08 02:25:31.921, 28435 MiB, 81920 MiB, 59 %, 318.83 W, 51
2026/09/08 02:26:01.923, 28435 MiB, 81920 MiB, 55 %, 86.39 W, 47
2026/09/08 02:26:31.927, 28435 MiB, 81920 MiB, 30 %, 130.76 W, 49
2026/09/08 02:27:01.928, 28435 MiB, 81920 MiB, 55 %, 287.67 W, 50
2026/09/08 02:27:31.930, 28435 MiB, 81920 MiB, 0 %, 86.48 W, 46
2026/09/08 02:28:01.931, 28435 MiB, 81920 MiB, 0 %, 86.48 W, 46
2026/09/08 02:28:31.932, 28435 MiB, 81920 MiB, 0 %, 87.08 W, 47
2026/09/08 02:29:01.934, 28435 MiB, 81920 MiB, 0 %, 183.74 W, 45
2026/09/08 02:29:31.935, 28435 MiB, 81920 MiB, 81 %, 110.44 W, 52
2026/09/08 02:30:01.936, 28435 MiB, 81920 MiB, 87 %, 137.30 W, 50
2026/09/08 02:30:31.940, 28435 MiB, 81920 MiB, 92 %, 287.67 W, 53
2026/09/08 02:31:01.941, 28435 MiB, 81920 MiB, 71 %, 330.91 W, 52
2026/09/08 02:31:31.943, 28435 MiB, 81920 MiB, 0 %, 85.55 W, 46
2026/09/08 02:32:01.944, 28435 MiB, 81920 MiB, 3 %, 86.39 W, 46
2026/09/08 02:32:31.946, 28435 MiB, 81920 MiB, 26 %, 85.88 W, 47
2026/09/08 02:33:01.947, 28435 MiB, 81920 MiB, 0 %, 86.39 W, 46
2026/09/08 02:33:31.948, 28435 MiB, 81920 MiB, 20 %, 86.39 W, 46
2026/09/08 02:34:01.949, 28435 MiB, 81920 MiB, 69 %, 257.43 W, 49
2026/09/08 02:34:31.950, 28435 MiB, 81920 MiB, 100 %, 298.64 W, 52
2026/09/08 02:35:01.952, 28435 MiB, 81920 MiB, 51 %, 161.32 W, 49
2026/09/08 02:35:31.953, 28435 MiB, 81920 MiB, 0 %, 86.30 W, 46
2026/09/08 02:36:01.954, 28435 MiB, 81920 MiB, 89 %, 313.17 W, 53
2026/09/08 02:36:31.955, 28435 MiB, 81920 MiB, 55 %, 87.53 W, 47
2026/09/08 02:37:01.956, 28435 MiB, 81920 MiB, 0 %, 86.90 W, 46
2026/09/08 02:37:31.958, 28435 MiB, 81920 MiB, 0 %, 69.76 W, 44
2026/09/08 02:38:01.960, 28435 MiB, 81920 MiB, 75 %, 211.72 W, 54
2026/09/08 02:38:31.961, 28435 MiB, 81920 MiB, 0 %, 86.15 W, 45
2026/09/08 02:39:01.962, 28435 MiB, 81920 MiB, 0 %, 69.68 W, 44
2026/09/08 02:39:31.964, 28435 MiB, 81920 MiB, 0 %, 69.88 W, 44
2026/09/08 02:40:01.966, 28435 MiB, 81920 MiB, 0 %, 233.20 W, 46
2026/09/08 02:40:31.967, 28435 MiB, 81920 MiB, 0 %, 86.57 W, 47
2026/09/08 02:41:01.968, 28435 MiB, 81920 MiB, 0 %, 90.03 W, 48
2026/09/08 02:41:31.970, 28435 MiB, 81920 MiB, 61 %, 153.90 W, 51
2026/09/08 02:42:01.971, 28435 MiB, 81920 MiB, 84 %, 278.79 W, 49
2026/09/08 02:42:31.976, 28435 MiB, 81920 MiB, 79 %, 89.66 W, 50
2026/09/08 02:43:01.977, 28435 MiB, 81920 MiB, 0 %, 86.06 W, 46
2026/09/08 02:43:31.980, 28435 MiB, 81920 MiB, 75 %, 132.70 W, 52
2026/09/08 02:44:01.981, 28435 MiB, 81920 MiB, 89 %, 100.14 W, 52
2026/09/08 02:44:31.982, 28435 MiB, 81920 MiB, 0 %, 68.42 W, 42
2026/09/08 02:45:01.985, 28435 MiB, 81920 MiB, 0 %, 69.08 W, 43
2026/09/08 02:45:31.986, 28435 MiB, 81920 MiB, 88 %, 267.83 W, 50
2026/09/08 02:46:01.988, 28435 MiB, 81920 MiB, 39 %, 106.62 W, 51
2026/09/08 02:46:31.989, 28435 MiB, 81920 MiB, 4 %, 86.30 W, 46
2026/09/08 02:47:01.990, 28435 MiB, 81920 MiB, 3 %, 86.15 W, 45
2026/09/08 02:47:31.992, 28435 MiB, 81920 MiB, 28 %, 99.42 W, 47
2026/09/08 02:48:01.993, 28435 MiB, 81920 MiB, 61 %, 219.73 W, 50
2026/09/08 02:48:31.995, 28435 MiB, 81920 MiB, 67 %, 105.59 W, 51
2026/09/08 02:49:01.996, 28435 MiB, 81920 MiB, 0 %, 85.10 W, 45
2026/09/08 02:49:31.998, 28435 MiB, 81920 MiB, 74 %, 263.37 W, 49
2026/09/08 02:50:01.999, 28435 MiB, 81920 MiB, 0 %, 85.10 W, 45
2026/09/08 02:50:32.002, 28435 MiB, 81920 MiB, 40 %, 189.02 W, 48
2026/09/08 02:51:02.004, 28435 MiB, 81920 MiB, 60 %, 131.68 W, 48
2026/09/08 02:51:32.005, 28435 MiB, 81920 MiB, 0 %, 86.67 W, 46
2026/09/08 02:52:02.007, 28435 MiB, 81920 MiB, 4 %, 213.36 W, 48
2026/09/08 02:52:32.008, 28435 MiB, 81920 MiB, 85 %, 269.62 W, 53
2026/09/08 02:53:02.010, 28435 MiB, 81920 MiB, 26 %, 86.67 W, 46
2026/09/08 02:53:32.012, 28435 MiB, 81920 MiB, 71 %, 137.02 W, 48
2026/09/08 02:54:02.014, 28435 MiB, 81920 MiB, 41 %, 182.56 W, 49
2026/09/08 02:54:32.016, 28435 MiB, 81920 MiB, 43 %, 301.64 W, 54
2026/09/08 02:55:02.017, 28435 MiB, 81920 MiB, 0 %, 86.33 W, 46
2026/09/08 02:55:32.019, 28435 MiB, 81920 MiB, 0 %, 87.08 W, 46
2026/09/08 02:56:02.020, 28435 MiB, 81920 MiB, 0 %, 119.81 W, 48
2026/09/08 02:56:32.021, 28435 MiB, 81920 MiB, 33 %, 86.90 W, 46
2026/09/08 02:57:02.022, 28435 MiB, 81920 MiB, 52 %, 139.37 W, 49
2026/09/08 02:57:32.024, 28435 MiB, 81920 MiB, 29 %, 124.22 W, 49
2026/09/08 02:58:02.025, 28435 MiB, 81920 MiB, 0 %, 86.06 W, 46
2026/09/08 02:58:32.026, 28435 MiB, 81920 MiB, 20 %, 87.53 W, 47
2026/09/08 02:59:02.027, 28435 MiB, 81920 MiB, 37 %, 85.79 W, 46
2026/09/08 02:59:32.029, 28435 MiB, 81920 MiB, 0 %, 86.39 W, 46
2026/09/08 03:00:02.030, 28435 MiB, 81920 MiB, 55 %, 87.08 W, 46
2026/09/08 03:00:32.032, 28435 MiB, 81920 MiB, 86 %, 268.11 W, 52
2026/09/08 03:01:02.039, 28435 MiB, 81920 MiB, 94 %, 301.86 W, 53
2026/09/08 03:01:32.041, 28435 MiB, 81920 MiB, 80 %, 367.59 W, 53
2026/09/08 03:02:02.042, 28435 MiB, 81920 MiB, 7 %, 86.48 W, 47
2026/09/08 03:02:32.045, 28435 MiB, 81920 MiB, 38 %, 186.22 W, 49
2026/09/08 03:03:02.048, 28435 MiB, 81920 MiB, 3 %, 176.56 W, 49
2026/09/08 03:03:32.049, 28435 MiB, 81920 MiB, 0 %, 86.39 W, 47
2026/09/08 03:04:02.052, 28435 MiB, 81920 MiB, 44 %, 86.67 W, 47
2026/09/08 03:04:32.054, 28435 MiB, 81920 MiB, 0 %, 86.06 W, 45
2026/09/08 03:05:02.055, 28435 MiB, 81920 MiB, 61 %, 87.53 W, 47
2026/09/08 03:05:32.057, 28435 MiB, 81920 MiB, 100 %, 135.18 W, 54
2026/09/08 03:06:02.058, 28435 MiB, 81920 MiB, 0 %, 86.06 W, 46
2026/09/08 03:06:32.060, 28435 MiB, 81920 MiB, 55 %, 228.66 W, 49
2026/09/08 03:07:02.061, 28435 MiB, 81920 MiB, 75 %, 212.92 W, 53
2026/09/08 03:07:32.063, 28435 MiB, 81920 MiB, 56 %, 285.90 W, 52
2026/09/08 03:08:02.064, 28435 MiB, 81920 MiB, 38 %, 117.38 W, 49
2026/09/08 03:08:32.068, 28435 MiB, 81920 MiB, 0 %, 86.76 W, 47
2026/09/08 03:09:02.070, 28435 MiB, 81920 MiB, 65 %, 280.26 W, 52
2026/09/08 03:09:32.071, 28435 MiB, 81920 MiB, 35 %, 86.21 W, 47
2026/09/08 03:10:02.072, 28435 MiB, 81920 MiB, 77 %, 284.13 W, 55
2026/09/08 03:10:32.074, 28435 MiB, 81920 MiB, 70 %, 176.14 W, 50
2026/09/08 03:11:02.076, 28435 MiB, 81920 MiB, 71 %, 224.06 W, 53
2026/09/08 03:11:32.102, 28435 MiB, 81920 MiB, 22 %, 86.99 W, 47
2026/09/08 03:12:02.103, 28435 MiB, 81920 MiB, 0 %, 86.67 W, 46
2026/09/08 03:12:32.104, 28435 MiB, 81920 MiB, 82 %, 292.41 W, 51
2026/09/08 03:13:02.106, 28435 MiB, 81920 MiB, 99 %, 303.93 W, 54
2026/09/08 03:13:32.107, 28435 MiB, 81920 MiB, 0 %, 86.06 W, 47
2026/09/08 03:14:02.108, 28435 MiB, 81920 MiB, 0 %, 87.53 W, 48
2026/09/08 03:14:32.111, 28435 MiB, 81920 MiB, 12 %, 87.78 W, 48
2026/09/08 03:15:02.113, 28435 MiB, 81920 MiB, 0 %, 86.30 W, 46
2026/09/08 03:15:32.114, 28435 MiB, 81920 MiB, 0 %, 69.95 W, 45
2026/09/08 03:16:02.115, 28435 MiB, 81920 MiB, 0 %, 85.28 W, 46
2026/09/08 03:16:32.117, 28435 MiB, 81920 MiB, 92 %, 119.93 W, 52
2026/09/08 03:17:02.133, 28435 MiB, 81920 MiB, 0 %, 86.06 W, 46
2026/09/08 03:17:32.134, 28435 MiB, 81920 MiB, 88 %, 287.37 W, 53
2026/09/08 03:18:02.136, 28435 MiB, 81920 MiB, 70 %, 129.15 W, 52
2026/09/08 03:18:32.137, 28435 MiB, 81920 MiB, 0 %, 86.48 W, 46
2026/09/08 03:19:02.138, 28435 MiB, 81920 MiB, 47 %, 302.49 W, 52
2026/09/08 03:19:32.141, 28435 MiB, 81920 MiB, 69 %, 167.10 W, 50
2026/09/08 03:20:02.143, 28435 MiB, 81920 MiB, 84 %, 121.99 W, 53
2026/09/08 03:20:32.144, 28435 MiB, 81920 MiB, 48 %, 185.65 W, 49
2026/09/08 03:21:02.145, 28435 MiB, 81920 MiB, 21 %, 86.93 W, 47
2026/09/08 03:21:32.148, 28435 MiB, 81920 MiB, 0 %, 86.39 W, 46
2026/09/08 03:22:02.150, 28435 MiB, 81920 MiB, 32 %, 301.26 W, 54
2026/09/08 03:22:32.151, 28435 MiB, 81920 MiB, 32 %, 309.90 W, 52
2026/09/08 03:23:02.152, 28435 MiB, 81920 MiB, 0 %, 85.19 W, 45
2026/09/08 03:23:32.153, 28435 MiB, 81920 MiB, 28 %, 139.69 W, 49
2026/09/08 03:24:02.155, 28435 MiB, 81920 MiB, 0 %, 69.83 W, 44
2026/09/08 03:24:32.156, 28435 MiB, 81920 MiB, 0 %, 82.88 W, 44
2026/09/08 03:25:02.158, 28435 MiB, 81920 MiB, 38 %, 91.04 W, 48
2026/09/08 03:25:32.159, 28435 MiB, 81920 MiB, 15 %, 329.70 W, 52
2026/09/08 03:26:02.163, 28435 MiB, 81920 MiB, 0 %, 98.93 W, 46
2026/09/08 03:26:32.164, 28435 MiB, 81920 MiB, 85 %, 87.86 W, 49
2026/09/08 03:27:02.166, 28435 MiB, 81920 MiB, 0 %, 85.37 W, 46
2026/09/08 03:27:32.167, 28435 MiB, 81920 MiB, 0 %, 69.76 W, 44
2026/09/08 03:28:02.169, 28435 MiB, 81920 MiB, 5 %, 86.30 W, 46
2026/09/08 03:28:32.170, 28435 MiB, 81920 MiB, 38 %, 86.58 W, 47
2026/09/08 03:29:02.172, 28435 MiB, 81920 MiB, 0 %, 70.03 W, 45
2026/09/08 03:29:32.174, 28435 MiB, 81920 MiB, 0 %, 86.58 W, 46
2026/09/08 03:30:02.177, 28435 MiB, 81920 MiB, 37 %, 69.83 W, 44
2026/09/08 03:30:32.180, 28435 MiB, 81920 MiB, 88 %, 292.70 W, 53
2026/09/08 03:31:02.181, 28435 MiB, 81920 MiB, 72 %, 91.04 W, 52
2026/09/08 03:31:32.182, 28435 MiB, 81920 MiB, 100 %, 123.08 W, 52
2026/09/08 03:32:02.184, 28435 MiB, 81920 MiB, 0 %, 86.39 W, 46
2026/09/08 03:32:32.185, 28435 MiB, 81920 MiB, 92 %, 86.90 W, 47
2026/09/08 03:33:02.186, 28435 MiB, 81920 MiB, 81 %, 246.51 W, 50
2026/09/08 03:33:32.188, 28435 MiB, 81920 MiB, 51 %, 86.30 W, 47
2026/09/08 03:34:02.189, 28435 MiB, 81920 MiB, 64 %, 110.32 W, 48
2026/09/08 03:34:32.190, 28435 MiB, 81920 MiB, 77 %, 338.89 W, 51
2026/09/08 03:35:02.199, 28435 MiB, 81920 MiB, 4 %, 86.76 W, 46
2026/09/08 03:35:32.201, 28435 MiB, 81920 MiB, 47 %, 97.25 W, 47
2026/09/08 03:36:02.202, 28435 MiB, 81920 MiB, 0 %, 85.10 W, 45
2026/09/08 03:36:32.204, 28435 MiB, 81920 MiB, 81 %, 301.87 W, 53
2026/09/08 03:37:02.205, 28435 MiB, 81920 MiB, 93 %, 188.42 W, 53
2026/09/08 03:37:32.207, 28435 MiB, 81920 MiB, 0 %, 86.15 W, 46
2026/09/08 03:38:02.208, 28435 MiB, 81920 MiB, 54 %, 215.91 W, 51
2026/09/08 03:38:32.209, 28435 MiB, 81920 MiB, 0 %, 85.55 W, 46
2026/09/08 03:39:02.211, 28435 MiB, 81920 MiB, 77 %, 244.10 W, 50
2026/09/08 03:39:32.212, 28435 MiB, 81920 MiB, 39 %, 87.53 W, 50
2026/09/08 03:40:02.213, 28435 MiB, 81920 MiB, 84 %, 288.84 W, 54
2026/09/08 03:40:32.215, 28435 MiB, 81920 MiB, 93 %, 299.82 W, 52
2026/09/08 03:41:02.217, 28435 MiB, 81920 MiB, 0 %, 86.99 W, 46
2026/09/08 03:41:32.218, 28435 MiB, 81920 MiB, 33 %, 162.97 W, 48
2026/09/08 03:42:02.219, 28435 MiB, 81920 MiB, 11 %, 235.51 W, 49
2026/09/08 03:42:32.220, 28435 MiB, 81920 MiB, 47 %, 87.53 W, 48
2026/09/08 03:43:02.224, 28435 MiB, 81920 MiB, 10 %, 199.36 W, 48
2026/09/08 03:43:32.225, 28435 MiB, 81920 MiB, 78 %, 113.59 W, 52
2026/09/08 03:44:02.226, 28435 MiB, 81920 MiB, 75 %, 108.64 W, 48
2026/09/08 03:44:32.230, 28435 MiB, 81920 MiB, 79 %, 172.88 W, 54
2026/09/08 03:45:02.232, 28435 MiB, 81920 MiB, 53 %, 104.39 W, 49
2026/09/08 03:45:32.233, 28435 MiB, 81920 MiB, 97 %, 143.51 W, 49
2026/09/08 03:46:02.234, 28435 MiB, 81920 MiB, 78 %, 145.73 W, 52
2026/09/08 03:46:32.236, 28435 MiB, 81920 MiB, 0 %, 69.97 W, 44
2026/09/08 03:47:02.238, 28435 MiB, 81920 MiB, 71 %, 300.74 W, 54
2026/09/08 03:47:32.239, 28435 MiB, 81920 MiB, 25 %, 85.97 W, 47
2026/09/08 03:48:02.241, 28435 MiB, 81920 MiB, 10 %, 86.99 W, 47
2026/09/08 03:48:32.242, 28435 MiB, 81920 MiB, 99 %, 100.80 W, 51
2026/09/08 03:49:02.243, 28435 MiB, 81920 MiB, 0 %, 68.83 W, 42
2026/09/08 03:49:32.245, 28435 MiB, 81920 MiB, 0 %, 85.19 W, 44
2026/09/08 03:50:02.246, 28435 MiB, 81920 MiB, 0 %, 86.15 W, 45
2026/09/08 03:50:32.248, 28435 MiB, 81920 MiB, 35 %, 126.62 W, 48
2026/09/08 03:51:02.249, 28435 MiB, 81920 MiB, 33 %, 86.90 W, 46
2026/09/08 03:51:32.250, 28435 MiB, 81920 MiB, 9 %, 69.36 W, 44
2026/09/08 03:52:02.251, 28435 MiB, 81920 MiB, 4 %, 86.15 W, 45
2026/09/08 03:52:32.253, 28435 MiB, 81920 MiB, 88 %, 106.57 W, 47
2026/09/08 03:53:02.255, 28435 MiB, 81920 MiB, 63 %, 162.97 W, 51
2026/09/08 03:53:32.256, 28435 MiB, 81920 MiB, 50 %, 89.57 W, 49
2026/09/08 03:54:02.257, 28435 MiB, 81920 MiB, 50 %, 108.53 W, 49
2026/09/08 03:54:32.259, 28435 MiB, 81920 MiB, 0 %, 85.97 W, 46
2026/09/08 03:55:02.301, 28435 MiB, 81920 MiB, 73 %, 88.46 W, 48
2026/09/08 03:55:32.302, 28435 MiB, 81920 MiB, 86 %, 170.20 W, 52
2026/09/08 03:56:02.304, 28435 MiB, 81920 MiB, 3 %, 274.64 W, 49
2026/09/08 03:56:32.306, 28435 MiB, 81920 MiB, 70 %, 116.39 W, 51
2026/09/08 03:57:02.309, 28435 MiB, 81920 MiB, 53 %, 87.53 W, 47
2026/09/08 03:57:32.311, 28435 MiB, 81920 MiB, 33 %, 301.62 W, 52
2026/09/08 03:58:02.312, 28435 MiB, 81920 MiB, 0 %, 85.46 W, 45
2026/09/08 03:58:32.313, 28435 MiB, 81920 MiB, 90 %, 88.04 W, 50
2026/09/08 03:59:02.315, 28435 MiB, 81920 MiB, 0 %, 87.08 W, 46
2026/09/08 03:59:32.316, 28435 MiB, 81920 MiB, 0 %, 85.55 W, 45
2026/09/08 04:00:02.319, 28435 MiB, 81920 MiB, 81 %, 243.23 W, 51
2026/09/08 04:00:32.320, 28435 MiB, 81920 MiB, 67 %, 130.16 W, 47
2026/09/08 04:01:02.322, 28435 MiB, 81920 MiB, 98 %, 101.00 W, 50
2026/09/08 04:01:32.323, 28435 MiB, 81920 MiB, 74 %, 197.83 W, 52
2026/09/08 04:02:02.325, 28435 MiB, 81920 MiB, 59 %, 214.39 W, 48
2026/09/08 04:02:32.326, 28435 MiB, 81920 MiB, 57 %, 87.86 W, 51
2026/09/08 04:03:02.327, 28435 MiB, 81920 MiB, 21 %, 280.84 W, 52
2026/09/08 04:03:32.329, 28435 MiB, 81920 MiB, 0 %, 85.79 W, 46
2026/09/08 04:04:02.333, 28435 MiB, 81920 MiB, 68 %, 286.20 W, 54
2026/09/08 04:04:32.335, 28435 MiB, 81920 MiB, 73 %, 127.35 W, 50
2026/09/08 04:05:02.336, 28435 MiB, 81920 MiB, 0 %, 86.76 W, 46
2026/09/08 04:05:32.339, 28435 MiB, 81920 MiB, 3 %, 86.48 W, 46
2026/09/08 04:06:02.340, 28435 MiB, 81920 MiB, 88 %, 187.02 W, 51
2026/09/08 04:06:32.342, 28435 MiB, 81920 MiB, 0 %, 86.15 W, 47
2026/09/08 04:07:02.343, 28435 MiB, 81920 MiB, 0 %, 86.58 W, 46
2026/09/08 04:07:32.344, 28435 MiB, 81920 MiB, 26 %, 86.99 W, 47
2026/09/08 04:08:02.346, 28435 MiB, 81920 MiB, 30 %, 86.06 W, 46
2026/09/08 04:08:32.356, 28435 MiB, 81920 MiB, 80 %, 298.36 W, 54
2026/09/08 04:09:02.358, 28435 MiB, 81920 MiB, 75 %, 93.11 W, 51
2026/09/08 04:09:32.359, 28435 MiB, 81920 MiB, 58 %, 172.70 W, 49
2026/09/08 04:10:02.361, 28435 MiB, 81920 MiB, 65 %, 89.94 W, 47
2026/09/08 04:10:32.365, 28435 MiB, 81920 MiB, 0 %, 86.93 W, 46
2026/09/08 04:11:02.367, 28435 MiB, 81920 MiB, 4 %, 87.11 W, 47
2026/09/08 04:11:32.370, 28435 MiB, 81920 MiB, 0 %, 90.12 W, 49
2026/09/08 04:12:02.378, 28435 MiB, 81920 MiB, 36 %, 207.84 W, 51
2026/09/08 04:12:32.380, 28435 MiB, 81920 MiB, 36 %, 225.77 W, 49
2026/09/08 04:13:02.381, 28435 MiB, 81920 MiB, 100 %, 149.46 W, 52
2026/09/08 04:13:32.385, 28435 MiB, 81920 MiB, 0 %, 105.09 W, 50
2026/09/08 04:14:02.386, 28435 MiB, 81920 MiB, 92 %, 258.03 W, 52
2026/09/08 04:14:32.387, 28435 MiB, 81920 MiB, 26 %, 85.55 W, 46
2026/09/08 04:15:02.388, 28435 MiB, 81920 MiB, 5 %, 102.43 W, 47
2026/09/08 04:15:32.390, 28435 MiB, 81920 MiB, 53 %, 103.41 W, 49
2026/09/08 04:16:02.391, 28435 MiB, 81920 MiB, 88 %, 362.76 W, 51
2026/09/08 04:16:32.393, 28435 MiB, 81920 MiB, 57 %, 125.89 W, 48
2026/09/08 04:17:02.395, 28435 MiB, 81920 MiB, 0 %, 87.53 W, 47
2026/09/08 04:17:32.396, 28435 MiB, 81920 MiB, 99 %, 303.37 W, 52
2026/09/08 04:18:02.400, 28435 MiB, 81920 MiB, 0 %, 86.99 W, 46
2026/09/08 04:18:32.401, 28435 MiB, 81920 MiB, 0 %, 86.49 W, 46
2026/09/08 04:19:02.402, 28435 MiB, 81920 MiB, 38 %, 69.76 W, 45
2026/09/08 04:19:32.403, 28435 MiB, 81920 MiB, 0 %, 69.50 W, 44
2026/09/08 04:20:02.405, 28435 MiB, 81920 MiB, 59 %, 122.75 W, 49
2026/09/08 04:20:32.407, 28435 MiB, 81920 MiB, 0 %, 86.99 W, 46
2026/09/08 04:21:02.408, 28435 MiB, 81920 MiB, 21 %, 86.58 W, 48
2026/09/08 04:21:32.412, 28435 MiB, 81920 MiB, 87 %, 283.83 W, 53
2026/09/08 04:22:02.414, 28435 MiB, 81920 MiB, 75 %, 132.09 W, 49
2026/09/08 04:22:32.420, 28435 MiB, 81920 MiB, 0 %, 183.88 W, 47
2026/09/08 04:23:02.421, 28435 MiB, 81920 MiB, 87 %, 88.64 W, 51
2026/09/08 04:23:32.423, 28435 MiB, 81920 MiB, 1 %, 132.36 W, 49
2026/09/08 04:24:02.424, 28435 MiB, 81920 MiB, 0 %, 86.30 W, 46
2026/09/08 04:24:32.425, 28435 MiB, 81920 MiB, 78 %, 332.98 W, 52
2026/09/08 04:25:02.427, 28435 MiB, 81920 MiB, 68 %, 117.74 W, 48
2026/09/08 04:25:32.429, 28435 MiB, 81920 MiB, 0 %, 86.30 W, 45
2026/09/08 04:26:02.430, 28435 MiB, 81920 MiB, 60 %, 101.12 W, 47
2026/09/08 04:26:32.431, 28435 MiB, 81920 MiB, 22 %, 198.77 W, 53
2026/09/08 04:27:02.435, 28435 MiB, 81920 MiB, 4 %, 86.49 W, 46
2026/09/08 04:27:32.436, 28435 MiB, 81920 MiB, 0 %, 85.28 W, 45
2026/09/08 04:28:02.438, 28435 MiB, 81920 MiB, 0 %, 86.58 W, 46
2026/09/08 04:28:32.439, 28435 MiB, 81920 MiB, 0 %, 86.21 W, 46
2026/09/08 04:29:02.440, 28435 MiB, 81920 MiB, 33 %, 87.44 W, 47
2026/09/08 04:29:32.442, 28435 MiB, 81920 MiB, 97 %, 301.28 W, 51
2026/09/08 04:30:02.444, 28435 MiB, 81920 MiB, 87 %, 109.96 W, 51
2026/09/08 04:30:32.445, 28435 MiB, 81920 MiB, 44 %, 86.57 W, 46
2026/09/08 04:31:02.447, 28435 MiB, 81920 MiB, 74 %, 183.33 W, 53
2026/09/08 04:31:32.448, 28435 MiB, 81920 MiB, 84 %, 351.11 W, 53
2026/09/08 04:32:02.449, 28435 MiB, 81920 MiB, 85 %, 115.54 W, 48
2026/09/08 04:32:32.451, 28435 MiB, 81920 MiB, 3 %, 165.79 W, 49
2026/09/08 04:33:02.454, 28435 MiB, 81920 MiB, 99 %, 297.43 W, 54
2026/09/08 04:33:32.455, 28435 MiB, 81920 MiB, 27 %, 150.92 W, 52
2026/09/08 04:34:02.457, 28435 MiB, 81920 MiB, 1 %, 169.16 W, 48
2026/09/08 04:34:32.458, 28435 MiB, 81920 MiB, 35 %, 149.89 W, 49
2026/09/08 04:35:02.459, 28435 MiB, 81920 MiB, 70 %, 215.54 W, 53
2026/09/08 04:35:32.461, 28435 MiB, 81920 MiB, 51 %, 87.86 W, 48
2026/09/08 04:36:02.462, 28435 MiB, 81920 MiB, 70 %, 88.04 W, 47
2026/09/08 04:36:32.464, 28435 MiB, 81920 MiB, 39 %, 92.78 W, 49
2026/09/08 04:37:02.466, 28435 MiB, 81920 MiB, 0 %, 86.06 W, 45
2026/09/08 04:37:32.468, 28435 MiB, 81920 MiB, 0 %, 85.70 W, 45
2026/09/08 04:38:02.469, 28435 MiB, 81920 MiB, 33 %, 169.93 W, 48
2026/09/08 04:38:32.470, 28435 MiB, 81920 MiB, 0 %, 85.37 W, 46
2026/09/08 04:39:02.471, 28435 MiB, 81920 MiB, 0 %, 86.21 W, 46
2026/09/08 04:39:32.473, 28435 MiB, 81920 MiB, 1 %, 180.29 W, 50
2026/09/08 04:40:02.474, 28435 MiB, 81920 MiB, 0 %, 86.30 W, 46
2026/09/08 04:40:32.478, 28435 MiB, 81920 MiB, 92 %, 318.17 W, 53
2026/09/08 04:41:02.480, 28435 MiB, 81920 MiB, 0 %, 85.97 W, 45
2026/09/08 04:41:32.482, 28435 MiB, 81920 MiB, 29 %, 287.37 W, 53
2026/09/08 04:42:02.484, 28435 MiB, 81920 MiB, 78 %, 166.49 W, 51
2026/09/08 04:42:32.485, 28435 MiB, 81920 MiB, 15 %, 86.99 W, 46
2026/09/08 04:43:02.486, 28435 MiB, 81920 MiB, 84 %, 261.90 W, 52
2026/09/08 04:43:32.488, 28435 MiB, 81920 MiB, 0 %, 69.83 W, 45
2026/09/08 04:44:02.489, 28435 MiB, 81920 MiB, 2 %, 87.17 W, 46
2026/09/08 04:44:32.490, 28435 MiB, 81920 MiB, 0 %, 86.15 W, 45
2026/09/08 04:45:02.492, 28435 MiB, 81920 MiB, 41 %, 314.26 W, 53
2026/09/08 04:45:32.493, 28435 MiB, 81920 MiB, 64 %, 229.50 W, 53
2026/09/08 04:46:02.494, 28435 MiB, 81920 MiB, 0 %, 86.67 W, 46
2026/09/08 04:46:32.495, 28435 MiB, 81920 MiB, 5 %, 104.39 W, 49
2026/09/08 04:47:02.499, 28435 MiB, 81920 MiB, 0 %, 87.53 W, 47
2026/09/08 04:47:32.500, 28435 MiB, 81920 MiB, 0 %, 86.21 W, 46
2026/09/08 04:48:02.501, 28435 MiB, 81920 MiB, 0 %, 86.99 W, 47
2026/09/08 04:48:32.502, 28435 MiB, 81920 MiB, 82 %, 88.64 W, 48
2026/09/08 04:49:02.503, 28435 MiB, 81920 MiB, 32 %, 86.90 W, 48
2026/09/08 04:49:32.504, 28435 MiB, 81920 MiB, 100 %, 99.42 W, 52
2026/09/08 04:50:02.506, 28435 MiB, 81920 MiB, 30 %, 116.93 W, 49
2026/09/08 04:50:32.507, 28435 MiB, 81920 MiB, 41 %, 197.89 W, 47
2026/09/08 04:51:02.508, 28435 MiB, 81920 MiB, 65 %, 134.35 W, 49
2026/09/08 04:51:32.511, 28435 MiB, 81920 MiB, 53 %, 173.20 W, 48
2026/09/08 04:52:02.513, 28435 MiB, 81920 MiB, 0 %, 69.68 W, 44
2026/09/08 04:52:32.514, 28435 MiB, 81920 MiB, 100 %, 386.44 W, 57
2026/09/08 04:53:02.518, 28435 MiB, 81920 MiB, 0 %, 68.63 W, 42
2026/09/08 04:53:32.520, 28435 MiB, 81920 MiB, 50 %, 285.90 W, 51
2026/09/08 04:54:02.522, 28435 MiB, 81920 MiB, 18 %, 153.04 W, 49
2026/09/08 04:54:32.530, 28435 MiB, 81920 MiB, 0 %, 85.37 W, 45
2026/09/08 04:55:02.532, 28435 MiB, 81920 MiB, 77 %, 122.28 W, 49
2026/09/08 04:55:32.533, 28435 MiB, 81920 MiB, 31 %, 300.95 W, 51
2026/09/08 04:56:02.535, 28435 MiB, 81920 MiB, 86 %, 243.49 W, 51
2026/09/08 04:56:32.537, 28435 MiB, 81920 MiB, 0 %, 86.15 W, 46
2026/09/08 04:57:02.538, 28435 MiB, 81920 MiB, 90 %, 104.88 W, 49
2026/09/08 04:57:32.542, 28435 MiB, 81920 MiB, 5 %, 88.23 W, 48
2026/09/08 04:58:02.544, 28435 MiB, 81920 MiB, 0 %, 84.94 W, 44
2026/09/08 04:58:32.545, 28435 MiB, 81920 MiB, 86 %, 303.08 W, 51
2026/09/08 04:59:02.547, 28435 MiB, 81920 MiB, 0 %, 86.39 W, 46
2026/09/08 04:59:32.549, 28435 MiB, 81920 MiB, 45 %, 104.77 W, 49
2026/09/08 05:00:02.551, 28435 MiB, 81920 MiB, 76 %, 198.03 W, 52
2026/09/08 05:00:32.554, 28435 MiB, 81920 MiB, 29 %, 124.08 W, 49
2026/09/08 05:01:02.557, 28435 MiB, 81920 MiB, 78 %, 351.65 W, 53
2026/09/08 05:01:32.559, 28435 MiB, 81920 MiB, 0 %, 86.48 W, 46
2026/09/08 05:02:02.561, 28435 MiB, 81920 MiB, 37 %, 249.51 W, 50
2026/09/08 05:02:32.563, 28435 MiB, 81920 MiB, 10 %, 120.20 W, 49
2026/09/08 05:03:02.564, 28435 MiB, 81920 MiB, 37 %, 252.69 W, 45
2026/09/08 05:03:32.566, 28435 MiB, 81920 MiB, 66 %, 146.36 W, 49
2026/09/08 05:04:02.567, 28435 MiB, 81920 MiB, 82 %, 282.06 W, 54
2026/09/08 05:04:32.568, 28435 MiB, 81920 MiB, 46 %, 125.89 W, 49
2026/09/08 05:05:02.570, 28435 MiB, 81920 MiB, 2 %, 87.08 W, 46
2026/09/08 05:05:32.571, 28435 MiB, 81920 MiB, 0 %, 86.67 W, 46
2026/09/08 05:06:02.573, 28435 MiB, 81920 MiB, 30 %, 220.57 W, 49
2026/09/08 05:06:32.574, 28435 MiB, 81920 MiB, 0 %, 85.55 W, 46
2026/09/08 05:07:02.576, 28435 MiB, 81920 MiB, 0 %, 69.83 W, 45
2026/09/08 05:07:32.578, 28435 MiB, 81920 MiB, 84 %, 296.84 W, 51
2026/09/08 05:08:02.580, 28435 MiB, 81920 MiB, 81 %, 244.70 W, 51
2026/09/08 05:08:32.582, 28435 MiB, 81920 MiB, 2 %, 274.04 W, 50
2026/09/08 05:09:02.583, 28435 MiB, 81920 MiB, 0 %, 85.46 W, 49
2026/09/08 05:09:32.585, 28435 MiB, 81920 MiB, 72 %, 280.28 W, 51
2026/09/08 05:10:02.586, 28435 MiB, 81920 MiB, 0 %, 86.30 W, 46
2026/09/08 05:10:32.588, 28435 MiB, 81920 MiB, 14 %, 86.49 W, 46
2026/09/08 05:11:02.589, 28435 MiB, 81920 MiB, 40 %, 92.00 W, 50
2026/09/08 05:11:32.590, 28435 MiB, 81920 MiB, 97 %, 104.50 W, 51
2026/09/08 05:12:02.591, 28435 MiB, 81920 MiB, 40 %, 157.29 W, 48
2026/09/08 05:12:32.592, 28435 MiB, 81920 MiB, 55 %, 99.32 W, 47
2026/09/08 05:13:02.593, 28435 MiB, 81920 MiB, 0 %, 87.08 W, 46
2026/09/08 05:13:32.595, 28435 MiB, 81920 MiB, 76 %, 154.79 W, 51
2026/09/08 05:14:02.596, 28435 MiB, 81920 MiB, 5 %, 141.91 W, 52
2026/09/08 05:14:32.597, 28435 MiB, 81920 MiB, 1 %, 86.99 W, 47
2026/09/08 05:15:02.598, 28435 MiB, 81920 MiB, 53 %, 86.99 W, 50
2026/09/08 05:15:32.599, 28435 MiB, 81920 MiB, 81 %, 267.51 W, 54
2026/09/08 05:16:02.608, 28435 MiB, 81920 MiB, 82 %, 278.19 W, 53
2026/09/08 05:16:32.610, 28435 MiB, 81920 MiB, 85 %, 94.68 W, 48
2026/09/08 05:17:02.611, 28435 MiB, 81920 MiB, 77 %, 87.44 W, 48
2026/09/08 05:17:32.612, 28435 MiB, 81920 MiB, 27 %, 87.44 W, 48
2026/09/08 05:18:02.628, 28435 MiB, 81920 MiB, 76 %, 88.97 W, 48
2026/09/08 05:18:32.630, 28435 MiB, 81920 MiB, 90 %, 293.31 W, 54
2026/09/08 05:19:02.631, 28435 MiB, 81920 MiB, 0 %, 86.99 W, 47
2026/09/08 05:19:32.632, 28435 MiB, 81920 MiB, 93 %, 150.20 W, 52
2026/09/08 05:20:02.634, 28435 MiB, 81920 MiB, 35 %, 86.30 W, 47
2026/09/08 05:20:32.635, 28435 MiB, 81920 MiB, 0 %, 86.21 W, 47
2026/09/08 05:21:02.637, 28435 MiB, 81920 MiB, 1 %, 87.86 W, 48
2026/09/08 05:21:32.638, 28435 MiB, 81920 MiB, 48 %, 110.60 W, 49
2026/09/08 05:22:02.641, 28435 MiB, 81920 MiB, 75 %, 286.20 W, 52
2026/09/08 05:22:32.648, 28435 MiB, 81920 MiB, 0 %, 86.76 W, 46
2026/09/08 05:23:02.649, 28435 MiB, 81920 MiB, 16 %, 95.56 W, 49
2026/09/08 05:23:32.651, 28435 MiB, 81920 MiB, 3 %, 87.17 W, 49
2026/09/08 05:24:02.653, 28435 MiB, 81920 MiB, 9 %, 73.45 W, 45
2026/09/08 05:24:32.654, 28435 MiB, 81920 MiB, 24 %, 76.38 W, 45
2026/09/08 05:25:02.655, 28435 MiB, 81920 MiB, 0 %, 86.67 W, 46
2026/09/08 05:25:32.657, 28435 MiB, 81920 MiB, 88 %, 141.31 W, 51
2026/09/08 05:26:02.658, 28435 MiB, 81920 MiB, 35 %, 284.73 W, 47
2026/09/08 05:26:32.660, 28435 MiB, 81920 MiB, 58 %, 124.95 W, 54
2026/09/08 05:27:02.661, 28435 MiB, 81920 MiB, 19 %, 108.53 W, 50
2026/09/08 05:27:32.663, 28435 MiB, 81920 MiB, 56 %, 91.91 W, 48
2026/09/08 05:28:02.665, 28435 MiB, 81920 MiB, 82 %, 111.47 W, 49
2026/09/08 05:28:32.666, 28435 MiB, 81920 MiB, 88 %, 88.37 W, 49
2026/09/08 05:29:02.667, 28435 MiB, 81920 MiB, 40 %, 284.13 W, 54
2026/09/08 05:29:32.673, 28435 MiB, 81920 MiB, 88 %, 88.23 W, 50
2026/09/08 05:30:02.674, 28435 MiB, 81920 MiB, 0 %, 85.64 W, 46
2026/09/08 05:30:32.675, 28435 MiB, 81920 MiB, 33 %, 109.74 W, 49
2026/09/08 05:31:02.676, 28435 MiB, 81920 MiB, 37 %, 300.75 W, 53
2026/09/08 05:31:32.678, 28435 MiB, 81920 MiB, 10 %, 182.98 W, 49
2026/09/08 05:32:02.679, 28435 MiB, 81920 MiB, 27 %, 88.59 W, 48
2026/09/08 05:32:32.682, 28435 MiB, 81920 MiB, 0 %, 86.85 W, 46
2026/09/08 05:33:02.684, 28435 MiB, 81920 MiB, 0 %, 86.57 W, 46
2026/09/08 05:33:32.688, 28435 MiB, 81920 MiB, 13 %, 121.61 W, 47
2026/09/08 05:34:02.691, 28435 MiB, 81920 MiB, 79 %, 327.91 W, 53
2026/09/08 05:34:32.693, 28435 MiB, 81920 MiB, 0 %, 150.37 W, 49
2026/09/08 05:35:02.694, 28435 MiB, 81920 MiB, 41 %, 109.62 W, 49
2026/09/08 05:35:32.695, 28435 MiB, 81920 MiB, 53 %, 125.42 W, 48
2026/09/08 05:36:02.695, 28435 MiB, 81920 MiB, 0 %, 86.06 W, 46
2026/09/08 05:36:32.696, 28435 MiB, 81920 MiB, 85 %, 103.89 W, 52
2026/09/08 05:37:02.698, 28435 MiB, 81920 MiB, 0 %, 86.90 W, 47
2026/09/08 05:37:32.699, 28435 MiB, 81920 MiB, 0 %, 86.30 W, 46
2026/09/08 05:38:02.701, 28435 MiB, 81920 MiB, 45 %, 86.67 W, 46
2026/09/08 05:38:32.703, 28435 MiB, 81920 MiB, 85 %, 225.07 W, 54
2026/09/08 05:39:02.705, 28435 MiB, 81920 MiB, 53 %, 86.99 W, 47
2026/09/08 05:39:32.707, 28435 MiB, 81920 MiB, 21 %, 86.67 W, 47
2026/09/08 05:40:02.708, 28435 MiB, 81920 MiB, 0 %, 69.76 W, 44
2026/09/08 05:40:32.710, 28435 MiB, 81920 MiB, 54 %, 87.26 W, 48
2026/09/08 05:41:02.711, 28435 MiB, 81920 MiB, 29 %, 146.66 W, 49
2026/09/08 05:41:32.712, 28435 MiB, 81920 MiB, 65 %, 210.25 W, 53
2026/09/08 05:42:02.714, 28435 MiB, 81920 MiB, 0 %, 90.21 W, 47
2026/09/08 05:42:32.716, 28435 MiB, 81920 MiB, 14 %, 85.79 W, 46
2026/09/08 05:43:02.718, 28435 MiB, 81920 MiB, 4 %, 93.71 W, 46
2026/09/08 05:43:32.719, 28435 MiB, 81920 MiB, 0 %, 86.39 W, 46
2026/09/08 05:44:02.721, 28435 MiB, 81920 MiB, 61 %, 199.49 W, 51
2026/09/08 05:44:32.723, 28435 MiB, 81920 MiB, 26 %, 86.99 W, 46
2026/09/08 05:45:02.725, 28435 MiB, 81920 MiB, 0 %, 69.83 W, 44
2026/09/08 05:45:32.726, 28435 MiB, 81920 MiB, 100 %, 272.80 W, 52
2026/09/08 05:46:02.727, 28435 MiB, 81920 MiB, 3 %, 86.24 W, 46
2026/09/08 05:46:32.728, 28435 MiB, 81920 MiB, 50 %, 87.35 W, 47
2026/09/08 05:47:02.729, 28435 MiB, 81920 MiB, 0 %, 85.61 W, 46
2026/09/08 05:47:32.730, 28435 MiB, 81920 MiB, 99 %, 306.32 W, 51
2026/09/08 05:48:02.731, 28435 MiB, 81920 MiB, 34 %, 86.48 W, 46
2026/09/08 05:48:32.733, 28435 MiB, 81920 MiB, 0 %, 85.79 W, 46
2026/09/08 05:49:02.734, 28435 MiB, 81920 MiB, 10 %, 107.17 W, 48
2026/09/08 05:49:32.745, 28435 MiB, 81920 MiB, 0 %, 86.30 W, 47
2026/09/08 05:50:02.747, 28435 MiB, 81920 MiB, 1 %, 87.17 W, 49
2026/09/08 05:50:32.748, 28435 MiB, 81920 MiB, 58 %, 85.97 W, 47
2026/09/08 05:51:02.750, 28435 MiB, 81920 MiB, 74 %, 137.17 W, 53
2026/09/08 05:51:32.750, 28435 MiB, 81920 MiB, 29 %, 174.95 W, 50
2026/09/08 05:52:02.752, 28435 MiB, 81920 MiB, 79 %, 178.62 W, 52
2026/09/08 05:52:32.753, 28435 MiB, 81920 MiB, 0 %, 86.06 W, 46
2026/09/08 05:53:02.755, 28435 MiB, 81920 MiB, 2 %, 89.52 W, 47
2026/09/08 05:53:32.756, 28435 MiB, 81920 MiB, 0 %, 69.90 W, 45
2026/09/08 05:54:02.758, 28435 MiB, 81920 MiB, 0 %, 70.24 W, 45
2026/09/08 05:54:32.759, 28435 MiB, 81920 MiB, 55 %, 253.48 W, 50
2026/09/08 05:55:02.763, 28435 MiB, 81920 MiB, 0 %, 86.93 W, 46
2026/09/08 05:55:32.764, 28435 MiB, 81920 MiB, 0 %, 69.97 W, 44
2026/09/08 05:56:02.765, 28435 MiB, 81920 MiB, 95 %, 435.85 W, 55
2026/09/08 05:56:32.766, 28435 MiB, 81920 MiB, 100 %, 97.99 W, 48
2026/09/08 05:57:02.772, 28435 MiB, 81920 MiB, 0 %, 68.77 W, 42
2026/09/08 05:57:32.775, 28435 MiB, 81920 MiB, 0 %, 69.29 W, 43
2026/09/08 05:58:02.776, 28435 MiB, 81920 MiB, 71 %, 301.05 W, 51
2026/09/08 05:58:32.777, 28435 MiB, 81920 MiB, 95 %, 302.77 W, 51
2026/09/08 05:59:02.779, 28435 MiB, 81920 MiB, 64 %, 234.00 W, 49
2026/09/08 05:59:32.782, 28435 MiB, 81920 MiB, 60 %, 171.82 W, 48
2026/09/08 06:00:02.783, 28435 MiB, 81920 MiB, 70 %, 115.67 W, 51
2026/09/08 06:00:32.786, 28435 MiB, 81920 MiB, 62 %, 155.55 W, 49
2026/09/08 06:01:02.787, 28435 MiB, 81920 MiB, 0 %, 86.06 W, 46
2026/09/08 06:01:32.792, 28435 MiB, 81920 MiB, 36 %, 85.10 W, 45
2026/09/08 06:02:02.794, 28435 MiB, 81920 MiB, 67 %, 88.14 W, 47
2026/09/08 06:02:32.795, 28435 MiB, 81920 MiB, 64 %, 117.38 W, 46
2026/09/08 06:03:02.797, 28435 MiB, 81920 MiB, 0 %, 69.50 W, 44
2026/09/08 06:03:32.797, 28435 MiB, 81920 MiB, 0 %, 85.37 W, 46
2026/09/08 06:04:02.798, 28435 MiB, 81920 MiB, 64 %, 186.14 W, 51
2026/09/08 06:04:32.801, 28435 MiB, 81920 MiB, 55 %, 242.61 W, 51
2026/09/08 06:05:02.803, 28435 MiB, 81920 MiB, 7 %, 86.39 W, 48
2026/09/08 06:05:32.804, 28435 MiB, 81920 MiB, 34 %, 186.35 W, 49
2026/09/08 06:06:02.806, 28435 MiB, 81920 MiB, 37 %, 126.35 W, 48
2026/09/08 06:06:32.808, 28435 MiB, 81920 MiB, 31 %, 249.69 W, 50
2026/09/08 06:07:02.810, 28435 MiB, 81920 MiB, 73 %, 105.86 W, 50
2026/09/08 06:07:32.814, 28435 MiB, 81920 MiB, 0 %, 85.97 W, 46
2026/09/08 06:08:02.816, 28435 MiB, 81920 MiB, 44 %, 209.54 W, 50
2026/09/08 06:08:32.817, 28435 MiB, 81920 MiB, 1 %, 232.44 W, 47
2026/09/08 06:09:02.818, 28435 MiB, 81920 MiB, 18 %, 173.47 W, 48
2026/09/08 06:09:32.822, 28435 MiB, 81920 MiB, 0 %, 69.43 W, 45
2026/09/08 06:10:02.823, 28435 MiB, 81920 MiB, 65 %, 166.39 W, 49
2026/09/08 06:10:32.825, 28435 MiB, 81920 MiB, 31 %, 104.77 W, 48
2026/09/08 06:11:02.826, 28435 MiB, 81920 MiB, 1 %, 226.73 W, 49
2026/09/08 06:11:32.828, 28435 MiB, 81920 MiB, 80 %, 134.35 W, 49
2026/09/08 06:12:02.829, 28435 MiB, 81920 MiB, 41 %, 301.35 W, 52
2026/09/08 06:12:32.833, 28435 MiB, 81920 MiB, 53 %, 301.30 W, 52
2026/09/08 06:13:02.835, 28435 MiB, 81920 MiB, 76 %, 88.64 W, 50
2026/09/08 06:13:32.836, 28435 MiB, 81920 MiB, 98 %, 127.22 W, 51
2026/09/08 06:14:02.837, 28435 MiB, 81920 MiB, 79 %, 299.84 W, 52
2026/09/08 06:14:32.850, 28435 MiB, 81920 MiB, 6 %, 123.93 W, 47
2026/09/08 06:15:02.856, 28435 MiB, 81920 MiB, 70 %, 277.00 W, 53
2026/09/08 06:15:32.858, 28435 MiB, 81920 MiB, 36 %, 69.95 W, 46
2026/09/08 06:16:02.860, 28435 MiB, 81920 MiB, 49 %, 87.62 W, 46
2026/09/08 06:16:32.862, 28435 MiB, 81920 MiB, 63 %, 86.99 W, 47
2026/09/08 06:17:02.863, 28435 MiB, 81920 MiB, 32 %, 69.68 W, 46
2026/09/08 06:17:32.865, 28435 MiB, 81920 MiB, 67 %, 252.02 W, 52
2026/09/08 06:18:02.867, 28435 MiB, 81920 MiB, 9 %, 92.10 W, 46
2026/09/08 06:18:32.868, 28435 MiB, 81920 MiB, 98 %, 137.17 W, 49
2026/09/08 06:19:02.870, 28435 MiB, 81920 MiB, 0 %, 85.88 W, 46
2026/09/08 06:19:32.871, 28435 MiB, 81920 MiB, 47 %, 87.68 W, 51
2026/09/08 06:20:02.872, 28435 MiB, 81920 MiB, 49 %, 126.48 W, 48
2026/09/08 06:20:32.874, 28435 MiB, 81920 MiB, 97 %, 223.13 W, 53
2026/09/08 06:21:02.875, 28435 MiB, 81920 MiB, 90 %, 107.22 W, 51
2026/09/08 06:21:32.876, 28435 MiB, 81920 MiB, 0 %, 85.97 W, 47
2026/09/08 06:22:02.889, 28435 MiB, 81920 MiB, 50 %, 88.37 W, 48
2026/09/08 06:22:32.892, 28435 MiB, 81920 MiB, 0 %, 263.37 W, 49
2026/09/08 06:23:02.894, 28435 MiB, 81920 MiB, 0 %, 86.99 W, 47
2026/09/08 06:23:32.895, 28435 MiB, 81920 MiB, 57 %, 87.17 W, 48
2026/09/08 06:24:02.897, 28435 MiB, 81920 MiB, 43 %, 95.56 W, 51
2026/09/08 06:24:32.900, 28435 MiB, 81920 MiB, 45 %, 153.32 W, 51
2026/09/08 06:25:02.902, 28435 MiB, 81920 MiB, 62 %, 101.72 W, 53
2026/09/08 06:25:32.903, 28435 MiB, 81920 MiB, 23 %, 264.89 W, 51
2026/09/08 06:26:02.904, 28435 MiB, 81920 MiB, 99 %, 119.34 W, 53
2026/09/08 06:26:32.909, 28435 MiB, 81920 MiB, 0 %, 85.88 W, 46
2026/09/08 06:27:02.911, 28435 MiB, 81920 MiB, 73 %, 229.88 W, 52
2026/09/08 06:27:32.912, 28435 MiB, 81920 MiB, 0 %, 69.79 W, 46
2026/09/08 06:28:02.913, 28435 MiB, 81920 MiB, 3 %, 296.89 W, 52
2026/09/08 06:28:32.915, 28435 MiB, 81920 MiB, 0 %, 86.24 W, 46
2026/09/08 06:29:02.916, 28435 MiB, 81920 MiB, 51 %, 86.92 W, 47
2026/09/08 06:29:32.918, 28435 MiB, 81920 MiB, 67 %, 111.40 W, 49
2026/09/08 06:30:02.937, 28435 MiB, 81920 MiB, 73 %, 186.31 W, 51
2026/09/08 06:30:32.938, 28435 MiB, 81920 MiB, 62 %, 232.30 W, 51
2026/09/08 06:31:02.940, 28435 MiB, 81920 MiB, 53 %, 240.96 W, 49
2026/09/08 06:31:32.943, 28435 MiB, 81920 MiB, 0 %, 69.65 W, 45
2026/09/08 06:32:02.945, 28435 MiB, 81920 MiB, 0 %, 90.49 W, 46
2026/09/08 06:32:32.947, 28435 MiB, 81920 MiB, 0 %, 85.97 W, 46
2026/09/08 06:33:02.948, 28435 MiB, 81920 MiB, 0 %, 85.55 W, 46
2026/09/08 06:33:32.952, 28435 MiB, 81920 MiB, 63 %, 88.82 W, 48
2026/09/08 06:34:02.953, 28435 MiB, 81920 MiB, 0 %, 69.90 W, 45
2026/09/08 06:34:32.956, 28435 MiB, 81920 MiB, 0 %, 86.76 W, 46
2026/09/08 06:35:02.958, 28435 MiB, 81920 MiB, 0 %, 86.30 W, 46
2026/09/08 06:35:32.959, 28435 MiB, 81920 MiB, 98 %, 106.57 W, 51
2026/09/08 06:36:02.961, 28435 MiB, 81920 MiB, 65 %, 109.73 W, 49
2026/09/08 06:36:32.963, 28435 MiB, 81920 MiB, 0 %, 86.15 W, 47
2026/09/08 06:37:02.964, 28435 MiB, 81920 MiB, 0 %, 85.54 W, 46
2026/09/08 06:37:32.966, 28435 MiB, 81920 MiB, 0 %, 86.92 W, 47
2026/09/08 06:38:02.968, 28435 MiB, 81920 MiB, 67 %, 88.08 W, 48
2026/09/08 06:38:32.969, 28435 MiB, 81920 MiB, 32 %, 195.03 W, 48
2026/09/08 06:39:02.970, 28435 MiB, 81920 MiB, 3 %, 137.12 W, 49
2026/09/08 06:39:32.971, 28435 MiB, 81920 MiB, 0 %, 86.75 W, 46
2026/09/08 06:40:02.972, 28435 MiB, 81920 MiB, 33 %, 204.76 W, 50
2026/09/08 06:40:32.976, 28435 MiB, 81920 MiB, 0 %, 69.51 W, 44
2026/09/08 06:41:02.978, 28435 MiB, 81920 MiB, 0 %, 86.24 W, 45
2026/09/08 06:41:32.980, 28435 MiB, 81920 MiB, 8 %, 86.39 W, 46
2026/09/08 06:42:02.982, 28435 MiB, 81920 MiB, 83 %, 288.57 W, 51
2026/09/08 06:42:32.983, 28435 MiB, 81920 MiB, 83 %, 89.33 W, 50
2026/09/08 06:43:02.985, 28435 MiB, 81920 MiB, 76 %, 119.34 W, 48
2026/09/08 06:43:32.987, 28435 MiB, 81920 MiB, 89 %, 287.38 W, 52
2026/09/08 06:44:02.988, 28435 MiB, 81920 MiB, 0 %, 86.99 W, 47
2026/09/08 06:44:32.989, 28435 MiB, 81920 MiB, 98 %, 225.30 W, 55
2026/09/08 06:45:02.991, 28435 MiB, 81920 MiB, 67 %, 102.59 W, 52
2026/09/08 06:45:32.993, 28435 MiB, 81920 MiB, 0 %, 86.06 W, 46
2026/09/08 06:46:02.994, 28435 MiB, 81920 MiB, 77 %, 297.47 W, 53
2026/09/08 06:46:32.996, 28435 MiB, 81920 MiB, 55 %, 302.18 W, 51
2026/09/08 06:47:02.998, 28435 MiB, 81920 MiB, 0 %, 70.43 W, 45
2026/09/08 06:47:33.000, 28435 MiB, 81920 MiB, 90 %, 93.11 W, 51
2026/09/08 06:48:03.001, 28435 MiB, 81920 MiB, 0 %, 86.67 W, 46
2026/09/08 06:48:33.002, 28435 MiB, 81920 MiB, 72 %, 89.24 W, 49
2026/09/08 06:49:03.004, 28435 MiB, 81920 MiB, 58 %, 109.89 W, 49
2026/09/08 06:49:33.007, 28435 MiB, 81920 MiB, 1 %, 88.37 W, 46
2026/09/08 06:50:03.014, 28435 MiB, 81920 MiB, 95 %, 240.81 W, 49
2026/09/08 06:50:33.016, 28435 MiB, 81920 MiB, 33 %, 110.93 W, 49
2026/09/08 06:51:03.017, 28435 MiB, 81920 MiB, 86 %, 89.57 W, 48
2026/09/08 06:51:33.018, 28435 MiB, 81920 MiB, 3 %, 85.88 W, 46
2026/09/08 06:52:03.020, 28435 MiB, 81920 MiB, 0 %, 85.72 W, 46
2026/09/08 06:52:33.021, 28435 MiB, 81920 MiB, 0 %, 86.33 W, 45
2026/09/08 06:53:03.022, 28435 MiB, 81920 MiB, 0 %, 69.37 W, 44
2026/09/08 06:53:33.024, 28435 MiB, 81920 MiB, 35 %, 86.33 W, 46
2026/09/08 06:54:03.025, 28435 MiB, 81920 MiB, 0 %, 69.37 W, 44
2026/09/08 06:54:33.026, 28435 MiB, 81920 MiB, 61 %, 247.44 W, 50
2026/09/08 06:55:03.028, 28435 MiB, 81920 MiB, 0 %, 87.35 W, 47
2026/09/08 06:55:33.031, 28435 MiB, 81920 MiB, 75 %, 90.99 W, 48
2026/09/08 06:56:03.033, 28435 MiB, 81920 MiB, 58 %, 87.62 W, 48
2026/09/08 06:56:33.035, 28435 MiB, 81920 MiB, 29 %, 115.43 W, 49
2026/09/08 06:57:03.037, 28435 MiB, 81920 MiB, 3 %, 86.33 W, 46
2026/09/08 06:57:33.039, 28435 MiB, 81920 MiB, 29 %, 86.33 W, 47
2026/09/08 06:58:03.040, 28435 MiB, 81920 MiB, 65 %, 300.73 W, 51
2026/09/08 06:58:33.042, 28435 MiB, 81920 MiB, 65 %, 179.51 W, 54
2026/09/08 06:59:03.046, 28435 MiB, 81920 MiB, 0 %, 86.24 W, 46
2026/09/08 06:59:33.049, 28435 MiB, 81920 MiB, 0 %, 69.57 W, 45
2026/09/08 07:00:03.051, 28435 MiB, 81920 MiB, 47 %, 169.96 W, 53
2026/09/08 07:00:33.052, 28435 MiB, 81920 MiB, 100 %, 96.48 W, 47
2026/09/08 07:01:03.054, 28435 MiB, 81920 MiB, 0 %, 68.90 W, 42
2026/09/08 07:01:33.055, 28435 MiB, 81920 MiB, 42 %, 86.67 W, 45
2026/09/08 07:02:03.058, 28435 MiB, 81920 MiB, 3 %, 85.79 W, 45
2026/09/08 07:02:33.059, 28435 MiB, 81920 MiB, 84 %, 94.21 W, 48
2026/09/08 07:03:03.061, 28435 MiB, 81920 MiB, 67 %, 114.35 W, 48
2026/09/08 07:03:33.063, 28435 MiB, 81920 MiB, 57 %, 168.56 W, 49
2026/09/08 07:04:03.064, 28435 MiB, 81920 MiB, 78 %, 286.20 W, 54
2026/09/08 07:04:33.066, 28435 MiB, 81920 MiB, 85 %, 92.00 W, 48
2026/09/08 07:05:03.068, 28435 MiB, 81920 MiB, 33 %, 187.63 W, 50
2026/09/08 07:05:33.069, 28435 MiB, 81920 MiB, 90 %, 279.37 W, 53
2026/09/08 07:06:03.070, 28435 MiB, 81920 MiB, 95 %, 138.46 W, 49
2026/09/08 07:06:33.071, 28435 MiB, 81920 MiB, 0 %, 69.15 W, 44
2026/09/08 07:07:03.072, 28435 MiB, 81920 MiB, 0 %, 86.39 W, 46
2026/09/08 07:07:33.076, 28435 MiB, 81920 MiB, 0 %, 85.46 W, 45
2026/09/08 07:08:03.078, 28435 MiB, 81920 MiB, 65 %, 97.95 W, 49
2026/09/08 07:08:33.079, 28435 MiB, 81920 MiB, 39 %, 300.72 W, 52
2026/09/08 07:09:03.080, 28435 MiB, 81920 MiB, 0 %, 85.46 W, 49
2026/09/08 07:09:33.081, 28435 MiB, 81920 MiB, 83 %, 300.11 W, 54
2026/09/08 07:10:03.082, 28435 MiB, 81920 MiB, 45 %, 199.69 W, 49
2026/09/08 07:10:33.085, 28435 MiB, 81920 MiB, 0 %, 71.50 W, 45
2026/09/08 07:11:03.086, 28435 MiB, 81920 MiB, 69 %, 129.56 W, 50
2026/09/08 07:11:33.088, 28435 MiB, 81920 MiB, 1 %, 110.72 W, 47
2026/09/08 07:12:03.089, 28435 MiB, 81920 MiB, 29 %, 299.48 W, 52
2026/09/08 07:12:33.090, 28435 MiB, 81920 MiB, 43 %, 89.66 W, 49
2026/09/08 07:13:03.091, 28435 MiB, 81920 MiB, 0 %, 86.30 W, 48
2026/09/08 07:13:33.093, 28435 MiB, 81920 MiB, 50 %, 122.28 W, 50
2026/09/08 07:14:03.095, 28435 MiB, 81920 MiB, 0 %, 86.39 W, 46
2026/09/08 07:14:33.096, 28435 MiB, 81920 MiB, 70 %, 130.30 W, 48
2026/09/08 07:15:03.097, 28435 MiB, 81920 MiB, 63 %, 204.52 W, 48
2026/09/08 07:15:33.099, 28435 MiB, 81920 MiB, 100 %, 301.26 W, 52
2026/09/08 07:16:03.100, 28435 MiB, 81920 MiB, 46 %, 86.57 W, 47
2026/09/08 07:16:33.101, 28435 MiB, 81920 MiB, 78 %, 87.62 W, 48
2026/09/08 07:17:03.102, 28435 MiB, 81920 MiB, 90 %, 87.99 W, 49
2026/09/08 07:17:33.104, 28435 MiB, 81920 MiB, 0 %, 85.97 W, 46
2026/09/08 07:18:03.105, 28435 MiB, 81920 MiB, 75 %, 294.18 W, 51
2026/09/08 07:18:33.106, 28435 MiB, 81920 MiB, 58 %, 263.92 W, 52
2026/09/08 07:19:03.115, 28435 MiB, 81920 MiB, 37 %, 86.24 W, 49
2026/09/08 07:19:33.117, 28435 MiB, 81920 MiB, 57 %, 86.67 W, 47
2026/09/08 07:20:03.118, 28435 MiB, 81920 MiB, 46 %, 82.61 W, 45
2026/09/08 07:20:33.120, 28435 MiB, 81920 MiB, 3 %, 265.81 W, 46
2026/09/08 07:21:03.121, 28435 MiB, 81920 MiB, 0 %, 87.78 W, 46
2026/09/08 07:21:33.123, 28435 MiB, 81920 MiB, 0 %, 69.95 W, 45
2026/09/08 07:22:03.124, 28435 MiB, 81920 MiB, 39 %, 85.70 W, 45
2026/09/08 07:22:33.126, 28435 MiB, 81920 MiB, 0 %, 88.37 W, 46
2026/09/08 07:23:03.127, 28435 MiB, 81920 MiB, 0 %, 86.58 W, 47
2026/09/08 07:23:33.129, 28435 MiB, 81920 MiB, 53 %, 246.15 W, 51
2026/09/08 07:24:03.130, 28435 MiB, 81920 MiB, 82 %, 275.19 W, 55
2026/09/08 07:24:33.132, 28435 MiB, 81920 MiB, 38 %, 86.67 W, 51
2026/09/08 07:25:03.134, 28435 MiB, 81920 MiB, 85 %, 276.99 W, 52
2026/09/08 07:25:33.135, 28435 MiB, 81920 MiB, 75 %, 257.29 W, 54
2026/09/08 07:26:03.137, 28435 MiB, 81920 MiB, 38 %, 284.10 W, 53
2026/09/08 07:26:33.138, 28435 MiB, 81920 MiB, 42 %, 86.42 W, 49
2026/09/08 07:27:03.139, 28435 MiB, 81920 MiB, 14 %, 184.51 W, 48
2026/09/08 07:27:33.142, 28435 MiB, 81920 MiB, 81 %, 87.53 W, 48
2026/09/08 07:28:03.144, 28435 MiB, 81920 MiB, 0 %, 86.83 W, 47
2026/09/08 07:28:33.145, 28435 MiB, 81920 MiB, 21 %, 175.30 W, 50
2026/09/08 07:29:03.147, 28435 MiB, 81920 MiB, 75 %, 88.32 W, 49
2026/09/08 07:29:33.148, 28435 MiB, 81920 MiB, 47 %, 105.09 W, 50
2026/09/08 07:30:03.150, 28435 MiB, 81920 MiB, 86 %, 288.56 W, 55
2026/09/08 07:30:33.151, 28435 MiB, 81920 MiB, 84 %, 104.60 W, 51
2026/09/08 07:31:03.152, 28435 MiB, 81920 MiB, 0 %, 86.33 W, 46
2026/09/08 07:31:33.154, 28435 MiB, 81920 MiB, 66 %, 150.36 W, 49
2026/09/08 07:32:03.156, 28435 MiB, 81920 MiB, 56 %, 307.00 W, 52
2026/09/08 07:32:33.157, 28435 MiB, 81920 MiB, 81 %, 247.78 W, 52
2026/09/08 07:33:03.158, 28435 MiB, 81920 MiB, 7 %, 276.95 W, 47
2026/09/08 07:33:33.159, 28435 MiB, 81920 MiB, 78 %, 87.29 W, 48
2026/09/08 07:34:03.162, 28435 MiB, 81920 MiB, 28 %, 302.30 W, 52
2026/09/08 07:34:33.164, 28435 MiB, 81920 MiB, 0 %, 70.12 W, 45
2026/09/08 07:35:03.166, 28435 MiB, 81920 MiB, 74 %, 87.80 W, 49
2026/09/08 07:35:33.169, 28435 MiB, 81920 MiB, 16 %, 191.95 W, 51
2026/09/08 07:36:03.170, 28435 MiB, 81920 MiB, 16 %, 305.51 W, 51
2026/09/08 07:36:33.172, 28435 MiB, 81920 MiB, 57 %, 88.59 W, 48
2026/09/08 07:37:03.174, 28435 MiB, 81920 MiB, 0 %, 86.83 W, 46
2026/09/08 07:37:33.175, 28435 MiB, 81920 MiB, 71 %, 302.55 W, 50
2026/09/08 07:38:03.176, 28435 MiB, 81920 MiB, 4 %, 86.92 W, 47
2026/09/08 07:38:33.177, 28435 MiB, 81920 MiB, 0 %, 86.42 W, 46
2026/09/08 07:39:03.178, 28435 MiB, 81920 MiB, 85 %, 302.20 W, 53
2026/09/08 07:39:33.179, 28435 MiB, 81920 MiB, 52 %, 86.57 W, 47
2026/09/08 07:40:03.180, 28435 MiB, 81920 MiB, 0 %, 86.15 W, 46
2026/09/08 07:40:33.182, 28435 MiB, 81920 MiB, 13 %, 86.67 W, 46
2026/09/08 07:41:03.184, 28435 MiB, 81920 MiB, 39 %, 85.10 W, 49
2026/09/08 07:41:33.185, 28435 MiB, 81920 MiB, 0 %, 86.21 W, 46
2026/09/08 07:42:03.187, 28435 MiB, 81920 MiB, 42 %, 191.49 W, 49
2026/09/08 07:42:33.188, 28435 MiB, 81920 MiB, 58 %, 130.43 W, 51
2026/09/08 07:43:03.189, 28435 MiB, 81920 MiB, 93 %, 289.74 W, 54
2026/09/08 07:43:33.191, 28435 MiB, 81920 MiB, 66 %, 173.56 W, 53
2026/09/08 07:44:03.192, 28435 MiB, 81920 MiB, 71 %, 221.71 W, 52
2026/09/08 07:44:33.193, 28435 MiB, 81920 MiB, 0 %, 86.92 W, 47
2026/09/08 07:45:03.195, 28435 MiB, 81920 MiB, 92 %, 246.29 W, 51
2026/09/08 07:45:33.196, 28435 MiB, 81920 MiB, 25 %, 111.62 W, 51
2026/09/08 07:46:03.198, 28435 MiB, 81920 MiB, 0 %, 86.32 W, 45
2026/09/08 07:46:33.199, 28435 MiB, 81920 MiB, 38 %, 110.78 W, 50
2026/09/08 07:47:03.201, 28435 MiB, 81920 MiB, 66 %, 87.62 W, 47
2026/09/08 07:47:33.203, 28435 MiB, 81920 MiB, 59 %, 226.60 W, 49
2026/09/08 07:48:03.203, 28435 MiB, 81920 MiB, 1 %, 87.08 W, 47
2026/09/08 07:48:33.205, 28435 MiB, 81920 MiB, 0 %, 86.67 W, 46
2026/09/08 07:49:03.211, 28435 MiB, 81920 MiB, 60 %, 116.81 W, 47
2026/09/08 07:49:33.213, 28435 MiB, 81920 MiB, 31 %, 104.39 W, 49
2026/09/08 07:50:03.214, 28435 MiB, 81920 MiB, 45 %, 87.17 W, 47
2026/09/08 07:50:33.215, 28435 MiB, 81920 MiB, 3 %, 124.22 W, 48
2026/09/08 07:51:03.217, 28435 MiB, 81920 MiB, 78 %, 324.97 W, 51
2026/09/08 07:51:33.219, 28435 MiB, 81920 MiB, 0 %, 86.67 W, 46
2026/09/08 07:52:03.221, 28435 MiB, 81920 MiB, 82 %, 139.51 W, 50
2026/09/08 07:52:33.222, 28435 MiB, 81920 MiB, 26 %, 168.88 W, 49
2026/09/08 07:53:03.224, 28435 MiB, 81920 MiB, 37 %, 91.04 W, 47
2026/09/08 07:53:33.225, 28435 MiB, 81920 MiB, 76 %, 104.99 W, 50
2026/09/08 07:54:03.227, 28435 MiB, 81920 MiB, 89 %, 119.34 W, 52
2026/09/08 07:54:33.228, 28435 MiB, 81920 MiB, 36 %, 86.30 W, 47
2026/09/08 07:55:03.230, 28435 MiB, 81920 MiB, 0 %, 86.30 W, 46
2026/09/08 07:55:33.231, 28435 MiB, 81920 MiB, 26 %, 186.63 W, 47
2026/09/08 07:56:03.234, 28435 MiB, 81920 MiB, 0 %, 86.39 W, 46
2026/09/08 07:56:33.236, 28435 MiB, 81920 MiB, 45 %, 114.97 W, 46
2026/09/08 07:57:03.237, 28435 MiB, 81920 MiB, 73 %, 194.56 W, 48
2026/09/08 07:57:33.238, 28435 MiB, 81920 MiB, 99 %, 331.82 W, 53
2026/09/08 07:58:03.239, 28435 MiB, 81920 MiB, 36 %, 108.82 W, 48
2026/09/08 07:58:33.241, 28435 MiB, 81920 MiB, 6 %, 132.77 W, 48
2026/09/08 07:59:03.242, 28435 MiB, 81920 MiB, 13 %, 98.39 W, 49
2026/09/08 07:59:33.243, 28435 MiB, 81920 MiB, 20 %, 139.64 W, 49
2026/09/08 08:00:03.245, 28435 MiB, 81920 MiB, 20 %, 87.01 W, 47
2026/09/08 08:00:33.246, 28435 MiB, 81920 MiB, 0 %, 93.69 W, 46
2026/09/08 08:01:03.248, 28435 MiB, 81920 MiB, 47 %, 199.52 W, 48
2026/09/08 08:01:33.249, 28435 MiB, 81920 MiB, 92 %, 262.11 W, 52
2026/09/08 08:02:03.251, 28435 MiB, 81920 MiB, 42 %, 150.68 W, 49
2026/09/08 08:02:33.252, 28435 MiB, 81920 MiB, 9 %, 224.62 W, 50
2026/09/08 08:03:03.253, 28435 MiB, 81920 MiB, 56 %, 297.46 W, 50
2026/09/08 08:03:33.257, 28435 MiB, 81920 MiB, 84 %, 172.00 W, 50
2026/09/08 08:04:03.259, 28435 MiB, 81920 MiB, 50 %, 282.64 W, 49
2026/09/08 08:04:33.260, 28435 MiB, 81920 MiB, 15 %, 86.33 W, 47
2026/09/08 08:05:03.262, 28435 MiB, 81920 MiB, 0 %, 69.08 W, 43
2026/09/08 08:05:33.263, 28435 MiB, 81920 MiB, 3 %, 68.56 W, 41
2026/09/08 08:06:03.265, 28435 MiB, 81920 MiB, 72 %, 165.72 W, 51
2026/09/08 08:06:33.266, 28435 MiB, 81920 MiB, 51 %, 118.73 W, 46
2026/09/08 08:07:03.268, 28435 MiB, 81920 MiB, 0 %, 86.30 W, 46
2026/09/08 08:07:33.269, 28435 MiB, 81920 MiB, 0 %, 86.15 W, 45
2026/09/08 08:08:03.271, 28435 MiB, 81920 MiB, 1 %, 86.15 W, 46
2026/09/08 08:08:33.272, 28435 MiB, 81920 MiB, 68 %, 89.07 W, 48
2026/09/08 08:09:03.274, 28435 MiB, 81920 MiB, 61 %, 91.22 W, 46
2026/09/08 08:09:33.276, 28435 MiB, 81920 MiB, 99 %, 316.65 W, 53
2026/09/08 08:10:03.278, 28435 MiB, 81920 MiB, 0 %, 85.46 W, 46
2026/09/08 08:10:33.279, 28435 MiB, 81920 MiB, 85 %, 95.28 W, 47
2026/09/08 08:11:03.280, 28435 MiB, 81920 MiB, 50 %, 280.28 W, 48
2026/09/08 08:11:33.281, 28435 MiB, 81920 MiB, 55 %, 86.30 W, 47
2026/09/08 08:12:03.283, 28435 MiB, 81920 MiB, 0 %, 86.67 W, 47
2026/09/08 08:12:33.284, 28435 MiB, 81920 MiB, 32 %, 86.58 W, 46
2026/09/08 08:13:03.285, 28435 MiB, 81920 MiB, 0 %, 86.39 W, 46
2026/09/08 08:13:33.286, 28435 MiB, 81920 MiB, 38 %, 86.48 W, 47
2026/09/08 08:14:03.290, 28435 MiB, 81920 MiB, 0 %, 85.46 W, 46
2026/09/08 08:14:33.291, 28435 MiB, 81920 MiB, 0 %, 114.02 W, 48
2026/09/08 08:15:03.293, 28435 MiB, 81920 MiB, 30 %, 86.99 W, 46
2026/09/08 08:15:33.294, 28435 MiB, 81920 MiB, 5 %, 135.97 W, 48
2026/09/08 08:16:03.296, 28435 MiB, 81920 MiB, 27 %, 156.42 W, 50
2026/09/08 08:16:33.297, 28435 MiB, 81920 MiB, 76 %, 96.98 W, 50
2026/09/08 08:17:03.299, 28435 MiB, 81920 MiB, 63 %, 109.73 W, 48
2026/09/08 08:17:33.303, 28435 MiB, 81920 MiB, 46 %, 298.36 W, 51
2026/09/08 08:18:03.305, 28435 MiB, 81920 MiB, 33 %, 130.95 W, 50
2026/09/08 08:18:33.309, 28435 MiB, 81920 MiB, 7 %, 86.90 W, 48
2026/09/08 08:19:03.310, 28435 MiB, 81920 MiB, 80 %, 195.50 W, 51
2026/09/08 08:19:33.312, 28435 MiB, 81920 MiB, 2 %, 86.06 W, 47
2026/09/08 08:20:03.314, 28435 MiB, 81920 MiB, 24 %, 95.28 W, 48
2026/09/08 08:20:33.315, 28435 MiB, 81920 MiB, 0 %, 86.39 W, 46
2026/09/08 08:21:03.317, 28435 MiB, 81920 MiB, 23 %, 286.20 W, 50
2026/09/08 08:21:33.318, 28435 MiB, 81920 MiB, 0 %, 69.83 W, 45
2026/09/08 08:22:03.319, 28435 MiB, 81920 MiB, 32 %, 300.15 W, 51
2026/09/08 08:22:33.321, 28435 MiB, 81920 MiB, 21 %, 297.77 W, 51
2026/09/08 08:23:03.326, 28435 MiB, 81920 MiB, 28 %, 87.35 W, 47
2026/09/08 08:23:33.328, 28435 MiB, 81920 MiB, 77 %, 104.07 W, 50
2026/09/08 08:24:03.330, 28435 MiB, 81920 MiB, 96 %, 123.68 W, 52
2026/09/08 08:24:33.332, 28435 MiB, 81920 MiB, 0 %, 86.67 W, 46
2026/09/08 08:25:03.333, 28435 MiB, 81920 MiB, 85 %, 88.46 W, 49
2026/09/08 08:25:33.335, 28435 MiB, 81920 MiB, 1 %, 199.09 W, 48
2026/09/08 08:26:03.337, 28435 MiB, 81920 MiB, 28 %, 69.68 W, 46
2026/09/08 08:26:33.338, 28435 MiB, 81920 MiB, 59 %, 111.92 W, 49
2026/09/08 08:27:03.340, 28435 MiB, 81920 MiB, 26 %, 190.49 W, 50
2026/09/08 08:27:33.341, 28435 MiB, 81920 MiB, 0 %, 286.17 W, 51
2026/09/08 08:28:03.342, 28435 MiB, 81920 MiB, 86 %, 354.05 W, 52
2026/09/08 08:28:33.343, 28435 MiB, 81920 MiB, 72 %, 351.11 W, 53
2026/09/08 08:29:03.345, 28435 MiB, 81920 MiB, 87 %, 303.70 W, 53
2026/09/08 08:29:33.346, 28435 MiB, 81920 MiB, 83 %, 319.97 W, 53
2026/09/08 08:30:03.348, 28435 MiB, 81920 MiB, 64 %, 213.30 W, 51
2026/09/08 08:30:33.349, 28435 MiB, 81920 MiB, 79 %, 276.70 W, 51
2026/09/08 08:31:03.355, 28435 MiB, 81920 MiB, 36 %, 87.35 W, 47
2026/09/08 08:31:33.357, 28435 MiB, 81920 MiB, 91 %, 147.71 W, 51
2026/09/08 08:32:03.358, 28435 MiB, 81920 MiB, 98 %, 302.18 W, 53
2026/09/08 08:32:33.359, 28435 MiB, 81920 MiB, 0 %, 86.58 W, 46
2026/09/08 08:33:03.360, 28435 MiB, 81920 MiB, 81 %, 87.62 W, 48
2026/09/08 08:33:33.362, 28435 MiB, 81920 MiB, 3 %, 86.39 W, 47
2026/09/08 08:34:03.364, 28435 MiB, 81920 MiB, 10 %, 90.12 W, 48
2026/09/08 08:34:33.369, 28435 MiB, 81920 MiB, 54 %, 87.78 W, 49
2026/09/08 08:35:03.371, 28435 MiB, 81920 MiB, 83 %, 271.96 W, 53
2026/09/08 08:35:33.372, 28435 MiB, 81920 MiB, 0 %, 89.47 W, 47
2026/09/08 08:36:03.374, 28435 MiB, 81920 MiB, 64 %, 287.37 W, 55
2026/09/08 08:36:33.377, 28435 MiB, 81920 MiB, 0 %, 86.15 W, 46
2026/09/08 08:37:03.379, 28435 MiB, 81920 MiB, 0 %, 86.06 W, 46
2026/09/08 08:37:33.380, 28435 MiB, 81920 MiB, 13 %, 92.10 W, 49
2026/09/08 08:38:03.384, 28435 MiB, 81920 MiB, 0 %, 86.15 W, 47
2026/09/08 08:38:33.387, 28435 MiB, 81920 MiB, 32 %, 127.03 W, 50
2026/09/08 08:39:03.389, 28435 MiB, 81920 MiB, 26 %, 86.30 W, 46
2026/09/08 08:39:33.391, 28435 MiB, 81920 MiB, 31 %, 102.21 W, 50
2026/09/08 08:40:03.393, 28435 MiB, 81920 MiB, 83 %, 226.96 W, 51
2026/09/08 08:40:33.394, 28435 MiB, 81920 MiB, 0 %, 69.76 W, 45
2026/09/08 08:41:03.395, 28435 MiB, 81920 MiB, 0 %, 129.56 W, 47
2026/09/08 08:41:33.397, 28435 MiB, 81920 MiB, 78 %, 234.61 W, 52
2026/09/08 08:42:03.398, 28435 MiB, 81920 MiB, 32 %, 88.04 W, 48
2026/09/08 08:42:33.400, 28435 MiB, 81920 MiB, 69 %, 96.98 W, 47
2026/09/08 08:43:03.401, 28435 MiB, 81920 MiB, 30 %, 130.76 W, 47
2026/09/08 08:43:33.402, 28435 MiB, 81920 MiB, 0 %, 86.48 W, 46
2026/09/08 08:44:03.404, 28435 MiB, 81920 MiB, 0 %, 86.81 W, 46
2026/09/08 08:44:33.405, 28435 MiB, 81920 MiB, 71 %, 94.68 W, 49
2026/09/08 08:45:03.406, 28435 MiB, 81920 MiB, 0 %, 69.36 W, 44
2026/09/08 08:45:33.408, 28435 MiB, 81920 MiB, 44 %, 87.62 W, 48
2026/09/08 08:46:03.409, 28435 MiB, 81920 MiB, 14 %, 168.56 W, 50
2026/09/08 08:46:33.411, 28435 MiB, 81920 MiB, 47 %, 274.61 W, 52
2026/09/08 08:47:03.413, 28435 MiB, 81920 MiB, 69 %, 299.82 W, 51
2026/09/08 08:47:33.415, 28435 MiB, 81920 MiB, 93 %, 89.85 W, 51
2026/09/08 08:48:03.418, 28435 MiB, 81920 MiB, 2 %, 112.63 W, 48
2026/09/08 08:48:33.419, 28435 MiB, 81920 MiB, 0 %, 86.48 W, 46
2026/09/08 08:49:03.420, 28435 MiB, 81920 MiB, 0 %, 85.88 W, 46
2026/09/08 08:49:33.421, 28435 MiB, 81920 MiB, 49 %, 97.65 W, 48
2026/09/08 08:50:03.422, 28435 MiB, 81920 MiB, 2 %, 86.93 W, 46
2026/09/08 08:50:33.425, 28435 MiB, 81920 MiB, 85 %, 128.02 W, 52
2026/09/08 08:51:03.426, 28435 MiB, 81920 MiB, 100 %, 204.55 W, 51
2026/09/08 08:51:33.427, 28435 MiB, 81920 MiB, 43 %, 104.11 W, 50
2026/09/08 08:52:03.429, 28435 MiB, 81920 MiB, 69 %, 288.89 W, 52
2026/09/08 08:52:33.430, 28435 MiB, 81920 MiB, 0 %, 86.33 W, 46
2026/09/08 08:53:03.431, 28435 MiB, 81920 MiB, 81 %, 113.02 W, 47
2026/09/08 08:53:33.434, 28435 MiB, 81920 MiB, 71 %, 148.71 W, 49
2026/09/08 08:54:03.438, 28435 MiB, 81920 MiB, 0 %, 86.51 W, 46
2026/09/08 08:54:33.440, 28435 MiB, 81920 MiB, 0 %, 70.04 W, 45
2026/09/08 08:55:03.441, 28435 MiB, 81920 MiB, 0 %, 86.85 W, 46
2026/09/08 08:55:33.442, 28435 MiB, 81920 MiB, 34 %, 210.41 W, 48
2026/09/08 08:56:03.443, 28435 MiB, 81920 MiB, 54 %, 87.53 W, 47
2026/09/08 08:56:33.445, 28435 MiB, 81920 MiB, 58 %, 125.08 W, 49
2026/09/08 08:57:03.448, 28435 MiB, 81920 MiB, 0 %, 86.33 W, 46
2026/09/08 08:57:33.449, 28435 MiB, 81920 MiB, 0 %, 86.93 W, 47
2026/09/08 08:58:03.452, 28435 MiB, 81920 MiB, 76 %, 201.00 W, 51
2026/09/08 08:58:33.453, 28435 MiB, 81920 MiB, 71 %, 198.92 W, 53
2026/09/08 08:59:03.455, 28435 MiB, 81920 MiB, 22 %, 87.62 W, 48
2026/09/08 08:59:33.457, 28435 MiB, 81920 MiB, 61 %, 224.66 W, 49
2026/09/08 09:00:03.458, 28435 MiB, 81920 MiB, 42 %, 86.57 W, 46
2026/09/08 09:00:33.459, 28435 MiB, 81920 MiB, 4 %, 87.53 W, 45
2026/09/08 09:01:03.461, 28435 MiB, 81920 MiB, 0 %, 85.37 W, 45
2026/09/08 09:01:33.462, 28435 MiB, 81920 MiB, 0 %, 84.95 W, 45
2026/09/08 09:02:03.465, 28435 MiB, 81920 MiB, 3 %, 69.43 W, 44
2026/09/08 09:02:33.467, 28435 MiB, 81920 MiB, 35 %, 220.70 W, 48
2026/09/08 09:03:03.468, 28435 MiB, 81920 MiB, 86 %, 255.90 W, 51
2026/09/08 09:03:33.469, 28435 MiB, 81920 MiB, 1 %, 124.06 W, 49
2026/09/08 09:04:03.471, 28435 MiB, 81920 MiB, 87 %, 301.05 W, 52
2026/09/08 09:04:33.472, 28435 MiB, 81920 MiB, 90 %, 331.60 W, 52
2026/09/08 09:05:03.474, 28435 MiB, 81920 MiB, 99 %, 303.42 W, 51
2026/09/08 09:05:33.475, 28435 MiB, 81920 MiB, 0 %, 87.26 W, 47
2026/09/08 09:06:03.477, 28435 MiB, 81920 MiB, 41 %, 301.57 W, 53
2026/09/08 09:06:33.481, 28435 MiB, 81920 MiB, 0 %, 86.67 W, 46
2026/09/08 09:07:03.483, 28435 MiB, 81920 MiB, 70 %, 383.26 W, 52
2026/09/08 09:07:33.485, 28435 MiB, 81920 MiB, 40 %, 259.17 W, 52
2026/09/08 09:08:03.485, 28435 MiB, 81920 MiB, 65 %, 89.24 W, 47
2026/09/08 09:08:33.487, 28435 MiB, 81920 MiB, 48 %, 142.78 W, 50
2026/09/08 09:09:03.489, 28435 MiB, 81920 MiB, 59 %, 122.95 W, 49
2026/09/08 09:09:33.493, 28435 MiB, 81920 MiB, 0 %, 68.90 W, 43
2026/09/08 09:10:03.495, 28435 MiB, 81920 MiB, 0 %, 69.15 W, 42
2026/09/08 09:10:33.496, 28435 MiB, 81920 MiB, 30 %, 87.62 W, 48
2026/09/08 09:11:03.497, 28435 MiB, 81920 MiB, 58 %, 87.53 W, 49
2026/09/08 09:11:33.498, 28435 MiB, 81920 MiB, 0 %, 86.15 W, 45
2026/09/08 09:12:03.499, 28435 MiB, 81920 MiB, 0 %, 85.79 W, 45
2026/09/08 09:12:33.501, 28435 MiB, 81920 MiB, 7 %, 87.26 W, 47
2026/09/08 09:13:03.503, 28435 MiB, 81920 MiB, 86 %, 87.78 W, 48
2026/09/08 09:13:33.504, 28435 MiB, 81920 MiB, 5 %, 104.50 W, 47
2026/09/08 09:14:03.507, 28435 MiB, 81920 MiB, 67 %, 87.86 W, 48
2026/09/08 09:14:33.509, 28435 MiB, 81920 MiB, 100 %, 158.38 W, 51
2026/09/08 09:15:03.510, 28435 MiB, 81920 MiB, 43 %, 208.73 W, 50
2026/09/08 09:15:33.512, 28435 MiB, 81920 MiB, 27 %, 86.06 W, 45
2026/09/08 09:16:03.514, 28435 MiB, 81920 MiB, 57 %, 86.15 W, 45
2026/09/08 09:16:33.516, 28435 MiB, 81920 MiB, 74 %, 246.15 W, 51
2026/09/08 09:17:03.517, 28435 MiB, 81920 MiB, 9 %, 301.66 W, 49
2026/09/08 09:17:33.519, 28435 MiB, 81920 MiB, 80 %, 100.83 W, 50
2026/09/08 09:18:03.520, 28435 MiB, 81920 MiB, 75 %, 299.27 W, 48
2026/09/08 09:18:33.521, 28435 MiB, 81920 MiB, 8 %, 87.26 W, 47
2026/09/08 09:19:03.522, 28435 MiB, 81920 MiB, 0 %, 86.06 W, 45
2026/09/08 09:19:33.524, 28435 MiB, 81920 MiB, 22 %, 87.62 W, 48
2026/09/08 09:20:03.525, 28435 MiB, 81920 MiB, 65 %, 86.75 W, 46
2026/09/08 09:20:33.526, 28435 MiB, 81920 MiB, 59 %, 309.38 W, 51
2026/09/08 09:21:03.527, 28435 MiB, 81920 MiB, 31 %, 107.17 W, 49
2026/09/08 09:21:33.529, 28435 MiB, 81920 MiB, 2 %, 100.90 W, 50
2026/09/08 09:22:03.530, 28435 MiB, 81920 MiB, 42 %, 282.33 W, 52
2026/09/08 09:22:33.532, 28435 MiB, 81920 MiB, 3 %, 91.14 W, 46
2026/09/08 09:23:03.536, 28435 MiB, 81920 MiB, 0 %, 86.15 W, 45
2026/09/08 09:23:33.538, 28435 MiB, 81920 MiB, 80 %, 104.22 W, 50
2026/09/08 09:24:03.545, 28435 MiB, 81920 MiB, 0 %, 86.57 W, 46
2026/09/08 09:24:33.547, 28435 MiB, 81920 MiB, 3 %, 86.15 W, 46
2026/09/08 09:25:03.548, 28435 MiB, 81920 MiB, 56 %, 87.08 W, 47
2026/09/08 09:25:33.549, 28435 MiB, 81920 MiB, 67 %, 225.90 W, 51
2026/09/08 09:26:03.551, 28435 MiB, 81920 MiB, 48 %, 86.57 W, 47
2026/09/08 09:26:33.552, 28435 MiB, 81920 MiB, 0 %, 85.97 W, 46
2026/09/08 09:27:03.553, 28435 MiB, 81920 MiB, 42 %, 173.47 W, 49
2026/09/08 09:27:33.556, 28435 MiB, 81920 MiB, 0 %, 85.55 W, 46
2026/09/08 09:28:03.558, 28435 MiB, 81920 MiB, 76 %, 88.64 W, 49
2026/09/08 09:28:33.559, 28435 MiB, 81920 MiB, 66 %, 294.18 W, 51
2026/09/08 09:29:03.563, 28435 MiB, 81920 MiB, 79 %, 315.24 W, 52
2026/09/08 09:29:33.569, 28435 MiB, 81920 MiB, 0 %, 85.10 W, 45
2026/09/08 09:30:03.570, 28435 MiB, 81920 MiB, 0 %, 86.21 W, 46
2026/09/08 09:30:33.571, 28435 MiB, 81920 MiB, 0 %, 86.67 W, 46
2026/09/08 09:31:03.573, 28435 MiB, 81920 MiB, 0 %, 69.76 W, 45
2026/09/08 09:31:33.574, 28435 MiB, 81920 MiB, 79 %, 96.65 W, 50
2026/09/08 09:32:03.576, 28435 MiB, 81920 MiB, 73 %, 244.10 W, 54
2026/09/08 09:32:33.578, 28435 MiB, 81920 MiB, 75 %, 355.47 W, 54
2026/09/08 09:33:03.579, 28435 MiB, 81920 MiB, 74 %, 287.10 W, 53
2026/09/08 09:33:33.580, 28435 MiB, 81920 MiB, 0 %, 72.70 W, 46
2026/09/08 09:34:03.582, 28435 MiB, 81920 MiB, 52 %, 170.11 W, 50
2026/09/08 09:34:33.583, 28435 MiB, 81920 MiB, 75 %, 282.93 W, 51
2026/09/08 09:35:03.585, 28435 MiB, 81920 MiB, 77 %, 300.71 W, 51
2026/09/08 09:35:33.586, 28435 MiB, 81920 MiB, 81 %, 109.03 W, 51
2026/09/08 09:36:03.588, 28435 MiB, 81920 MiB, 48 %, 248.75 W, 50
2026/09/08 09:36:33.590, 28435 MiB, 81920 MiB, 16 %, 310.78 W, 52
2026/09/08 09:37:03.598, 28435 MiB, 81920 MiB, 93 %, 274.05 W, 50
2026/09/08 09:37:33.600, 28435 MiB, 81920 MiB, 80 %, 89.94 W, 50
2026/09/08 09:38:03.601, 28435 MiB, 81920 MiB, 63 %, 196.31 W, 52
2026/09/08 09:38:33.602, 28435 MiB, 81920 MiB, 31 %, 213.36 W, 50
2026/09/08 09:39:03.603, 28435 MiB, 81920 MiB, 80 %, 255.49 W, 54
2026/09/08 09:39:33.605, 28435 MiB, 81920 MiB, 0 %, 87.53 W, 47
2026/09/08 09:40:03.606, 28435 MiB, 81920 MiB, 0 %, 70.12 W, 45
2026/09/08 09:40:33.608, 28435 MiB, 81920 MiB, 0 %, 86.15 W, 46
2026/09/08 09:41:03.609, 28435 MiB, 81920 MiB, 42 %, 72.25 W, 45
2026/09/08 09:41:33.610, 28435 MiB, 81920 MiB, 25 %, 87.26 W, 48
2026/09/08 09:42:03.612, 28435 MiB, 81920 MiB, 83 %, 302.14 W, 52
2026/09/08 09:42:33.633, 28435 MiB, 81920 MiB, 0 %, 86.58 W, 46
2026/09/08 09:43:03.635, 28435 MiB, 81920 MiB, 9 %, 86.67 W, 46
2026/09/08 09:43:33.636, 28435 MiB, 81920 MiB, 0 %, 69.76 W, 44
2026/09/08 09:44:03.638, 28435 MiB, 81920 MiB, 36 %, 201.64 W, 51
2026/09/08 09:44:33.641, 28435 MiB, 81920 MiB, 88 %, 305.45 W, 53
2026/09/08 09:45:03.642, 28435 MiB, 81920 MiB, 82 %, 271.97 W, 52
2026/09/08 09:45:33.644, 28435 MiB, 81920 MiB, 0 %, 87.71 W, 48
2026/09/08 09:46:03.645, 28435 MiB, 81920 MiB, 0 %, 85.64 W, 46
2026/09/08 09:46:33.647, 28435 MiB, 81920 MiB, 0 %, 87.08 W, 47
2026/09/08 09:47:03.649, 28435 MiB, 81920 MiB, 43 %, 287.09 W, 49
2026/09/08 09:47:33.650, 28435 MiB, 81920 MiB, 88 %, 88.92 W, 48
2026/09/08 09:48:03.651, 28435 MiB, 81920 MiB, 99 %, 302.20 W, 55
2026/09/08 09:48:33.652, 28435 MiB, 81920 MiB, 0 %, 69.90 W, 45
2026/09/08 09:49:03.653, 28435 MiB, 81920 MiB, 0 %, 69.83 W, 44
2026/09/08 09:49:33.655, 28435 MiB, 81920 MiB, 0 %, 85.97 W, 45
2026/09/08 09:50:03.656, 28435 MiB, 81920 MiB, 0 %, 86.12 W, 45
2026/09/08 09:50:33.658, 28435 MiB, 81920 MiB, 0 %, 85.97 W, 46
2026/09/08 09:51:03.659, 28435 MiB, 81920 MiB, 33 %, 159.69 W, 49
2026/09/08 09:51:33.661, 28435 MiB, 81920 MiB, 92 %, 200.49 W, 52
2026/09/08 09:52:03.663, 28435 MiB, 81920 MiB, 64 %, 88.37 W, 51
2026/09/08 09:52:33.664, 28435 MiB, 81920 MiB, 49 %, 134.16 W, 50
2026/09/08 09:53:03.665, 28435 MiB, 81920 MiB, 44 %, 137.14 W, 50
2026/09/08 09:53:33.666, 28435 MiB, 81920 MiB, 0 %, 86.90 W, 47
2026/09/08 09:54:03.668, 28435 MiB, 81920 MiB, 2 %, 86.58 W, 48
2026/09/08 09:54:33.670, 28435 MiB, 81920 MiB, 39 %, 88.46 W, 51
2026/09/08 09:55:03.671, 28435 MiB, 81920 MiB, 86 %, 105.70 W, 49
2026/09/08 09:55:33.672, 28435 MiB, 81920 MiB, 43 %, 86.39 W, 45
2026/09/08 09:56:03.673, 28435 MiB, 81920 MiB, 92 %, 87.53 W, 48
2026/09/08 09:56:33.674, 28435 MiB, 81920 MiB, 0 %, 86.67 W, 46
2026/09/08 09:57:03.677, 28435 MiB, 81920 MiB, 0 %, 86.67 W, 46
2026/09/08 09:57:33.679, 28435 MiB, 81920 MiB, 28 %, 279.37 W, 50
2026/09/08 09:58:03.680, 28435 MiB, 81920 MiB, 0 %, 86.39 W, 46
2026/09/08 09:58:33.681, 28435 MiB, 81920 MiB, 69 %, 135.09 W, 50
2026/09/08 09:59:03.682, 28435 MiB, 81920 MiB, 4 %, 86.81 W, 47
2026/09/08 09:59:33.684, 28435 MiB, 81920 MiB, 30 %, 86.76 W, 48
2026/09/08 10:00:03.685, 28435 MiB, 81920 MiB, 92 %, 175.54 W, 49
2026/09/08 10:00:33.686, 28435 MiB, 81920 MiB, 41 %, 301.30 W, 52
2026/09/08 10:01:03.689, 28435 MiB, 81920 MiB, 14 %, 86.99 W, 47
2026/09/08 10:01:33.691, 28435 MiB, 81920 MiB, 0 %, 86.90 W, 46
2026/09/08 10:02:03.692, 28435 MiB, 81920 MiB, 0 %, 70.03 W, 45
2026/09/08 10:02:33.693, 28435 MiB, 81920 MiB, 75 %, 111.80 W, 47
2026/09/08 10:03:03.694, 28435 MiB, 81920 MiB, 0 %, 85.79 W, 46
2026/09/08 10:03:33.695, 28435 MiB, 81920 MiB, 0 %, 86.90 W, 47
2026/09/08 10:04:03.696, 28435 MiB, 81920 MiB, 62 %, 87.35 W, 48
2026/09/08 10:04:33.697, 28435 MiB, 81920 MiB, 0 %, 86.24 W, 46
2026/09/08 10:05:03.699, 28435 MiB, 81920 MiB, 33 %, 119.73 W, 48
2026/09/08 10:05:33.701, 28435 MiB, 81920 MiB, 0 %, 69.83 W, 44
2026/09/08 10:06:03.702, 28435 MiB, 81920 MiB, 70 %, 87.86 W, 48
2026/09/08 10:06:33.703, 28435 MiB, 81920 MiB, 0 %, 72.17 W, 44
2026/09/08 10:07:03.705, 28435 MiB, 81920 MiB, 67 %, 295.66 W, 53
2026/09/08 10:07:33.709, 28435 MiB, 81920 MiB, 12 %, 158.22 W, 50
2026/09/08 10:08:03.711, 28435 MiB, 81920 MiB, 0 %, 86.67 W, 46
2026/09/08 10:08:33.712, 28435 MiB, 81920 MiB, 2 %, 86.06 W, 47
2026/09/08 10:09:03.715, 28435 MiB, 81920 MiB, 4 %, 87.53 W, 47
2026/09/08 10:09:33.717, 28435 MiB, 81920 MiB, 0 %, 86.30 W, 46
2026/09/08 10:10:03.718, 28435 MiB, 81920 MiB, 48 %, 271.37 W, 51
2026/09/08 10:10:33.719, 28435 MiB, 81920 MiB, 0 %, 87.53 W, 47
2026/09/08 10:11:03.721, 28435 MiB, 81920 MiB, 0 %, 87.44 W, 47
2026/09/08 10:11:33.725, 28435 MiB, 81920 MiB, 42 %, 86.57 W, 46
2026/09/08 10:12:03.729, 28435 MiB, 81920 MiB, 72 %, 167.61 W, 52
2026/09/08 10:12:33.730, 28435 MiB, 81920 MiB, 8 %, 112.51 W, 47
2026/09/08 10:13:03.732, 28435 MiB, 81920 MiB, 0 %, 85.97 W, 46
2026/09/08 10:13:33.733, 28435 MiB, 81920 MiB, 75 %, 97.35 W, 50
2026/09/08 10:14:03.735, 28435 MiB, 81920 MiB, 0 %, 69.08 W, 43
2026/09/08 10:14:33.740, 28435 MiB, 81920 MiB, 0 %, 69.08 W, 42
2026/09/08 10:15:03.742, 28435 MiB, 81920 MiB, 60 %, 200.49 W, 48
2026/09/08 10:15:33.744, 28435 MiB, 81920 MiB, 0 %, 85.89 W, 45
2026/09/08 10:16:03.745, 28435 MiB, 81920 MiB, 9 %, 252.10 W, 49
2026/09/08 10:16:33.746, 28435 MiB, 81920 MiB, 0 %, 86.06 W, 45
2026/09/08 10:17:03.748, 28435 MiB, 81920 MiB, 55 %, 120.20 W, 47
2026/09/08 10:17:33.749, 28435 MiB, 81920 MiB, 0 %, 86.06 W, 46
2026/09/08 10:18:03.751, 28435 MiB, 81920 MiB, 0 %, 69.68 W, 44
2026/09/08 10:18:33.754, 28435 MiB, 81920 MiB, 0 %, 85.97 W, 46
2026/09/08 10:19:03.762, 28435 MiB, 81920 MiB, 33 %, 86.49 W, 46
2026/09/08 10:19:33.763, 28435 MiB, 81920 MiB, 72 %, 279.10 W, 53
2026/09/08 10:20:03.765, 28435 MiB, 81920 MiB, 0 %, 85.55 W, 46
2026/09/08 10:20:33.766, 28435 MiB, 81920 MiB, 98 %, 297.44 W, 51
2026/09/08 10:21:03.769, 28435 MiB, 81920 MiB, 0 %, 85.28 W, 44
2026/09/08 10:21:33.770, 28435 MiB, 81920 MiB, 0 %, 86.06 W, 45
2026/09/08 10:22:03.772, 28435 MiB, 81920 MiB, 0 %, 90.30 W, 45
2026/09/08 10:22:33.774, 28435 MiB, 81920 MiB, 0 %, 86.76 W, 46
2026/09/08 10:23:03.776, 28435 MiB, 81920 MiB, 50 %, 86.58 W, 47
2026/09/08 10:23:33.777, 28435 MiB, 81920 MiB, 37 %, 212.64 W, 52
2026/09/08 10:24:03.784, 28435 MiB, 81920 MiB, 5 %, 158.71 W, 48
2026/09/08 10:24:33.787, 28435 MiB, 81920 MiB, 88 %, 147.42 W, 49
2026/09/08 10:25:03.789, 28435 MiB, 81920 MiB, 1 %, 87.20 W, 47
2026/09/08 10:25:33.791, 28435 MiB, 81920 MiB, 0 %, 99.26 W, 46
2026/09/08 10:26:03.792, 28435 MiB, 81920 MiB, 17 %, 171.43 W, 48
2026/09/08 10:26:33.794, 28435 MiB, 81920 MiB, 58 %, 203.10 W, 48
2026/09/08 10:27:03.795, 28435 MiB, 81920 MiB, 1 %, 86.60 W, 50
2026/09/08 10:27:33.797, 28435 MiB, 81920 MiB, 0 %, 69.72 W, 44
2026/09/08 10:28:03.799, 28435 MiB, 81920 MiB, 61 %, 86.42 W, 48
2026/09/08 10:28:33.800, 28435 MiB, 81920 MiB, 75 %, 86.57 W, 47
2026/09/08 10:29:03.807, 28435 MiB, 81920 MiB, 0 %, 86.15 W, 46
2026/09/08 10:29:33.809, 28435 MiB, 81920 MiB, 63 %, 100.25 W, 50
2026/09/08 10:30:03.812, 28435 MiB, 81920 MiB, 1 %, 87.44 W, 47
2026/09/08 10:30:33.813, 28435 MiB, 81920 MiB, 0 %, 70.03 W, 45
2026/09/08 10:31:03.814, 28435 MiB, 81920 MiB, 91 %, 87.62 W, 48
2026/09/08 10:31:33.815, 28435 MiB, 81920 MiB, 15 %, 122.75 W, 49
2026/09/08 10:32:03.818, 28435 MiB, 81920 MiB, 26 %, 70.10 W, 45
2026/09/08 10:32:33.822, 28435 MiB, 81920 MiB, 74 %, 276.74 W, 54
2026/09/08 10:33:03.823, 28435 MiB, 81920 MiB, 46 %, 87.35 W, 48
2026/09/08 10:33:33.825, 28435 MiB, 81920 MiB, 1 %, 87.44 W, 47
2026/09/08 10:34:03.826, 28435 MiB, 81920 MiB, 1 %, 87.78 W, 48
2026/09/08 10:34:33.828, 28435 MiB, 81920 MiB, 33 %, 267.83 W, 51
2026/09/08 10:35:03.830, 28435 MiB, 81920 MiB, 76 %, 138.76 W, 50
2026/09/08 10:35:33.831, 28435 MiB, 81920 MiB, 0 %, 86.39 W, 46
2026/09/08 10:36:03.834, 28435 MiB, 81920 MiB, 0 %, 86.58 W, 45
2026/09/08 10:36:33.835, 28435 MiB, 81920 MiB, 78 %, 91.31 W, 49
2026/09/08 10:37:03.837, 28435 MiB, 81920 MiB, 11 %, 237.38 W, 49
2026/09/08 10:37:33.838, 28435 MiB, 81920 MiB, 80 %, 90.44 W, 48
2026/09/08 10:38:03.839, 28435 MiB, 81920 MiB, 23 %, 117.29 W, 51
2026/09/08 10:38:33.841, 28435 MiB, 81920 MiB, 52 %, 116.30 W, 50
2026/09/08 10:39:03.845, 28435 MiB, 81920 MiB, 1 %, 87.17 W, 47
2026/09/08 10:39:33.847, 28435 MiB, 81920 MiB, 0 %, 87.35 W, 47
2026/09/08 10:40:03.848, 28435 MiB, 81920 MiB, 0 %, 94.18 W, 47
2026/09/08 10:40:33.853, 28435 MiB, 81920 MiB, 84 %, 299.22 W, 53
2026/09/08 10:41:03.854, 28435 MiB, 81920 MiB, 86 %, 303.98 W, 54
2026/09/08 10:41:33.855, 28435 MiB, 81920 MiB, 0 %, 86.39 W, 47
2026/09/08 10:42:03.856, 28435 MiB, 81920 MiB, 78 %, 92.10 W, 51
2026/09/08 10:42:33.858, 28435 MiB, 81920 MiB, 43 %, 87.26 W, 48
2026/09/08 10:43:03.859, 28435 MiB, 81920 MiB, 0 %, 87.17 W, 47
2026/09/08 10:43:33.861, 28435 MiB, 81920 MiB, 2 %, 87.08 W, 47
2026/09/08 10:44:03.867, 28435 MiB, 81920 MiB, 34 %, 101.99 W, 50
2026/09/08 10:44:33.868, 28435 MiB, 81920 MiB, 57 %, 188.42 W, 49
2026/09/08 10:45:03.869, 28435 MiB, 81920 MiB, 93 %, 97.95 W, 53
2026/09/08 10:45:33.871, 28435 MiB, 81920 MiB, 0 %, 86.90 W, 47
2026/09/08 10:46:03.872, 28435 MiB, 81920 MiB, 31 %, 88.55 W, 48
2026/09/08 10:46:33.874, 28435 MiB, 81920 MiB, 0 %, 86.58 W, 47
2026/09/08 10:47:03.875, 28435 MiB, 81920 MiB, 4 %, 92.15 W, 48
2026/09/08 10:47:33.877, 28435 MiB, 81920 MiB, 1 %, 150.49 W, 49
2026/09/08 10:48:03.878, 28435 MiB, 81920 MiB, 0 %, 86.99 W, 47
2026/09/08 10:48:33.879, 28435 MiB, 81920 MiB, 64 %, 87.86 W, 47
2026/09/08 10:49:03.880, 28435 MiB, 81920 MiB, 99 %, 249.76 W, 53
2026/09/08 10:49:33.883, 28435 MiB, 81920 MiB, 0 %, 86.48 W, 47
2026/09/08 10:50:03.884, 28435 MiB, 81920 MiB, 24 %, 120.08 W, 48
2026/09/08 10:50:33.884, 28435 MiB, 81920 MiB, 77 %, 87.78 W, 48
2026/09/08 10:51:03.888, 28435 MiB, 81920 MiB, 84 %, 291.52 W, 52
2026/09/08 10:51:33.889, 28435 MiB, 81920 MiB, 14 %, 86.58 W, 46
2026/09/08 10:52:03.890, 28435 MiB, 81920 MiB, 89 %, 86.90 W, 48
2026/09/08 10:52:33.892, 28435 MiB, 81920 MiB, 5 %, 170.36 W, 48
2026/09/08 10:53:03.893, 28435 MiB, 81920 MiB, 93 %, 214.71 W, 51
2026/09/08 10:53:33.895, 28435 MiB, 81920 MiB, 84 %, 210.57 W, 51
2026/09/08 10:54:03.899, 28435 MiB, 81920 MiB, 84 %, 180.88 W, 50
2026/09/08 10:54:33.900, 28435 MiB, 81920 MiB, 48 %, 123.95 W, 50
2026/09/08 10:55:03.901, 28435 MiB, 81920 MiB, 58 %, 85.97 W, 47
2026/09/08 10:55:33.903, 28435 MiB, 81920 MiB, 0 %, 69.76 W, 44
2026/09/08 10:56:03.904, 28435 MiB, 81920 MiB, 74 %, 252.69 W, 52
2026/09/08 10:56:33.906, 28435 MiB, 81920 MiB, 64 %, 133.43 W, 48
2026/09/08 10:57:03.908, 28435 MiB, 81920 MiB, 0 %, 86.39 W, 46
2026/09/08 10:57:33.909, 28435 MiB, 81920 MiB, 41 %, 173.89 W, 50
2026/09/08 10:58:03.911, 28435 MiB, 81920 MiB, 32 %, 137.02 W, 50
2026/09/08 10:58:33.912, 28435 MiB, 81920 MiB, 76 %, 331.17 W, 52
2026/09/08 10:59:03.914, 28435 MiB, 81920 MiB, 0 %, 86.93 W, 46
2026/09/08 10:59:33.915, 28435 MiB, 81920 MiB, 71 %, 87.11 W, 47
2026/09/08 11:00:03.916, 28435 MiB, 81920 MiB, 0 %, 85.72 W, 45
2026/09/08 11:00:33.917, 28435 MiB, 81920 MiB, 39 %, 201.53 W, 50
2026/09/08 11:01:03.919, 28435 MiB, 81920 MiB, 56 %, 87.11 W, 47
2026/09/08 11:01:33.920, 28435 MiB, 81920 MiB, 48 %, 85.90 W, 46
2026/09/08 11:02:03.923, 28435 MiB, 81920 MiB, 46 %, 87.44 W, 49
2026/09/08 11:02:33.925, 28435 MiB, 81920 MiB, 0 %, 69.72 W, 44
2026/09/08 11:03:03.926, 28435 MiB, 81920 MiB, 7 %, 77.61 W, 44
2026/09/08 11:03:33.927, 28435 MiB, 81920 MiB, 40 %, 250.02 W, 50
2026/09/08 11:04:03.929, 28435 MiB, 81920 MiB, 30 %, 341.83 W, 50
2026/09/08 11:04:33.930, 28435 MiB, 81920 MiB, 67 %, 159.36 W, 50
2026/09/08 11:05:03.931, 28435 MiB, 81920 MiB, 0 %, 88.55 W, 47
2026/09/08 11:05:33.936, 28435 MiB, 81920 MiB, 0 %, 86.15 W, 46
2026/09/08 11:06:03.938, 28435 MiB, 81920 MiB, 3 %, 103.41 W, 46
2026/09/08 11:06:33.939, 28435 MiB, 81920 MiB, 74 %, 285.28 W, 54
2026/09/08 11:07:03.940, 28435 MiB, 81920 MiB, 3 %, 288.86 W, 52
2026/09/08 11:07:33.941, 28435 MiB, 81920 MiB, 85 %, 293.58 W, 52
2026/09/08 11:08:03.942, 28435 MiB, 81920 MiB, 0 %, 168.13 W, 49
2026/09/08 11:08:33.943, 28435 MiB, 81920 MiB, 52 %, 143.98 W, 48
2026/09/08 11:09:03.944, 28435 MiB, 81920 MiB, 0 %, 69.76 W, 45
2026/09/08 11:09:33.946, 28435 MiB, 81920 MiB, 0 %, 69.76 W, 44
2026/09/08 11:10:03.947, 28435 MiB, 81920 MiB, 50 %, 87.44 W, 47
2026/09/08 11:10:33.949, 28435 MiB, 81920 MiB, 8 %, 86.67 W, 46
2026/09/08 11:11:03.950, 28435 MiB, 81920 MiB, 26 %, 92.43 W, 48
2026/09/08 11:11:33.952, 28435 MiB, 81920 MiB, 92 %, 271.42 W, 50
2026/09/08 11:12:03.953, 28435 MiB, 81920 MiB, 0 %, 86.49 W, 46
2026/09/08 11:12:33.955, 28435 MiB, 81920 MiB, 91 %, 92.43 W, 50
2026/09/08 11:13:03.957, 28435 MiB, 81920 MiB, 0 %, 86.90 W, 46
2026/09/08 11:13:33.959, 28435 MiB, 81920 MiB, 74 %, 159.69 W, 52
2026/09/08 11:14:03.960, 28435 MiB, 81920 MiB, 0 %, 69.76 W, 45
2026/09/08 11:14:33.961, 28435 MiB, 81920 MiB, 91 %, 299.20 W, 55
2026/09/08 11:15:03.963, 28435 MiB, 81920 MiB, 23 %, 91.91 W, 50
2026/09/08 11:15:33.964, 28435 MiB, 81920 MiB, 0 %, 94.08 W, 49
2026/09/08 11:16:03.967, 28435 MiB, 81920 MiB, 58 %, 88.04 W, 49
2026/09/08 11:16:33.969, 28435 MiB, 81920 MiB, 99 %, 225.16 W, 49
2026/09/08 11:17:03.970, 28435 MiB, 81920 MiB, 68 %, 252.69 W, 50
2026/09/08 11:17:33.972, 28435 MiB, 81920 MiB, 50 %, 95.88 W, 52
2026/09/08 11:18:03.973, 28435 MiB, 81920 MiB, 0 %, 69.08 W, 43
2026/09/08 11:18:33.975, 28435 MiB, 81920 MiB, 49 %, 295.11 W, 50
2026/09/08 11:19:03.989, 28435 MiB, 81920 MiB, 0 %, 85.88 W, 45
2026/09/08 11:19:33.991, 28435 MiB, 81920 MiB, 0 %, 85.97 W, 45
2026/09/08 11:20:03.992, 28435 MiB, 81920 MiB, 42 %, 136.11 W, 48
2026/09/08 11:20:33.993, 28435 MiB, 81920 MiB, 69 %, 86.66 W, 46
2026/09/08 11:21:03.994, 28435 MiB, 81920 MiB, 87 %, 164.41 W, 52
2026/09/08 11:21:33.996, 28435 MiB, 81920 MiB, 0 %, 86.24 W, 45
2026/09/08 11:22:03.997, 28435 MiB, 81920 MiB, 100 %, 136.48 W, 51
2026/09/08 11:22:33.999, 28435 MiB, 81920 MiB, 1 %, 259.04 W, 48
2026/09/08 11:23:04.000, 28435 MiB, 81920 MiB, 71 %, 87.26 W, 47
2026/09/08 11:23:34.001, 28435 MiB, 81920 MiB, 0 %, 93.26 W, 48
2026/09/08 11:24:04.002, 28435 MiB, 81920 MiB, 0 %, 86.24 W, 45
2026/09/08 11:24:34.004, 28435 MiB, 81920 MiB, 70 %, 262.99 W, 52
2026/09/08 11:25:04.004, 28435 MiB, 81920 MiB, 0 %, 86.85 W, 46
2026/09/08 11:25:34.006, 28435 MiB, 81920 MiB, 0 %, 86.15 W, 46
2026/09/08 11:26:04.008, 28435 MiB, 81920 MiB, 2 %, 85.97 W, 45
2026/09/08 11:26:34.009, 28435 MiB, 81920 MiB, 30 %, 142.37 W, 49
2026/09/08 11:27:04.011, 28435 MiB, 81920 MiB, 91 %, 86.76 W, 47
2026/09/08 11:27:34.012, 28435 MiB, 81920 MiB, 3 %, 253.91 W, 48
2026/09/08 11:28:04.013, 28435 MiB, 81920 MiB, 3 %, 86.15 W, 46
2026/09/08 11:28:34.015, 28435 MiB, 81920 MiB, 0 %, 282.93 W, 46
2026/09/08 11:29:04.018, 28435 MiB, 81920 MiB, 91 %, 120.20 W, 52
2026/09/08 11:29:34.020, 28435 MiB, 81920 MiB, 90 %, 87.86 W, 48
2026/09/08 11:30:04.022, 28435 MiB, 81920 MiB, 0 %, 86.39 W, 46
2026/09/08 11:30:34.023, 28435 MiB, 81920 MiB, 72 %, 225.30 W, 53
2026/09/08 11:31:04.025, 28435 MiB, 81920 MiB, 72 %, 299.22 W, 52
2026/09/08 11:31:34.026, 28435 MiB, 81920 MiB, 49 %, 93.71 W, 48
2026/09/08 11:32:04.028, 28435 MiB, 81920 MiB, 30 %, 291.83 W, 53
2026/09/08 11:32:34.030, 28435 MiB, 81920 MiB, 100 %, 130.16 W, 52
2026/09/08 11:33:04.031, 28435 MiB, 81920 MiB, 35 %, 139.69 W, 47
2026/09/08 11:33:34.034, 28435 MiB, 81920 MiB, 69 %, 88.73 W, 49
2026/09/08 11:34:04.039, 28435 MiB, 81920 MiB, 47 %, 101.99 W, 51
2026/09/08 11:34:34.040, 28435 MiB, 81920 MiB, 38 %, 135.35 W, 48
2026/09/08 11:35:04.041, 28435 MiB, 81920 MiB, 58 %, 87.53 W, 48
2026/09/08 11:35:34.044, 28435 MiB, 81920 MiB, 0 %, 70.03 W, 45
2026/09/08 11:36:04.047, 28435 MiB, 81920 MiB, 0 %, 85.70 W, 46
2026/09/08 11:36:34.048, 28435 MiB, 81920 MiB, 80 %, 99.76 W, 50
2026/09/08 11:37:04.050, 28435 MiB, 81920 MiB, 0 %, 85.97 W, 46
2026/09/08 11:37:34.051, 28435 MiB, 81920 MiB, 85 %, 91.73 W, 50
2026/09/08 11:38:04.052, 28435 MiB, 81920 MiB, 75 %, 97.48 W, 51
2026/09/08 11:38:34.053, 28435 MiB, 81920 MiB, 90 %, 87.53 W, 50
2026/09/08 11:39:04.055, 28435 MiB, 81920 MiB, 0 %, 86.39 W, 47
2026/09/08 11:39:34.056, 28435 MiB, 81920 MiB, 2 %, 86.58 W, 47
2026/09/08 11:40:04.058, 28435 MiB, 81920 MiB, 26 %, 125.29 W, 51
2026/09/08 11:40:34.059, 28435 MiB, 81920 MiB, 58 %, 87.44 W, 49
2026/09/08 11:41:04.061, 28435 MiB, 81920 MiB, 31 %, 71.03 W, 45
2026/09/08 11:41:34.062, 28435 MiB, 81920 MiB, 2 %, 242.01 W, 49
2026/09/08 11:42:04.064, 28435 MiB, 81920 MiB, 31 %, 145.75 W, 48
2026/09/08 11:42:34.065, 28435 MiB, 81920 MiB, 47 %, 295.07 W, 52
2026/09/08 11:43:04.069, 28435 MiB, 81920 MiB, 28 %, 87.53 W, 48
2026/09/08 11:43:34.070, 28435 MiB, 81920 MiB, 72 %, 147.10 W, 50
2026/09/08 11:44:04.072, 28435 MiB, 81920 MiB, 33 %, 113.48 W, 48
2026/09/08 11:44:34.073, 28435 MiB, 81920 MiB, 65 %, 126.02 W, 52
2026/09/08 11:45:04.074, 28435 MiB, 81920 MiB, 27 %, 282.93 W, 50
2026/09/08 11:45:34.075, 28435 MiB, 81920 MiB, 8 %, 225.77 W, 50
2026/09/08 11:46:04.077, 28435 MiB, 81920 MiB, 4 %, 90.03 W, 48
2026/09/08 11:46:34.078, 28435 MiB, 81920 MiB, 8 %, 87.80 W, 47
2026/09/08 11:47:04.081, 28435 MiB, 81920 MiB, 4 %, 93.07 W, 46
2026/09/08 11:47:34.082, 28435 MiB, 81920 MiB, 81 %, 90.30 W, 50
2026/09/08 11:48:04.084, 28435 MiB, 81920 MiB, 0 %, 86.06 W, 46
2026/09/08 11:48:34.085, 28435 MiB, 81920 MiB, 72 %, 302.20 W, 52
2026/09/08 11:49:04.087, 28435 MiB, 81920 MiB, 1 %, 85.10 W, 45
2026/09/08 11:49:34.088, 28435 MiB, 81920 MiB, 11 %, 274.08 W, 51
2026/09/08 11:50:04.089, 28435 MiB, 81920 MiB, 26 %, 98.33 W, 46
2026/09/08 11:50:34.090, 28435 MiB, 81920 MiB, 84 %, 366.18 W, 50
2026/09/08 11:51:04.092, 28435 MiB, 81920 MiB, 97 %, 88.14 W, 48
2026/09/08 11:51:34.093, 28435 MiB, 81920 MiB, 88 %, 302.19 W, 55
2026/09/08 11:52:04.094, 28435 MiB, 81920 MiB, 33 %, 86.99 W, 47
2026/09/08 11:52:34.096, 28435 MiB, 81920 MiB, 0 %, 86.30 W, 46
2026/09/08 11:53:04.098, 28435 MiB, 81920 MiB, 0 %, 129.29 W, 48
2026/09/08 11:53:34.099, 28435 MiB, 81920 MiB, 5 %, 86.81 W, 47
2026/09/08 11:54:04.101, 28435 MiB, 81920 MiB, 77 %, 168.73 W, 51
2026/09/08 11:54:34.102, 28435 MiB, 81920 MiB, 49 %, 104.99 W, 49
2026/09/08 11:55:04.104, 28435 MiB, 81920 MiB, 0 %, 86.39 W, 46
2026/09/08 11:55:34.105, 28435 MiB, 81920 MiB, 82 %, 180.10 W, 53
2026/09/08 11:56:04.106, 28435 MiB, 81920 MiB, 0 %, 85.70 W, 46
2026/09/08 11:56:34.107, 28435 MiB, 81920 MiB, 11 %, 87.44 W, 48
2026/09/08 11:57:04.108, 28435 MiB, 81920 MiB, 26 %, 301.66 W, 53
2026/09/08 11:57:34.110, 28435 MiB, 81920 MiB, 61 %, 165.96 W, 51
2026/09/08 11:58:04.111, 28435 MiB, 81920 MiB, 87 %, 246.77 W, 51
2026/09/08 11:58:34.112, 28435 MiB, 81920 MiB, 91 %, 330.90 W, 53
2026/09/08 11:59:04.113, 28435 MiB, 81920 MiB, 4 %, 86.99 W, 46
2026/09/08 11:59:34.114, 28435 MiB, 81920 MiB, 0 %, 87.08 W, 46
2026/09/08 12:00:04.115, 28435 MiB, 81920 MiB, 0 %, 86.67 W, 46
2026/09/08 12:00:34.119, 28435 MiB, 81920 MiB, 0 %, 86.39 W, 46
2026/09/08 12:01:04.126, 28435 MiB, 81920 MiB, 71 %, 95.01 W, 47
2026/09/08 12:01:34.128, 28435 MiB, 81920 MiB, 0 %, 69.83 W, 44
2026/09/08 12:02:04.130, 28435 MiB, 81920 MiB, 0 %, 69.61 W, 44
2026/09/08 12:02:34.131, 28435 MiB, 81920 MiB, 32 %, 250.37 W, 48
2026/09/08 12:03:04.134, 28435 MiB, 81920 MiB, 55 %, 86.99 W, 47
2026/09/08 12:03:34.136, 28435 MiB, 81920 MiB, 0 %, 86.48 W, 46
2026/09/08 12:04:04.138, 28435 MiB, 81920 MiB, 43 %, 88.82 W, 47
2026/09/08 12:04:34.140, 28435 MiB, 81920 MiB, 27 %, 87.17 W, 46
2026/09/08 12:05:04.141, 28435 MiB, 81920 MiB, 7 %, 89.94 W, 47
2026/09/08 12:05:34.142, 28435 MiB, 81920 MiB, 70 %, 87.17 W, 47
2026/09/08 12:06:04.144, 28435 MiB, 81920 MiB, 81 %, 276.43 W, 54
2026/09/08 12:06:34.145, 28435 MiB, 81920 MiB, 81 %, 88.97 W, 49
2026/09/08 12:07:04.146, 28435 MiB, 81920 MiB, 70 %, 166.76 W, 49
2026/09/08 12:07:34.164, 28435 MiB, 81920 MiB, 82 %, 87.53 W, 48
2026/09/08 12:08:04.165, 28435 MiB, 81920 MiB, 0 %, 69.57 W, 44
2026/09/08 12:08:34.167, 28435 MiB, 81920 MiB, 53 %, 254.42 W, 52
2026/09/08 12:09:04.169, 28435 MiB, 81920 MiB, 0 %, 86.76 W, 46
2026/09/08 12:09:34.170, 28435 MiB, 81920 MiB, 25 %, 86.57 W, 48
2026/09/08 12:10:04.172, 28435 MiB, 81920 MiB, 32 %, 86.85 W, 46
2026/09/08 12:10:34.174, 28435 MiB, 81920 MiB, 0 %, 69.43 W, 44
2026/09/08 12:11:04.221, 28435 MiB, 81920 MiB, 0 %, 86.30 W, 46
2026/09/08 12:11:34.223, 28435 MiB, 81920 MiB, 56 %, 299.51 W, 52
2026/09/08 12:12:04.224, 28435 MiB, 81920 MiB, 27 %, 335.55 W, 52
2026/09/08 12:12:34.225, 28435 MiB, 81920 MiB, 0 %, 86.99 W, 46
2026/09/08 12:13:04.226, 28435 MiB, 81920 MiB, 71 %, 287.10 W, 53
2026/09/08 12:13:34.227, 28435 MiB, 81920 MiB, 0 %, 87.26 W, 47
2026/09/08 12:14:04.229, 28435 MiB, 81920 MiB, 82 %, 214.76 W, 48
2026/09/08 12:14:34.231, 28435 MiB, 81920 MiB, 63 %, 121.61 W, 47
2026/09/08 12:15:04.232, 28435 MiB, 81920 MiB, 0 %, 86.30 W, 46
2026/09/08 12:15:34.234, 28435 MiB, 81920 MiB, 0 %, 69.76 W, 44
2026/09/08 12:16:04.235, 28435 MiB, 81920 MiB, 66 %, 215.10 W, 48
2026/09/08 12:16:34.237, 28435 MiB, 81920 MiB, 58 %, 98.65 W, 47
2026/09/08 12:17:04.238, 28435 MiB, 81920 MiB, 82 %, 121.73 W, 50
2026/09/08 12:17:34.239, 28435 MiB, 81920 MiB, 89 %, 280.83 W, 52
2026/09/08 12:18:04.242, 28435 MiB, 81920 MiB, 69 %, 279.70 W, 53
2026/09/08 12:18:34.246, 28435 MiB, 81920 MiB, 0 %, 85.89 W, 45
2026/09/08 12:19:04.248, 28435 MiB, 81920 MiB, 66 %, 92.15 W, 50
2026/09/08 12:19:34.249, 28435 MiB, 81920 MiB, 0 %, 69.95 W, 45
2026/09/08 12:20:04.251, 28435 MiB, 81920 MiB, 55 %, 113.59 W, 49
2026/09/08 12:20:34.252, 28435 MiB, 81920 MiB, 0 %, 86.58 W, 47
2026/09/08 12:21:04.254, 28435 MiB, 81920 MiB, 38 %, 298.95 W, 52
2026/09/08 12:21:34.255, 28435 MiB, 81920 MiB, 98 %, 110.93 W, 48
2026/09/08 12:22:04.256, 28435 MiB, 81920 MiB, 100 %, 97.25 W, 47
2026/09/08 12:22:34.257, 28435 MiB, 81920 MiB, 0 %, 68.83 W, 42
2026/09/08 12:23:04.259, 28435 MiB, 81920 MiB, 0 %, 85.28 W, 44
2026/09/08 12:23:34.260, 28435 MiB, 81920 MiB, 14 %, 242.44 W, 50
2026/09/08 12:24:04.261, 28435 MiB, 81920 MiB, 74 %, 301.66 W, 52
2026/09/08 12:24:34.262, 28435 MiB, 81920 MiB, 60 %, 145.33 W, 50
2026/09/08 12:25:04.263, 28435 MiB, 81920 MiB, 0 %, 69.43 W, 44
2026/09/08 12:25:34.265, 28435 MiB, 81920 MiB, 77 %, 282.02 W, 53
2026/09/08 12:26:04.266, 28435 MiB, 81920 MiB, 37 %, 108.37 W, 48
2026/09/08 12:26:34.267, 28435 MiB, 81920 MiB, 31 %, 87.35 W, 46
2026/09/08 12:27:04.268, 28435 MiB, 81920 MiB, 0 %, 86.99 W, 47
2026/09/08 12:27:34.270, 28435 MiB, 81920 MiB, 57 %, 92.51 W, 48
2026/09/08 12:28:04.271, 28435 MiB, 81920 MiB, 46 %, 148.42 W, 49
2026/09/08 12:28:34.273, 28435 MiB, 81920 MiB, 0 %, 86.39 W, 46
2026/09/08 12:29:04.277, 28435 MiB, 81920 MiB, 56 %, 288.26 W, 54
2026/09/08 12:29:34.278, 28435 MiB, 81920 MiB, 0 %, 86.75 W, 47
2026/09/08 12:30:04.279, 28435 MiB, 81920 MiB, 29 %, 87.44 W, 49
2026/09/08 12:30:34.281, 28435 MiB, 81920 MiB, 0 %, 90.91 W, 45
2026/09/08 12:31:04.283, 28435 MiB, 81920 MiB, 76 %, 327.86 W, 51
2026/09/08 12:31:34.288, 28435 MiB, 81920 MiB, 64 %, 86.51 W, 46
2026/09/08 12:32:04.290, 28435 MiB, 81920 MiB, 19 %, 85.99 W, 45
2026/09/08 12:32:34.293, 28435 MiB, 81920 MiB, 5 %, 98.73 W, 45
2026/09/08 12:33:04.294, 28435 MiB, 81920 MiB, 75 %, 87.01 W, 48
2026/09/08 12:33:34.296, 28435 MiB, 81920 MiB, 74 %, 100.27 W, 51
2026/09/08 12:34:04.298, 28435 MiB, 81920 MiB, 0 %, 85.81 W, 45
2026/09/08 12:34:34.299, 28435 MiB, 81920 MiB, 30 %, 96.75 W, 49
2026/09/08 12:35:04.300, 28435 MiB, 81920 MiB, 72 %, 87.35 W, 49
2026/09/08 12:35:34.302, 28435 MiB, 81920 MiB, 82 %, 162.26 W, 50
2026/09/08 12:36:04.303, 28435 MiB, 81920 MiB, 0 %, 86.24 W, 46
2026/09/08 12:36:34.305, 28435 MiB, 81920 MiB, 39 %, 104.00 W, 45
2026/09/08 12:37:04.306, 28435 MiB, 81920 MiB, 35 %, 94.61 W, 49
2026/09/08 12:37:34.308, 28435 MiB, 81920 MiB, 22 %, 91.92 W, 48
2026/09/08 12:38:04.310, 28435 MiB, 81920 MiB, 72 %, 87.78 W, 48
2026/09/08 12:38:34.311, 28435 MiB, 81920 MiB, 57 %, 88.73 W, 50
2026/09/08 12:39:04.312, 28435 MiB, 81920 MiB, 45 %, 147.08 W, 47
2026/09/08 12:39:34.313, 28435 MiB, 81920 MiB, 64 %, 86.99 W, 47
2026/09/08 12:40:04.314, 28435 MiB, 81920 MiB, 4 %, 87.35 W, 47
2026/09/08 12:40:34.316, 28435 MiB, 81920 MiB, 0 %, 86.24 W, 46
2026/09/08 12:41:04.318, 28435 MiB, 81920 MiB, 33 %, 88.05 W, 51
2026/09/08 12:41:34.319, 28435 MiB, 81920 MiB, 94 %, 98.96 W, 48
2026/09/08 12:42:04.328, 28435 MiB, 81920 MiB, 0 %, 86.57 W, 46
2026/09/08 12:42:34.330, 28435 MiB, 81920 MiB, 42 %, 214.39 W, 50
2026/09/08 12:43:04.331, 28435 MiB, 81920 MiB, 0 %, 86.39 W, 46
2026/09/08 12:43:34.332, 28435 MiB, 81920 MiB, 0 %, 86.90 W, 47
2026/09/08 12:44:04.336, 28435 MiB, 81920 MiB, 80 %, 87.86 W, 48
2026/09/08 12:44:34.338, 28435 MiB, 81920 MiB, 50 %, 86.90 W, 47
2026/09/08 12:45:04.339, 28435 MiB, 81920 MiB, 77 %, 108.15 W, 50
2026/09/08 12:45:34.342, 28435 MiB, 81920 MiB, 89 %, 304.52 W, 54
2026/09/08 12:46:04.343, 28435 MiB, 81920 MiB, 83 %, 199.18 W, 52
2026/09/08 12:46:34.344, 28435 MiB, 81920 MiB, 64 %, 88.14 W, 51
2026/09/08 12:47:04.345, 28435 MiB, 81920 MiB, 71 %, 88.46 W, 48
2026/09/08 12:47:34.347, 28435 MiB, 81920 MiB, 91 %, 144.44 W, 52
2026/09/08 12:48:04.348, 28435 MiB, 81920 MiB, 85 %, 286.20 W, 53
2026/09/08 12:48:34.350, 28435 MiB, 81920 MiB, 8 %, 93.48 W, 47
2026/09/08 12:49:04.351, 28435 MiB, 81920 MiB, 100 %, 117.86 W, 51
2026/09/08 12:49:34.353, 28435 MiB, 81920 MiB, 76 %, 338.89 W, 51
2026/09/08 12:50:04.354, 28435 MiB, 81920 MiB, 0 %, 86.76 W, 47
2026/09/08 12:50:34.356, 28435 MiB, 81920 MiB, 15 %, 119.56 W, 49
2026/09/08 12:51:04.358, 28435 MiB, 81920 MiB, 35 %, 89.94 W, 48
2026/09/08 12:51:34.359, 28435 MiB, 81920 MiB, 3 %, 87.86 W, 46
2026/09/08 12:52:04.360, 28435 MiB, 81920 MiB, 76 %, 146.95 W, 50
2026/09/08 12:52:34.361, 28435 MiB, 81920 MiB, 0 %, 70.36 W, 45
2026/09/08 12:53:04.367, 28435 MiB, 81920 MiB, 41 %, 86.67 W, 47
2026/09/08 12:53:34.372, 28435 MiB, 81920 MiB, 62 %, 87.35 W, 47
2026/09/08 12:54:04.375, 28435 MiB, 81920 MiB, 21 %, 181.39 W, 48
2026/09/08 12:54:34.376, 28435 MiB, 81920 MiB, 17 %, 86.06 W, 47
2026/09/08 12:55:04.377, 28435 MiB, 81920 MiB, 44 %, 87.17 W, 48
2026/09/08 12:55:34.379, 28435 MiB, 81920 MiB, 30 %, 86.24 W, 47
2026/09/08 12:56:04.381, 28435 MiB, 81920 MiB, 0 %, 86.58 W, 46
2026/09/08 12:56:34.382, 28435 MiB, 81920 MiB, 0 %, 69.76 W, 44
2026/09/08 12:57:04.383, 28435 MiB, 81920 MiB, 81 %, 283.52 W, 53
2026/09/08 12:57:34.384, 28435 MiB, 81920 MiB, 0 %, 85.70 W, 46
2026/09/08 12:58:04.386, 28435 MiB, 81920 MiB, 1 %, 178.44 W, 49
2026/09/08 12:58:34.387, 28435 MiB, 81920 MiB, 0 %, 86.67 W, 47
2026/09/08 12:59:04.388, 28435 MiB, 81920 MiB, 1 %, 124.09 W, 48
2026/09/08 12:59:34.398, 28435 MiB, 81920 MiB, 89 %, 90.44 W, 50
2026/09/08 13:00:04.400, 28435 MiB, 81920 MiB, 62 %, 147.37 W, 47
2026/09/08 13:00:34.401, 28435 MiB, 81920 MiB, 6 %, 91.23 W, 47
2026/09/08 13:01:04.403, 28435 MiB, 81920 MiB, 93 %, 159.26 W, 50
2026/09/08 13:01:34.404, 28435 MiB, 81920 MiB, 0 %, 86.90 W, 46
2026/09/08 13:02:04.405, 28435 MiB, 81920 MiB, 92 %, 92.24 W, 52
2026/09/08 13:02:34.407, 28435 MiB, 81920 MiB, 91 %, 302.50 W, 52
2026/09/08 13:03:04.409, 28435 MiB, 81920 MiB, 4 %, 87.26 W, 48
2026/09/08 13:03:34.411, 28435 MiB, 81920 MiB, 0 %, 86.39 W, 46
2026/09/08 13:04:04.415, 28435 MiB, 81920 MiB, 82 %, 128.82 W, 51
2026/09/08 13:04:34.417, 28435 MiB, 81920 MiB, 31 %, 87.26 W, 48
2026/09/08 13:05:04.418, 28435 MiB, 81920 MiB, 70 %, 269.58 W, 53
2026/09/08 13:05:34.419, 28435 MiB, 81920 MiB, 0 %, 85.97 W, 45
2026/09/08 13:06:04.421, 28435 MiB, 81920 MiB, 53 %, 87.35 W, 47
2026/09/08 13:06:34.422, 28435 MiB, 81920 MiB, 59 %, 88.46 W, 49
2026/09/08 13:07:04.423, 28435 MiB, 81920 MiB, 68 %, 114.74 W, 50
2026/09/08 13:07:34.425, 28435 MiB, 81920 MiB, 43 %, 286.79 W, 52
2026/09/08 13:08:04.426, 28435 MiB, 81920 MiB, 0 %, 138.91 W, 50
2026/09/08 13:08:34.430, 28435 MiB, 81920 MiB, 5 %, 118.37 W, 49
2026/09/08 13:09:04.432, 28435 MiB, 81920 MiB, 35 %, 187.21 W, 46
2026/09/08 13:09:34.433, 28435 MiB, 81920 MiB, 42 %, 197.89 W, 48
2026/09/08 13:10:04.435, 28435 MiB, 81920 MiB, 95 %, 88.55 W, 48
2026/09/08 13:10:34.436, 28435 MiB, 81920 MiB, 0 %, 70.03 W, 45
2026/09/08 13:11:04.437, 28435 MiB, 81920 MiB, 46 %, 88.14 W, 48
2026/09/08 13:11:34.438, 28435 MiB, 81920 MiB, 0 %, 87.26 W, 47
2026/09/08 13:12:04.440, 28435 MiB, 81920 MiB, 78 %, 225.40 W, 52
2026/09/08 13:12:34.442, 28435 MiB, 81920 MiB, 0 %, 86.15 W, 46
2026/09/08 13:13:04.443, 28435 MiB, 81920 MiB, 0 %, 85.88 W, 45
2026/09/08 13:13:34.445, 28435 MiB, 81920 MiB, 28 %, 145.73 W, 50
2026/09/08 13:14:04.447, 28435 MiB, 81920 MiB, 52 %, 148.57 W, 50
2026/09/08 13:14:34.451, 28435 MiB, 81920 MiB, 0 %, 86.06 W, 47
2026/09/08 13:15:04.453, 28435 MiB, 81920 MiB, 3 %, 87.26 W, 46
2026/09/08 13:15:34.454, 28435 MiB, 81920 MiB, 27 %, 82.88 W, 44
2026/09/08 13:16:04.457, 28435 MiB, 81920 MiB, 73 %, 127.62 W, 49
2026/09/08 13:16:34.489, 28435 MiB, 81920 MiB, 18 %, 239.72 W, 50
2026/09/08 13:17:04.491, 28435 MiB, 81920 MiB, 68 %, 140.84 W, 49
2026/09/08 13:17:34.492, 28435 MiB, 81920 MiB, 79 %, 87.26 W, 47
2026/09/08 13:18:04.494, 28435 MiB, 81920 MiB, 0 %, 70.03 W, 45
2026/09/08 13:18:34.495, 28435 MiB, 81920 MiB, 64 %, 160.02 W, 52
2026/09/08 13:19:04.499, 28435 MiB, 81920 MiB, 56 %, 88.28 W, 49
2026/09/08 13:19:34.500, 28435 MiB, 81920 MiB, 0 %, 69.76 W, 44
2026/09/08 13:20:04.502, 28435 MiB, 81920 MiB, 0 %, 86.39 W, 46
2026/09/08 13:20:34.503, 28435 MiB, 81920 MiB, 92 %, 88.05 W, 48
2026/09/08 13:21:04.505, 28435 MiB, 81920 MiB, 0 %, 85.88 W, 46
2026/09/08 13:21:34.506, 28435 MiB, 81920 MiB, 44 %, 211.23 W, 49
2026/09/08 13:22:04.507, 28435 MiB, 81920 MiB, 0 %, 86.58 W, 46
2026/09/08 13:22:34.509, 28435 MiB, 81920 MiB, 92 %, 342.02 W, 52
2026/09/08 13:23:04.511, 28435 MiB, 81920 MiB, 0 %, 70.12 W, 45
2026/09/08 13:23:34.513, 28435 MiB, 81920 MiB, 37 %, 87.99 W, 49
2026/09/08 13:24:04.514, 28435 MiB, 81920 MiB, 42 %, 88.59 W, 48
2026/09/08 13:24:34.515, 28435 MiB, 81920 MiB, 95 %, 92.72 W, 49
2026/09/08 13:25:04.517, 28435 MiB, 81920 MiB, 93 %, 149.75 W, 53
2026/09/08 13:25:34.519, 28435 MiB, 81920 MiB, 70 %, 225.40 W, 51
2026/09/08 13:26:04.520, 28435 MiB, 81920 MiB, 0 %, 69.43 W, 44
